agent_id,delta,kappa,initial_wealth,capacity,final_net,final_gross,net_return,gross_return,gross_return_comp,turnover,trade_count,num_lots_opened,mean_cash_weight,portfolio_vol,hhi,costs_paid,volume_mid,mean_portfolio_value,spread_cost,commission_cost,position_days_in_gain,position_days_in_loss,position_days_neutral,sells_from_gain,sells_from_loss,sells_from_neutral,sale_days,mean_holding_winners,mean_holding_losers,median_holding_winners,median_holding_losers,G_r_full,G_p_full,L_r_full,L_p_full,G_r_frac,G_p_frac,L_r_frac,L_p_frac,G_r,G_p,L_r,L_p,cell_A_rebote_bajo_agua_opp,cell_A_rebote_bajo_agua_sell,cell_B_ganadora_infraponderada_opp,cell_B_ganadora_infraponderada_sell,cell_C_perdedora_sobreponderada_opp,cell_C_perdedora_sobreponderada_sell
0,0.0,0.0,21850.828877986227,6,40396.96142847703,40467.27093166111,0.8487610540566375,0.8519787582259704,0.8530635547442793,0.6546719287012697,32,15,0.007533833805220636,0.16999073743771517,0.16493623972636975,70.30950318408271,76619.0063681654,29258.550355199004,38.3095031840827,32.0,2557.0,467.0,0.0,11.0,0.0,0.0,11,290.81623934868225,,309.7134704589844,,11.0,49.0,0.0,6.0,1.5038416694052665,58.49615833059473,0.0,6.0,11.0,49.0,0.0,6.0,121.0,0.0,12.0,0.0,0.0,0.0
1,0.0,0.0,414449.4709662323,11,740321.5592951988,741104.3918992659,0.7862770039716549,0.7881658532980687,0.7887324848516597,0.6555107566339982,58,27,0.006422675364986183,0.1640688921377316,0.09012746734277628,782.8326040671046,1449665.2081342088,552876.2089191863,724.8326040671044,58.0,4309.0,1235.0,0.0,18.0,2.0,0.0,20,242.42642409142368,126.07856805385778,198.51568603515625,126.07856750488281,18.0,153.0,2.0,47.0,2.425471267724424,168.57452873227558,0.26579015465175615,48.734209845348246,18.0,153.0,2.0,47.0,276.0,1.0,41.0,0.0,2.0,2.0
2,0.0,0.0,33503.797137749585,7,58980.60313499483,59080.40609184641,0.7604154804453456,0.763394335541717,0.7644005857967742,0.6819217071366105,41,19,0.010468917301949765,0.1814957972133908,0.14048273441861914,99.80295685158171,117605.91370316346,43115.62180539418,58.80295685158173,41.0,2760.0,768.0,0.0,15.0,0.0,0.0,15,248.5834408752882,,262.2603454589844,,15.0,71.0,0.0,19.0,2.061952495263379,83.93804750473662,0.0,19.0,15.0,71.0,0.0,19.0,187.0,0.0,19.0,0.0,0.0,0.0
3,0.0,0.0,167375.9324582987,16,338612.1453654671,339040.65582389425,1.023063533640546,1.0256237013548253,1.0265965233052277,0.6891772167502576,90,41,0.004637067393653885,0.17228848866697352,0.062176822266167685,428.5104584271455,677020.9168542911,245590.285197874,338.5104584271456,90.0,7037.0,1027.0,0.0,31.0,2.0,0.0,33,220.43697090725058,32.89676608953164,209.0,32.896766662597656,31.0,420.0,2.0,75.0,4.4300321710261725,446.5699678289739,0.37095478088893974,76.62904521911105,31.0,420.0,2.0,75.0,240.0,0.0,50.0,0.0,2.0,2.0
4,0.0,0.0,13432.431928846578,30,26423.306242281233,26641.67388677836,0.9671275002359281,0.9833842470152045,0.9899376261919888,0.8539255562124718,186,69,0.010299519250644144,0.16955061838275082,0.032832879236279,218.36764449713013,64735.28899426028,18952.26361457936,32.36764449713014,186.0,13142.0,1978.0,0.0,73.0,14.0,0.0,85,226.48904276417844,106.62465735065298,199.882568359375,95.67976379394531,73.0,2232.0,14.0,231.0,12.217805750919446,2292.7821942490814,3.302680177199685,241.6973198228003,73.0,2232.0,14.0,231.0,437.0,2.0,181.0,0.0,14.0,14.0
5,0.0,0.0,138244.49762727137,29,264642.7116229392,265148.5508545419,0.9143091852845895,0.9179682041987924,0.9192980949640968,0.8247608535621803,193,81,0.00620791095039611,0.1667653136674358,0.03420599506447487,505.83923160273787,625678.4632054756,189654.51030536348,312.8392316027378,193.0,12066.0,2550.0,0.0,74.0,9.0,0.0,75,218.6153990753962,98.14537558531293,213.86270141601562,94.39790344238281,74.0,1748.0,9.0,344.0,11.770995507870834,1810.2290044921292,1.554800712125116,351.44519928787486,74.0,1748.0,9.0,344.0,590.0,1.0,74.0,0.0,9.0,9.0
6,0.0,0.0,27413.706848847098,22,54483.53306895127,54653.668146874916,0.9874558872815338,0.9936620920411356,0.9965367210855696,0.6940727620070049,116,50,0.005514383341492785,0.18261075182962386,0.04516274577641476,170.13507792366812,108270.15584733614,38998.12878921311,54.13507792366807,116.0,9698.0,1390.0,0.0,40.0,4.0,0.0,42,208.6635516551301,89.90747239137394,166.405029296875,92.85845947265625,40.0,755.0,4.0,125.0,5.868175131941465,789.1318248680585,0.793061070909093,128.2069389290909,40.0,755.0,4.0,125.0,315.0,0.0,60.0,0.0,4.0,4.0
7,0.0,0.0,76159.46409239745,8,152768.59226338638,152936.8777316627,1.0059042442584145,1.0081138904301912,1.0089118394863257,0.6369840777344664,34,17,0.002823304034021123,0.18790663155957976,0.12483113224047694,168.28546827632383,268570.9365526476,105407.24091089616,134.2854682763238,34.0,3342.0,690.0,0.0,9.0,0.0,0.0,9,292.98933226433064,,316.9519958496094,,9.0,57.0,0.0,6.0,1.212912977436753,64.78708702256324,0.0,6.0,9.0,57.0,0.0,6.0,138.0,0.0,79.0,0.0,0.0,0.0
8,0.0,0.0,75875.05015644802,11,151749.50540041813,151986.59630369814,0.9999921593135466,1.0031169137985998,1.0042860335250268,0.7705906353413515,70,28,0.01492102744675405,0.17213691547326612,0.088609233988995,237.09090328003086,334181.80656006176,108417.42399712266,167.0909032800309,70.0,4956.0,588.0,0.0,31.0,0.0,0.0,30,218.65505686136166,,203.47413635253906,,31.0,283.0,0.0,16.0,4.711860151672506,309.28813984832755,0.0,16.0,31.0,283.0,0.0,16.0,106.0,0.0,13.0,0.0,0.0,0.0
9,0.0,0.0,92455.32383658517,28,192132.95084796453,192515.0309468417,1.078116682469899,1.0822492741154863,1.08393926931657,0.7646063844083606,175,77,0.0050967037999860325,0.1737370334881101,0.03551817365231835,382.08009887717793,414160.197754356,135416.14554880618,207.08009887717802,175.0,12712.0,1400.0,0.0,67.0,3.0,0.0,67,230.78538210745603,93.11461688958673,213.0,102.90174102783203,67.0,1679.0,3.0,127.0,10.23958587213713,1735.760414127863,0.5157648853422012,129.4842351146578,67.0,1679.0,3.0,127.0,271.0,1.0,46.0,0.0,3.0,3.0
10,0.0,0.0,111098.55738206625,12,230707.78825480636,230976.12253854546,1.0766047164897539,1.079019997930505,1.0798735140732787,0.6419934876840789,53,25,0.007751245873688661,0.18766834155909587,0.08242322045833561,268.33428373913455,430668.5674782688,167707.529647948,215.3342837391344,53.0,5493.0,555.0,0.0,16.0,0.0,0.0,15,255.4955152264599,,229.5,,16.0,161.0,0.0,3.0,2.467561059714386,174.53243894028563,0.0,3.0,16.0,161.0,0.0,3.0,87.0,0.0,76.0,0.0,0.0,0.0
11,0.0,0.0,24168.84638959103,21,44494.02120682197,44673.220535906374,0.8409658652960998,0.848380341196016,0.8513861744272981,0.7380487456621966,131,55,0.00651028864367554,0.16069532620061605,0.047221759383446416,179.19932908440663,96398.65816881336,32653.215229815873,48.19932908440668,131.0,8787.0,1797.0,0.0,47.0,8.0,0.0,54,218.33441351223487,75.09950884903037,234.4794464111328,76.86023712158203,47.0,856.0,8.0,223.0,6.638136971158709,896.3618630288413,1.3152450469226662,229.68475495307732,47.0,856.0,8.0,223.0,387.0,1.0,93.0,0.0,8.0,8.0
12,0.0,0.0,87488.5194679242,6,184077.9085182619,184279.20475234426,1.1040235866118424,1.106324416884278,1.1072031035980432,0.6559488085886649,31,15,0.009951614107665365,0.18567026044772736,0.16421589813052806,201.29623408240516,340592.4681648103,129809.08864581477,170.29623408240516,31.0,2679.0,345.0,0.0,10.0,0.0,0.0,10,234.24597347225176,,241.42478942871094,,10.0,43.0,0.0,7.0,1.3695873268758751,51.63041267312412,0.0,7.0,10.0,43.0,0.0,7.0,73.0,0.0,6.0,0.0,0.0,0.0
13,0.0,0.0,408818.1431186576,10,837566.0758463225,838405.6435329275,1.0487497679456528,1.0508034138044215,1.0515576301450902,0.6439902684398114,54,27,0.004104915036401763,0.1805892171937906,0.09962717774540132,839.5676866050426,1571135.373210085,609922.0167629467,785.5676866050426,54.0,4303.0,737.0,0.0,17.0,0.0,0.0,17,221.75980678850976,,218.0,,17.0,122.0,0.0,31.0,2.3539747454720974,136.6460252545279,0.0,31.0,17.0,122.0,0.0,31.0,178.0,0.0,70.0,0.0,0.0,0.0
14,0.0,0.0,16665.409167277685,11,30378.8394902962,30478.217102303377,0.8228679047343559,0.8288310113709636,0.830983859485332,0.705066735141043,67,31,0.009225086728975295,0.1671283988869779,0.08964073914772498,99.37761200718867,64755.224014377396,22960.671943140114,32.3776120071887,67.0,4606.0,938.0,0.0,23.0,2.0,0.0,24,206.45038824404008,87.24638376253077,201.61642456054688,87.24638366699219,23.0,196.0,2.0,43.0,3.2842526996440236,215.715747300356,0.3659796984034561,44.63402030159655,23.0,196.0,2.0,43.0,211.0,0.0,54.0,0.0,2.0,2.0
15,0.0,0.0,367724.80453343963,27,724283.9580237217,725257.2187200094,0.9696358502186866,0.9722825596173701,0.9733255937966765,0.77405864339949,170,72,0.008138768086263154,0.16812160304283774,0.03659656633764895,973.2606962876067,1606521.392575213,518862.94606818655,803.2606962876065,170.0,11606.0,2002.0,0.0,58.0,13.0,0.0,63,206.62262507878114,74.24793167361246,199.0069580078125,73.12937927246094,58.0,1373.0,13.0,257.0,8.485085164431524,1422.514914835568,3.056185258491584,266.94381474150845,58.0,1373.0,13.0,257.0,406.0,0.0,56.0,0.0,13.0,13.0
16,0.0,0.0,42450.07658328943,12,80705.10575983276,80833.52617826745,0.9011769178198021,0.9042021283440451,0.9054103327579364,0.6137253276002171,55,27,0.005480668503489566,0.1762554268450333,0.08275949565714787,128.42041843468485,146840.83686936967,59815.37271874752,73.42041843468483,55.0,5204.0,844.0,0.0,16.0,0.0,0.0,15,209.04882790348114,,152.0,,16.0,130.0,0.0,34.0,2.188612979105491,143.81138702089453,0.0,34.0,16.0,130.0,0.0,34.0,182.0,0.0,24.0,0.0,0.0,0.0
17,0.0,0.0,89124.07923699658,27,186232.1298665703,186596.7449575659,1.0895826521960057,1.0936737473760867,1.0955401221680328,0.7932707886123731,156,65,0.010257531072375392,0.17989313925619593,0.036450289655706306,364.61509099568383,417230.18199136783,131490.46579705988,208.61509099568391,156.0,12112.0,1496.0,0.0,57.0,7.0,0.0,62,193.93542264865926,68.47732142855017,159.03900146484375,70.81641387939453,57.0,1459.0,7.0,151.0,9.760329107971641,1506.2396708920282,2.3065781355279777,155.69342186447201,57.0,1459.0,7.0,151.0,286.0,2.0,76.0,0.0,7.0,7.0
18,0.0,0.0,355665.89131231705,6,650662.6364820745,651219.370023405,0.8294209604449114,0.8309862877785958,0.8314540313090573,0.5427641703534941,17,8,0.011025668471520436,0.1735536317048832,0.16367482513204196,556.7335413304544,1079467.0826609088,497208.15301693004,539.7335413304544,17.0,2800.0,224.0,0.0,3.0,0.0,0.0,3,200.33333333333334,,229.0,,3.0,10.0,0.0,5.0,0.39943377267613245,12.600566227323867,0.0,5.0,3.0,10.0,0.0,5.0,37.0,0.0,12.0,0.0,0.0,0.0
19,0.0,0.0,64372.771334706435,30,129781.46635059878,130117.32925842442,1.0160925754741803,1.0213100439917202,1.0235927974056929,0.7861101453797854,190,79,0.007008027275164314,0.17586167579900627,0.03300895501251465,335.86290782560695,291725.81565121375,92775.10835020302,145.86290782560687,190.0,12982.0,2138.0,0.0,70.0,11.0,0.0,75,220.7938380052544,68.6260921045682,198.5494384765625,53.106815338134766,70.0,1867.0,11.0,302.0,10.698146322208494,1926.3018536777915,2.5499677369908755,310.4500322630091,70.0,1867.0,11.0,302.0,518.0,4.0,69.0,0.0,11.0,11.0
20,0.0,0.0,195722.8529977233,16,390274.7154741717,390747.52753917867,0.9940170986507715,0.9964328209732563,0.9973453770273331,0.6936417994630528,89,40,0.006893956221798229,0.17149576479546022,0.06192530911634362,472.81206500704405,767624.1300140882,276664.45801287674,383.8120650070441,89.0,7054.0,1010.0,0.0,31.0,2.0,0.0,33,237.2783556257057,84.3027728331347,236.95358276367188,84.30277252197266,31.0,443.0,2.0,52.0,4.496164654876388,469.50383534512355,0.26773766660161535,53.73226233339838,31.0,443.0,2.0,52.0,211.0,0.0,59.0,0.0,2.0,2.0
21,0.0,0.0,194193.8059206552,27,459506.9739718762,460137.9593245783,1.3662287877483803,1.3694780435612044,1.3710441187050422,0.7745084547337171,162,68,0.008184034589802052,0.1861004359538775,0.03659194418194695,630.9853527022749,937970.7054045493,302763.22345862316,468.9853527022746,162.0,12317.0,1291.0,0.0,61.0,6.0,0.0,64,220.7898599680595,65.76726204018432,223.32765197753906,61.859642028808594,61.0,1536.0,6.0,125.0,9.817502673985418,1587.182497326015,0.9875586754801214,130.01244132451987,61.0,1536.0,6.0,125.0,300.0,1.0,71.0,0.0,6.0,6.0
22,0.0,0.0,121126.1727411217,8,218936.19862921908,219188.9748479019,0.8075052953018089,0.8095921788626645,0.8102351438345836,0.6352388489008596,41,20,0.007677569829908034,0.1616661153042631,0.12369890396007611,252.77621868281562,423552.4373656312,166690.2292336556,211.77621868281562,41.0,3647.0,385.0,0.0,13.0,0.0,0.0,13,234.63000551523632,,206.0,,13.0,83.0,0.0,8.0,1.757133875850342,94.24286612414966,0.0,8.0,13.0,83.0,0.0,8.0,79.0,0.0,16.0,0.0,0.0,0.0
23,0.0,0.0,244450.7126857697,18,498666.6246741867,499324.2735702846,1.039947518235302,1.042637831095806,1.0436203579809895,0.7846608439742798,109,45,0.011023483712175462,0.18041546844918713,0.054571249282569734,657.6488960979364,1097297.7921958724,349608.9427115088,548.6488960979362,109.0,7800.0,1272.0,0.0,42.0,4.0,0.0,45,226.64033122813146,118.37951809668567,226.13365173339844,99.83321380615234,42.0,675.0,4.0,89.0,6.593670381347306,710.4063296186528,0.8670625019088752,92.13293749809112,42.0,675.0,4.0,89.0,279.0,1.0,21.0,0.0,4.0,4.0
24,0.0,0.0,16914.09645268487,6,34360.35795051443,34420.85579181576,1.0314628124909513,1.035039582995398,1.0365682724892387,0.632040583754695,29,14,0.010375530447234056,0.18665054064434522,0.16399401099980693,60.497841301336365,62995.68260267271,24917.578167386455,31.497841301336354,29.0,2509.0,515.0,0.0,9.0,0.0,0.0,9,243.8521026707375,,285.8858642578125,,9.0,32.0,0.0,13.0,1.2269707618814405,39.77302923811856,0.0,13.0,9.0,32.0,0.0,13.0,117.0,0.0,23.0,0.0,0.0,0.0
25,0.0,0.0,168963.7537359282,25,350503.4389538874,351047.0178118902,1.0744297590694258,1.0776468920105677,1.0789950301710989,0.7733992099963118,159,66,0.007931062938611653,0.17581733117443707,0.03955053900855757,543.5788580028126,769157.7160056252,248628.94416755775,384.57885800281264,159.0,11317.0,1283.0,0.0,60.0,8.0,0.0,66,203.38714826534942,59.45700949814844,189.34371948242188,58.51070022583008,60.0,1419.0,8.0,163.0,9.037888329719392,1469.9621116702804,1.5966163702263563,169.40338362977363,60.0,1419.0,8.0,163.0,243.0,0.0,68.0,0.0,8.0,8.0
26,0.0,0.0,13613.957173072124,17,26612.333118436218,26748.234418723372,0.9547830788739644,0.9647655768765262,0.9688532540888495,0.8227120090012955,105,40,0.01441175426868627,0.1702595302229674,0.05741268766704619,135.9013002871598,61802.600574319615,18780.144175038502,30.90130028715981,105.0,7371.0,1197.0,0.0,43.0,5.0,0.0,48,224.66040221869594,97.45940076822285,222.68768310546875,89.4273681640625,43.0,698.0,5.0,70.0,6.837203986035771,734.1627960139642,1.0550612780351902,73.94493872196482,43.0,698.0,5.0,70.0,228.0,0.0,66.0,0.0,5.0,5.0
27,0.0,0.0,116341.75955940303,22,251460.1007256365,251860.54204334287,1.1613915904137868,1.1648335300855166,1.1664694698716773,0.7493796283511758,141,61,0.006209465277094706,0.18023048262650404,0.0450864925952439,400.4413177064467,518882.6354128934,173104.06360877666,259.4413177064467,141.0,9713.0,1375.0,0.0,49.0,9.0,0.0,55,224.02100743164212,82.79142438601558,227.9552001953125,53.711647033691406,49.0,994.0,9.0,158.0,6.922924127244568,1036.0770758727554,1.880342066014594,165.1196579339854,49.0,994.0,9.0,158.0,317.0,0.0,37.0,0.0,9.0,9.0
28,0.0,0.0,289546.99803815904,24,553185.9614345779,553975.6243641971,0.9105221783776678,0.9132494141458491,0.9142332270198619,0.7754878113740101,154,65,0.009217847154355306,0.17559986691711643,0.04108551612007627,789.6629296192107,1271325.859238421,409847.1441433375,635.6629296192106,154.0,10259.0,1837.0,0.0,53.0,12.0,0.0,59,210.84274297735368,85.82686048292084,209.0,91.51919555664062,53.0,1116.0,12.0,235.0,8.260667949337627,1160.739332050662,2.3125809212442197,244.68741907875582,53.0,1116.0,12.0,235.0,403.0,0.0,34.0,0.0,12.0,12.0
29,0.0,0.0,330450.7206898078,28,667944.1599730705,668891.2154827614,1.0213124625019834,1.0241784133091536,1.0251988811606458,0.795220851939791,179,74,0.007109682125595287,0.17075577283618107,0.03536371749599092,947.055509691012,1536111.0193820244,482919.6240374519,768.0555096910123,179.0,12084.0,2028.0,0.0,70.0,7.0,0.0,72,234.9266146071708,104.41431587831691,225.24722290039062,99.20298767089844,70.0,1702.0,7.0,237.0,11.403375265107012,1760.5966247348933,1.207572989367368,242.79242701063262,70.0,1702.0,7.0,237.0,418.0,1.0,43.0,0.0,7.0,7.0
30,0.0,0.0,20967.86053388275,22,43543.97881181009,43723.942397452935,1.0767010893384064,1.0852839194918231,1.0893577971761825,0.8149427187951049,130,53,0.012659181545383785,0.17832734820480697,0.044522191261597635,179.96358564284458,99927.17128568927,30654.66105195463,49.963585642844635,130.0,9870.0,1218.0,0.0,47.0,8.0,0.0,52,201.97887917982732,89.59414204396568,157.09671020507812,92.17973327636719,47.0,987.0,8.0,102.0,8.471717324476847,1025.528282675523,1.449651233257919,108.55034876674208,47.0,987.0,8.0,102.0,244.0,1.0,67.0,0.0,8.0,8.0
31,0.0,0.0,470164.0572654377,18,894248.2569126772,895451.1511518583,0.9019919602399911,0.9045504166353551,0.9054332281510005,0.8074666181934465,118,48,0.012373709486136225,0.17929722823533822,0.05443903723725873,1202.8942391814796,2169788.478362959,671788.9103630839,1084.8942391814794,118.0,8002.0,1070.0,0.0,45.0,7.0,0.0,51,201.45265168725433,74.68164334317068,198.59449768066406,70.96784210205078,45.0,761.0,7.0,105.0,7.209820494131114,798.7901795058691,1.7942653841826535,110.20573461581733,45.0,761.0,7.0,105.0,200.0,0.0,46.0,0.0,7.0,7.0
32,0.0,0.0,94288.26810382605,16,194259.64352786937,194535.5686346171,1.0602737480972637,1.0632001472378643,1.0643205420924953,0.653874306472363,89,43,0.004504977758023057,0.1866623832490436,0.06221582985545909,275.9251067477221,373850.2134954442,142936.57427539767,186.9251067477221,89.0,7486.0,578.0,0.0,29.0,1.0,0.0,30,233.53586466829395,79.84155753066182,229.0,79.84156036376953,29.0,422.0,1.0,28.0,3.946768713339972,447.0532312866602,0.14929878971963062,28.85070121028037,29.0,422.0,1.0,28.0,104.0,0.0,63.0,0.0,1.0,1.0
33,0.0,0.0,136016.858878664,15,291189.99628390255,291545.23248484184,1.1408375306156953,1.1434492377516188,1.144484261537047,0.668305995834645,78,34,0.008275777585691677,0.1779257826274874,0.0658260132986805,355.23620093939377,554472.4018787877,207417.1133188432,277.2362009393938,78.0,6931.0,629.0,0.0,28.0,1.0,0.0,29,222.93140940652228,89.98267182277448,205.818115234375,89.98267364501953,28.0,378.0,1.0,28.0,3.9379740564075507,402.06202594359246,0.14102165698470903,28.85897834301529,28.0,378.0,1.0,28.0,121.0,0.0,68.0,0.0,1.0,1.0
34,0.0,0.0,15425.751894062409,9,26379.577556863707,26455.090828045624,0.7100999509150399,0.7149952242022357,0.7165357597792552,0.6776001649558451,48,22,0.013535631359248108,0.16837571248374725,0.10860214331116251,75.51327118191858,55026.542363837136,20301.995634631698,27.51327118191857,48.0,3437.0,1099.0,0.0,15.0,2.0,0.0,17,233.6449745449804,109.96487809374709,189.95506286621094,109.96487426757812,15.0,106.0,2.0,30.0,2.192943723181078,118.80705627681894,0.276328092302931,31.723671907697067,15.0,106.0,2.0,30.0,268.0,1.0,19.0,0.0,2.0,2.0
35,0.0,0.0,42576.2133190666,21,88904.30594558851,89109.3914394197,1.0881214888543207,1.0929383919521674,1.0951523007821753,0.7408848609532368,114,48,0.01019358546050371,0.17982616318027358,0.046857141824872876,205.0854938311742,182170.9876623486,61470.74844664928,91.0854938311743,114.0,9025.0,1559.0,0.0,43.0,2.0,0.0,42,213.10129793056174,106.11651681512109,189.46359252929688,106.11651611328125,43.0,737.0,2.0,100.0,6.857078583889243,773.1429214161107,0.4063954758568692,101.59360452414313,43.0,737.0,2.0,100.0,351.0,1.0,22.0,0.0,2.0,2.0
36,0.0,0.0,29872.164783099648,7,64493.73375371515,64592.70030482225,1.1589909610502303,1.1623039633661216,1.1638430354498603,0.6882444955635167,38,17,0.014716729133198317,0.19726396624892995,0.13929633894078064,98.96655110711022,121933.10221422042,44291.34667992686,60.966551107110206,38.0,2916.0,612.0,0.0,14.0,0.0,0.0,13,216.07059882040275,,193.27565002441406,,14.0,59.0,0.0,18.0,1.9096021920559676,71.09039780794403,0.0,18.0,14.0,59.0,0.0,18.0,159.0,0.0,6.0,0.0,0.0,0.0
37,0.0,0.0,10195.21033604409,23,21128.911061945753,21298.522925189023,1.072435032286359,1.0890714583778958,1.0968174495270717,0.8563486105650369,144,54,0.013523107245372364,0.1804223666474871,0.042539547980009015,169.61186324327173,51223.726486543455,14954.110351374587,25.611863243271728,144.0,10333.0,1259.0,0.0,62.0,5.0,0.0,65,196.17091269347873,61.856082330413095,195.89605712890625,69.95067596435547,62.0,1325.0,5.0,103.0,10.911768228513898,1376.0882317714859,1.3043602023063092,106.69563979769369,62.0,1325.0,5.0,103.0,244.0,0.0,201.0,0.0,5.0,5.0
38,0.0,0.0,68800.02440614,12,144860.7954584986,145088.67922547765,1.105534070792722,1.1088463336726568,1.110226390994351,0.736147006619578,77,33,0.009453197576244363,0.1864280015204443,0.0822046187689108,227.8837669790753,301767.53395815066,102482.08959779702,150.88376697907532,77.0,5173.0,875.0,0.0,30.0,2.0,0.0,32,228.20811753171668,83.99943072005291,196.05172729492188,83.99943542480469,30.0,300.0,2.0,52.0,4.278093211786348,325.7219067882137,0.2881821355375903,53.71181786446241,30.0,300.0,2.0,52.0,180.0,0.0,59.0,0.0,2.0,2.0
39,0.0,0.0,253924.58936036305,19,544104.5647439563,544826.4980967023,1.1427801305677314,1.1456232319568662,1.1468626019528565,0.7896785836522654,125,50,0.010894648458035337,0.17385547820157843,0.0517246919148845,721.9333527459037,1193866.7054918082,377959.6946805154,596.9333527459041,125.0,8028.0,1548.0,0.0,48.0,8.0,0.0,54,213.42898998044313,74.48373696522494,190.48245239257812,73.41507720947266,48.0,825.0,8.0,145.0,7.3427714218695925,865.6572285781302,1.6763199925406143,151.3236800074594,48.0,825.0,8.0,145.0,339.0,0.0,41.0,0.0,8.0,8.0
40,0.0,0.0,17376.094722054248,24,35198.22071486048,35410.47359471201,1.025669247197753,1.037884470655423,1.0436365696818708,0.8396115738589747,170,63,0.009257525203169092,0.1691634190899697,0.041105850285784805,212.25287985154307,84505.75970308599,25162.159007255417,42.25287985154299,170.0,10620.0,1476.0,0.0,74.0,9.0,0.0,78,207.31138081780838,57.04793710963978,201.54063415527344,53.10137176513672,74.0,1567.0,9.0,222.0,11.33713314874278,1629.6628668512571,2.1715130028380054,228.828486997162,74.0,1567.0,9.0,222.0,288.0,0.0,146.0,0.0,9.0,9.0
41,0.0,0.0,404242.9574394056,13,776250.9235518418,777109.1473035519,0.9202583725115325,0.9223814119755875,0.923075079760517,0.6960457132532938,75,35,0.008027110963927426,0.17120397296089773,0.07603484929301377,858.2237517103272,1566447.5034206547,562623.7880624007,783.2237517103274,75.0,5513.0,1039.0,0.0,27.0,0.0,0.0,27,241.2838550721569,,217.5948944091797,,27.0,290.0,0.0,34.0,3.826822234605774,313.17317776539426,0.0,34.0,27.0,290.0,0.0,34.0,248.0,0.0,20.0,0.0,0.0,0.0
42,0.0,0.0,277675.1069974745,11,583730.3203898473,584357.6490350798,1.1022061599319248,1.1044653780952522,1.1053422899349443,0.7025076473173284,61,27,0.008438253858124543,0.18078180109029127,0.08979070300725865,627.3286452326579,1132657.2904653158,403076.49845186854,566.3286452326579,61.0,4630.0,914.0,0.0,21.0,2.0,0.0,22,240.32585115700277,100.31888439418339,256.0,100.31888580322266,21.0,188.0,2.0,31.0,2.8816362456993088,206.11836375430067,0.30020417471077454,32.69979582528923,21.0,188.0,2.0,31.0,196.0,0.0,25.0,0.0,2.0,2.0
43,0.0,0.0,490505.9283280398,14,1098488.823608539,1099589.9799304905,1.239501625093292,1.241746564977515,1.242676162654052,0.7028517680832731,75,34,0.005859564333216509,0.1726792021635497,0.07086654117643834,1101.1563219511972,2052312.643902394,729994.8357173508,1026.156321951197,75.0,6285.0,771.0,0.0,26.0,1.0,0.0,25,237.6984759690516,118.92535703989067,229.19110107421875,118.92535400390625,26.0,286.0,1.0,37.0,3.6308587077403214,308.3691412922596,0.2400137570329478,37.75998624296705,26.0,286.0,1.0,37.0,137.0,0.0,36.0,0.0,1.0,1.0
44,0.0,0.0,162275.4491701938,7,317070.8275676702,317399.9267794246,0.9539050989477014,0.955933127299724,0.9566197791885254,0.623588253906659,36,17,0.006529099551588614,0.17878516714997297,0.1417736307402074,329.099211754481,586198.4235089619,235010.2089946944,293.09921175448096,36.0,3144.0,384.0,0.0,12.0,0.0,0.0,12,261.32879268254686,,269.90362548828125,,12.0,64.0,0.0,8.0,1.6369057875630495,74.36309421243696,0.0,8.0,12.0,64.0,0.0,8.0,80.0,0.0,78.0,0.0,0.0,0.0
45,0.0,0.0,49763.70387420659,24,101526.8725525661,101756.59347157722,1.0401791797734186,1.0447954141194753,1.0467782243984978,0.6832375754583463,131,60,0.004684777160346826,0.17133679323582257,0.04145671082819965,229.7209190111479,197441.83802229585,72244.94272356253,98.72091901114793,131.0,10179.0,1917.0,0.0,44.0,3.0,0.0,46,223.66909897801142,128.55058544452194,217.16976928710938,99.0878677368164,44.0,896.0,3.0,161.0,6.1966228594119945,933.8033771405879,0.5015422752214005,163.4984577247786,44.0,896.0,3.0,161.0,460.0,1.0,58.0,0.0,3.0,3.0
46,0.0,0.0,55424.54329222169,13,112840.65215706517,113011.69066606357,1.0359329180598098,1.039018888621563,1.040269521372288,0.6393626382105683,66,32,0.003974878119684804,0.1826257133118519,0.07665872950250639,171.03850899844593,210077.0179968918,82143.13968393976,105.0385089984459,66.0,5738.0,814.0,0.0,21.0,0.0,0.0,21,236.89058280742591,,234.73910522460938,,21.0,220.0,0.0,32.0,2.868920177030804,238.13107982296916,0.0,32.0,21.0,220.0,0.0,32.0,184.0,0.0,94.0,0.0,0.0,0.0
47,0.0,0.0,17799.23669441274,24,36258.51642899555,36443.98456438211,1.0370826598635694,1.047502664865513,1.052513591547601,0.7599868716775053,146,56,0.007244406857078345,0.16947116053981284,0.04127026505958824,185.46813538656045,78936.27077312085,25966.32708894242,39.46813538656043,146.0,10145.0,1951.0,0.0,55.0,11.0,0.0,62,227.09996082888256,76.0057081598639,222.0,75.14695739746094,55.0,1202.0,11.0,220.0,7.958594096000935,1249.041405903999,2.3635166968891306,228.63648330311088,55.0,1202.0,11.0,220.0,420.0,0.0,267.0,0.0,11.0,11.0
48,0.0,0.0,14757.000610768368,23,29978.2427417804,30148.706120451458,1.031459070341496,1.043010427095298,1.0482655408610575,0.7891648427992276,137,52,0.009184164297537257,0.1771544417493934,0.042908131925853535,170.46337867106848,66926.7573421371,21201.767271063043,33.463378671068554,137.0,9900.0,1692.0,0.0,53.0,9.0,0.0,61,223.71522818274798,84.01725529251513,198.15948486328125,85.35716247558594,53.0,1189.0,9.0,152.0,8.19218504864216,1233.807814951358,1.9758164767799569,159.02418352322005,53.0,1189.0,9.0,152.0,391.0,0.0,146.0,0.0,9.0,9.0
49,0.0,0.0,11892.015865404135,24,23362.729270411535,23548.05770833331,0.9645726624346025,0.9801569367930756,0.9863791473102803,0.824182995646245,157,58,0.010055065862814556,0.16084426300052745,0.041085385481004225,185.32843792176703,56656.87584353393,17185.7694658906,28.328437921766966,157.0,10446.0,1650.0,0.0,64.0,11.0,0.0,72,220.59692809095688,87.03157895298027,211.1342315673828,77.60736083984375,64.0,1457.0,11.0,196.0,9.882917239545863,1511.117082760454,2.4911600303875066,204.50883996961247,64.0,1457.0,11.0,196.0,346.0,0.0,324.0,0.0,11.0,11.0
50,0.0,0.0,75128.95073991046,25,147044.91662029614,147365.71780079853,0.9572337317654303,0.9615037392305017,0.9631448284634194,0.7603928213161615,156,67,0.006116095616735908,0.1674605243464249,0.039700874761370374,320.8011805024346,329602.361004869,108365.81822089052,164.8011805024345,156.0,10988.0,1612.0,0.0,58.0,6.0,0.0,60,213.8506301580034,95.93198661923793,172.56658935546875,97.21498107910156,58.0,1250.0,6.0,186.0,8.872340221544968,1299.1276597784554,1.2015429789900467,190.79845702100997,58.0,1250.0,6.0,186.0,333.0,2.0,50.0,0.0,6.0,6.0
51,0.0,0.0,19282.393768736085,14,35727.8101736881,35858.903841679516,0.852872138293127,0.8596707582966232,0.8624221733637862,0.7679833226695649,91,37,0.011706931381537816,0.1715512761951541,0.07007081259166681,131.09366799141338,80187.33598282679,26103.21527038174,40.09366799141339,91.0,6101.0,955.0,0.0,34.0,6.0,0.0,39,211.9513188098485,75.6893555652624,204.53369140625,82.59385681152344,34.0,418.0,6.0,88.0,4.975132799404253,447.02486720059574,0.9435168645964728,93.05648313540352,34.0,418.0,6.0,88.0,199.0,2.0,18.0,0.0,6.0,6.0
52,0.0,0.0,19057.596567700228,26,35184.43348064345,35400.08759273859,0.8462156734011148,0.8575315867865752,0.8622946993749847,0.8486307601354905,172,66,0.009331418192919484,0.16715903748539454,0.03791852010917143,215.65411209515153,87308.22419030308,25720.321573178553,43.65411209515154,172.0,10870.0,2234.0,0.0,65.0,15.0,0.0,75,202.9178251034039,83.5522555551119,192.09738159179688,71.36257934570312,65.0,1526.0,15.0,344.0,10.413001700284545,1580.5869982997153,3.5197594070496923,355.48024059295034,65.0,1526.0,15.0,344.0,460.0,2.0,78.0,0.0,15.0,15.0
53,0.0,0.0,10762.726141492956,7,19830.814995085548,19883.976374969716,0.8425457207010851,0.8474851179490759,0.8490454617378524,0.6538287981283535,34,16,0.012744560808719926,0.18648982394768307,0.1397938276714462,53.16137988416685,38322.7597683337,14653.20886676918,19.161379884166852,34.0,3332.0,196.0,0.0,11.0,0.0,0.0,11,268.53376120443414,,272.3252258300781,,11.0,65.0,0.0,1.0,1.5001417093120644,74.49985829068794,0.0,1.0,11.0,65.0,0.0,1.0,33.0,0.0,24.0,0.0,0.0,0.0
54,0.0,0.0,248555.46753018265,5,464779.9845329471,465263.0332744989,0.869924605366035,0.8718680296903987,0.8724808541342439,0.643595791886652,27,12,0.018795779826703257,0.18050576500450222,0.19335185129533441,483.04874155177265,912097.4831035454,354297.48554982047,456.0487415517727,27.0,2130.0,390.0,0.0,10.0,0.0,0.0,10,239.43729853539307,,288.5661926269531,,10.0,32.0,0.0,8.0,1.3889755256970733,40.61102447430293,0.0,8.0,10.0,32.0,0.0,8.0,96.0,0.0,4.0,0.0,0.0,0.0
55,0.0,0.0,51823.40169658349,6,107897.31462492487,108019.21206442035,1.0820191475782281,1.0843713173606977,1.0853550830364274,0.6325122673740698,27,13,0.004783014293074867,0.19349237914211662,0.1657272405549456,121.89743949547918,189794.87899095833,75016.28378644276,94.89743949547916,27.0,2597.0,427.0,0.0,7.0,1.0,0.0,8,221.77002896233034,120.05731537824337,163.0,120.05731201171875,7.0,33.0,1.0,7.0,0.9560733661188981,39.0439266338811,0.14046379688608335,7.859536203113917,7.0,33.0,1.0,7.0,92.0,0.0,35.0,0.0,1.0,1.0
56,0.0,0.0,150587.7301077566,13,282690.08163174026,283031.8380209,0.8772451210298124,0.8795146046651336,0.8802043041582306,0.6590854170856012,62,28,0.007064224783553853,0.1849705301515656,0.07620533554620262,341.7563891597043,559512.7783194087,212230.75333448767,279.7563891597043,62.0,5710.0,842.0,0.0,21.0,0.0,0.0,21,263.9751396240428,,254.996826171875,,21.0,229.0,0.0,23.0,3.0692328321248272,246.9307671678752,0.0,23.0,21.0,229.0,0.0,23.0,185.0,0.0,27.0,0.0,0.0,0.0
57,0.0,0.0,13377.691487846248,11,27218.716930962866,27293.75380294617,1.0346348213883774,1.0402439260722067,1.0424912346915156,0.6377176779861353,50,23,0.00637943905746591,0.1809907516142268,0.0902911459726003,75.03687198330417,50073.74396660832,19630.05954481984,25.036871983304163,50.0,4929.0,615.0,0.0,15.0,1.0,0.0,16,235.6991152164849,74.35631289078526,253.7880096435547,74.35631561279297,15.0,147.0,1.0,13.0,2.061575880500575,159.93842411949944,0.13494208481949554,13.865057915180504,15.0,147.0,1.0,13.0,127.0,0.0,109.0,0.0,1.0,1.0
58,0.0,0.0,230294.50782891296,20,431883.65159665083,432514.1534921846,0.8753536750320574,0.8780914819449437,0.8790751726590187,0.7977565464094496,139,59,0.008521033673055983,0.16706056202450587,0.04936701597640328,630.5018955337551,983003.7910675099,308052.56174074125,491.501895533755,139.0,8092.0,1988.0,0.0,52.0,8.0,0.0,58,221.39668926128883,98.33535468116101,232.0,91.96095275878906,52.0,876.0,8.0,224.0,7.318925139983653,920.6810748600163,1.4784396037596323,230.5215603962404,52.0,876.0,8.0,224.0,450.0,0.0,37.0,0.0,8.0,8.0
59,0.0,0.0,37533.11939225127,29,76162.33468132846,76447.58840007786,1.0292034319175776,1.0368034855067365,1.0402939191036,0.8327020450970226,195,76,0.009476563065000991,0.1764534178346056,0.033982416572556136,285.2537187494355,180507.43749887095,54193.285149743766,90.25371874943548,195.0,12822.0,1794.0,0.0,74.0,16.0,0.0,86,210.69082681476633,70.10544907684393,203.87200927734375,74.98648071289062,74.0,2107.0,16.0,297.0,11.896765795302217,2169.103234204698,3.2460660769961636,309.7539339230038,74.0,2107.0,16.0,297.0,367.0,3.0,40.0,0.0,16.0,16.0
60,0.0,0.0,296656.6600012454,24,619080.3940206077,620001.8280419011,1.0868582354362406,1.0899642975798969,1.0914255290423283,0.866318636017928,175,73,0.00979963354134304,0.177820280611851,0.041054206169893845,921.4340212936505,1492868.0425873003,430808.0135068242,746.4340212936502,175.0,10335.0,1761.0,0.0,62.0,16.0,0.0,74,188.6825312819894,69.13793687875764,164.61016845703125,66.37232971191406,62.0,1384.0,16.0,314.0,9.682353140373746,1436.3176468596257,4.293143086080478,325.7068569139195,62.0,1384.0,16.0,314.0,358.0,2.0,42.0,0.0,16.0,16.0
61,0.0,0.0,25041.35732955491,23,49451.586729569535,49635.2890061948,0.9747965766697717,0.9821325319140368,0.9853492405310187,0.7089634437615125,133,56,0.005421728595049154,0.16565010521085052,0.04321983731864456,183.70227662527375,101404.55325054769,35758.0331337433,50.702276625273846,133.0,10197.0,1395.0,0.0,47.0,7.0,0.0,52,223.74217077300833,74.59976100253168,206.0,84.66464233398438,47.0,989.0,7.0,153.0,6.66752137509022,1029.3324786249095,1.1147683895846296,158.88523161041536,47.0,989.0,7.0,153.0,266.0,0.0,108.0,0.0,7.0,7.0
62,0.0,0.0,32761.45115263649,26,66182.6273583229,66400.78814154542,1.0201372353738618,1.0267963049677604,1.0297810516331092,0.7291644875982755,150,64,0.0056707218652499196,0.16870620741869166,0.038214312013867976,218.1607832224974,136321.56644499485,46738.96245756952,68.16078322249743,150.0,11067.0,2037.0,0.0,53.0,7.0,0.0,56,220.71837148342703,89.07748250138229,208.0,101.72917938232422,53.0,1187.0,7.0,209.0,7.751119196057941,1232.248880803942,1.0886780537248246,214.91132194627514,53.0,1187.0,7.0,209.0,454.0,1.0,81.0,0.0,7.0,7.0
63,0.0,0.0,291947.62861362303,15,557374.0963479364,558024.7398182154,0.9091578136625011,0.9113864444390849,0.9121899484576399,0.7161944067054687,83,37,0.009814514265124053,0.17952351707102798,0.06562241987081467,650.6434702790382,1135286.940558076,396291.4712572437,567.643470279038,83.0,6245.0,1315.0,0.0,29.0,2.0,0.0,31,213.95512199781024,120.20506539894555,189.06544494628906,120.20506286621094,29.0,346.0,2.0,88.0,4.245005380938581,370.7549946190615,0.42378976443200933,89.576210235568,29.0,346.0,2.0,88.0,282.0,2.0,64.0,0.0,2.0,2.0
64,0.0,0.0,158727.41721298723,13,376576.28249767306,376996.8906521746,1.3724715560158516,1.3751214331567185,1.3763602779667785,0.6924487690720109,70,30,0.007462816071998858,0.18443485753270042,0.07618043107158828,420.6081545016349,701216.3090032698,253165.41104658498,350.6081545016349,70.0,6005.0,547.0,0.0,25.0,2.0,0.0,27,247.2801280368069,50.461686717562884,246.0,50.46168518066406,25.0,290.0,2.0,34.0,3.524712113464846,311.4752878865351,0.4799769245667035,35.5200230754333,25.0,290.0,2.0,34.0,120.0,0.0,94.0,0.0,2.0,2.0
65,0.0,0.0,21339.494116736194,17,42010.12451049829,42161.70892869486,0.9686560646979199,0.9757595329135833,0.9787264400562947,0.7530049020009254,106,43,0.00777926133342406,0.18528942631802822,0.058166454647698464,151.58441819657887,91168.83639315769,30268.340933405252,45.584418196578845,106.0,7097.0,1471.0,0.0,40.0,6.0,0.0,45,231.80245878738236,93.35957962251695,224.4278564453125,110.72923278808594,40.0,596.0,6.0,123.0,5.860508830993937,630.1394911690061,0.8311082826052353,128.16889171739479,40.0,596.0,6.0,123.0,333.0,2.0,42.0,0.0,6.0,6.0
66,0.0,0.0,107487.09897781385,17,228034.6276513885,228365.00068622502,1.1215069512524156,1.1245805576477719,1.1259623000192702,0.7236394952202818,104,48,0.006389105330660219,0.1739101143243777,0.05836398069098478,330.3730348364946,452746.0696729892,156412.8522086711,226.3730348364946,104.0,7152.0,1416.0,0.0,37.0,2.0,0.0,39,210.5727232384211,96.98376766038318,166.0,96.9837646484375,37.0,519.0,2.0,105.0,5.429524765639966,550.5704752343598,0.3539275565987443,106.64607244340127,37.0,519.0,2.0,105.0,326.0,0.0,80.0,0.0,2.0,2.0
67,0.0,0.0,12949.645773705637,29,25774.968115556814,26046.404926283885,0.9903994723850362,1.011360417222479,1.020850545232991,1.012939789662559,234,85,0.010687088017993195,0.17194359402440404,0.03394064108189775,271.4368107270779,74873.62145415586,18479.287273110906,37.43681072707793,234.0,12441.0,2175.0,0.0,101.0,19.0,0.0,110,187.50571526247455,75.48152726720654,171.27622985839844,68.60265350341797,101.0,2656.0,19.0,414.0,17.48110430430384,2739.518895695695,5.193152836716127,427.80684716328386,101.0,2656.0,19.0,414.0,437.0,3.0,200.0,0.0,19.0,19.0
68,0.0,0.0,19230.206234825208,26,39049.98057011288,39230.8913548406,1.0306584387740356,1.0400660749958508,1.0450216236187924,0.7294872131479854,141,55,0.00711213170427543,0.1825435151915126,0.03814345372768292,180.9107847277194,79821.56945543873,27355.369640744462,39.91078472771937,141.0,11211.0,1893.0,0.0,50.0,10.0,0.0,59,216.45307044590479,72.43327775043191,188.0,67.92589569091797,50.0,1208.0,10.0,266.0,7.4172137747858145,1250.5827862252145,1.9541837082916629,274.0458162917084,50.0,1208.0,10.0,266.0,406.0,2.0,489.0,0.0,10.0,10.0
69,0.0,0.0,94125.3142644867,11,175145.48946344364,175369.1363132166,0.8607692397317783,0.8631452939475923,0.8639276933228559,0.6265613750534608,55,25,0.006462302021125525,0.1819621745853462,0.09020033307175956,223.64684977293683,337293.6995458736,134581.26888091944,168.6468497729368,55.0,4943.0,601.0,0.0,19.0,0.0,0.0,19,221.36828836704981,,169.0,,19.0,167.0,0.0,23.0,2.582453454586758,183.41754654541324,0.0,23.0,19.0,167.0,0.0,23.0,118.0,0.0,44.0,0.0,0.0,0.0
70,0.0,0.0,486346.9720311565,14,1100964.1714749397,1102072.1425792046,1.2637422144871695,1.2660203639729937,1.2669763028902996,0.6919574327074063,80,38,0.0054903937402449275,0.1824242972406215,0.07098586812768588,1107.9711042650886,2055942.2085301771,742799.3801894498,1027.9711042650886,80.0,6279.0,777.0,0.0,27.0,1.0,0.0,28,223.59242989824708,56.396317242084905,225.58831787109375,56.39631652832031,27.0,319.0,1.0,45.0,3.6883560128745043,342.3116439871256,0.13401630454398183,45.865983695456016,27.0,319.0,1.0,45.0,189.0,0.0,39.0,0.0,1.0,1.0
71,0.0,0.0,94046.47288264825,25,179623.9852681802,180001.20712798124,0.9099491959928798,0.9139602114859515,0.9153860479803309,0.8357017088765151,157,65,0.010197546356483704,0.17080733321194785,0.039368381246846613,377.2218598010454,440443.7196020908,131758.65112032802,220.22185980104538,157.0,10483.0,2117.0,0.0,59.0,8.0,0.0,62,220.63465418280762,109.33995105809606,213.12161254882812,94.5813217163086,59.0,1287.0,8.0,196.0,10.069120575191407,1335.9308794248088,2.0339005842367954,201.9660994157632,59.0,1287.0,8.0,196.0,455.0,0.0,26.0,0.0,8.0,8.0
72,0.0,0.0,25414.415382134463,27,51451.53792348892,51668.51145736317,1.0245021240841816,1.033039543915085,1.037028805490884,0.7667898788953936,161,64,0.006012307914227584,0.17600340883433357,0.03677502345711463,216.97353387425568,111947.0677485113,36498.6128630759,55.97353387425565,161.0,11885.0,1723.0,0.0,63.0,7.0,0.0,67,203.2230747947764,99.42765423155613,168.0,106.93975830078125,63.0,1545.0,7.0,194.0,10.077142033892896,1597.9228579661067,1.1026901137374725,199.89730988626258,63.0,1545.0,7.0,194.0,349.0,1.0,140.0,0.0,7.0,7.0
73,0.0,0.0,349802.8240290548,13,717985.7526733252,718735.7412886336,1.0525441859031104,1.0546882183802353,1.0555031376779977,0.6664752728527383,68,31,0.009680946207332486,0.184367930274739,0.07577513821193474,749.9886153084127,1363977.230616826,511638.34810350306,681.988615308413,68.0,5556.0,996.0,0.0,22.0,2.0,0.0,24,209.39595598407084,86.85891825309311,210.89703369140625,86.85891723632812,22.0,248.0,2.0,40.0,3.1810854110824764,266.81891458891755,0.26756645660633493,41.73243354339366,22.0,248.0,2.0,40.0,265.0,1.0,55.0,0.0,2.0,2.0
74,0.0,0.0,63339.547747935496,18,122612.76456976254,122830.52790613148,0.9358010741994762,0.9392391053208151,0.9404444298903396,0.7202410958983885,89,37,0.013174027321587302,0.16094643440711293,0.05432948141652475,217.76333636897783,257526.67273795558,89389.05118178907,128.7633363689778,89.0,7816.0,1256.0,0.0,33.0,1.0,0.0,34,225.8958775483006,205.57417824892366,217.68153381347656,205.5741729736328,33.0,508.0,1.0,70.0,5.4101759392794735,535.5898240607205,0.1930220558167255,70.80697794418327,33.0,508.0,1.0,70.0,236.0,0.0,15.0,0.0,1.0,1.0
75,0.0,0.0,483803.640196353,5,823963.243862027,824740.6620914579,0.7030943453166645,0.7047012332456504,0.7051348417249559,0.5926593290390703,21,10,0.008582577754112738,0.17693353245662555,0.1972007736372572,777.4182294308982,1512836.4588617962,638156.0133857542,756.4182294308981,21.0,2074.0,446.0,0.0,6.0,0.0,0.0,6,246.75794073779795,,236.13690185546875,,6.0,19.0,0.0,5.0,0.8389548917997252,24.161045108200273,0.0,5.0,6.0,19.0,0.0,5.0,92.0,0.0,9.0,0.0,0.0,0.0
76,0.0,0.0,11062.706101757585,20,22514.747204834704,22663.50942170472,1.0351934687352564,1.0486406502387386,1.055392956338391,0.8149583966318673,123,46,0.012102870562953979,0.17275320880029904,0.04905120683018554,148.76221687002345,51524.433740047,15805.847866894732,25.7622168700235,123.0,8293.0,1787.0,0.0,47.0,10.0,0.0,55,208.2689320211056,73.84562432097117,219.0,76.43939208984375,47.0,864.0,10.0,179.0,7.191367395705529,903.8086326042946,2.5186972992425187,186.48130270075745,47.0,864.0,10.0,179.0,416.0,0.0,114.0,0.0,10.0,10.0
77,0.0,0.0,238562.71999779323,25,484164.37885917036,484823.685350136,1.0295056112021568,1.0322692722258564,1.0333478872590653,0.7303491315394279,153,67,0.0063690877198115435,0.17558836401113048,0.039662763790576316,659.30649096578,1012612.9819315597,346619.492720275,506.30649096577986,153.0,10840.0,1760.0,0.0,56.0,5.0,0.0,61,215.68613639764337,67.98328344833382,212.69766235351562,68.19645690917969,56.0,1266.0,5.0,198.0,8.360815877942294,1313.639184122058,0.7943623635814052,202.2056376364186,56.0,1266.0,5.0,198.0,390.0,0.0,51.0,0.0,5.0,5.0
78,0.0,0.0,82914.04993815112,24,174411.07724355214,174724.52159885797,1.1035165617124272,1.1072969144456448,1.1090469287394122,0.7186865950243979,138,59,0.00637293782011008,0.1836810941029958,0.04129811459314963,313.4443553057943,350888.7106115884,122059.01468068862,175.4443553057942,138.0,10465.0,1631.0,0.0,49.0,6.0,0.0,53,219.8193138570532,64.80480831936302,206.23719787597656,47.998565673828125,49.0,1037.0,6.0,180.0,7.2474707012464945,1078.7525292987536,1.1471694377574317,184.8528305622426,49.0,1037.0,6.0,180.0,382.0,0.0,74.0,0.0,6.0,6.0
79,0.0,0.0,13503.346552833611,18,25760.301943536146,25903.851426554094,0.9076976098292073,0.9183282696035302,0.9223144495666049,0.7973159995686038,113,43,0.011548186080607512,0.16925194211383235,0.054549302595534255,143.5494830179571,61098.96603591423,19157.700983353046,30.549483017957115,113.0,7914.0,1158.0,0.0,44.0,8.0,0.0,51,228.18483334652134,95.90181598807474,204.40505981445312,94.11194610595703,44.0,782.0,8.0,84.0,6.860096489161149,819.139903510839,1.5885783093737949,90.41142169062621,44.0,782.0,8.0,84.0,204.0,1.0,155.0,0.0,8.0,8.0
80,0.0,0.0,10809.517043168515,17,21642.716020938515,21760.776697739188,1.0021908411362794,1.0131127608047703,1.018267223200433,0.7625133093879256,95,36,0.013230319115806572,0.16085869758267798,0.057547239108458506,118.06067680067875,46121.35360135751,15121.491334485498,23.060676800678753,95.0,6814.0,1754.0,0.0,34.0,8.0,0.0,42,216.31707536176808,104.83000262741447,203.22116088867188,95.65718078613281,34.0,542.0,8.0,130.0,5.076604595127275,570.9233954048727,1.5391517140963507,136.46084828590364,34.0,542.0,8.0,130.0,418.0,2.0,88.0,0.0,8.0,8.0
81,0.0,0.0,19072.577209736624,10,35608.209387069655,35697.07295926497,0.8669846762445679,0.8716439087760766,0.8732248929962501,0.6919197789146194,53,25,0.00467102291144283,0.19125897835696937,0.09964992588518967,88.86357219532299,71727.14439064593,25915.990038310792,35.863572195322966,53.0,4229.0,811.0,0.0,18.0,0.0,0.0,18,267.8203529114796,,252.40176391601562,,18.0,145.0,0.0,17.0,2.589783373308499,160.4102166266915,0.0,17.0,18.0,145.0,0.0,17.0,177.0,0.0,111.0,0.0,0.0,0.0
82,0.0,0.0,277637.32318191713,29,596540.2379823747,597289.4974133113,1.1486312832352943,1.1513299817472578,1.1524739528524934,0.707751185826756,161,72,0.0034731235212562394,0.17970345055930306,0.034394958445774955,749.2594309365993,1176518.8618731978,415583.5007534651,588.259430936599,161.0,12883.0,1733.0,0.0,56.0,4.0,0.0,58,219.387645580829,94.68609653537459,185.73550415039062,99.62400817871094,56.0,1450.0,4.0,172.0,8.206933513358358,1497.7930664866417,0.9398955412127398,175.06010445878727,56.0,1450.0,4.0,172.0,361.0,0.0,91.0,0.0,4.0,4.0
83,0.0,0.0,380640.8361024776,12,709264.6999274114,710106.3936290479,0.863343689525893,0.865554943868057,0.8663017646962816,0.7447545435567401,73,31,0.014450246240493379,0.16716494490741712,0.0812729430077996,841.6937016365905,1537387.4032731808,516071.84426530893,768.6937016365904,73.0,4861.0,1187.0,0.0,28.0,2.0,0.0,29,198.25222367841798,143.32125441671116,199.60691833496094,143.32125854492188,28.0,257.0,2.0,61.0,4.193119534386108,280.80688046561386,0.40137734507893963,62.59862265492106,28.0,257.0,2.0,61.0,252.0,0.0,13.0,0.0,2.0,2.0
84,0.0,0.0,345672.23474000057,27,693839.3418602137,694735.1994654301,1.0072174508956122,1.0098090897811893,1.0107471040738,0.7430018741038502,166,77,0.004190411369191554,0.17125479737061491,0.03690224812838445,895.8576052167604,1459715.2104335213,491154.6192915441,729.8576052167607,166.0,11504.0,2104.0,0.0,58.0,4.0,0.0,61,250.98615454058637,120.38800098587926,247.14627075195312,132.67161560058594,58.0,1401.0,4.0,184.0,8.637607690519246,1450.3623923094806,0.7527247593978618,187.24727524060214,58.0,1401.0,4.0,184.0,462.0,0.0,89.0,0.0,4.0,4.0
85,0.0,0.0,97069.31408078452,6,163466.46067320637,163638.01669248828,0.6840178816671538,0.6857852375087654,0.6862192912043015,0.596671349536063,22,10,0.005809941048584225,0.18413216863211848,0.1654892454767565,171.5560192819215,299112.0385638429,125325.28954021967,149.55601928192144,22.0,2605.0,419.0,0.0,6.0,0.0,0.0,6,328.2548127948352,,366.29498291015625,,6.0,28.0,0.0,2.0,0.8330724419992315,33.166927558000765,0.0,2.0,6.0,28.0,0.0,2.0,88.0,0.0,13.0,0.0,0.0,0.0
86,0.0,0.0,117235.4832682877,9,226520.55080348146,226792.15431649768,0.9321842200718378,0.9345009547791505,0.9352743637525032,0.6626199794670105,51,26,0.0022824507346847676,0.1694874314956525,0.11120813327052548,271.6035130162279,441207.02603245596,166463.07072846952,220.603513016228,51.0,3767.0,769.0,0.0,16.0,0.0,0.0,16,248.70040099875055,,245.83880615234375,,16.0,106.0,0.0,22.0,2.1976547862780196,119.80234521372196,0.0,22.0,16.0,106.0,0.0,22.0,175.0,0.0,55.0,0.0,0.0,0.0
87,0.0,0.0,269911.44271333347,15,514959.07952194614,515551.9116624174,0.9078816160783223,0.9100780110681446,0.9107899571117235,0.6864566599724555,76,35,0.007800504964428568,0.1851312520052138,0.06592547480767617,592.8321404714669,1033664.280942934,376449.2142098273,516.832140471467,76.0,6509.0,1051.0,0.0,26.0,0.0,0.0,26,216.23364690631178,,205.64691162109375,,26.0,330.0,0.0,34.0,3.9694181869203304,352.03058181307966,0.0,34.0,26.0,330.0,0.0,34.0,230.0,0.0,24.0,0.0,0.0,0.0
88,0.0,0.0,30142.784497319186,29,60949.04938003158,61208.93460802926,1.0220112506677084,1.0306330562617072,1.0343996821752102,0.8029500938422155,189,75,0.006420877778993165,0.1754665569243171,0.03420075537493848,259.88522799769885,141770.45599539793,44140.49424821933,70.88522799769896,189.0,13214.0,1402.0,0.0,74.0,11.0,0.0,82,217.6783230981153,53.588792209293096,222.22415161132812,45.12818145751953,74.0,2040.0,11.0,253.0,11.45123126455881,2102.5487687354407,1.7803817751864166,262.2196182248136,74.0,2040.0,11.0,253.0,267.0,2.0,96.0,0.0,11.0,11.0
89,0.0,0.0,468126.1509393068,23,947033.9909558587,948369.0750154615,1.02303158893305,1.0258835638909196,1.02696549560528,0.8791866588913724,165,66,0.011408561903106443,0.1803983174026773,0.042695622097202686,1335.0840596028925,2340168.1192057854,665435.518026589,1170.0840596028927,165.0,10045.0,1547.0,0.0,65.0,11.0,0.0,70,216.76346280129107,77.31861276627045,206.90382385253906,89.18505859375,65.0,1328.0,11.0,206.0,10.5786771185274,1382.4213228814729,2.3431445457936695,214.6568554542063,65.0,1328.0,11.0,206.0,319.0,1.0,31.0,0.0,11.0,11.0
90,0.0,0.0,17552.811627191477,15,35734.76630857882,35845.63415878192,1.0358428648104017,1.0421591093276814,1.0451675543846681,0.6649644166577682,77,34,0.0054175588640869516,0.19222546817477543,0.06632761334846778,110.86785020310244,67735.70040620488,25465.911674889612,33.86785020310244,77.0,6540.0,1020.0,0.0,24.0,4.0,0.0,26,225.16095057530856,45.16225074579879,198.5,47.74906921386719,24.0,301.0,4.0,61.0,3.259264258332105,321.74073574166795,0.6389647930935903,64.36103520690641,24.0,301.0,4.0,61.0,206.0,0.0,187.0,0.0,4.0,4.0
91,0.0,0.0,41505.48476074181,23,82105.66425609225,82320.03015183577,0.9781882979897716,0.9833530586709018,0.985527404076634,0.7148654790816684,130,55,0.006843173110980837,0.17653906075600279,0.043098521240954285,214.36589574353425,168731.7914870687,59008.231766844154,84.36589574353435,130.0,10420.0,1172.0,0.0,49.0,3.0,0.0,50,221.85028572780504,51.3579140441773,205.33547973632812,29.973369598388672,49.0,992.0,3.0,106.0,7.358959513694872,1033.6410404863052,0.4528274768174676,108.54717252318254,49.0,992.0,3.0,106.0,221.0,0.0,52.0,0.0,3.0,3.0
92,0.0,0.0,32884.5275087584,7,69481.2280911286,69584.89219437927,1.11288509687795,1.1160374639971993,1.1172328548353443,0.6994220612781357,37,17,0.010031111465738794,0.19927568050840475,0.14065326573522285,103.66410325066475,133328.2065013295,47656.563140746264,66.66410325066475,37.0,3268.0,260.0,0.0,12.0,1.0,0.0,12,272.1098194024789,151.05694367405937,261.62127685546875,151.05694580078125,12.0,70.0,1.0,1.0,1.6593024771073366,80.34069752289265,0.13747955419371483,1.8625204458062852,12.0,70.0,1.0,1.0,48.0,0.0,20.0,0.0,1.0,1.0
93,0.0,0.0,33032.59779433335,24,71211.5374671533,71436.82396111547,1.155795856884421,1.162615983335415,1.166220135156193,0.7304898071404963,153,67,0.004523812357367049,0.17393467695647521,0.041462235517177294,225.2864939621607,144572.98792432135,49478.098979317925,72.28649396216068,153.0,10590.0,1506.0,0.0,51.0,11.0,0.0,59,216.83796252708746,57.97875662962474,225.0,54.89680480957031,51.0,1124.0,11.0,230.0,7.023852106808436,1167.9761478931916,1.87994649562619,239.1200535043738,51.0,1124.0,11.0,230.0,318.0,1.0,80.0,0.0,11.0,11.0
94,0.0,0.0,273141.0273141676,28,554186.1752531645,555040.3305844113,1.0289378739713753,1.0320650326397223,1.0333690461225862,0.8333732592209072,200,88,0.006775282080074555,0.16368923380835926,0.035406335321324006,854.1553312467959,1308310.662493592,392474.39488179877,654.155331246796,200.0,11957.0,2155.0,0.0,72.0,12.0,0.0,76,202.25627861941905,86.25933753436681,180.96534729003906,83.70894622802734,72.0,1699.0,12.0,345.0,11.314732934461853,1759.6852670655378,2.943818639165364,354.0561813608346,72.0,1699.0,12.0,345.0,465.0,0.0,52.0,0.0,12.0,12.0
95,0.0,0.0,405213.57068801083,8,865535.4325980836,866289.0512866843,1.1359981382866664,1.1378579444311674,1.1385511329190172,0.5914199175595758,31,15,0.0039345357636769475,0.176525439765227,0.12456936108651517,753.6186886007276,1445237.3772014552,610918.4583963016,722.6186886007276,31.0,3884.0,148.0,0.0,8.0,0.0,0.0,8,270.833281544661,,232.5,,8.0,55.0,0.0,1.0,1.1101252291904267,61.88987477080957,0.0,1.0,8.0,55.0,0.0,1.0,14.0,0.0,98.0,0.0,0.0,0.0
96,0.0,0.0,54089.295569553564,26,104377.75764445456,104667.50763073537,0.9297303938860682,0.9350872761162725,0.9373141278519961,0.8112738114817886,169,70,0.007841091671194969,0.16984072753224422,0.03802266060071688,289.7499862808616,241499.97256172332,74419.99518036473,120.74998628086166,169.0,10582.0,2522.0,0.0,63.0,10.0,0.0,69,220.10260889300136,68.51326709741117,209.2103729248047,63.96147537231445,63.0,1396.0,10.0,325.0,9.898356274841841,1449.1016437251578,2.2124782118309083,332.7875217881691,63.0,1396.0,10.0,325.0,537.0,0.0,42.0,0.0,10.0,10.0
97,0.0,0.0,116418.57785525604,6,256095.18850036207,256333.30725713237,1.1997793927595204,1.2018247600982828,1.202645463647528,0.6331927288748146,24,12,0.004854871621353355,0.1915439583709922,0.16619279831195127,238.11875677032253,428237.513540645,169078.66041893137,214.1187567703225,24.0,2505.0,519.0,0.0,6.0,0.0,0.0,6,265.779970798077,,270.0092468261719,,6.0,26.0,0.0,4.0,0.8105962856561079,31.18940371434389,0.0,4.0,6.0,26.0,0.0,4.0,133.0,0.0,96.0,0.0,0.0,0.0
98,0.0,0.0,25432.30868706673,22,51906.13646753476,52108.44261308232,1.0409525971950377,1.048907287743853,1.0526105588520585,0.8478412227311891,142,56,0.01040527885894059,0.16542919051217744,0.044749440085528565,202.30614554756497,120612.29109512978,35564.52784478796,60.306145547564896,142.0,8912.0,2176.0,0.0,54.0,10.0,0.0,61,228.57842068353008,102.65708311272674,235.9313507080078,113.81317138671875,54.0,1053.0,10.0,225.0,8.3834909860711,1098.6165090139289,2.305272998723773,232.69472700127622,54.0,1053.0,10.0,225.0,519.0,1.0,86.0,0.0,10.0,10.0
99,0.0,0.0,36386.300087464515,16,73766.17816467411,73924.76351735779,1.0273063759534975,1.0316647567809647,1.033799800368275,0.710820986247455,87,39,0.008759196407424594,0.1667087064091555,0.06168886297847601,158.58535268368104,143170.70536736207,50353.994935906645,71.58535268368104,87.0,6524.0,1540.0,0.0,27.0,5.0,0.0,32,204.3884330509344,61.23485288704494,218.0,65.63870239257812,27.0,353.0,5.0,127.0,3.8278943862656383,376.17210561373435,0.9461915106604036,131.0538084893396,27.0,353.0,5.0,127.0,369.0,1.0,36.0,0.0,5.0,5.0
100,0.0,0.0,130426.32904386576,21,275821.0419066434,276234.92276048055,1.1147650472772077,1.1179383394864666,1.1191473465293686,0.7319337751601168,123,54,0.00711753946522897,0.1811370565587853,0.04713794036602261,413.8808538371307,581761.7076742615,198707.08505936762,290.88085383713076,123.0,9575.0,1009.0,0.0,46.0,2.0,0.0,48,231.54326895766016,137.10973937242906,220.52386474609375,137.1097412109375,46.0,893.0,2.0,67.0,7.111710571486661,931.8882894285135,0.383936848387031,68.61606315161296,46.0,893.0,2.0,67.0,181.0,0.0,61.0,0.0,2.0,2.0
101,0.0,0.0,46178.35377402367,13,88755.2446154412,88929.32487068116,0.922009715845868,0.9257794529848709,0.9273197827599637,0.7339058440322657,80,32,0.014570669673251244,0.17396721896420975,0.07498898951243824,174.08025523996517,188160.51047993026,64095.58937633215,94.08025523996514,80.0,5473.0,1079.0,0.0,30.0,5.0,0.0,35,210.60188091516437,79.58713520548004,193.5,89.34440612792969,30.0,338.0,5.0,82.0,4.303590584048517,363.6964094159515,0.7315748171554439,86.26842518284457,30.0,338.0,5.0,82.0,221.0,0.0,13.0,0.0,5.0,5.0
102,0.0,0.0,62993.82478325538,17,127210.44968588174,127437.74008813484,1.0194114283991853,1.0230195662291255,1.024599534985982,0.7116585779862219,101,46,0.006305752400667707,0.1735621593972286,0.058351616502137986,227.29040225309495,252580.80450618995,88729.62833558371,126.29040225309498,101.0,7541.0,1027.0,0.0,31.0,7.0,0.0,37,233.14418830188345,87.42750870156293,220.2178955078125,93.77405548095703,31.0,501.0,7.0,90.0,4.233919325467744,527.7660806745324,1.1537150522509267,95.84628494774908,31.0,501.0,7.0,90.0,184.0,1.0,75.0,0.0,7.0,7.0
103,0.0,0.0,11734.904975525898,20,23238.510603525563,23395.78796676845,0.9802896275676176,0.9936921530734397,0.9997165763399454,0.8537019194453749,129,48,0.013753171057263902,0.17032529947219352,0.04891039935141071,157.27736324288892,56554.72648577788,16561.613953767326,28.27736324288894,129.0,8484.0,1596.0,0.0,54.0,7.0,0.0,57,215.96614541782876,78.49535108661082,193.85508728027344,65.34040832519531,54.0,911.0,7.0,168.0,8.955554134677822,956.0444458653221,1.5931220412202438,173.40687795877975,54.0,911.0,7.0,168.0,353.0,0.0,179.0,0.0,7.0,7.0
104,0.0,0.0,25146.306531132235,5,46693.09430603047,46755.23180795456,0.8568569602149072,0.8593279991266121,0.8600736444128427,0.6056664940694114,20,10,0.014433230792274817,0.1827902093326065,0.1951837531805679,62.13750192409223,84275.00384818444,34786.05993289693,42.13750192409222,20.0,2338.0,182.0,0.0,5.0,0.0,0.0,5,305.7466088372278,,288.0,,5.0,19.0,0.0,1.0,0.705440598111185,23.294559401888815,0.0,1.0,5.0,19.0,0.0,1.0,27.0,0.0,72.0,0.0,0.0,0.0
105,0.0,0.0,357590.461060946,19,752213.6207637567,753081.7878639178,1.1035617631745303,1.1059895882836934,1.1069709235600973,0.7248191261063112,117,54,0.004408325685037238,0.17915419537355529,0.052394076421083305,868.1671001609363,1502334.2003218727,518175.5510482768,751.1671001609363,117.0,8195.0,1381.0,0.0,41.0,3.0,0.0,43,226.2870255581763,71.00755532738293,210.2200469970703,61.68292236328125,41.0,664.0,3.0,109.0,5.74681016002081,699.2531898399792,0.45951671679362105,111.54048328320637,41.0,664.0,3.0,109.0,338.0,1.0,55.0,0.0,3.0,3.0
106,0.0,0.0,29124.497210318026,28,59415.08712681841,59697.84743582895,1.0400382089950466,1.049746885061405,1.0542095092104709,0.9549706488178465,203,78,0.010362018668271036,0.16861586251869304,0.0351577717206803,282.7603090105577,159520.61802111554,41760.60756908742,79.76030901055778,203.0,12214.0,1898.0,0.0,87.0,10.0,0.0,90,187.49356798311427,75.39086439300593,170.0,90.15777587890625,87.0,2132.0,10.0,291.0,16.425068448730805,2202.574931551269,1.5314402559650602,299.4685597440349,87.0,2132.0,10.0,291.0,396.0,1.0,46.0,0.0,10.0,10.0
107,0.0,0.0,31713.74136346378,6,72866.9297873127,72950.69723582335,1.2976453314732517,1.3002866927541739,1.3014846275307264,0.6130435672569245,24,11,0.009905878069968854,0.18599434498867876,0.1640640917086967,83.76744851064674,119534.8970212935,48746.49348175804,59.76744851064675,24.0,2819.0,205.0,0.0,7.0,0.0,0.0,7,251.33878406776054,,198.0,,7.0,33.0,0.0,2.0,0.9496435593269742,39.05035644067303,0.0,2.0,7.0,33.0,0.0,2.0,41.0,0.0,33.0,0.0,0.0,0.0
108,0.0,0.0,24351.540422185597,17,42605.86349620366,42752.6965468215,0.7496167699266929,0.7556464932243643,0.7576745010095236,0.7226827595836255,100,42,0.006131475366095007,0.16574121461734823,0.05839247120065492,146.83305061783696,93666.10123567398,32402.219367195026,46.83305061783699,100.0,7318.0,1250.0,0.0,35.0,6.0,0.0,40,230.17481600860984,111.40955527961349,177.54541015625,94.37642669677734,35.0,530.0,6.0,109.0,5.014884084746305,559.9851159152536,0.9978841091822408,114.00211589081775,35.0,530.0,6.0,109.0,238.0,2.0,107.0,0.0,6.0,6.0
109,0.0,0.0,53591.362947159694,14,107301.94325267701,107498.43624526016,1.0022245629109148,1.0058910677687383,1.0073087279396433,0.7618573488043118,81,33,0.011823895751454531,0.18287261813745045,0.07004803181207105,196.4929925831684,230985.98516633682,75796.99320642346,115.49299258316842,81.0,6177.0,879.0,0.0,31.0,3.0,0.0,34,220.17846738267667,149.67151140794226,194.0,132.9311065673828,31.0,391.0,3.0,51.0,4.805018237964849,417.1949817620351,0.5450028607012458,53.454997139298754,31.0,391.0,3.0,51.0,179.0,0.0,12.0,0.0,3.0,3.0
110,0.0,0.0,17873.88977779683,17,34379.8935588831,34519.456258291946,0.9234701559808338,0.9312783444134498,0.9347062223230833,0.7335266055038491,103,42,0.006032805975343153,0.16843334630957885,0.058437435483919664,139.56269940885093,73125.39881770183,24922.544822853775,36.56269940885092,103.0,7057.0,1511.0,0.0,38.0,6.0,0.0,42,202.162101624329,113.2154832002458,182.22561645507812,115.18075561523438,38.0,542.0,6.0,128.0,5.469274102818305,574.5307258971817,0.8335244515313629,133.16647554846864,38.0,542.0,6.0,128.0,344.0,2.0,123.0,0.0,6.0,6.0
111,0.0,0.0,24246.67336202705,14,54363.4023629342,54487.97062785224,1.2420973612022692,1.247234901641657,1.2499173932288299,0.6967212886407798,73,31,0.011353506391633307,0.18316101042163513,0.0701163119032349,124.56826491805577,103136.52983611154,37007.814859984624,51.568264918055775,73.0,6295.0,761.0,0.0,28.0,0.0,0.0,28,213.18589774135285,,208.0,,28.0,320.0,0.0,44.0,4.259279989756024,343.74072001024393,0.0,44.0,28.0,320.0,0.0,44.0,163.0,0.0,17.0,0.0,0.0,0.0
112,0.0,0.0,338391.159808231,11,703434.452523634,704138.0879116425,1.0787613155209965,1.0808406706330134,1.0816210468856795,0.661417049314774,56,26,0.005964015187559888,0.16483779626798425,0.09027563163306068,703.6353880086638,1295270.7760173278,489581.7160138314,647.6353880086639,56.0,4810.0,734.0,0.0,18.0,1.0,0.0,19,248.09041015597074,129.56766427645195,235.5489959716797,129.56765747070312,18.0,172.0,1.0,18.0,2.4576317916660004,187.54236820833398,0.13143129679413545,18.868568703205863,18.0,172.0,1.0,18.0,147.0,0.0,56.0,0.0,1.0,1.0
113,0.0,0.0,190670.22826128005,30,385781.6038448309,386368.46452483616,1.0232922956183015,1.0263701787537909,1.027608271827515,0.7534620212319204,174,73,0.007553828587820091,0.17544449856924144,0.03296820765686023,586.8606800053302,825721.3600106601,273975.7734107801,412.8606800053301,174.0,12670.0,2450.0,0.0,61.0,10.0,0.0,66,222.98411411508542,101.19996120619336,205.06427001953125,101.35993957519531,61.0,1599.0,10.0,310.0,9.572758222942548,1650.4272417770571,2.101594356751556,317.89840564324845,61.0,1599.0,10.0,310.0,516.0,1.0,47.0,0.0,10.0,10.0
114,0.0,0.0,120322.83067916504,7,247437.1913459283,247676.82359918472,1.0564442338105184,1.058435811401436,1.0591845673498037,0.6044416860876853,28,14,0.0036601224299398515,0.20041433312875262,0.14231910617860002,239.63225325645573,423264.5065129114,175064.2436876488,211.6322532564557,28.0,2877.0,651.0,0.0,7.0,0.0,0.0,7,211.57237491026405,,249.0,,7.0,32.0,0.0,10.0,0.9735825370685469,38.02641746293145,0.0,10.0,7.0,32.0,0.0,10.0,168.0,0.0,6.0,0.0,0.0,0.0
115,0.0,0.0,304065.23665480997,18,636358.1615674772,637040.4769191709,1.09283431597905,1.0950782928282297,1.095951051245537,0.6547686559685197,94,44,0.002920778349988496,0.17634080276615072,0.05547460862631427,682.3153516937305,1176630.703387461,449254.3636068735,588.3153516937305,94.0,8197.0,875.0,0.0,31.0,1.0,0.0,32,234.60348921332894,109.32182157430003,224.0,109.32182312011719,31.0,500.0,1.0,44.0,4.252854076832044,526.7471459231679,0.13635136163306305,44.86364863836694,31.0,500.0,1.0,44.0,187.0,0.0,67.0,0.0,1.0,1.0
116,0.0,0.0,19409.59655152897,13,41739.39768418562,41856.20253980082,1.1504515858109188,1.1564694778008477,1.1592769777542098,0.7182013914308031,75,34,0.006690211600880592,0.18573260607029113,0.07624894756381154,116.80485561519687,83609.71123039376,29103.853121137174,41.80485561519688,75.0,5627.0,925.0,0.0,27.0,1.0,0.0,28,231.18351752834263,88.07296459453741,224.0,88.07296752929688,27.0,293.0,1.0,43.0,3.9427736523730856,316.05722634762697,0.13787883384779775,43.86212116615221,27.0,293.0,1.0,43.0,217.0,1.0,52.0,0.0,1.0,1.0
117,0.0,0.0,486235.8200308141,7,1049106.3635483996,1050112.0230185718,1.1576081405971177,1.1596763951944622,1.1604423532277774,0.6410439592613009,35,16,0.015299050268491867,0.18194185727463696,0.13910883232094087,1005.6594701723108,1941318.9403446214,757092.7517130325,970.6594701723108,35.0,3109.0,419.0,0.0,12.0,0.0,0.0,12,208.39357956893127,,215.17572021484375,,12.0,60.0,0.0,12.0,1.621658090271931,70.37834190972808,0.0,12.0,12.0,60.0,0.0,12.0,94.0,0.0,33.0,0.0,0.0,0.0
118,0.0,0.0,201009.70888656477,17,414630.90434916096,415194.98987692804,1.062740683750497,1.0655469438604772,1.0667179242669014,0.7743180722474616,114,51,0.009361626026977269,0.18248692837570984,0.05798994441899645,564.0855277671094,900171.0555342186,290633.4902275586,450.0855277671093,114.0,7447.0,1121.0,0.0,44.0,2.0,0.0,43,201.66081799908864,84.7798927658213,181.81466674804688,84.77989196777344,44.0,596.0,2.0,89.0,6.468148898286677,633.5318511017133,0.6878769169120179,90.31212308308798,44.0,596.0,2.0,89.0,277.0,0.0,64.0,0.0,2.0,2.0
119,0.0,0.0,48530.10676758793,28,95012.20993414026,95304.91190588131,0.9577993180430542,0.9638306662356886,0.966407015854462,0.8323357831583176,178,71,0.009634387875902022,0.1748414902303861,0.03519036597711195,292.7019717411009,229403.943482202,68903.66488021318,114.701971741101,178.0,12353.0,1759.0,0.0,69.0,10.0,0.0,77,202.62422184298632,87.03056867211964,188.67498779296875,86.11829376220703,69.0,1818.0,10.0,259.0,11.763488559829394,1875.236511440171,2.613656224394761,266.3863437756052,69.0,1818.0,10.0,259.0,333.0,0.0,30.0,0.0,10.0,10.0
120,0.0,0.0,47070.608771912644,9,101676.20717820161,101809.03247175466,1.1600784402616968,1.1629002710605438,1.164042877635175,0.6366511287581769,41,19,0.010159799073729258,0.18036591022710827,0.10933393870587683,132.8252935530445,183650.58710608896,72115.86487889747,91.82529355304449,41.0,4192.0,344.0,0.0,13.0,0.0,0.0,13,229.47143761001195,,203.68136596679688,,13.0,97.0,0.0,7.0,1.8370637684984952,108.1629362315015,0.0,7.0,13.0,97.0,0.0,7.0,52.0,0.0,17.0,0.0,0.0,0.0
121,0.0,0.0,118868.55556381182,6,275325.7488606949,275592.0300729615,1.3162201942707434,1.3184603259102978,1.3194133655796025,0.6420062525699332,30,15,0.00799779098201057,0.19801789906676187,0.1648067100760272,266.28121226667446,472562.4245333489,184017.8435341146,236.28121226667446,30.0,2682.0,342.0,0.0,9.0,0.0,0.0,9,286.77573335918066,,287.97601318359375,,9.0,41.0,0.0,4.0,1.2112357971449188,48.788764202855084,0.0,4.0,9.0,41.0,0.0,4.0,85.0,0.0,53.0,0.0,0.0,0.0
122,0.0,0.0,348543.16740028246,20,728153.32620627,729041.8198576502,1.0891338414045753,1.0916830052800495,1.0926981790502817,0.7370241887743677,123,55,0.0071564596042313884,0.17198284940254957,0.049497489923793325,888.4936513803323,1530987.302760665,519313.79121579987,765.4936513803326,123.0,8787.0,1293.0,0.0,44.0,4.0,0.0,46,207.36844445287306,73.53759968524457,176.88275146484375,72.68231201171875,44.0,755.0,4.0,117.0,6.61686696526209,792.3831330347377,0.8696863881421509,120.13031361185784,44.0,755.0,4.0,117.0,292.0,0.0,37.0,0.0,4.0,4.0
123,0.0,0.0,170517.93215593812,14,305525.03682661697,305956.59276898816,0.7917472547533315,0.7942781084700923,0.7950364287039522,0.7317268796724594,88,40,0.00970529637664277,0.16469768929620623,0.07035637819131821,431.55594237124853,687111.8847424975,234756.9509302662,343.55594237124876,88.0,6189.0,867.0,0.0,31.0,3.0,0.0,33,225.87865322281738,134.19157568992375,216.62796020507812,77.62796020507812,31.0,377.0,3.0,51.0,4.596446159021092,403.4035538409789,0.6024953286647086,53.39750467133529,31.0,377.0,3.0,51.0,182.0,1.0,19.0,0.0,3.0,3.0
124,0.0,0.0,14031.305817264614,12,31578.321224801406,31670.487248310666,1.2505618248264767,1.2571304239796541,1.2609609597799905,0.6845597559107135,63,27,0.009723441782864545,0.18913325731477695,0.08208409576635536,92.16602350926394,58332.04701852786,21302.75937011701,29.16602350926393,63.0,5342.0,706.0,0.0,22.0,2.0,0.0,24,195.2019026473921,43.590496497682,169.15557861328125,43.59049606323242,22.0,222.0,2.0,42.0,3.052227379086652,240.94777262091333,0.3206718156742885,43.67932818432571,22.0,222.0,2.0,42.0,145.0,0.0,109.0,0.0,2.0,2.0
125,0.0,0.0,18643.294178196324,27,36783.33588125929,37003.82959140285,0.9730062471619465,0.9848332187280244,0.9898715841061021,0.8236479973717693,176,67,0.008753126496010922,0.1744621250776438,0.03656293323411667,220.4937101435562,88987.42028711236,27010.14892620026,44.49371014355618,176.0,11886.0,1722.0,0.0,71.0,11.0,0.0,77,206.62213462831838,71.85233742160413,193.3612060546875,78.23553466796875,71.0,1761.0,11.0,236.0,11.601845196794061,1820.3981548032057,2.2585106443542706,244.7414893556457,71.0,1761.0,11.0,236.0,338.0,0.0,120.0,0.0,11.0,11.0
126,0.0,0.0,106391.17831925495,7,237789.5816816971,238040.13242421142,1.2350497986604339,1.2374047941259647,1.238439561362883,0.6617277138021095,36,16,0.008198780114016067,0.18401879866310578,0.14112209291032327,250.5507425143419,429101.4850286838,162114.06749279928,214.5507425143419,36.0,3295.0,233.0,0.0,12.0,1.0,0.0,13,227.2980601639546,96.10558749846842,200.55279541015625,96.1055908203125,12.0,72.0,1.0,6.0,1.6567926087651923,82.34320739123481,0.14709488591510866,6.852905114084892,12.0,72.0,1.0,6.0,45.0,0.0,23.0,0.0,1.0,1.0
127,0.0,0.0,41407.24057940223,21,78257.57212399316,78457.71998241653,0.8899489806360557,0.8947826245983856,0.8966034688547657,0.715690941585253,118,51,0.006321631339574314,0.17565769933164077,0.0472177595866971,200.14785842339143,164295.71684678283,57390.595332556666,82.14785842339141,118.0,9051.0,1533.0,0.0,41.0,5.0,0.0,44,228.76609537442448,116.592552174297,238.5491180419922,111.12848663330078,41.0,775.0,5.0,103.0,5.875511115789018,810.1244888842109,0.9453931560927872,107.0546068439072,41.0,775.0,5.0,103.0,315.0,0.0,25.0,0.0,5.0,5.0
128,0.0,0.0,18186.439216477604,21,35634.294396489604,35792.00577679002,0.9593881997638978,0.9680601216515825,0.9721336771042679,0.7234087873187552,121,48,0.004394512484573795,0.17252359992430044,0.04747534320047207,157.71138030042252,73422.76060084511,25373.883303581188,36.711380300422555,121.0,8766.0,1818.0,0.0,46.0,6.0,0.0,52,221.84760820684488,72.24236496133761,202.66836547851562,66.9705810546875,46.0,834.0,6.0,206.0,6.329528787889938,873.6704712121102,0.8942311618321009,211.1057688381679,46.0,834.0,6.0,206.0,410.0,3.0,236.0,0.0,6.0,6.0
129,0.0,0.0,329913.3425937883,14,674706.4176092914,675469.1237547112,1.0451019419364185,1.047413779764569,1.0482986335452722,0.700300832036901,86,39,0.006109299423863953,0.18104597796051955,0.0708536979235357,762.7061454199534,1353412.290839907,483153.892200642,676.7061454199535,86.0,6387.0,669.0,0.0,32.0,1.0,0.0,32,202.7219167442763,41.76336071609366,193.74942016601562,41.76335906982422,32.0,376.0,1.0,39.0,4.358815810152737,403.6411841898472,0.1452372293808546,39.854762770619146,32.0,376.0,1.0,39.0,145.0,0.0,47.0,0.0,1.0,1.0
130,0.0,0.0,461315.97743020736,16,963645.528250263,964750.6793758349,1.0889055991910732,1.0913012481164115,1.0922581017196964,0.728594259472341,99,45,0.010499670062898635,0.1825449542297458,0.06145453896883271,1105.1511255718854,2012302.2511437712,690474.2334235213,1006.1511255718856,99.0,7131.0,933.0,0.0,36.0,2.0,0.0,36,200.5826966976823,59.191650473443005,145.44793701171875,59.191650390625,36.0,462.0,2.0,76.0,5.579423598726427,492.42057640127365,0.3751474509098802,77.62485254909012,36.0,462.0,2.0,76.0,231.0,0.0,55.0,0.0,2.0,2.0
131,0.0,0.0,107658.89852291104,30,206013.09254848785,206410.96488374675,0.9135723602507964,0.9172680355801721,0.9186593041285209,0.7677258937812576,169,71,0.007217097648536481,0.1719338637721501,0.032993881600589754,397.87233525894874,457744.6705178975,149058.62698709473,228.87233525894877,169.0,12850.0,2270.0,0.0,60.0,8.0,0.0,66,212.4164946407945,99.63723601194428,205.42999267578125,91.213623046875,60.0,1674.0,8.0,238.0,9.917706813069312,1724.082293186931,1.590390100598474,244.40960989940152,60.0,1674.0,8.0,238.0,483.0,1.0,28.0,0.0,8.0,8.0
132,0.0,0.0,162820.37800352965,17,321740.9551474447,322136.138125246,0.9760484473293012,0.9784755573916102,0.9793791423853386,0.6536622639485801,88,41,0.005188086545462685,0.17262923266772665,0.058474830975756446,395.1829778013571,614365.9556027143,234970.71403950706,307.1829778013572,88.0,7536.0,1032.0,0.0,28.0,2.0,0.0,30,238.41930490076834,98.05477732824292,243.2586669921875,98.05477905273438,28.0,415.0,2.0,65.0,3.833752161031297,439.1662478389686,0.4527886173660063,66.54721138263399,28.0,415.0,2.0,65.0,223.0,0.0,39.0,0.0,2.0,2.0
133,0.0,0.0,278252.0962435394,17,552130.5602813445,552802.6965429648,0.9842817636784078,0.9866973295292829,0.98751794176555,0.7076447280427514,96,43,0.007283032077114181,0.17927932016378148,0.05819179360310455,672.1362616203708,1152272.5232407413,407080.16239581467,576.1362616203706,96.0,7898.0,670.0,0.0,34.0,2.0,0.0,36,224.77309807705652,55.27482051112485,216.0,55.274818420410156,34.0,535.0,2.0,41.0,5.113520190360872,563.886479809639,0.36836740264466294,42.631632597355335,34.0,535.0,2.0,41.0,110.0,0.0,46.0,0.0,2.0,2.0
134,0.0,0.0,411895.5216701308,13,867445.146643661,868346.5794357911,1.1059834375629851,1.1081719362105913,1.1090142747095215,0.6752487729896651,74,36,0.0039056960195743514,0.17764370502851423,0.076697628761851,901.4327921301845,1654865.5842603692,612687.3718457306,827.4327921301846,74.0,5780.0,772.0,0.0,25.0,0.0,0.0,25,220.43353456937285,,190.71133422851562,,25.0,263.0,0.0,37.0,3.454615642308541,284.54538435769143,0.0,37.0,25.0,263.0,0.0,37.0,194.0,0.0,76.0,0.0,0.0,0.0
135,0.0,0.0,48858.95751956915,14,91582.7918460733,91768.46273530477,0.8744319669406018,0.8782321071535217,0.8795984396351106,0.7223354867517231,87,37,0.011634413757710323,0.1697456655112281,0.07006225494276587,185.67088923145812,197341.7784629162,68299.90429735919,98.6708892314581,87.0,6144.0,912.0,0.0,33.0,3.0,0.0,36,225.30959330654343,93.26275862995924,227.6333770751953,95.3731460571289,33.0,412.0,3.0,56.0,4.592119992311428,440.4078800076886,0.4067028528341915,58.59329714716581,33.0,412.0,3.0,56.0,189.0,0.0,21.0,0.0,3.0,3.0
136,0.0,0.0,61523.296816639355,14,119259.1209750292,119449.95737033991,0.9384383988794118,0.9415402546833922,0.9427251493322102,0.67714384779948,73,34,0.0062645618059372285,0.18257911575136618,0.0708490789323499,190.83639531074647,235672.79062149295,87009.86924246627,117.83639531074648,73.0,6238.0,818.0,0.0,24.0,1.0,0.0,25,217.66866316012883,75.41404280309938,217.45816040039062,75.4140396118164,24.0,284.0,1.0,41.0,3.458787804690089,304.5412121953099,0.3023072034580644,41.697692796541936,24.0,284.0,1.0,41.0,161.0,0.0,112.0,0.0,1.0,1.0
137,0.0,0.0,68644.27403203375,26,140664.27742537306,140972.1891917736,1.0491771441814688,1.0536627589066945,1.0556838917740134,0.7236945611110212,163,71,0.00574005807031459,0.17525854265931212,0.038184848827099376,307.91176640059723,289823.53280119447,100119.42481516486,144.91176640059723,163.0,11386.0,1718.0,0.0,57.0,9.0,0.0,60,217.80968099384722,70.71980944519026,201.7998504638672,70.70719909667969,57.0,1294.0,9.0,200.0,8.206216334750183,1342.7937836652502,1.543962875677694,207.4560371243223,57.0,1294.0,9.0,200.0,359.0,0.0,69.0,0.0,9.0,9.0
138,0.0,0.0,73605.38342205463,5,135899.2594410089,136072.25652113187,0.8463222813711879,0.848672613263775,0.8495768371120886,0.7478008174176209,34,17,0.009298781012752383,0.1966385844406784,0.197278013501188,172.99708012299996,277994.1602459999,92937.23467901406,138.99708012299996,34.0,1464.0,1056.0,0.0,11.0,1.0,0.0,12,229.07842488780125,69.11169649291475,198.56117248535156,69.1116943359375,11.0,20.0,1.0,28.0,1.5010202453277728,29.498979754672224,0.13355498332841742,28.866445016671584,11.0,20.0,1.0,28.0,272.0,1.0,26.0,0.0,1.0,1.0
139,0.0,0.0,21808.800135141853,7,44924.44594055733,45008.86444525735,1.0599228596793742,1.0637937055845552,1.0653847286393052,0.6792353281386707,41,18,0.012952685645983869,0.1652640148872651,0.13978789994086455,84.4185047000297,86837.0094000594,31961.312155987784,43.4185047000297,41.0,3311.0,217.0,0.0,15.0,1.0,0.0,16,242.38527517251376,77.29500659925094,226.05645751953125,77.29500579833984,15.0,89.0,1.0,7.0,2.052711265115593,101.94728873488442,0.13088254729730064,7.8691174527026995,15.0,89.0,1.0,7.0,23.0,0.0,14.0,0.0,1.0,1.0
140,0.0,0.0,104246.95776082763,28,206915.98043153496,207292.54052133227,0.9848634902733513,0.9884756828771992,0.9898803789387121,0.7140231304136226,163,77,0.004094442013280912,0.1740877216760028,0.03558570277054317,376.5600897972836,427120.17959456716,149547.03895486656,213.56008979728358,163.0,12880.0,1232.0,0.0,56.0,2.0,0.0,54,221.90675400851188,77.98092964060334,208.8359375,77.98092651367188,56.0,1342.0,2.0,112.0,8.585892096534208,1389.414107903466,0.4219305005931794,113.57806949940682,56.0,1342.0,2.0,112.0,227.0,0.0,157.0,0.0,2.0,2.0
141,0.0,0.0,52757.36192776154,29,109852.00759626056,110185.29460477793,1.082211914740474,1.0885292702021387,1.0914972821978006,0.8598421131971746,201,83,0.008353487968073389,0.17374984380016006,0.03407863506581422,333.2870085173849,264574.0170347697,76925.17410289339,132.28700851738486,201.0,12848.0,1768.0,0.0,78.0,11.0,0.0,83,195.96900081186033,59.40905019437662,180.1954345703125,61.69081497192383,78.0,2094.0,11.0,224.0,12.856872738109393,2159.14312726189,2.9681060178671688,232.03189398213286,78.0,2094.0,11.0,224.0,352.0,1.0,68.0,0.0,11.0,11.0
142,0.0,0.0,207829.38155119153,16,397681.8994193419,398231.83202368027,0.9135018179389942,0.9161478952175477,0.916989025358836,0.7733731183449868,104,46,0.007672992382977674,0.1665277421775059,0.06182897377148925,549.9326043383968,891865.2086767935,288303.6620749694,445.93260433839674,104.0,6984.0,1080.0,0.0,42.0,0.0,0.0,42,233.1836774174927,,235.4298858642578,,42.0,573.0,0.0,57.0,6.302423625639268,608.697576374361,0.0,57.0,42.0,573.0,0.0,57.0,257.0,0.0,35.0,0.0,0.0,0.0
143,0.0,0.0,17113.281622269158,20,35089.153114430206,35236.47077780851,1.0504047025539167,1.0590130844312187,1.062612604286945,0.7388862195949454,111,43,0.007151251612750287,0.17883741936161943,0.04956889192433284,147.31766337829703,72635.32675659406,24575.951218988925,36.317663378297034,111.0,8839.0,1241.0,0.0,46.0,2.0,0.0,46,240.54217576460422,110.53209285796788,233.49887084960938,110.53208923339844,46.0,800.0,2.0,72.0,6.607190140818284,839.3928098591819,0.2711907789633682,73.72880922103663,46.0,800.0,2.0,72.0,273.0,2.0,146.0,0.0,2.0,2.0
144,0.0,0.0,47532.94290535895,7,100788.50932746973,100898.49755928801,1.120392787969092,1.1227067248956835,1.1236760299731436,0.5776289563423377,27,13,0.009379296625861903,0.19416332388417784,0.1407273314054438,109.98823181828692,165976.46363657387,71835.24207631925,82.98823181828693,27.0,3324.0,204.0,0.0,7.0,0.0,0.0,7,222.42857142857142,,225.0,,7.0,40.0,0.0,2.0,0.9450468862015282,46.05495311379847,0.0,2.0,7.0,40.0,0.0,2.0,27.0,0.0,28.0,0.0,0.0,0.0
145,0.0,0.0,52472.183713564125,6,102837.87104386927,102948.44271053225,0.9598549891737314,0.9619622326470845,0.9626883124889309,0.5926744406646378,23,11,0.006774390618538846,0.19975018119037505,0.1653630070186956,110.57166666298863,175143.33332597723,73878.38976553796,87.57166666298862,23.0,2631.0,393.0,0.0,6.0,0.0,0.0,6,284.4676240154312,,272.93524169921875,,6.0,28.0,0.0,2.0,0.8073376482128086,33.19266235178719,0.0,2.0,6.0,28.0,0.0,2.0,102.0,0.0,39.0,0.0,0.0,0.0
146,0.0,0.0,238633.79712367317,26,494296.02262334985,494965.8287260777,1.0713579911196671,1.0741648278326608,1.0752284541457056,0.7391645744767045,150,66,0.006717632926315536,0.1784365350780774,0.038109765789763994,669.8061027281374,1039612.2054562741,351617.29923010484,519.806102728137,150.0,11369.0,1735.0,0.0,52.0,6.0,0.0,57,225.4649191168654,79.62349763742532,222.47055053710938,79.4985580444336,52.0,1253.0,6.0,171.0,7.98939258990449,1297.0106074100959,1.2031724484075772,175.79682755159243,52.0,1253.0,6.0,171.0,383.0,0.0,52.0,0.0,6.0,6.0
147,0.0,0.0,124216.29508278436,8,253366.75271976268,253645.24424334412,1.0397223452116773,1.0419643338605566,1.0428277082003166,0.6658702126470113,42,20,0.004610842826336841,0.1709239878256169,0.12446197642017204,278.49152358146,472983.04716292,177580.79509319336,236.49152358146,42.0,3186.0,846.0,0.0,14.0,0.0,0.0,14,238.45011789672972,,214.0,,14.0,80.0,0.0,18.0,1.8922354159586754,92.10776458404132,0.0,18.0,14.0,80.0,0.0,18.0,196.0,0.0,8.0,0.0,0.0,0.0
148,0.0,0.0,16167.306406809175,19,35360.03334440817,35529.44266431741,1.1871320091710271,1.197610521524692,1.202512482462414,0.8183922844312906,130,52,0.00785464424747676,0.18439921726988967,0.05208950375084227,169.40931990924128,78818.63981848254,24077.279722051153,39.40931990924127,130.0,8414.0,1162.0,0.0,56.0,3.0,0.0,57,228.0536798589589,63.108481998944,222.66351318359375,54.257545471191406,56.0,939.0,3.0,85.0,8.173099624647637,986.8269003753522,0.5129216956129731,87.48707830438703,56.0,939.0,3.0,85.0,259.0,2.0,173.0,0.0,3.0,3.0
149,0.0,0.0,137620.4792893483,8,300074.96622054966,300391.4564820516,1.1804528495329487,1.1827525818339568,1.1836804608933997,0.6761803260475984,39,17,0.013387239199478014,0.18489717513869347,0.12211642127993173,316.4902615020245,554980.523004049,205189.54102377352,277.4902615020245,39.0,3872.0,160.0,0.0,13.0,1.0,0.0,14,239.90241766522394,103.50521713100022,247.1260223388672,103.50521850585938,13.0,94.0,1.0,4.0,1.914980625239897,105.08501937476012,0.13613716582558322,4.863862834174417,13.0,94.0,1.0,4.0,12.0,0.0,8.0,0.0,1.0,1.0
150,0.0,0.0,486670.51639283245,15,1079310.5150057755,1080421.004161877,1.2177437889715383,1.2200255979546109,1.220922274439722,0.6886135589420151,81,37,0.006523697287281353,0.1835263221745772,0.06608637730394311,1110.4891561019663,2058978.3122039323,747508.6300098939,1029.4891561019663,81.0,6909.0,651.0,0.0,27.0,2.0,0.0,28,239.31555944537834,39.679067158056,249.7838134765625,39.67906951904297,27.0,362.0,2.0,29.0,3.8455472922885257,385.15445270771147,0.2681713270545668,30.731828672945433,27.0,362.0,2.0,29.0,130.0,0.0,129.0,0.0,2.0,2.0
151,0.0,0.0,16661.134077588555,26,36017.92541218779,36225.366928750576,1.1617931435193656,1.1742437675643291,1.1806509652596069,0.8340513048902656,166,63,0.009750921346658396,0.1779026399691744,0.03791218831893534,207.4415165627923,82883.0331255846,24843.505621182783,41.4415165627923,166.0,11755.0,1349.0,0.0,70.0,7.0,0.0,71,198.27525770976533,54.3112623951003,193.79840087890625,45.794132232666016,70.0,1594.0,7.0,175.0,11.560096692783882,1652.4399033072157,1.5016931544273269,180.49830684557267,70.0,1594.0,7.0,175.0,294.0,0.0,162.0,0.0,7.0,7.0
152,0.0,0.0,18547.987474296348,19,35937.744105522994,36075.42052361924,0.937554904828636,0.9449776194647679,0.9479034104641222,0.7000876162948361,101,40,0.0076367733855333365,0.17306971298329438,0.052102502590813796,137.67641809626772,73352.83619253547,26194.16287519487,36.67641809626774,101.0,8162.0,1414.0,0.0,42.0,0.0,0.0,42,228.49451540169943,,232.52853393554688,,42.0,667.0,0.0,89.0,5.873216403786961,703.126783596213,0.0,89.0,42.0,667.0,0.0,89.0,295.0,0.0,206.0,0.0,0.0,0.0
153,0.0,0.0,142769.1458013275,14,270649.6928867471,271036.84190101904,0.8957155719301819,0.89842728538969,0.8994332346304086,0.7606680289855459,92,39,0.01467545635883676,0.16734838888310266,0.06963790638868224,387.1490142719201,590298.0285438402,194006.4542120571,295.14901427192007,92.0,5505.0,1551.0,0.0,36.0,3.0,0.0,38,209.54686560085403,102.20044934207347,219.40162658691406,101.02628326416016,36.0,376.0,3.0,117.0,5.4952297666526775,406.50477023334736,0.4099073930018108,119.59009260699818,36.0,376.0,3.0,117.0,359.0,0.0,24.0,0.0,3.0,3.0
154,0.0,0.0,487307.7296985001,30,969622.5344099606,970970.236661919,0.989754061586241,0.9925196697837393,0.993638012975985,0.852359563737965,193,79,0.009160436462343968,0.170409116668537,0.03287931230870119,1347.702251958905,2309404.503917809,677356.3065891091,1154.7022519589045,193.0,12686.0,2434.0,0.0,71.0,13.0,0.0,78,207.8693283457468,61.26640086479949,188.0036163330078,66.71676635742188,71.0,1850.0,13.0,406.0,11.611890160582586,1909.3881098394177,3.6640754772093467,415.3359245227907,71.0,1850.0,13.0,406.0,519.0,2.0,75.0,0.0,13.0,13.0
155,0.0,0.0,56524.08572897978,29,115793.90852126495,116119.04636063406,1.048576408231892,1.0543286081158154,1.0570636665175521,0.8037169615647851,195,82,0.005608141638198902,0.17223220652639468,0.03425063215662882,325.13783936909897,260275.67873819784,80959.9931272627,130.1378393690989,195.0,12425.0,2191.0,0.0,78.0,6.0,0.0,78,190.91057488936752,135.67739811722456,167.38595581054688,87.77425384521484,78.0,1864.0,6.0,314.0,12.092614182316927,1929.9073858176828,1.2097977731123377,318.7902022268877,78.0,1864.0,6.0,314.0,493.0,2.0,58.0,0.0,6.0,6.0
156,0.0,0.0,435376.72734676086,10,863756.9114324693,864696.4023439282,0.9839299098422412,0.9860877902534986,0.9868557922459749,0.7275364179950585,59,26,0.009299455282513204,0.1651558813769473,0.0985354363304742,939.4909114589788,1760981.8229179578,605118.101087937,880.4909114589789,59.0,3979.0,1061.0,0.0,20.0,3.0,0.0,23,249.5876723716471,104.00861905422573,275.251220703125,99.5234146118164,20.0,153.0,3.0,54.0,2.7791187918492817,170.2208812081507,0.46510538200455787,56.534894617995434,20.0,153.0,3.0,54.0,250.0,0.0,23.0,0.0,3.0,3.0
157,0.0,0.0,17914.442529960925,20,31550.40849545582,31694.36219883037,0.7611716603901846,0.7692072832198538,0.7719624724084386,0.6979051000533657,110,43,0.006314219314680648,0.1655880778579755,0.04965271242331958,143.9537033745552,67907.40674911039,24325.444370559053,33.9537033745552,110.0,8373.0,1707.0,0.0,38.0,9.0,0.0,46,228.48420029802674,109.5209377955468,234.45916748046875,104.11410522460938,38.0,733.0,9.0,140.0,5.360383848169647,765.6396161518304,1.3737987332189805,147.626201266781,38.0,733.0,9.0,140.0,360.0,4.0,309.0,0.0,9.0,9.0
158,0.0,0.0,129254.3670706618,19,245192.55397841195,245529.0119164391,0.8969769419424578,0.8995800101841926,0.9004613484013682,0.6663805335047669,97,45,0.005047506791260722,0.17865015950050328,0.05235470649479022,336.45793802712603,478915.87605425203,179670.56808196293,239.45793802712603,97.0,7971.0,1605.0,0.0,31.0,2.0,0.0,33,259.19693070560197,135.42477761458275,253.7251434326172,135.42477416992188,31.0,502.0,2.0,92.0,4.398176660089513,528.6018233399107,0.296247025728943,93.70375297427105,31.0,502.0,2.0,92.0,330.0,0.0,57.0,0.0,2.0,2.0
159,0.0,0.0,111671.8723740513,30,216213.6560151679,216695.1013929323,0.9361514356179856,0.9404626857790985,0.9420131333168116,0.9034256705632183,199,81,0.00968615512770221,0.16827977475063138,0.03284397945503045,481.44537776442934,564890.7555288583,156319.10126504683,282.44537776442917,199.0,12695.0,2425.0,0.0,81.0,7.0,0.0,83,205.22283764297615,97.53422221467746,193.011474609375,66.64920043945312,81.0,2089.0,7.0,313.0,14.559034625735077,2155.4409653742655,1.782390817307022,318.21760918269297,81.0,2089.0,7.0,313.0,503.0,0.0,42.0,0.0,7.0,7.0
160,0.0,0.0,25754.15215061893,25,51220.46949588944,51435.64969159173,0.9888237514609268,0.9971789166569638,1.0008181513906957,0.8305425120347496,154,61,0.009980604644706544,0.17232361345116154,0.03939710974153658,215.18019570230743,122360.39140461494,36831.4654673256,61.18019570230747,154.0,10650.0,1950.0,0.0,62.0,6.0,0.0,67,205.58397359063366,82.94102597062646,159.80247497558594,88.43629455566406,62.0,1378.0,6.0,229.0,10.966228708752407,1429.0337712912471,1.0592042996758317,233.94079570032414,62.0,1378.0,6.0,229.0,454.0,1.0,31.0,0.0,6.0,6.0
161,0.0,0.0,25669.85645917814,19,54183.851650830504,54362.15964155394,1.1107968303989995,1.1177430317152006,1.1214179248402796,0.7628010649135013,121,49,0.00998582662697301,0.17764135334415132,0.05179966211539279,178.30799072344425,114615.98144688844,37564.1784991102,57.30799072344422,121.0,8267.0,1309.0,0.0,43.0,10.0,0.0,50,221.66221493334672,70.54982027896902,236.62112426757812,74.29751586914062,43.0,753.0,10.0,144.0,6.656367137633249,789.3436328623669,1.6794281458469795,152.320571854153,43.0,753.0,10.0,144.0,281.0,0.0,57.0,0.0,10.0,10.0
162,0.0,0.0,27135.78546875663,19,59101.250630589035,59274.83311113999,1.177981938228268,1.1843787488439332,1.187482242754181,0.723872475363134,115,52,0.004915773528729381,0.15990727420171652,0.05237887647055683,173.58248055098437,117164.96110196876,40464.641594222936,58.58248055098438,115.0,8688.0,888.0,0.0,40.0,4.0,0.0,43,234.7873261121722,63.12709598921717,247.7864990234375,56.704254150390625,40.0,699.0,4.0,74.0,5.623886917680904,733.3761130823191,0.7313629544943204,77.26863704550567,40.0,699.0,4.0,74.0,190.0,2.0,80.0,0.0,4.0,4.0
163,0.0,0.0,214230.05375225368,28,434482.1350538497,435175.7694382654,1.0281100968041885,1.0313478982809965,1.0325888390684907,0.8251977071432826,179,73,0.009241333546653364,0.17363264460289776,0.03522068535974532,693.6343844159468,1029268.7688318935,311824.8996337726,514.6343844159468,179.0,12161.0,1951.0,0.0,68.0,10.0,0.0,74,208.12524575940628,81.5324158525404,203.29000854492188,84.40583801269531,68.0,1729.0,10.0,265.0,11.375426491122765,1785.6245735088771,1.9894580716204961,273.01054192837955,68.0,1729.0,10.0,265.0,388.0,0.0,59.0,0.0,10.0,10.0
164,0.0,0.0,92224.61555210373,16,167582.55961454124,167844.83082066814,0.8171131276753643,0.8199569585176703,0.8208517278083121,0.6692744194485497,91,42,0.006285551993371892,0.16764749066657902,0.061991226765282244,262.2712061269358,342542.41225387144,127952.90029764999,171.27120612693574,91.0,6891.0,1173.0,0.0,32.0,1.0,0.0,32,245.29159915776123,313.951216590611,261.68475341796875,313.9512023925781,32.0,420.0,1.0,59.0,4.495472857658142,447.50452714234183,0.14680427510605065,59.85319572489395,32.0,420.0,1.0,59.0,271.0,0.0,37.0,0.0,1.0,1.0
165,0.0,0.0,39674.831634849405,24,78043.52838814349,78259.02869997345,0.9670790063187553,0.9725106692382943,0.9747845816784388,0.6973040749586453,136,61,0.004915559586007237,0.17473015901646055,0.04143617814627879,215.50031182996455,159000.6236599291,57005.48346478502,79.50031182996455,136.0,10432.0,1664.0,0.0,46.0,5.0,0.0,50,228.2508359872172,72.5118572254839,210.39141845703125,80.80667877197266,46.0,980.0,5.0,169.0,6.526996384116749,1019.4730036158834,1.062034681950621,172.93796531804938,46.0,980.0,5.0,169.0,339.0,1.0,85.0,0.0,5.0,5.0
166,0.0,0.0,24188.981936585013,24,47855.45678563002,48065.167989784604,0.9783989632589816,0.9870686627405212,0.9908625144346423,0.8274106642213429,154,60,0.009449126422421399,0.172711903685985,0.04106291590785426,209.71120415459254,111422.40830918516,33665.9935408381,55.711204154592586,154.0,10593.0,1503.0,0.0,59.0,11.0,0.0,67,211.62036025534616,75.34640464173346,206.68724060058594,82.92671203613281,59.0,1381.0,11.0,157.0,9.075483247874741,1430.924516752125,2.1872784875070375,165.81272151249294,59.0,1381.0,11.0,157.0,279.0,1.0,98.0,0.0,11.0,11.0
167,0.0,0.0,14005.003694577466,11,32158.01544773822,32251.114172720463,1.2961804330111915,1.3028279660652733,1.3062376298751799,0.7121921409359243,62,27,0.0075808454096028535,0.1813966794534603,0.0900271230024596,93.09872498224343,62197.449964486856,21833.100363460322,31.09872498224343,62.0,4915.0,629.0,0.0,22.0,2.0,0.0,24,241.69651084002842,41.48478985608574,253.30303955078125,41.48478698730469,22.0,211.0,2.0,29.0,3.1664611931231703,229.8335388068769,0.31364486853952844,30.686355131460473,22.0,211.0,2.0,29.0,138.0,0.0,119.0,0.0,2.0,2.0
168,0.0,0.0,44011.60836780726,9,93232.44574577849,93372.39215302454,1.1183603418132364,1.1215401030725052,1.1228053675192728,0.6585392401819551,50,24,0.006817966047263255,0.18839409541347055,0.11001666092106574,139.9464072460457,179892.8144920913,68292.36722567464,89.94640724604565,50.0,4181.0,355.0,0.0,16.0,1.0,0.0,17,240.33593177650494,43.43915852968139,250.94757080078125,43.43915939331055,16.0,125.0,1.0,11.0,2.2361825539725215,138.76381744602747,0.17668505440280613,11.823314945597193,16.0,125.0,1.0,11.0,70.0,0.0,45.0,0.0,1.0,1.0
169,0.0,0.0,19222.77097303296,7,40865.45688597301,40928.632786459,1.1258879348509079,1.129174448568135,1.130720737683486,0.587903525360797,29,14,0.009776245193992984,0.17364342583612222,0.14066514261620952,63.17590048598878,68351.80097197751,29065.90878581224,34.175900485988755,29.0,3132.0,396.0,0.0,8.0,0.0,0.0,8,234.4315311870435,,188.5,,8.0,38.0,0.0,10.0,1.0880265687428676,44.91197343125713,0.0,10.0,8.0,38.0,0.0,10.0,84.0,0.0,27.0,0.0,0.0,0.0
170,0.0,0.0,151324.75324186846,29,315047.3906182703,315618.4943113082,1.0819289895997213,1.0857030165239552,1.0874327289493024,0.8631114538371523,188,77,0.009793204482662283,0.16642769855315787,0.0339714457077167,571.1036930380005,766207.3860760015,221931.76288811184,383.10369303800076,188.0,12681.0,1935.0,0.0,71.0,11.0,0.0,70,191.21763165892972,61.741192730027436,164.0,65.5919418334961,71.0,1668.0,11.0,280.0,12.523966911864747,1726.4760330881345,3.119904003599749,287.8800959964003,71.0,1668.0,11.0,280.0,417.0,1.0,45.0,0.0,11.0,11.0
171,0.0,0.0,413583.7010248447,15,947281.9826351674,948324.1814306867,1.290423873783804,1.292943796094419,1.2939410187805866,0.735081499244199,91,41,0.0066803234325907975,0.17921784321693285,0.06610243381297475,1042.1987955195732,1902397.5910391463,647002.2687944011,951.1987955195732,91.0,6794.0,766.0,0.0,34.0,1.0,0.0,34,241.9498547870722,53.3130384281026,237.13919067382812,53.31303787231445,34.0,443.0,1.0,32.0,4.816676069065409,472.18332393093465,0.14326568784271687,32.856734312157286,34.0,443.0,1.0,32.0,174.0,0.0,109.0,0.0,1.0,1.0
172,0.0,0.0,248136.00563704685,23,514191.224238341,514813.34164342703,1.072215287411606,1.0747224503825294,1.0757257613061633,0.7008452756896204,126,61,0.0031946627182381578,0.17325989921259596,0.0433960565873795,622.1174050861365,992234.8101722731,353942.1768934413,496.11740508613656,126.0,9351.0,2241.0,0.0,39.0,3.0,0.0,39,236.76884112751833,130.59297531266628,251.3365936279297,104.3026123046875,39.0,683.0,3.0,172.0,5.6518916751608845,716.3481083248388,0.49690779307657273,174.50309220692344,39.0,683.0,3.0,172.0,536.0,1.0,46.0,0.0,3.0,3.0
173,0.0,0.0,15276.338611906975,29,32011.4379426491,32219.06009325534,1.095491515074046,1.1090826088485986,1.1154610031436154,0.8010032126017141,171,65,0.009722529972765273,0.18035987327370262,0.033992695667066794,207.62215060623436,73244.30121246866,22860.177106707873,36.622150606234335,171.0,12972.0,1644.0,0.0,68.0,9.0,0.0,73,210.33116558339995,85.78648388002006,201.30642700195312,69.98210144042969,68.0,1838.0,9.0,202.0,11.060032747980419,1894.9399672520194,2.3440238893213974,208.6559761106786,68.0,1838.0,9.0,202.0,317.0,1.0,265.0,0.0,9.0,9.0
174,0.0,0.0,186427.39777501326,27,378730.7214695475,379294.61168890586,1.0315185750037248,1.0345432925403548,1.035747448548411,0.7660918611395882,154,69,0.006002644426841778,0.1708723819965554,0.036769416340218845,563.8902193583036,819780.4387166072,267520.2806283425,409.89021935830357,154.0,12007.0,1601.0,0.0,55.0,3.0,0.0,58,217.86634735799214,94.55011418643727,220.0,86.65461730957031,55.0,1349.0,3.0,159.0,9.15652670229715,1394.843473297703,0.9555480686200323,161.04445193137997,55.0,1349.0,3.0,159.0,329.0,0.0,123.0,0.0,3.0,3.0
175,0.0,0.0,184468.26546042197,25,402155.6291649116,402666.5827124414,1.1800802873120464,1.1828501596597616,1.1840870912383026,0.6920854033393136,134,63,0.004127683994378714,0.18018855282138843,0.03984269278306557,510.95354752990283,753907.095059805,272331.670131389,376.9535475299025,134.0,11014.0,1586.0,0.0,43.0,3.0,0.0,45,214.50048389066694,94.14903433611416,206.0,86.12859344482422,43.0,961.0,3.0,118.0,6.115672392056789,997.8843276079431,0.5045200069676232,120.49547999303236,43.0,961.0,3.0,118.0,343.0,0.0,109.0,0.0,3.0,3.0
176,0.0,0.0,143171.9656201785,14,280189.522054695,280596.7515756914,0.9570138667929653,0.9598582052026001,0.9609822506757366,0.7721978781894,94,39,0.011967271834448767,0.17711616606172312,0.07003834607670521,407.22952099637166,626459.041992743,202816.8749510242,313.22952099637155,94.0,6128.0,928.0,0.0,35.0,6.0,0.0,40,199.46813092774914,62.65529196101803,199.63587951660156,71.43042755126953,35.0,428.0,6.0,91.0,5.027705103980089,457.97229489602,1.15788321961335,95.84211678038665,35.0,428.0,6.0,91.0,175.0,0.0,17.0,0.0,6.0,6.0
177,0.0,0.0,24868.2000222302,14,44834.19351434859,44947.30041940257,0.8028724826996072,0.8074207372959541,0.8090293961358241,0.6522855243598666,70,34,0.0014954499131269998,0.174497614043617,0.07156970612586455,113.10690505399236,86213.81010798473,33042.972321282294,43.106905053992364,70.0,5629.0,1427.0,0.0,21.0,1.0,0.0,22,244.32506987477635,182.90363555855612,246.0,182.9036407470703,21.0,231.0,1.0,55.0,2.8571935229503556,249.14280647704962,0.14004235787612718,55.859957642123874,21.0,231.0,1.0,55.0,349.0,1.0,100.0,0.0,1.0,1.0
178,0.0,0.0,42752.57766202673,8,98737.11226104431,98872.9909436974,1.30950079879613,1.3126790558763757,1.3141477336918252,0.6646889214471673,44,21,0.011573089986849127,0.18442434973838398,0.12261155157114244,135.87868265309208,183757.36530618416,69114.04695376365,91.87868265309208,44.0,3749.0,283.0,0.0,14.0,1.0,0.0,15,232.45279567195072,55.947631532870915,208.5228271484375,55.9476318359375,14.0,96.0,1.0,9.0,1.9808731744956707,108.01912682550434,0.1425913117052644,9.857408688294736,14.0,96.0,1.0,9.0,61.0,0.0,29.0,0.0,1.0,1.0
179,0.0,0.0,18485.996722177813,10,37120.43355362422,37214.43360364087,1.0080298677696136,1.0131148005124544,1.0153462712437111,0.67470052582496,58,28,0.00918143183798543,0.17116664287783112,0.09861998755627754,94.0000500166646,72000.10003332919,26678.540062383334,36.000050016664595,58.0,4349.0,691.0,0.0,20.0,0.0,0.0,20,213.95554853011419,,211.83441162109375,,20.0,148.0,0.0,32.0,2.719876254813104,165.28012374518687,0.0,32.0,20.0,148.0,0.0,32.0,173.0,0.0,33.0,0.0,0.0,0.0
180,0.0,0.0,200977.1445599051,13,480951.1594514458,481464.67104597,1.3930639501552329,1.3956190247416922,1.3967719235942897,0.6685806666503574,72,35,0.004692162755194342,0.19154605179303077,0.0765710404225001,513.5115945242751,883023.1890485501,330185.73266280896,441.51159452427504,72.0,5898.0,654.0,0.0,24.0,0.0,0.0,23,225.85500887129638,,216.2366943359375,,24.0,243.0,0.0,32.0,3.408247011514091,263.5917529884859,0.0,32.0,24.0,243.0,0.0,32.0,138.0,0.0,90.0,0.0,0.0,0.0
181,0.0,0.0,42622.614209185165,30,89380.48871715905,89654.45209867947,1.0970203347568854,1.1034479879312271,1.1066121566109937,0.7963972024400147,174,70,0.00744974417458648,0.1743101933090054,0.03299002627103509,273.9633815203689,199926.76304073792,62759.75180104822,99.96338152036896,174.0,13137.0,1983.0,0.0,63.0,11.0,0.0,68,202.3691348054167,78.20459273357237,188.81214904785156,67.86760711669922,63.0,1699.0,11.0,267.0,10.494941327779072,1751.5050586722216,2.5616229068314484,275.4383770931685,63.0,1699.0,11.0,267.0,443.0,2.0,93.0,0.0,11.0,11.0
182,0.0,0.0,20034.310704189556,27,41290.53528676969,41540.83591875019,1.0609910616058809,1.0734846599969727,1.0794060137511106,0.9039170388184629,198,74,0.00834203425827794,0.17015766499914708,0.03660245199399604,250.30063198049783,104601.26396099539,28929.99563812926,52.3006319804977,198.0,12018.0,1590.0,0.0,86.0,11.0,0.0,92,200.3102231975326,69.7471986304522,198.43238830566406,65.2991943359375,86.0,2155.0,11.0,232.0,14.109009483696937,2226.8909905163027,2.443451886109432,240.55654811389056,86.0,2155.0,11.0,232.0,321.0,2.0,99.0,0.0,11.0,11.0
183,0.0,0.0,39046.64805443836,10,81028.55857911239,81150.30139045703,1.0751732252700248,1.0782911065072285,1.0796556923282408,0.6487501327562237,47,20,0.012542763796061864,0.18831155643211983,0.0978891225131295,121.74281134464513,149485.62268929023,57605.23780326585,74.74281134464512,47.0,4488.0,552.0,0.0,16.0,1.0,0.0,17,210.77552633431046,105.84703224052012,209.5,105.84703063964844,16.0,132.0,1.0,21.0,2.211740877688637,145.78825912231136,0.2393007725483942,21.760699227451607,16.0,132.0,1.0,21.0,120.0,0.0,16.0,0.0,1.0,1.0
184,0.0,0.0,422476.0502645466,21,847530.8264707727,848556.0189670004,1.0061038393538873,1.00853046802452,1.009494705347871,0.7479441325607192,130,55,0.00767255463237145,0.1743132336355369,0.04710051407969879,1025.1924962276164,1790384.992455233,598435.4026301178,895.1924962276165,130.0,8672.0,1912.0,0.0,45.0,9.0,0.0,50,215.2665196639954,87.884083885691,188.0,84.85321807861328,45.0,777.0,9.0,219.0,6.801101165326354,815.1988988346735,1.4839210088468406,226.5160789911532,45.0,777.0,9.0,219.0,421.0,3.0,80.0,0.0,9.0,9.0
185,0.0,0.0,50702.819330882405,26,97940.5178437831,98214.1456195445,0.9316582220927674,0.937054919542188,0.9390994841339546,0.8186881206208596,155,65,0.01039342282523074,0.17992795804546674,0.03784950864884077,273.62777576145714,237255.55152291444,72449.91882347991,118.62777576145722,155.0,11563.0,1541.0,0.0,59.0,5.0,0.0,63,214.23830191389877,76.47994935071765,193.24888610839844,74.79740142822266,59.0,1424.0,5.0,150.0,10.292635139157902,1472.707364860842,1.925324915093221,153.07467508490677,59.0,1424.0,5.0,150.0,330.0,0.0,58.0,0.0,5.0,5.0
186,0.0,0.0,304475.8109050132,21,588749.1978128897,589567.1860280122,0.9336485090980211,0.9363350549115985,0.9372690570277655,0.7913872515054591,137,57,0.010658313555908218,0.17516966677029344,0.04682593727152879,817.9882151225257,1361976.4302450516,430249.67474967486,680.9882151225258,137.0,9320.0,1264.0,0.0,51.0,8.0,0.0,58,220.17343989704665,66.74900806437199,219.0,54.142059326171875,51.0,1011.0,8.0,148.0,8.098631275055645,1053.9013687249444,1.237441273946314,154.76255872605367,51.0,1011.0,8.0,148.0,247.0,0.0,36.0,0.0,8.0,8.0
187,0.0,0.0,327943.2130252925,6,652770.5675118787,653408.8004964185,0.9904987863296137,0.9924449555418138,0.9931781261667418,0.6721192943898221,32,16,0.00907627044251605,0.18116534826132444,0.16427962548559932,638.2329845398268,1212465.9690796537,450986.14903637784,606.2329845398269,32.0,2312.0,712.0,0.0,9.0,1.0,0.0,10,223.42822133149483,77.9235974727462,242.29119873046875,77.92359924316406,9.0,33.0,1.0,17.0,1.2574347392451064,40.742565260754894,0.14676055579471492,17.853239444205286,9.0,33.0,1.0,17.0,174.0,1.0,6.0,0.0,1.0,1.0
188,0.0,0.0,26441.388258803512,8,48216.743354344624,48286.1724539949,0.8235329734735517,0.8261587470891696,0.8270612200617573,0.576510929107076,28,14,0.007840533857003737,0.1785012765529275,0.12362397904440518,69.42909965027161,82858.19930054317,35930.88834797867,41.42909965027159,28.0,3416.0,616.0,0.0,6.0,0.0,0.0,6,221.2957175209584,,194.0,,6.0,36.0,0.0,6.0,0.8212740931639316,41.17872590683607,0.0,6.0,6.0,36.0,0.0,6.0,138.0,0.0,32.0,0.0,0.0,0.0
189,0.0,0.0,34262.967215164106,12,77831.10827984162,77967.36928140858,1.271581086106142,1.275558003829329,1.2776072940337597,0.6982697836016327,64,29,0.009959186231623686,0.18853594264035972,0.08208316164459627,136.26100156697586,144522.00313395174,51742.89598660424,72.26100156697588,64.0,5377.0,671.0,0.0,23.0,0.0,0.0,23,201.17010399581844,,164.01844787597656,,23.0,229.0,0.0,24.0,3.3384796997688664,248.66152030023113,0.0,24.0,23.0,229.0,0.0,24.0,163.0,0.0,109.0,0.0,0.0,0.0
190,0.0,0.0,196965.97723331908,12,377621.3705405593,378078.30199224764,0.9171908562322013,0.9195107058737824,0.9203673584478325,0.7245873465483748,70,30,0.012351057835291052,0.17632552291577686,0.08160181358072449,456.93145168834195,773862.9033766838,267001.248042433,386.9314516883419,70.0,4965.0,1083.0,0.0,25.0,3.0,0.0,27,207.08091492889938,87.23572650151715,189.10049438476562,77.72914123535156,25.0,238.0,3.0,58.0,3.5185417008138034,259.4814582991862,0.4220664830695553,60.57793351693044,25.0,238.0,3.0,58.0,230.0,0.0,20.0,0.0,3.0,3.0
191,0.0,0.0,10909.363002318763,17,21232.07361216634,21369.56364566257,0.9462248719428903,0.9588278106724022,0.9636483547494852,0.8427117780348576,111,42,0.013783094397016282,0.17075319997036154,0.05751610525655297,137.49003349623774,52980.066992475506,15717.137333721963,26.490033496237753,111.0,7707.0,861.0,0.0,47.0,5.0,0.0,52,209.2893871241278,66.40126241248517,205.28640747070312,58.789459228515625,47.0,763.0,5.0,69.0,7.867496112664183,802.1325038873362,0.9268573380708944,73.0731426619291,47.0,763.0,5.0,69.0,166.0,1.0,120.0,0.0,5.0,5.0
192,0.0,0.0,43664.39804285922,20,87534.05455471994,87760.73999746158,1.0047008198487024,1.0098923592469813,1.011980301824435,0.8466377730787862,120,48,0.016840240429908317,0.18010862550464887,0.048546745909740695,226.68544274163312,213370.88548326626,63005.36435651403,106.68544274163314,120.0,8912.0,1168.0,0.0,47.0,5.0,0.0,51,205.27504008370812,68.30998901949071,192.0,58.87299346923828,47.0,855.0,5.0,113.0,8.637143985475266,893.3628560145245,1.130520871469929,116.86947912853007,47.0,855.0,5.0,113.0,239.0,2.0,21.0,0.0,5.0,5.0
193,0.0,0.0,172264.57311622144,13,332990.16039958526,333363.5826171106,0.9330159090512904,0.9351836340267174,0.9359605207748902,0.6304658414733185,63,30,0.005531356729893567,0.1791500822100475,0.0764344558623516,373.42221752532987,620844.4350506598,246184.80265315616,310.4222175253299,63.0,5921.0,631.0,0.0,20.0,0.0,0.0,20,202.88893977499467,,197.0,,20.0,214.0,0.0,26.0,2.761838951915617,231.23816104808438,0.0,26.0,20.0,214.0,0.0,26.0,133.0,0.0,34.0,0.0,0.0,0.0
194,0.0,0.0,260088.41773972783,25,530825.4883714941,531612.7933197462,1.0409424340560012,1.0439695006016554,1.045198095838502,0.8305604888989406,165,65,0.011212876299996519,0.1707543764204663,0.039288543932973506,787.3049482520454,1244609.896504091,374629.51619395247,622.3049482520455,165.0,10637.0,1963.0,0.0,64.0,11.0,0.0,72,194.74792914148426,67.95448946888392,180.1734619140625,51.244239807128906,64.0,1405.0,11.0,320.0,10.781220835300173,1458.2187791646993,2.025994176978337,328.9740058230216,64.0,1405.0,11.0,320.0,391.0,0.0,26.0,0.0,11.0,11.0
195,0.0,0.0,16311.749400394161,15,38253.322984223974,38386.55386840669,1.3451392027454525,1.3533069891006977,1.3581510489318371,0.7317161652963436,96,43,0.004338926192244126,0.1876529532518225,0.0664454278758146,133.23088418272357,74461.76836544718,25440.79654687221,37.23088418272359,96.0,6635.0,925.0,0.0,33.0,5.0,0.0,38,225.50968939022042,56.54622002657972,232.0,55.71394729614258,33.0,453.0,5.0,79.0,4.539867163473437,481.46013283652667,0.7366322279921407,83.26336777200785,33.0,453.0,5.0,79.0,205.0,0.0,189.0,0.0,5.0,5.0
196,0.0,0.0,22155.889092915055,13,43679.361077594505,43793.827120255984,0.9714560266309584,0.9766224201880593,0.978749650425931,0.6850892057858712,72,34,0.006789912301207696,0.17814975151526422,0.0762504965781552,114.46604266149454,84932.08532298899,30993.075283372305,42.4660426614945,72.0,5209.0,1343.0,0.0,23.0,2.0,0.0,25,257.92109590982017,117.78456893006403,237.0,117.7845687866211,23.0,238.0,2.0,62.0,3.219729510543723,257.78027048945626,0.344625138331918,63.65537486166808,23.0,238.0,2.0,62.0,318.0,1.0,57.0,0.0,2.0,2.0
197,0.0,0.0,31708.50808549704,27,64458.39067104189,64688.12957146514,1.0328421159784593,1.040087455298865,1.0431534519265617,0.7779497923083761,158,62,0.007271451792596675,0.17237899755427238,0.03668783313001731,229.73890042323794,143477.80084647576,46107.66731511696,71.73890042323788,158.0,12048.0,1560.0,0.0,62.0,7.0,0.0,65,229.3122855965694,80.48385765781529,208.84945678710938,71.56084442138672,62.0,1508.0,7.0,178.0,10.18583714496515,1559.8141628550352,0.9695375261977942,184.0304624738022,62.0,1508.0,7.0,178.0,308.0,3.0,55.0,0.0,7.0,7.0
198,0.0,0.0,80260.98755757432,11,165684.18534639722,165919.60037861313,1.064317801067991,1.0672509201259524,1.068545789972012,0.7180475965631093,68,31,0.007137207810581687,0.17714577211532098,0.090050829308231,235.41503221594226,334830.0644318845,116576.55635731113,167.41503221594226,68.0,4585.0,959.0,0.0,23.0,3.0,0.0,26,207.47233910315893,59.75242332734771,178.26254272460938,64.43830871582031,23.0,198.0,3.0,62.0,3.263955558974202,217.73604444102574,0.5021405024605792,64.49785949753942,23.0,198.0,3.0,62.0,215.0,0.0,88.0,0.0,3.0,3.0
199,0.0,0.0,63029.97657570456,22,131529.87701854928,131846.48532032105,1.0867828954461105,1.0918060339426239,1.094085006196409,0.8868792311946778,154,61,0.01180992905734863,0.17137768342105994,0.04458412140202748,316.6083017718,325216.6035436002,91674.43325556134,162.6083017718001,154.0,9540.0,1548.0,0.0,61.0,10.0,0.0,65,202.53277842631775,70.43038362353491,192.0,70.37094116210938,61.0,1156.0,10.0,203.0,10.13122405204352,1206.8687759479565,2.2872851923929627,210.71271480760706,61.0,1156.0,10.0,203.0,347.0,0.0,30.0,0.0,10.0,10.0
200,0.0,0.0,10276.745641026357,12,18907.463496645363,18993.045432455776,0.8398298602588592,0.8481575876153442,0.8513743093891919,0.6964194611367812,66,25,0.012465643158459959,0.16671877124921286,0.08174889532334917,85.5819358104109,39163.871620821796,14059.009622194404,19.581935810410897,66.0,5292.0,756.0,0.0,26.0,3.0,0.0,28,225.54444336579263,62.51977483646036,233.22698974609375,56.58781433105469,26.0,269.0,3.0,38.0,3.556348163720838,291.44365183627923,0.46227047111582487,40.53772952888418,26.0,269.0,3.0,38.0,173.0,2.0,134.0,0.0,3.0,3.0
201,0.0,0.0,203362.30324953722,12,406333.0239421633,406782.2679481242,0.9980744584878611,1.000283540499534,1.0010178289969338,0.6607246284927303,58,27,0.005875826569905988,0.18120089245110527,0.0827003642900386,449.24400596099593,782488.0119219918,296071.9103611412,391.24400596099593,58.0,5181.0,867.0,0.0,19.0,0.0,0.0,19,246.44582718863603,,261.18603515625,,19.0,185.0,0.0,24.0,2.770319517733072,201.22968048226693,0.0,24.0,19.0,185.0,0.0,24.0,200.0,0.0,63.0,0.0,0.0,0.0
202,0.0,0.0,391244.0176431692,7,686636.9869520725,687386.884861005,0.7550095489979196,0.7569262502767018,0.7575140568032974,0.6996943558178922,36,15,0.020484859054325347,0.18377311359142792,0.1376112371015278,749.8979089325245,1427795.817865049,510149.82684691617,713.8979089325245,36.0,2801.0,727.0,0.0,13.0,1.0,0.0,14,220.3067042085437,70.79336510152515,233.5373992919922,70.79336547851562,13.0,61.0,1.0,23.0,1.979229318447994,72.020770681552,0.24087225208469298,23.759127747915308,13.0,61.0,1.0,23.0,175.0,0.0,5.0,0.0,1.0,1.0
203,0.0,0.0,12491.056766350357,5,22702.978021934345,22740.135476405194,0.8175386155552402,0.8205133402055156,0.8215349587244742,0.5519448105231223,18,8,0.018653314290863213,0.1720569975492973,0.193437604847465,37.15745447085603,38314.908941712056,17354.501850193115,19.157454470856027,18.0,2286.0,234.0,0.0,5.0,0.0,0.0,5,262.66517422284585,,276.44195556640625,,5.0,17.0,0.0,3.0,0.7014715503609515,21.29852844963905,0.0,3.0,5.0,17.0,0.0,3.0,56.0,0.0,2.0,0.0,0.0,0.0
204,0.0,0.0,421096.14428032225,8,758084.9421598454,758965.2467254704,0.8002656933737937,0.8023562006785554,0.8029299595960324,0.7281353531271109,47,21,0.009146723810507124,0.17912353016873908,0.12330737801921944,880.3045656250321,1666609.1312500644,572218.1748532418,833.3045656250322,47.0,3188.0,844.0,0.0,18.0,0.0,0.0,18,249.67883310043206,,235.9984130859375,,18.0,107.0,0.0,19.0,2.698999032778207,122.30100096722182,0.0,19.0,18.0,107.0,0.0,19.0,180.0,0.0,11.0,0.0,0.0,0.0
205,0.0,0.0,22573.418260471517,7,52834.0579918435,52915.63313335409,1.340543084002551,1.3441568539938435,1.3461788809083286,0.6607032193607215,36,17,0.008519851140892053,0.1843398442469034,0.1410341560258246,81.57514151058837,91150.28302117673,34489.873951791575,45.57514151058837,36.0,3215.0,313.0,0.0,12.0,0.0,0.0,11,206.65819666653684,,200.05496215820312,,12.0,57.0,0.0,8.0,1.641144148700021,67.35885585129998,0.0,8.0,12.0,57.0,0.0,8.0,79.0,0.0,26.0,0.0,0.0,0.0
206,0.0,0.0,333702.62754879537,20,691941.2310053441,692851.6258103627,1.073526469024178,1.0762546309559733,1.077347521632141,0.7821266186002419,140,61,0.0067704781883075145,0.18410311041160773,0.04955098601647824,910.3948050186374,1540789.6100372751,492500.054784863,770.3948050186376,140.0,9138.0,942.0,0.0,52.0,7.0,0.0,57,202.0611630639052,67.89951793895524,210.9167938232422,74.82067108154297,52.0,980.0,7.0,101.0,7.621799058564372,1024.3782009414358,1.3219456293402425,106.67805437065977,52.0,980.0,7.0,101.0,165.0,0.0,56.0,0.0,7.0,7.0
207,0.0,0.0,51330.213814477574,30,96449.52801203472,96754.06046187885,0.8790010959360419,0.8849339067936939,0.8871360446981353,0.854312522389735,183,74,0.0100754200326546,0.1691106736388609,0.03281299779012084,304.53244984411185,243064.89968822373,71128.80044421794,121.53244984411187,183.0,12744.0,2376.0,0.0,70.0,9.0,0.0,76,205.5918637480485,78.4413121586533,194.35067749023438,79.94115447998047,70.0,1875.0,9.0,326.0,12.84437332472457,1932.1556266752752,2.2398045685056527,332.76019543149425,70.0,1875.0,9.0,326.0,504.0,0.0,32.0,0.0,9.0,9.0
208,0.0,0.0,58486.40902624683,5,113391.23746009628,113510.30521810852,0.9387621730923832,0.9407979923535521,0.9415315277180243,0.6032183811621951,21,10,0.014469378609065529,0.21019045899315375,0.1950575725663214,119.06775801226412,196135.51602452825,81287.11017005249,98.06775801226412,21.0,2213.0,307.0,0.0,6.0,0.0,0.0,6,244.90137094072574,,219.3292236328125,,6.0,20.0,0.0,4.0,0.8477986754903017,25.152201324509697,0.0,4.0,6.0,20.0,0.0,4.0,55.0,0.0,25.0,0.0,0.0,0.0
209,0.0,0.0,42590.36400212167,12,80095.07170415009,80225.44146239718,0.8805913868254354,0.8836524021818808,0.8847916972414018,0.6358728662650369,56,27,0.0030616468353113413,0.18011736264692726,0.08318683091801178,130.3697582470965,148739.516494193,58478.48067800599,74.3697582470965,56.0,4898.0,1150.0,0.0,16.0,1.0,0.0,17,227.63012825425915,144.81977592778284,211.1079864501953,144.8197784423828,16.0,149.0,1.0,38.0,2.216374709741542,162.78362529025847,0.13237130880506576,38.86762869119494,16.0,149.0,1.0,38.0,272.0,0.0,35.0,0.0,1.0,1.0
210,0.0,0.0,53165.411249886085,20,108776.08732684821,109017.71013311992,1.0459935279270747,1.050538264826335,1.0524878983074908,0.7684584007898619,123,53,0.00732126044566316,0.168402431924569,0.04950969311684899,241.62280627172632,237245.61254345262,77182.32122246276,118.62280627172632,123.0,8865.0,1215.0,0.0,46.0,4.0,0.0,47,218.04920481569047,83.42120736509852,191.2728729248047,88.51718139648438,46.0,804.0,4.0,86.0,7.493545333399814,842.5064546666001,0.5552193059737284,89.44478069402628,46.0,804.0,4.0,86.0,260.0,2.0,66.0,0.0,4.0,4.0
211,0.0,0.0,86085.82255187762,23,175171.25272777703,175484.937943387,1.0348443859291017,1.038488252088607,1.0399404651615138,0.7112910843323186,134,61,0.003999186112041649,0.1739763801761334,0.04332447296111161,313.6852156099394,359370.4312198787,126309.19996600828,179.68521560993938,134.0,10311.0,1281.0,0.0,45.0,5.0,0.0,49,234.89779664259808,56.38595365468363,222.0,41.89562225341797,45.0,952.0,5.0,125.0,6.711261953119827,990.2887380468801,0.7609944899202887,129.23900551007972,45.0,952.0,5.0,125.0,260.0,1.0,119.0,0.0,5.0,5.0
212,0.0,0.0,322258.6166291288,13,577384.8363569246,578077.1429183136,0.7916816077610354,0.7938299027193847,0.7945077752275254,0.7114503697120332,80,38,0.008601448599578308,0.1687236620512061,0.07591732538686133,692.3065613891495,1224613.1227782988,430322.7515624081,612.3065613891495,80.0,5561.0,991.0,0.0,28.0,1.0,0.0,29,214.86957293787188,46.537335031305886,208.35498046875,46.53733444213867,28.0,285.0,1.0,63.0,4.10404509370605,308.8959549062939,0.13984546267521825,63.86015453732478,28.0,285.0,1.0,63.0,238.0,0.0,65.0,0.0,1.0,1.0
213,0.0,0.0,13561.906539021868,5,25514.78800072112,25564.963360283782,0.8813570147609451,0.8850567423337823,0.8864690256346732,0.6508659242383315,26,13,0.01505683097539264,0.1907892526810457,0.19473048889807168,50.17535956266727,48350.719125334566,18571.68939283327,24.175359562667282,26.0,2042.0,478.0,0.0,8.0,0.0,0.0,8,235.6083834058656,,238.0,,8.0,24.0,0.0,8.0,1.0875604402731254,30.912439559726877,0.0,8.0,8.0,24.0,0.0,8.0,106.0,0.0,6.0,0.0,0.0,0.0
214,0.0,0.0,23317.99434947624,13,45569.22211705934,45666.50281021952,0.9542513577323557,0.9584232728508773,0.9601187790389656,0.6144664556926324,56,25,0.008115333824788004,0.1760477828177543,0.07602471968062358,97.28069316018531,82561.3863203706,33590.6808075091,41.2806931601853,56.0,5693.0,859.0,0.0,17.0,1.0,0.0,18,222.94880641998475,59.82450806153428,213.3450927734375,59.82450866699219,17.0,188.0,1.0,28.0,2.3480704063740565,202.65192959362597,0.1637096204297558,28.836290379570244,17.0,188.0,1.0,28.0,160.0,0.0,14.0,0.0,1.0,1.0
215,0.0,0.0,296007.0664513541,21,509363.3454388018,510026.6199663655,0.7207810325112989,0.723021771340663,0.723656149378868,0.6984102615537542,120,54,0.004358883347250726,0.1537948868360551,0.04739963668790189,663.2745275638197,1086549.0551276398,388936.530195874,543.2745275638199,120.0,8725.0,1859.0,0.0,44.0,1.0,0.0,43,230.43651611903127,71.79144958079931,215.5329132080078,71.79145050048828,44.0,735.0,1.0,123.0,6.428713332393957,772.571286667606,0.15444446603385786,123.84555553396615,44.0,735.0,1.0,123.0,404.0,1.0,75.0,0.0,1.0,1.0
216,0.0,0.0,149280.83726171745,13,366864.5291319209,367301.06245285156,1.4575460311006845,1.4604702732803112,1.4618814843118861,0.731046021769801,82,38,0.007524373105544729,0.1890697905697229,0.07608481149250569,436.53332093074334,709066.6418614867,242483.58541945688,354.53332093074334,82.0,5929.0,623.0,0.0,30.0,1.0,0.0,30,218.4057205143358,131.55008063195058,229.5,131.55007934570312,30.0,323.0,1.0,36.0,4.2355949331878495,348.7644050668121,0.14208121824201358,36.85791878175799,30.0,323.0,1.0,36.0,140.0,0.0,91.0,0.0,1.0,1.0
217,0.0,0.0,37743.96490758564,25,72675.78678090511,72940.80155311296,0.9254942335509377,0.9325156149255955,0.9354227860936708,0.8705898639893697,175,69,0.009071283300243238,0.16609637396370133,0.039451958042483144,265.014772207876,180029.544415752,51697.576511742576,90.014772207876,175.0,10553.0,2047.0,0.0,70.0,11.0,0.0,71,213.49494133144364,91.22308236130675,207.05731201171875,82.7833251953125,70.0,1427.0,11.0,267.0,11.104633162222147,1485.8953668377783,2.383414484148155,275.61658551585185,70.0,1427.0,11.0,267.0,407.0,1.0,54.0,0.0,11.0,11.0
218,0.0,0.0,51742.793568647336,22,112266.2861763706,112519.0718997158,1.16969897513219,1.1745844037283448,1.1771094542596718,0.7610898932186504,137,59,0.007115478529406833,0.18342417357397803,0.04502225862237549,252.78572334520362,231571.44669040712,76065.73440066689,115.78572334520356,137.0,9700.0,1388.0,0.0,47.0,9.0,0.0,51,205.18149890940484,81.36389447892991,195.0,91.32735443115234,47.0,910.0,9.0,156.0,6.93103497855986,950.0689650214399,1.78708121516548,163.21291878483453,47.0,910.0,9.0,156.0,306.0,0.0,83.0,0.0,9.0,9.0
219,0.0,0.0,29118.705660567048,15,56456.30765489508,56597.6790363905,0.9388330069680599,0.9436880092179323,0.9458944845296051,0.7107282386137315,84,36,0.010717865767820281,0.18079427025096229,0.0655007714394513,141.37138149543568,114742.76299087139,40360.983550715544,57.37138149543569,84.0,6177.0,1383.0,0.0,27.0,6.0,0.0,33,198.45271941810157,94.43745381788608,164.51766967773438,78.69667053222656,27.0,352.0,6.0,110.0,3.8667408133438412,375.1332591866561,1.0693219585061398,114.93067804149386,27.0,352.0,6.0,110.0,312.0,0.0,12.0,0.0,6.0,6.0
220,0.0,0.0,429926.6899054587,16,1017270.155590601,1018278.6042865497,1.3661479491173245,1.368493578545845,1.3695820634552018,0.6808394523150441,88,38,0.00829593625782476,0.1882690576634114,0.06174253300012216,1008.4486959487401,1840897.3918974805,675966.0392908768,920.4486959487402,88.0,7209.0,855.0,0.0,32.0,2.0,0.0,32,237.02624640188196,107.52417966935526,231.0,107.52418518066406,32.0,422.0,2.0,56.0,4.3985644146753105,449.6014355853248,0.36387576190436133,57.63612423809564,32.0,422.0,2.0,56.0,199.0,0.0,18.0,0.0,2.0,2.0
221,0.0,0.0,105820.15374846867,17,209878.60070820386,210207.42230677675,0.9833518783867863,0.9864592410859039,0.9875324401854195,0.733052104377334,106,47,0.006679845318391221,0.17081027033587157,0.05830685203711176,328.8215985729553,445643.1971459105,151982.1014375393,222.82159857295528,106.0,7339.0,1229.0,0.0,40.0,2.0,0.0,41,244.77302073551363,156.41843334120165,249.80490112304688,156.41842651367188,40.0,583.0,2.0,72.0,5.797312595084521,617.2026874049153,0.27550547818363,73.72449452181637,40.0,583.0,2.0,72.0,258.0,0.0,30.0,0.0,2.0,2.0
222,0.0,0.0,331648.2567853654,16,674718.729560656,675478.2866203455,1.0344407538897977,1.0367310028030645,1.0376522950248614,0.7088662543145134,87,38,0.009389821610046522,0.18156470719849532,0.06158356710123725,759.5570596895598,1345114.11937912,474389.24874476844,672.55705968956,87.0,6784.0,1280.0,0.0,30.0,3.0,0.0,32,202.89517351102404,89.08887553101219,181.14407348632812,90.89827728271484,30.0,387.0,3.0,92.0,4.564083794294591,412.43591620570544,0.5228453264780235,94.47715467352198,30.0,387.0,3.0,92.0,308.0,1.0,33.0,0.0,3.0,3.0
223,0.0,0.0,87329.34588524696,15,183728.829705088,184012.77761173033,1.1038612833137726,1.107112743676426,1.1084950112443135,0.7249508259718881,94,41,0.008098862325496685,0.17577191544649545,0.06590129416001299,283.94790664235427,379895.81328470865,131007.4420480211,189.94790664235433,94.0,6713.0,847.0,0.0,32.0,6.0,0.0,37,215.54571518821166,81.61205362100672,188.71710205078125,83.86163330078125,32.0,460.0,6.0,57.0,4.738505672729279,487.26149432727067,0.9172822452830104,62.08271775471698,32.0,460.0,6.0,57.0,176.0,1.0,101.0,0.0,6.0,6.0
224,0.0,0.0,70677.34463966127,28,134137.8248360483,134432.9941522957,0.8978899889339584,0.9020662821684069,0.903750979143576,0.7139152168364706,156,68,0.005454504106222753,0.16886654052879668,0.03548662458824494,295.16931624738095,278338.63249476184,97469.07823597983,139.16931624738092,156.0,12133.0,1979.0,0.0,53.0,7.0,0.0,55,222.575052477555,65.14883686806925,217.0,56.45197296142578,53.0,1205.0,7.0,275.0,8.022899430245321,1249.9771005697544,1.1392055542179675,280.860794445782,53.0,1205.0,7.0,275.0,440.0,0.0,55.0,0.0,7.0,7.0
225,0.0,0.0,12405.971175884517,28,24329.681954415795,24561.71489745446,0.9611267517459103,0.9798300793410692,0.9873909626954032,0.9174511675822051,199,73,0.011395927151098549,0.16787395493509202,0.03507867451139229,232.03294303866605,66065.88607733222,18002.561992328767,33.03294303866611,199.0,12328.0,1784.0,0.0,82.0,16.0,0.0,93,211.2216811672921,88.43691658513893,202.39854431152344,78.72389221191406,82.0,2256.0,16.0,250.0,14.088728299829738,2323.9112717001703,4.12223578844518,261.8777642115548,82.0,2256.0,16.0,250.0,330.0,2.0,129.0,0.0,16.0,16.0
226,0.0,0.0,34020.30109544451,7,72097.31917526212,72211.33187648162,1.1192440058949482,1.122595319597306,1.1240462116888268,0.7127779768765423,43,20,0.010777633443935649,0.19307374749113687,0.14049016989534535,114.01270121950657,142025.4024390131,49814.03994178569,71.01270121950655,43.0,2932.0,596.0,0.0,16.0,0.0,0.0,16,218.0141589509033,,208.64906311035156,,16.0,81.0,0.0,15.0,2.168823216640646,94.83117678335935,0.0,15.0,16.0,81.0,0.0,15.0,122.0,0.0,12.0,0.0,0.0,0.0
227,0.0,0.0,64023.36914087972,20,133833.1056279755,134092.72633083072,1.0903789885453157,1.0944340813393847,1.096259055075043,0.7249178386666403,122,55,0.0056817788705549495,0.17467145770115183,0.049645688584118754,259.62070285521634,275241.40571043285,94921.58663687023,137.62070285521642,122.0,8793.0,1287.0,0.0,42.0,5.0,0.0,45,216.26151073473542,56.17007582109848,214.66091918945312,53.36914825439453,42.0,726.0,5.0,127.0,6.030508992215913,761.9694910077841,1.0142282847997501,130.98577171520026,42.0,726.0,5.0,127.0,265.0,0.0,106.0,0.0,5.0,5.0
228,0.0,0.0,158407.82885251706,7,279432.79368780745,279718.34693243215,0.7640087343660813,0.7658113804012754,0.7663571155969513,0.6452264544182871,30,14,0.010964411410057787,0.17086795782784622,0.1404046515757332,285.5532446247262,511106.48924945237,198033.76231305007,255.55324462472618,30.0,2687.0,841.0,0.0,9.0,0.0,0.0,9,244.89421777187283,,259.4723815917969,,9.0,41.0,0.0,13.0,1.241720740021957,48.75827925997804,0.0,13.0,9.0,41.0,0.0,13.0,194.0,0.0,8.0,0.0,0.0,0.0
229,0.0,0.0,31966.1600060872,11,53972.92738413155,54103.932338659164,0.6884395052096868,0.6925377439253368,0.6938186747996977,0.7380403248371302,71,32,0.007188176186566552,0.16944035859368084,0.090057419450253,131.00495452760475,120009.9090552095,40651.54200134428,60.00495452760475,71.0,4159.0,1385.0,0.0,24.0,4.0,0.0,28,228.81207110688754,91.78781269791409,229.36497497558594,80.25582885742188,24.0,210.0,4.0,70.0,3.3955575621569998,230.604442437843,0.5357814224866134,73.46421857751338,24.0,210.0,4.0,70.0,323.0,2.0,37.0,0.0,4.0,4.0
230,0.0,0.0,13538.382034765376,15,26238.150851152062,26375.96909050756,0.9380566144296116,0.9482364305259214,0.9521684665277121,0.8526820375616919,105,40,0.01366329158325875,0.15992368364181864,0.06518573111834987,137.81823935550565,65636.47871101141,19244.124955037118,32.8182393555057,105.0,6664.0,896.0,0.0,43.0,7.0,0.0,49,219.3944790283662,82.22295127797429,225.0,91.9002685546875,43.0,617.0,7.0,68.0,7.03540457439313,652.9645954256068,1.0752571572682408,73.92474284273177,43.0,617.0,7.0,68.0,192.0,3.0,59.0,0.0,7.0,7.0
231,0.0,0.0,30692.57154002973,8,51063.82161110904,51154.926904537046,0.6637192339687408,0.6666875513451191,0.6675470197119535,0.6745187515630787,40,18,0.007077961563390175,0.16551012891289674,0.12376127112105387,91.10529342801328,102210.58685602652,37882.78184230292,51.10529342801326,40.0,2979.0,1053.0,0.0,13.0,1.0,0.0,13,270.6591783418911,217.2468440776959,292.8205871582031,217.24684143066406,13.0,67.0,1.0,23.0,1.787667465817139,78.21233253418285,0.13518345575155177,23.86481654424845,13.0,67.0,1.0,23.0,252.0,0.0,9.0,0.0,1.0,1.0
232,0.0,0.0,10309.852217610483,16,19500.2852447269,19628.88633550477,0.8914223825069032,0.9038959939674247,0.9091457901712221,0.7970413755189325,106,40,0.011927443236946781,0.17134941608853413,0.06134976136050787,128.60109077786416,45202.18155572837,14178.116388969904,22.601090777864187,106.0,6698.0,1366.0,0.0,44.0,6.0,0.0,50,210.90077849918825,93.56993547531243,213.87545776367188,51.66364288330078,44.0,628.0,6.0,122.0,6.334509272812667,665.6654907271874,1.3257030869283788,126.67429691307163,44.0,628.0,6.0,122.0,310.0,1.0,169.0,0.0,6.0,6.0
233,0.0,0.0,224995.97500367527,30,433891.88425296557,434567.02091297077,0.9284428721263926,0.9314435331826367,0.9325354045877752,0.7747324458632077,188,80,0.005811069295498959,0.1689160339292565,0.03310517301609409,675.1366600053149,974273.3200106297,314390.25343939656,487.13666000531487,188.0,12727.0,2393.0,0.0,68.0,10.0,0.0,75,233.53285003146198,74.64617341321542,242.87445068359375,65.15531158447266,68.0,1807.0,10.0,365.0,10.377437317372928,1864.622562682627,2.068116211906086,372.93188378809396,68.0,1807.0,10.0,365.0,533.0,1.0,40.0,0.0,10.0,10.0
234,0.0,0.0,65177.16474013418,24,124786.8982702462,125103.3700487427,0.9145800337860674,0.9194355960026552,0.921243212261897,0.8642478476956255,158,65,0.011272068180233444,0.16297162500028148,0.040920553562423925,316.47177849653394,316943.55699306796,91681.90520755874,158.47177849653397,158.0,10038.0,2058.0,0.0,62.0,7.0,0.0,66,206.34966563081952,92.79985137943318,192.9269561767578,80.7950439453125,62.0,1291.0,7.0,224.0,10.962246090929195,1342.0377539090714,1.7522413997795443,229.24775860022046,62.0,1291.0,7.0,224.0,466.0,1.0,37.0,0.0,7.0,7.0
235,0.0,0.0,140300.6684228268,23,274043.2883372595,274464.2853695271,0.9532571827196861,0.9562578600293541,0.9573148027040805,0.6995154014121272,136,61,0.005350712084019228,0.16935144484478487,0.04320246323640738,420.9970322676237,569994.0645352474,203710.3341057923,284.9970322676237,136.0,10297.0,1295.0,0.0,50.0,2.0,0.0,51,224.04046755497203,95.41253196707217,215.0,95.41253662109375,50.0,1022.0,2.0,99.0,6.99571864748098,1065.0042813525188,0.454304708464465,100.54569529153554,50.0,1022.0,2.0,99.0,259.0,0.0,80.0,0.0,2.0,2.0
236,0.0,0.0,301947.48671294586,19,570355.1735909659,571055.8838246575,0.8889217453006613,0.8912423813864909,0.8920483937936721,0.7183965628429848,109,47,0.009076867647153136,0.16550016400530457,0.05190915031565536,700.7102336918372,1183420.4673836748,411827.02165931964,591.7102336918374,109.0,8009.0,1567.0,0.0,39.0,4.0,0.0,42,217.28728869898143,93.78782707702558,213.0,93.71521759033203,39.0,623.0,4.0,132.0,5.580764778856514,656.4192352211434,0.7793136330709254,135.22068636692907,39.0,623.0,4.0,132.0,379.0,0.0,22.0,0.0,4.0,4.0
237,0.0,0.0,20788.61994758858,9,47479.0670989022,47568.140953937786,1.2838970176281292,1.288181758763431,1.290202921784695,0.669863363090718,46,21,0.010075178222221122,0.18572146186243862,0.10936776083185842,89.07385503558797,86147.71007117594,32151.224719058548,43.07385503558797,46.0,3985.0,551.0,0.0,16.0,0.0,0.0,16,247.89086728875375,,239.41317749023438,,16.0,119.0,0.0,9.0,2.2280664170049547,132.77193358299505,0.0,9.0,16.0,119.0,0.0,9.0,115.0,0.0,15.0,0.0,0.0,0.0
238,0.0,0.0,17381.35583549811,23,36182.328719384306,36374.488486720096,1.0816747014343258,1.0927302122445552,1.0981232400280376,0.7880965363535853,152,58,0.007257680553134373,0.17513175921658886,0.04307922195277674,192.1597673357861,80319.53467157217,25478.96449437516,40.159767335786086,152.0,10298.0,1294.0,0.0,63.0,8.0,0.0,69,212.8977446649664,67.92304449385824,220.40122985839844,60.06367492675781,63.0,1365.0,8.0,151.0,9.137824480154526,1418.8621755198453,1.3711140436960672,157.62888595630392,63.0,1365.0,8.0,151.0,280.0,2.0,186.0,0.0,8.0,8.0
239,0.0,0.0,110491.50728966393,18,231581.66219190668,231931.5024875858,1.0959227353537089,1.0990889542266395,1.10044729249198,0.7227084836605616,114,53,0.007502494973677438,0.17558770496512552,0.05499770174773124,349.84029567907896,471680.5913581578,163164.19483865314,235.8402956790789,114.0,7801.0,1271.0,0.0,41.0,2.0,0.0,42,220.33863955776644,61.440822627687425,190.3636016845703,61.440818786621094,41.0,597.0,2.0,116.0,5.944600171215033,632.0553998287851,0.3878737347132871,117.61212626528672,41.0,597.0,2.0,116.0,280.0,1.0,65.0,0.0,2.0,2.0
240,0.0,0.0,79501.43333496044,30,173320.77681439818,173712.57202700392,1.1800962516506108,1.1850244044671143,1.187116981217803,0.8452716280381576,187,79,0.007216580207322497,0.17629036078099905,0.032997217064335053,391.7952126057636,409590.4252115267,121141.65778939311,204.79521260576334,187.0,13333.0,1787.0,0.0,70.0,8.0,0.0,71,215.51965385915204,90.63868451536197,207.59176635742188,75.5068130493164,70.0,1840.0,8.0,212.0,12.201069411330174,1897.79893058867,1.7958522973163447,218.20414770268366,70.0,1840.0,8.0,212.0,382.0,1.0,42.0,0.0,8.0,8.0
241,0.0,0.0,19931.85090043236,28,41196.89561721204,41420.90761011368,1.0668876073279474,1.0781265030040528,1.083401088040103,0.8325555153850744,176,66,0.009775318713792619,0.1768571202292615,0.035204143131884885,224.01199290166457,96023.98580332914,28834.10896596968,48.01199290166457,176.0,12395.0,1717.0,0.0,70.0,12.0,0.0,78,233.3734853218838,69.2789597831361,235.94332885742188,71.80812072753906,70.0,1878.0,12.0,224.0,11.316939127919998,1936.68306087208,2.5436578467722626,233.45634215322775,70.0,1878.0,12.0,224.0,321.0,0.0,305.0,0.0,12.0,12.0
242,0.0,0.0,67102.94865460633,27,139214.03636121273,139552.83738587346,1.0746336659179923,1.0796826396434929,1.0820698138895217,0.8591735515561114,174,70,0.011120194236191774,0.17593427396225877,0.03637921676271643,338.8010246607806,329602.0493215612,95906.714285081,164.8010246607806,174.0,11705.0,1903.0,0.0,67.0,10.0,0.0,72,201.52903703879682,81.8347842752234,187.6735382080078,68.72979736328125,67.0,1576.0,10.0,291.0,11.195067493369478,1631.8049325066304,2.7874765413789726,298.212523458621,67.0,1576.0,10.0,291.0,437.0,1.0,46.0,0.0,10.0,10.0
243,0.0,0.0,273737.7632846633,12,667938.3941636516,668705.7661546307,1.4400666760364156,1.4428699867005021,1.4440104343894569,0.7854618640370786,73,32,0.010560218905059694,0.17430779286334439,0.08193948684670253,767.3719909791757,1388743.981958351,442015.08868315787,694.3719909791755,73.0,5607.0,441.0,0.0,29.0,0.0,0.0,29,244.93471888721163,,256.9526062011719,,29.0,310.0,0.0,9.0,4.456157752867122,334.5438422471329,0.0,9.0,29.0,310.0,0.0,9.0,86.0,0.0,25.0,0.0,0.0,0.0
244,0.0,0.0,30147.730182076957,22,63674.90294847718,63887.87493144915,1.1120960869661878,1.1191603661568843,1.1227353777174587,0.7834917419668281,142,58,0.010627329464622706,0.17832748196556228,0.04469068561983401,212.97198297197968,141943.96594395937,45292.106585460686,70.97198297197968,142.0,9621.0,1467.0,0.0,53.0,9.0,0.0,60,194.04449864416137,62.1948299431937,172.75582885742188,73.49781799316406,53.0,1065.0,9.0,193.0,8.180688141374704,1109.819311858625,2.1468171941479133,199.8531828058521,53.0,1065.0,9.0,193.0,336.0,0.0,77.0,0.0,9.0,9.0
245,0.0,0.0,17532.455444684376,5,34408.610363063104,34464.57987392256,0.9625665367651266,0.9657588740299234,0.9668582579760387,0.6383166367393522,24,12,0.003293476519234582,0.18974164639026442,0.1998066547889781,55.96951085946454,63939.02171892907,25042.047331533708,31.969510859464535,24.0,2215.0,305.0,0.0,7.0,0.0,0.0,7,283.24575507831054,,296.05755615234375,,7.0,25.0,0.0,3.0,0.9496993728137666,31.050300627186232,0.0,3.0,7.0,25.0,0.0,3.0,69.0,0.0,14.0,0.0,0.0,0.0
246,0.0,0.0,15330.320218843694,22,28339.119007298614,28531.512122652115,0.8485666706729837,0.8611165138991557,0.8661656128666924,0.8349495908832537,157,59,0.011274062141817517,0.17186748775991406,0.044646253339774,192.3931153535133,70786.23070702679,21194.761779613957,35.393115353513394,157.0,9566.0,1522.0,0.0,64.0,12.0,0.0,72,194.4564493712503,70.90636131916882,189.530517578125,66.11266326904297,64.0,1282.0,12.0,226.0,10.066129803271295,1335.933870196729,2.2534128722951623,235.74658712770486,64.0,1282.0,12.0,226.0,302.0,0.0,75.0,0.0,12.0,12.0
247,0.0,0.0,19083.235389570116,30,39617.37570907473,39845.62849221059,1.0760303428803004,1.0879912487998809,1.093880653442517,0.7848629444273029,185,70,0.006272975944404957,0.1727741973509968,0.03308421341732,228.2527831358491,86505.56627169828,27554.354198368823,43.25278313584914,185.0,13126.0,1994.0,0.0,70.0,15.0,0.0,80,229.07813802567847,85.00379994837076,219.83059692382812,91.68022155761719,70.0,2049.0,15.0,266.0,10.088028529544275,2108.9119714704557,3.038450724483709,277.96154927551635,70.0,2049.0,15.0,266.0,408.0,2.0,247.0,0.0,15.0,15.0
248,0.0,0.0,412547.52309168346,5,860256.3400682946,861043.7570589766,1.0852296812290243,1.0871383510103403,1.0878614184424693,0.6439661670789433,25,12,0.013322807436886429,0.19325852201401764,0.1954930140866138,787.4169906822742,1524833.9813645484,591969.7568434601,762.4169906822742,25.0,2129.0,391.0,0.0,8.0,0.0,0.0,8,246.7593444339469,,240.8884735107422,,8.0,26.0,0.0,6.0,1.0936804339737858,32.90631956602622,0.0,6.0,8.0,26.0,0.0,6.0,85.0,0.0,9.0,0.0,0.0,0.0
249,0.0,0.0,325456.88130382367,12,699733.8305885142,700469.3495491657,1.150004718859491,1.1522646770994425,1.1531849980000763,0.7072776023266006,64,27,0.008644254880323086,0.184916457062263,0.08224973164209994,735.5189606515819,1343037.9213031637,474720.92884223245,671.5189606515819,64.0,5356.0,692.0,0.0,25.0,0.0,0.0,25,216.48677088406725,,192.0,,25.0,245.0,0.0,30.0,3.5986468703087042,266.40135312969124,0.0,30.0,25.0,245.0,0.0,30.0,152.0,0.0,20.0,0.0,0.0,0.0
250,0.0,0.0,257599.68620028245,12,502903.87044067355,503475.6117586569,0.9522689559864927,0.9544884513842427,0.9552272476442369,0.6856567704122883,67,31,0.007561864545252631,0.1785328628662979,0.08244816705097242,571.7413179832861,1009482.635966572,368071.4168984162,504.741317983286,67.0,5410.0,638.0,0.0,23.0,1.0,0.0,24,244.94809455075506,50.201441051513704,237.0,50.20144271850586,23.0,241.0,1.0,23.0,3.2314431790426177,260.7685568209574,0.14560490052407782,23.854395099475923,23.0,241.0,1.0,23.0,109.0,0.0,49.0,0.0,1.0,1.0
251,0.0,0.0,19347.295272989344,21,38967.578749973916,39141.8959040287,1.0141098897878686,1.0231197876363884,1.0275904909941782,0.7594333046539533,133,52,0.0046956538515597265,0.16670587894690134,0.04743691432435704,174.31715405478803,82634.3081095762,27202.62187712116,41.317154054788105,133.0,8950.0,1634.0,0.0,52.0,8.0,0.0,58,220.4354687253093,81.06135188482982,207.69320678710938,68.65853881835938,52.0,965.0,8.0,193.0,7.227538617607047,1009.7724613823932,1.106795504623966,199.89320449537604,52.0,965.0,8.0,193.0,376.0,4.0,215.0,0.0,8.0,8.0
252,0.0,0.0,153332.09414443726,17,307249.0328072561,307679.71715153754,1.0038142342061191,1.0066230678471424,1.0078118798045583,0.7430444132934148,111,50,0.006509346525568953,0.1787221288401783,0.0583432610366558,430.68434428139096,639368.688562782,215117.92469069644,319.684344281391,111.0,7261.0,1307.0,0.0,39.0,5.0,0.0,42,217.3281591292366,83.42557395491244,190.0,90.0798568725586,39.0,556.0,5.0,114.0,5.845859564235073,589.1541404357648,0.8714166276955582,118.12858337230445,39.0,556.0,5.0,114.0,301.0,1.0,57.0,0.0,5.0,5.0
253,0.0,0.0,14657.234531993065,15,27524.203029222444,27631.510352024332,0.8778578570973956,0.8851789736809954,0.8880039982577843,0.7262315455006579,78,31,0.015369209500841637,0.17559139612794272,0.06488080273792854,107.30732280188678,58614.64560377355,20177.671283669282,29.307322801886773,78.0,6751.0,809.0,0.0,28.0,4.0,0.0,31,214.22969004159,83.11831141849211,209.27847290039062,89.6385498046875,28.0,408.0,4.0,25.0,4.419121927296722,431.5808780727033,0.7771834526269499,28.22281654737305,28.0,408.0,4.0,25.0,140.0,1.0,23.0,0.0,4.0,4.0
254,0.0,0.0,211091.51651044545,5,467285.4782629188,467707.4171025755,1.2136629931302623,1.2156618363174814,1.2164467300995998,0.6336699949585843,22,11,0.0014703939302842678,0.22175472177450795,0.20048173521285906,421.9388396566753,799877.6793133505,315573.4395178476,399.93883965667527,22.0,2296.0,224.0,0.0,6.0,0.0,0.0,6,248.17190383629475,,197.53985595703125,,6.0,21.0,0.0,3.0,0.7971063463899266,26.202893653610076,0.0,3.0,6.0,21.0,0.0,3.0,47.0,0.0,93.0,0.0,0.0,0.0
255,0.0,0.0,25992.629734443097,7,50433.40150780407,50526.042394543096,0.9402962310109877,0.9438603523671376,0.9451415594682002,0.7148946666503958,41,18,0.009718492580386847,0.18691532644797335,0.14060384777265456,92.64088673903086,103281.77347806173,36117.829064938844,51.64088673903087,41.0,3105.0,423.0,0.0,16.0,0.0,0.0,16,251.236944435229,,261.9276123046875,,16.0,90.0,0.0,6.0,2.2841289583269777,103.71587104167304,0.0,6.0,16.0,90.0,0.0,6.0,82.0,0.0,9.0,0.0,0.0,0.0
256,0.0,0.0,116443.27675046412,30,243662.99021747068,244104.72201316335,1.092546663210416,1.0963401994970945,1.0979762395992956,0.7494965853134217,185,82,0.003695466773268952,0.17540382042438787,0.033241230012973175,441.7317956927805,513463.5913855614,171269.4898972899,256.7317956927807,185.0,13340.0,1780.0,0.0,68.0,5.0,0.0,70,213.23331520625,84.98711772634178,188.010986328125,99.96501922607422,68.0,1817.0,5.0,210.0,10.492490680261936,1874.5075093197374,0.882342314150277,214.1176576858497,68.0,1817.0,5.0,210.0,349.0,1.0,95.0,0.0,5.0,5.0
257,0.0,0.0,22905.093024102687,29,43165.336027558034,43387.13772834963,0.8845300467514277,0.8942135569016898,0.8979955389127658,0.7782151264650138,173,67,0.006212622037283484,0.1685652743907857,0.03422086216759353,221.8017007915962,97603.4015831925,31354.89091125385,48.801700791596254,173.0,12537.0,2079.0,0.0,67.0,10.0,0.0,73,229.2663935475621,100.9656530391607,221.68399047851562,104.76164245605469,67.0,1806.0,10.0,234.0,10.288884873337253,1862.7111151266627,1.4348144447560078,242.565185555244,67.0,1806.0,10.0,234.0,429.0,3.0,102.0,0.0,10.0,10.0
258,0.0,0.0,277388.96459714836,9,534150.1394541543,534746.0478863902,0.9256358674177967,0.9277841447766362,0.928441490925453,0.6766714541385738,50,22,0.01114952433879144,0.18490048272198226,0.10913450388675154,595.9084322359952,1091816.8644719906,403377.76102211647,545.9084322359953,50.0,3943.0,593.0,0.0,19.0,0.0,0.0,19,238.08362408343922,,219.0,,19.0,136.0,0.0,16.0,2.6945818594512856,152.3054181405487,0.0,16.0,19.0,136.0,0.0,16.0,120.0,0.0,54.0,0.0,0.0,0.0
259,0.0,0.0,438843.16219335864,6,797810.3538886141,798623.1673820728,0.8179851541975056,0.8198373272822956,0.8203619712454551,0.6545406267228132,29,13,0.013072001033930823,0.17737830044705477,0.16300956173099868,812.8134934586308,1567626.986917262,598750.8349046778,783.813493458631,29.0,2568.0,456.0,0.0,10.0,0.0,0.0,10,247.16447884049512,,261.84478759765625,,10.0,46.0,0.0,4.0,1.35864054851495,54.64135945148505,0.0,4.0,10.0,46.0,0.0,4.0,88.0,0.0,13.0,0.0,0.0,0.0
260,0.0,0.0,104747.85100153575,14,235353.94425215572,235657.4174702968,1.2468617924076084,1.2497589708722687,1.2510654217194928,0.721640162925382,73,32,0.011524982421960192,0.18831683418047374,0.07009355178125731,303.4732181411266,460946.43628225324,159687.07811857035,230.47321814112664,73.0,6339.0,717.0,0.0,26.0,1.0,0.0,27,217.00460357387874,87.3061346878539,194.51971435546875,87.30613708496094,26.0,328.0,1.0,23.0,4.062303219245258,349.9376967807548,0.30521961150446375,23.694780388495538,26.0,328.0,1.0,23.0,160.0,0.0,45.0,0.0,1.0,1.0
261,0.0,0.0,35984.86719891177,10,83825.88434842964,83951.12561124339,1.3294759957031226,1.3329563826702735,1.3347036578548077,0.6470770501316343,51,25,0.0035292655790510326,0.18803917135286916,0.09980188061666748,125.24126281376408,148482.52562752814,57366.6326125005,74.24126281376407,51.0,4563.0,477.0,0.0,15.0,1.0,0.0,16,231.88054121251926,118.2701581679541,225.05360412597656,118.27015686035156,15.0,127.0,1.0,17.0,2.054804823291419,139.94519517670858,0.14665919581548503,17.853340804184516,15.0,127.0,1.0,17.0,109.0,0.0,32.0,0.0,1.0,1.0
262,0.0,0.0,15220.32169033193,22,31516.30115425942,31673.102280147505,1.070672472992396,1.0809745631241494,1.085654361208905,0.7398402622834641,124,48,0.008363383204488612,0.16979413459857098,0.04495106789544399,156.801125888076,65602.25177615196,22167.708058248714,32.80112588807598,124.0,9834.0,1254.0,0.0,48.0,6.0,0.0,51,226.507482023405,94.46167580722367,214.36172485351562,85.32011413574219,48.0,997.0,6.0,71.0,6.90404677866802,1038.095953221332,0.9969258451352311,76.00307415486476,48.0,997.0,6.0,71.0,252.0,2.0,207.0,0.0,6.0,6.0
263,0.0,0.0,24815.36631661803,6,61365.90726740638,61463.37221004434,1.472899512521468,1.4768271169498859,1.4793512180913093,0.7365286780359419,40,17,0.018679755499626676,0.20231185473690927,0.16118593419679578,97.46494263795867,114929.8852759173,39010.662009249296,57.46494263795865,40.0,2504.0,520.0,0.0,14.0,3.0,0.0,17,185.56120977627143,87.5797606182053,197.21397399902344,100.6220474243164,14.0,63.0,3.0,22.0,1.9016713531703142,75.09832864682969,0.4222957534074331,24.577704246592564,14.0,63.0,3.0,22.0,137.0,0.0,10.0,0.0,3.0,3.0
264,0.0,0.0,19740.091827998556,11,37025.666609223495,37115.22834203634,0.8756582761539018,0.8801953235796798,0.8817869591270995,0.6608470937892662,53,23,0.01453569347917955,0.17649228182047624,0.08866888137740618,89.5617328128432,73123.46562568637,27662.77793793412,36.56173281284318,53.0,4944.0,600.0,0.0,19.0,0.0,0.0,19,238.85653333889786,,230.31581115722656,,19.0,171.0,0.0,19.0,2.8841538254979913,187.115846174502,0.0,19.0,19.0,171.0,0.0,19.0,115.0,0.0,10.0,0.0,0.0,0.0
265,0.0,0.0,470655.0259669378,22,905873.4359937219,907043.0444663406,0.9247078773516741,0.9271929426502241,0.9280332024633628,0.7758069037372813,141,61,0.006850518815909493,0.15927703489197503,0.045043540818428526,1169.6084726185093,2057216.945237018,662928.1511052628,1028.608472618509,141.0,9396.0,1692.0,0.0,52.0,6.0,0.0,56,218.16505317323964,116.30990509270346,192.65911865234375,89.27001953125,52.0,1019.0,6.0,155.0,8.050205778107806,1062.9497942218925,1.1063160033603754,159.8936839966396,52.0,1019.0,6.0,155.0,359.0,0.0,89.0,0.0,6.0,6.0
266,0.0,0.0,394586.67080176814,27,790606.9520450415,791626.0059125205,1.003633195309391,1.0062157809436405,1.007243506038789,0.7596684278406267,163,69,0.006212951111361928,0.16602524974282823,0.03674479922966807,1019.0538674788545,1712107.7349577083,563439.1506253623,856.0538674788542,163.0,11617.0,1991.0,0.0,56.0,11.0,0.0,64,224.56390088638423,68.81463846991022,181.8775634765625,68.15711975097656,56.0,1405.0,11.0,256.0,8.129697724342824,1452.870302275657,2.6392297382302474,264.36077026176974,56.0,1405.0,11.0,256.0,423.0,1.0,61.0,0.0,11.0,11.0
267,0.0,0.0,22255.57407400847,29,45453.75608424873,45684.13282810194,1.0423537911490062,1.0527052088696687,1.0580023011912387,0.80150683094081,180,68,0.008387801041761714,0.1784274335679164,0.03406579463016139,230.37674385320062,100753.48770640099,31426.272308913572,50.376743853200495,180.0,12041.0,2575.0,0.0,69.0,14.0,0.0,77,216.50688052373454,82.03454237776701,228.85694885253906,74.1192398071289,69.0,1777.0,14.0,373.0,10.624471799353119,1835.3755282006466,2.8872544851833304,384.11274551481665,69.0,1777.0,14.0,373.0,597.0,1.0,80.0,0.0,14.0,14.0
268,0.0,0.0,43643.00702165714,30,78999.04753651086,79250.91457571693,0.8101192591360364,0.8158903335049745,0.8179609882587808,0.7047010690814596,169,74,0.004318860789479589,0.16232588108094398,0.03318369799307153,251.86703920605865,165734.0784121173,58795.880155305735,82.86703920605865,169.0,12450.0,2670.0,0.0,60.0,5.0,0.0,62,224.07008595280382,104.07694483847754,218.84373474121094,126.1100845336914,60.0,1479.0,5.0,316.0,8.575939091512163,1530.4240609084882,0.6926214275193948,320.3073785724806,60.0,1479.0,5.0,316.0,590.0,3.0,44.0,0.0,5.0,5.0
269,0.0,0.0,97583.37932850054,29,195787.66917857216,196201.5624826923,1.0063628716882298,1.0106043040609172,1.0123250165443767,0.8173419306355846,185,79,0.006603509175013103,0.16629197412344704,0.034192417582870914,413.8933041201849,457786.6082403697,140022.9790867281,228.89330412018487,185.0,12631.0,1985.0,0.0,73.0,4.0,0.0,72,217.62094491501873,51.553667341367884,192.4420928955078,51.005699157714844,73.0,1785.0,4.0,226.0,12.51940345720806,1845.4805965427925,0.9521669545637874,229.04783304543622,73.0,1785.0,4.0,226.0,417.0,0.0,69.0,0.0,4.0,4.0
270,0.0,0.0,36277.92677517251,19,72130.77329530366,72320.74991841422,0.9882826750912272,0.9935193752005778,0.9957072020335156,0.7750203451455587,110,45,0.009924411103510604,0.1714160521806284,0.05183174388984763,189.97662311056422,159953.2462211285,51596.4668614884,79.97662311056425,110.0,7987.0,1589.0,0.0,40.0,6.0,0.0,45,237.9086106947234,82.00190924197588,246.1593017578125,87.51449584960938,40.0,680.0,6.0,129.0,6.593212782861927,713.4067872171382,1.161537747144954,133.83846225285504,40.0,680.0,6.0,129.0,353.0,0.0,54.0,0.0,6.0,6.0
271,0.0,0.0,135334.56720204873,17,234887.6309365048,235227.40710612753,0.7356070647185624,0.7381177031803194,0.7388840321232524,0.697858987366552,94,43,0.004978601975846037,0.16669056291903858,0.05846877557968572,339.7761696228041,491552.3392456081,176093.00307951006,245.77616962280405,94.0,7092.0,1476.0,0.0,31.0,3.0,0.0,33,227.37687682140734,114.25924129880764,204.0,123.6534652709961,31.0,443.0,3.0,84.0,4.443839602367921,469.55616039763197,0.6031354900370643,86.39686450996294,31.0,443.0,3.0,84.0,309.0,1.0,54.0,0.0,3.0,3.0
272,0.0,0.0,267564.5202846259,7,628658.6729072664,629256.583567806,1.34955917263814,1.3517938136880954,1.3528197771028427,0.6891824079373279,37,17,0.013537826977612143,0.19160096017458483,0.13957345676700192,597.9106605397244,1121821.3210794486,406939.1891607394,560.9106605397243,37.0,2872.0,656.0,0.0,12.0,1.0,0.0,13,219.61878001762963,76.64147511843632,186.8644561767578,76.64147186279297,12.0,60.0,1.0,18.0,1.6234082463226263,70.37659175367737,0.13437867276844795,18.86562132723155,12.0,60.0,1.0,18.0,188.0,1.0,6.0,0.0,1.0,1.0
273,0.0,0.0,12179.14320734581,30,25696.339988054955,25911.98566149641,1.1098643435407092,1.1275704883630628,1.1364727202722613,0.8830068361654564,184,69,0.01158052682509596,0.17640629911069675,0.03272605865114628,215.64567344145289,63291.34688290559,17919.26865418009,31.645673441452796,184.0,13352.0,1768.0,0.0,73.0,12.0,0.0,78,203.3831339481479,89.28746217036043,172.1999969482422,80.55069732666016,73.0,2024.0,12.0,231.0,13.427431596678959,2083.572568403321,3.3091501886685486,239.69084981133147,73.0,2024.0,12.0,231.0,332.0,1.0,135.0,0.0,12.0,12.0
274,0.0,0.0,31655.521188980656,21,62742.68274600629,62955.38067821749,0.9820454817798778,0.9887646234721408,0.9916090783094085,0.8100468875855114,139,58,0.007773150280221566,0.17608580780704036,0.047101092983310056,212.69793221121756,147395.86442243517,45489.917522482785,73.69793221121759,139.0,9355.0,1229.0,0.0,52.0,8.0,0.0,59,207.9467850193992,61.59907370055498,200.6858673095703,54.97345733642578,52.0,1037.0,8.0,142.0,8.529265300701379,1080.4707346992986,1.3074222535564304,148.69257774644356,52.0,1037.0,8.0,142.0,237.0,1.0,36.0,0.0,8.0,8.0
275,0.0,0.0,179738.10736470317,15,380826.60544491943,381258.22762499965,1.1187861106837595,1.1211875056155778,1.1221646898246775,0.6729358245680981,76,34,0.007538913542128771,0.18560547351667098,0.06594660830337022,431.62218008022126,711244.3601604427,264231.8681045595,355.6221800802213,76.0,6821.0,739.0,0.0,23.0,4.0,0.0,27,225.76908470252053,69.75365299744104,232.29454040527344,56.56669998168945,23.0,339.0,4.0,39.0,3.3538710735451653,358.6461289264548,0.603026534271104,42.3969734657289,23.0,339.0,4.0,39.0,137.0,0.0,68.0,0.0,4.0,4.0
276,0.0,0.0,10464.627229261996,18,22591.709784222538,22719.686763876485,1.1588642661871278,1.1710937490774587,1.1766162278559107,0.7535654628578495,104,40,0.008811972030054255,0.1730492464244617,0.05489409120548716,127.97697965395137,47953.959307902805,15909.022398014513,23.976979653951403,104.0,8292.0,780.0,0.0,43.0,3.0,0.0,45,223.04007387407825,74.37971371725477,218.0,90.52745819091797,43.0,719.0,3.0,45.0,6.298132763518801,755.7018672364811,0.558153082279106,47.441846917720895,43.0,719.0,3.0,45.0,182.0,0.0,246.0,0.0,3.0,3.0
277,0.0,0.0,215283.27701168926,22,450756.375045704,451360.5202334984,1.093782579411541,1.096588859565673,1.0976682994431894,0.743668804572982,133,58,0.007430535160540751,0.17600038746077737,0.044995090198436075,604.1451877946574,942290.3755893153,316770.8426771991,471.14518779465766,133.0,9637.0,1451.0,0.0,49.0,4.0,0.0,48,231.43628129739662,69.26909085078046,231.2351531982422,68.00697326660156,49.0,873.0,4.0,130.0,7.389711417279203,914.6102885827208,0.7290404440389429,133.27095955596104,49.0,873.0,4.0,130.0,327.0,1.0,66.0,0.0,4.0,4.0
278,0.0,0.0,112312.32865779905,23,214925.84985941436,215346.3927204099,0.9136443205114664,0.9173887256539943,0.9187259939856618,0.844984449398026,156,65,0.009627724970764693,0.16743864822289145,0.042837558581180366,420.5428609955247,529085.7219910491,156537.11804044864,264.54286099552456,156.0,9793.0,1799.0,0.0,58.0,10.0,0.0,66,215.4989230847188,111.5924669037586,214.64031982421875,91.3707275390625,58.0,1248.0,10.0,202.0,9.569526736142986,1296.4304732638566,1.7297136824381685,210.2702863175618,58.0,1248.0,10.0,202.0,406.0,2.0,29.0,0.0,10.0,10.0
279,0.0,0.0,252922.08210723728,27,496863.9068212174,497642.6080888319,0.964493976490951,0.9675727953158109,0.9686397058121328,0.8486878726095842,173,69,0.008703403785232513,0.17175718805481444,0.036560323259684786,778.7012676146271,1211402.535229255,356845.71864576644,605.7012676146275,173.0,11667.0,1941.0,0.0,69.0,8.0,0.0,72,222.7730704376807,96.18375924659276,206.0,102.5794448852539,69.0,1675.0,8.0,192.0,11.907790674321026,1732.0922093256788,1.479920537389839,198.52007946261014,69.0,1675.0,8.0,192.0,422.0,2.0,29.0,0.0,8.0,8.0
280,0.0,0.0,47191.50429227497,9,99069.02478684622,99207.6358832698,1.0992978772889712,1.1022350817392703,1.1033555389107397,0.6509055650626544,47,23,0.00558302844580215,0.1929064885005674,0.11041854668537461,138.6110964235807,183222.19284716144,70372.03347213853,91.61109642358072,47.0,4006.0,530.0,0.0,15.0,0.0,0.0,15,251.69898643811786,,223.59381103515625,,15.0,112.0,0.0,8.0,2.0531640245829754,124.94683597541703,0.0,8.0,15.0,112.0,0.0,8.0,119.0,0.0,52.0,0.0,0.0,0.0
281,0.0,0.0,38531.84872605532,24,78900.51666158062,79132.44380691236,1.0476701552144294,1.0536892576712216,1.056632052540908,0.7454444719347083,150,66,0.005357523435458508,0.17134004861427854,0.041411725671699665,231.92714533174535,163854.29066349074,54951.876642879695,81.92714533174538,150.0,10231.0,1865.0,0.0,52.0,8.0,0.0,59,215.43062042569292,64.94255714586598,209.51634216308594,59.166175842285156,52.0,1091.0,8.0,265.0,7.539474726117412,1135.4605252738827,1.371889208602588,271.6281107913974,52.0,1091.0,8.0,265.0,423.0,1.0,96.0,0.0,8.0,8.0
282,0.0,0.0,62134.230500493366,15,117625.454792229,117820.19197620192,0.8930862077916135,0.8962203446820893,0.8973534911601639,0.6535008375652274,80,38,0.0045795716255785535,0.16897413142454476,0.06638177400040192,194.73718397295954,229474.36794591916,87786.56229457962,114.73718397295958,80.0,6612.0,948.0,0.0,26.0,1.0,0.0,27,235.65508584412322,89.74264279248949,199.7206573486328,89.74264526367188,26.0,327.0,1.0,51.0,3.5498963361141636,349.4501036638859,0.18241900346104556,51.81758099653896,26.0,327.0,1.0,51.0,180.0,0.0,65.0,0.0,1.0,1.0
283,0.0,0.0,17517.928749076236,14,36316.61496278762,36436.436065546644,1.0731112383764367,1.0799511510439284,1.0832522321099085,0.6922926327105289,84,37,0.004461366316080818,0.1687641123842847,0.07113718394542105,119.82110275901648,71642.20551803292,25871.359210314233,35.82110275901646,84.0,6189.0,867.0,0.0,29.0,4.0,0.0,33,222.05712871817127,78.18455513375858,191.3299102783203,71.67479705810547,29.0,361.0,4.0,68.0,3.992812603180024,386.00718739682,0.5563284682316185,71.44367153176837,29.0,361.0,4.0,68.0,177.0,1.0,142.0,0.0,4.0,4.0
284,0.0,0.0,84303.55739264043,28,191730.20566635195,192145.00391037416,1.2742836909405404,1.2792039844234155,1.2815743016246386,0.851340704091206,193,80,0.007527983209304738,0.17910368956351708,0.035333034951438566,414.7982440221991,443596.48804439825,130264.08989745508,221.79824402219913,193.0,12348.0,1764.0,0.0,80.0,5.0,0.0,80,206.0506174533748,44.03672657866476,203.89877319335938,37.91497802734375,80.0,1903.0,5.0,252.0,12.931971475976829,1970.068028524023,1.1059388684579547,255.89406113154203,80.0,1903.0,5.0,252.0,393.0,0.0,42.0,0.0,5.0,5.0
285,0.0,0.0,147521.41146347672,7,318997.8241940495,319301.1784047285,1.1623832163036676,1.1644395565167223,1.1653527779931752,0.6632557984513683,32,16,0.003017949314887267,0.20500736380035953,0.1426731104987933,303.3542106789658,542708.4213579316,204562.2603771795,271.3542106789658,32.0,2927.0,601.0,0.0,8.0,1.0,0.0,9,224.10996428886503,99.03972452611559,209.70361328125,99.03972625732422,8.0,37.0,1.0,17.0,1.0923836297669367,43.90761637023306,0.1343609804678877,17.86563901953211,8.0,37.0,1.0,17.0,165.0,1.0,11.0,0.0,1.0,1.0
286,0.0,0.0,52491.773668399284,7,98464.83184699014,98596.49290170106,0.8758145317971457,0.8783227544291841,0.8791333897309941,0.6197837150463221,37,19,0.004975603449638174,0.16975070990665786,0.14214760782437252,131.66105471092007,189322.10942184014,76366.20034768514,94.66105471092007,37.0,2930.0,598.0,0.0,11.0,0.0,0.0,11,240.48378219862036,,207.17967224121094,,11.0,56.0,0.0,10.0,1.4954049387585977,65.5045950612414,0.0,10.0,11.0,56.0,0.0,10.0,132.0,0.0,84.0,0.0,0.0,0.0
287,0.0,0.0,84416.1426904689,13,164647.6539962532,164882.65863843006,0.9504285406639759,0.9532124233988049,0.9542671086678725,0.6817221670222973,74,36,0.006586991733157016,0.1693327033248671,0.07625357083943111,235.00464217686965,322009.28435373935,118086.70009963433,161.00464217686968,74.0,4797.0,1755.0,0.0,23.0,2.0,0.0,25,237.01445893761743,126.02474199736182,218.77658081054688,126.02474212646484,23.0,216.0,2.0,84.0,3.195073532396334,235.80492646760365,0.29238722839821873,85.70761277160177,23.0,216.0,2.0,84.0,451.0,0.0,67.0,0.0,2.0,2.0
288,0.0,0.0,17333.8959635216,24,33852.12294486247,34049.75273549006,0.9529437015257696,0.9643450501345008,0.9694354868384398,0.8431198166120811,156,59,0.011644971583249075,0.1654219511720823,0.04090676457431369,197.62979062759337,83259.58125518696,24687.944588276307,41.62979062759348,156.0,10402.0,1694.0,0.0,60.0,13.0,0.0,69,209.20322403421974,68.29895151808977,195.1074981689453,66.50633239746094,60.0,1338.0,13.0,245.0,9.52711685528529,1388.4728831447144,3.376089822477132,254.62391017752287,60.0,1338.0,13.0,245.0,340.0,0.0,88.0,0.0,13.0,13.0
289,0.0,0.0,249664.7172935135,9,471743.98944608227,472230.44062872615,0.8895100379421477,0.8914584557559151,0.8920701300537193,0.6213022188744483,43,21,0.003983898304530743,0.17770560016644946,0.11080700109395394,486.45118264396376,886902.3652879277,356872.3635393742,443.4511826439639,43.0,3860.0,676.0,0.0,13.0,0.0,0.0,13,280.3749326842947,,250.40806579589844,,13.0,88.0,0.0,16.0,1.7706557900061553,99.22934420999387,0.0,16.0,13.0,88.0,0.0,16.0,156.0,0.0,22.0,0.0,0.0,0.0
290,0.0,0.0,15220.416866642272,14,30908.254654017575,31019.85475550758,1.0307101260647764,1.0380423891997363,1.041365957399604,0.6910966231773695,81,34,0.006186514138632026,0.16895093780230822,0.07095570112841985,111.60010149000475,61200.20298000949,22138.801192023224,30.600101490004747,81.0,6022.0,1034.0,0.0,30.0,3.0,0.0,33,235.06704029731745,63.62631121366039,227.1807861328125,55.01026916503906,30.0,367.0,3.0,62.0,4.1295753055399755,392.8704246944599,0.40381857233231067,64.59618142766769,30.0,367.0,3.0,62.0,225.0,1.0,142.0,0.0,3.0,3.0
291,0.0,0.0,23852.39259405019,10,52484.64255782058,52582.4892706654,1.2003932037791674,1.20449537979606,1.206303434356995,0.6575887745450045,49,21,0.012769343980237003,0.19274975065896163,0.09787968993609829,97.84671284483157,97693.42568966316,37140.77455065238,48.84671284483158,49.0,4600.0,440.0,0.0,18.0,0.0,0.0,18,241.6197742931272,,240.0,,18.0,151.0,0.0,11.0,2.585791439754786,166.41420856024524,0.0,11.0,18.0,151.0,0.0,11.0,97.0,0.0,27.0,0.0,0.0,0.0
292,0.0,0.0,54362.728168993366,21,103007.14535767424,103221.34227453782,0.8948119203558658,0.8987520632456363,0.9001719922666422,0.702224271534999,107,47,0.006818952270800402,0.17332707723294344,0.04716867706946341,214.19691686362015,214393.83372724033,76326.6959067773,107.19691686362016,107.0,9034.0,1550.0,0.0,37.0,2.0,0.0,38,226.43909637576832,80.58645757731769,222.03395080566406,80.58645629882812,37.0,653.0,2.0,106.0,5.90810345473093,684.0918965452689,0.2648393950852508,107.73516060491475,37.0,653.0,2.0,106.0,347.0,0.0,40.0,0.0,2.0,2.0
293,0.0,0.0,148778.55253271357,11,288322.04313807475,288669.5321664033,0.937927464878906,0.9402630772532243,0.9410821688940776,0.6806855135875863,61,28,0.006652550787463158,0.1772745263754599,0.0901271201772046,347.48902832868737,572978.0566573748,210441.54944530327,286.4890283286874,61.0,4512.0,1032.0,0.0,22.0,0.0,0.0,22,228.9071832512617,,224.16842651367188,,22.0,178.0,0.0,42.0,3.1231314900525673,196.87686850994746,0.0,42.0,22.0,178.0,0.0,42.0,245.0,0.0,26.0,0.0,0.0,0.0
294,0.0,0.0,44294.78108227051,28,88594.13633669005,88845.65331404813,1.0001032666160046,1.0057815197016433,1.008280617906534,0.722837926820912,159,70,0.005772263091795769,0.17784612063618013,0.0354588721678772,251.51697735806772,185033.9547161354,63995.65789592928,92.5169773580677,159.0,12160.0,1952.0,0.0,54.0,7.0,0.0,60,209.01324424625037,84.01794619358373,178.51852416992188,90.70915222167969,54.0,1407.0,7.0,212.0,8.391021347149628,1452.6089786528503,1.3594541290629363,217.64054587093707,54.0,1407.0,7.0,212.0,389.0,0.0,62.0,0.0,7.0,7.0
295,0.0,0.0,147412.14841055896,5,288345.6018600918,288616.02200728183,0.9560504678150252,0.9578849173506014,0.9585274484649551,0.6004483105740779,21,10,0.00356557138262224,0.18195546608211788,0.199321020723986,270.42014719009563,498840.29438019136,207694.93626489642,249.4201471900957,21.0,2324.0,196.0,0.0,6.0,0.0,0.0,6,247.58303019720822,,256.3745422363281,,6.0,20.0,0.0,4.0,0.8334996917276398,25.16650030827236,0.0,4.0,6.0,20.0,0.0,4.0,31.0,0.0,32.0,0.0,0.0,0.0
296,0.0,0.0,241446.91781535617,28,489450.6956053419,490294.40142599394,1.0271565279605013,1.0306509019135257,1.0321598298557495,0.92998396130917,203,81,0.010691590709061718,0.17722696357511278,0.03511985256812499,843.7058206521056,1281411.641304211,344471.43569560174,640.7058206521056,203.0,11533.0,2579.0,0.0,76.0,18.0,0.0,87,190.68583121216025,69.91177542340613,191.60366821289062,69.73304748535156,76.0,1855.0,18.0,487.0,12.216802663791007,1918.783197336209,5.559454746796401,499.4405452532037,76.0,1855.0,18.0,487.0,556.0,1.0,44.0,0.0,18.0,18.0
297,0.0,0.0,209616.45435667285,7,435478.76608744636,435937.29531801556,1.0775027772698489,1.0796902450045573,1.0804705825972687,0.6794428453243168,38,18,0.007313592983367727,0.17983877277303684,0.14162367634385092,458.5292305692849,841058.4611385697,309466.2291782282,420.5292305692849,38.0,3324.0,204.0,0.0,13.0,0.0,0.0,13,228.58338848365844,,231.1046600341797,,13.0,74.0,0.0,4.0,1.8183334949007268,85.18166650509927,0.0,4.0,13.0,74.0,0.0,4.0,37.0,0.0,31.0,0.0,0.0,0.0
298,0.0,0.0,18663.02046613177,30,39795.36904559424,40041.85583760801,1.132311279292216,1.1455185086611746,1.1524412003736066,0.843434467890375,200,76,0.007158810483779712,0.17205930233558334,0.033027016880958826,246.48679201376456,92973.58402752933,27558.034312991087,46.48679201376466,200.0,13332.0,1788.0,0.0,81.0,13.0,0.0,88,204.77229053312863,62.639092502634554,206.21214294433594,64.38070678710938,81.0,2240.0,13.0,306.0,12.861422049383691,2308.1385779506168,2.956877457204175,316.0431225427959,81.0,2240.0,13.0,306.0,398.0,0.0,107.0,0.0,13.0,13.0
299,0.0,0.0,242770.8222324895,17,439063.89864589885,439587.51569554844,0.8085529991138278,0.8107098359397464,0.8114225486198774,0.6734510106747369,89,40,0.006324307830337024,0.1709259803436385,0.05833815672976504,523.6170496494772,869234.0992989539,322679.0388316665,434.61704964947694,89.0,6935.0,1633.0,0.0,30.0,2.0,0.0,32,227.5486118109847,101.72126837224175,201.85549926757812,101.72126770019531,30.0,402.0,2.0,110.0,4.238404486136497,427.76159551386354,0.3531940725919763,111.64680592740802,30.0,402.0,2.0,110.0,385.0,0.0,24.0,0.0,2.0,2.0
300,0.0,0.0,381568.4120905526,8,581814.8450563389,582410.6096371196,0.5247982448774204,0.526359602059784,0.5266989175704657,0.5790322663098877,34,16,0.012837103603208565,0.16704753526765304,0.12230001693626649,595.7645807807787,1123529.1615615576,485089.18541003414,561.7645807807788,34.0,3520.0,512.0,0.0,10.0,0.0,0.0,10,226.5950146763531,,154.0056915283203,,10.0,56.0,0.0,14.0,1.343969879259087,64.65603012074091,0.0,14.0,10.0,56.0,0.0,14.0,107.0,0.0,17.0,0.0,0.0,0.0
301,0.0,0.0,20491.433947268237,28,40040.330849488964,40273.40198082409,0.9540033631871252,0.965377439395501,0.9704021241757528,0.8110852842826556,186,71,0.008486686507009792,0.16760896785040186,0.03528337320157359,233.07113133511731,94142.26267023462,29017.374773818152,47.07113133511731,186.0,12099.0,2013.0,0.0,72.0,15.0,0.0,82,216.2660060013114,86.01588017184196,209.891845703125,89.59120178222656,72.0,1889.0,15.0,320.0,11.102175469729092,1949.897824530271,2.6633219764187737,332.3366780235812,72.0,1889.0,15.0,320.0,431.0,0.0,63.0,0.0,15.0,15.0
302,0.0,0.0,81558.10981101375,19,191458.05164915937,191764.1982403755,1.347504767984514,1.3512584914575756,1.3531650862266407,0.7586932292009002,113,46,0.012185111797257413,0.18429640376139378,0.05157337917800605,306.14659121614216,386293.18243228435,127288.99097964495,193.14659121614218,113.0,8397.0,1179.0,0.0,48.0,0.0,0.0,47,208.0668913577381,,184.125,,48.0,764.0,0.0,81.0,7.627668997063088,804.3723310029371,0.0,81.0,48.0,764.0,0.0,81.0,283.0,0.0,29.0,0.0,0.0,0.0
303,0.0,0.0,14736.777295289496,28,26558.42773389743,26769.47504714893,0.8021869504933512,0.816508081160024,0.8219879145271685,0.9342033633877971,174,65,0.01591703542453167,0.1680803608938837,0.034745769015761645,211.04731325150024,74094.62650300041,19828.29151735857,37.047313251500206,174.0,11821.0,2291.0,0.0,67.0,14.0,0.0,73,186.51858732818988,84.18434803410197,162.78652954101562,86.86599731445312,67.0,1673.0,14.0,290.0,13.379676449792452,1726.6203235502073,3.890718938712004,300.109281061288,67.0,1673.0,14.0,290.0,470.0,2.0,54.0,0.0,14.0,14.0
304,0.0,0.0,11533.316264339595,18,23836.71024958878,23968.447112101006,1.066769843404939,1.078192131625678,1.0836892869564756,0.7734976925030337,106,40,0.011848362677793574,0.17137210219805193,0.054558916864030554,131.7368625122313,51473.725024462656,16636.67698150915,25.73686251223133,106.0,8153.0,919.0,0.0,43.0,5.0,0.0,47,208.5988040944284,83.46570279919676,203.9002685546875,90.39933013916016,43.0,730.0,5.0,68.0,6.604922162018019,766.3950778379822,0.9189070809024973,72.0810929190975,43.0,730.0,5.0,68.0,176.0,1.0,163.0,0.0,5.0,5.0
305,0.0,0.0,323052.1699680666,23,677947.0716648205,678840.6720071041,1.0985683882941721,1.1013345060465216,1.1024419247267647,0.7714279902405327,154,69,0.006180786853931479,0.18015566047628293,0.043147862204968204,893.6003422837948,1479200.6845675898,479370.95337517257,739.6003422837949,154.0,9962.0,1630.0,0.0,58.0,4.0,0.0,58,206.61137585587926,76.06841106959308,183.27108764648438,70.09254455566406,58.0,1101.0,4.0,171.0,8.861677502353867,1150.138322497646,0.7712492462156143,174.22875075378437,58.0,1101.0,4.0,171.0,344.0,0.0,93.0,0.0,4.0,4.0
306,0.0,0.0,488689.56435717765,27,954884.4643924027,956175.3726800316,0.9539694195198498,0.9566109907376166,0.95754310016062,0.8004252734940389,177,74,0.006870549418047712,0.1706185157984031,0.036696558025604564,1290.9082876285872,2227816.575257174,695822.7860335564,1113.9082876285872,177.0,11493.0,2115.0,0.0,67.0,9.0,0.0,72,219.63808201687516,103.19543236384742,193.50975036621094,96.65740203857422,67.0,1597.0,9.0,271.0,10.589488627317671,1653.4105113726823,1.8152019218722697,278.18479807812776,67.0,1597.0,9.0,271.0,453.0,0.0,45.0,0.0,9.0,9.0
307,0.0,0.0,119071.97876406138,8,208729.5544209859,208966.3646417591,0.7529695616680656,0.7549583605713108,0.75552003980022,0.6279025557774539,37,18,0.006524436328571755,0.17239620962332103,0.1239168596642533,236.8102207732412,399620.4415464825,159109.25902016836,199.81022077324124,37.0,3410.0,622.0,0.0,11.0,0.0,0.0,11,259.7955146995593,,263.0,,11.0,68.0,0.0,9.0,1.5051170469860562,77.49488295301394,0.0,9.0,11.0,68.0,0.0,9.0,130.0,0.0,9.0,0.0,0.0,0.0
308,0.0,0.0,460225.17785068107,24,1001857.3631918365,1003050.634947237,1.1768851671059308,1.1794779669196505,1.1804803701176332,0.7579476781434035,145,66,0.0058403928945360605,0.17735271032534272,0.041377962716496394,1193.2717554009746,2096543.5108019484,691519.8671554222,1048.2717554009741,145.0,10846.0,1250.0,0.0,53.0,2.0,0.0,53,228.40502645742143,85.05325815610755,216.8516387939453,85.05325317382812,53.0,1117.0,2.0,100.0,8.466790323729256,1161.5332096762706,0.272090922788527,101.72790907721148,53.0,1117.0,2.0,100.0,279.0,1.0,108.0,0.0,2.0,2.0
309,0.0,0.0,32409.434053352074,25,63546.777232937915,63794.60284735087,0.960749364778412,0.9683960769673687,0.9715465342208396,0.8537212890570168,169,68,0.011108965756044841,0.1690428372353428,0.03929636343876073,247.82561441296454,157651.2288259294,46165.894785189215,78.8256144129647,169.0,11018.0,1582.0,0.0,66.0,10.0,0.0,69,205.41712029053494,75.92707415243042,197.28164672851562,72.80526733398438,66.0,1471.0,10.0,178.0,11.11087816875294,1525.889121831247,2.262248789906419,185.73775121009356,66.0,1471.0,10.0,178.0,308.0,0.0,46.0,0.0,10.0,10.0
310,0.0,0.0,39076.953634664926,23,77393.28482792803,77651.46090037936,0.9805352677050272,0.9871421305343318,0.9900567633035287,0.8807245880053356,160,64,0.010225993687116117,0.17324440238903774,0.04278783562070487,258.176072451351,196352.14490270196,55735.966605462934,98.17607245135098,160.0,9787.0,1805.0,0.0,59.0,14.0,0.0,68,220.86686756519288,59.98854776126594,224.76319885253906,55.06517028808594,59.0,1196.0,14.0,295.0,9.69543155853668,1245.3045684414633,3.6921160735738914,305.3078839264261,59.0,1196.0,14.0,295.0,381.0,0.0,33.0,0.0,14.0,14.0
311,0.0,0.0,196209.83073342056,24,406198.6459036069,406836.0152506884,1.0702257597657607,1.0734741665591363,1.0747356405503483,0.8157884269263181,158,65,0.009951787527450195,0.1738198035074922,0.04101999463024869,637.3693470816271,958738.6941632545,293807.3961699654,479.36934708162727,158.0,10590.0,1506.0,0.0,63.0,6.0,0.0,66,196.76467791927251,73.96393254442204,174.0,77.88648223876953,63.0,1358.0,6.0,157.0,10.644811991913688,1410.355188008086,1.2320159860027924,161.7679840139972,63.0,1358.0,6.0,157.0,310.0,0.0,48.0,0.0,6.0,6.0
312,0.0,0.0,10397.634435557417,13,21489.58693314172,21585.526421690796,1.0667765409844074,1.076003590573782,1.0800041584511995,0.7240043948634903,74,28,0.012021742216846616,0.1819079881556025,0.07544985103324983,95.93948854908514,43878.97709817035,15151.488516324423,21.939488549085173,74.0,5639.0,913.0,0.0,31.0,2.0,0.0,33,248.6280767495742,153.1696135701353,213.7247314453125,153.16961669921875,31.0,357.0,2.0,39.0,4.3850893782588285,383.61491062174116,0.2800409130399498,40.719959086960046,31.0,357.0,2.0,39.0,181.0,1.0,38.0,0.0,2.0,2.0
313,0.0,0.0,19718.014318863883,16,36451.09006617586,36572.85721749643,0.8486187035224804,0.8547941301831701,0.8571710542443587,0.6836256767434501,85,37,0.006744180225390893,0.15949175550409214,0.061924418517438684,121.76715132057119,73534.30264114233,26891.289028022482,36.767151320571166,85.0,6893.0,1171.0,0.0,29.0,3.0,0.0,31,216.4219192519742,101.659424582423,210.75831604003906,95.58464050292969,29.0,397.0,3.0,67.0,4.108170546944871,421.8918294530551,0.4222629258485907,69.57773707415141,29.0,397.0,3.0,67.0,221.0,1.0,48.0,0.0,3.0,3.0
314,0.0,0.0,83528.26517964159,22,158061.99215523788,158361.7354434933,0.892317430696052,0.8959059559408991,0.897346154126561,0.7414476973953879,134,61,0.005259711624438184,0.16462575381283015,0.045168060517783375,299.74328825541835,331486.57651083684,111770.04719122715,165.74328825541843,134.0,8708.0,2380.0,0.0,45.0,6.0,0.0,50,219.2050787578632,97.70017246306067,221.75534057617188,92.98802185058594,45.0,814.0,6.0,235.0,6.496257049801705,852.5037429501982,1.218827507811116,239.78117249218892,45.0,814.0,6.0,235.0,555.0,0.0,49.0,0.0,6.0,6.0
315,0.0,0.0,37833.312437287546,11,86330.88213250754,86474.61875385568,1.2818747968634656,1.2856740048124498,1.287260792909385,0.715273844692494,60,26,0.009797298792169725,0.19177141917985807,0.08954196055745064,143.73662134817602,167473.242696352,58534.659116590185,83.736621348176,60.0,5212.0,332.0,0.0,23.0,0.0,0.0,23,259.90198696373494,,252.0662384033203,,23.0,222.0,0.0,8.0,3.3223425369549875,241.67765746304502,0.0,8.0,23.0,222.0,0.0,8.0,43.0,0.0,57.0,0.0,0.0,0.0
316,0.0,0.0,88227.24845574604,7,158421.04170643984,158616.21445650482,0.7956022031663192,0.7978143627143175,0.7985569004258828,0.6735103718027732,39,18,0.0059770170830603635,0.17017942605605346,0.14180791793827766,195.1727500649874,312345.5001299748,115939.38015160969,156.1727500649874,39.0,2599.0,929.0,0.0,12.0,2.0,0.0,14,219.3507895901813,128.17754198637618,216.5,128.17755126953125,12.0,60.0,2.0,24.0,1.6318283936297358,70.36817160637028,0.2799439810085441,25.720056018991457,12.0,60.0,2.0,24.0,222.0,1.0,6.0,0.0,2.0,2.0
317,0.0,0.0,37221.80476625244,17,73336.68268440037,73506.89590736653,0.9702613332412049,0.9748342770851448,0.9766670786802971,0.6701131438046825,97,45,0.004964222014447646,0.16746029653313202,0.05850324915486407,170.21322296618422,146426.44593236834,54627.50853572542,73.21322296618418,97.0,7845.0,723.0,0.0,32.0,3.0,0.0,34,220.98820348919944,53.106885728942196,227.35545349121094,52.22977066040039,32.0,500.0,3.0,43.0,4.42858449217726,527.5714155078227,0.46913711727171525,45.530862882728286,32.0,500.0,3.0,43.0,139.0,1.0,97.0,0.0,3.0,3.0
318,0.0,0.0,84959.92306492761,15,172916.75846595742,173184.35305131663,1.0352744238458396,1.0384240804804712,1.0397620370109801,0.7246292271107995,91,41,0.00789539185668847,0.17397233552253097,0.0659340539130194,267.59458535922215,353189.1707184442,121851.68549116493,176.59458535922212,91.0,6239.0,1321.0,0.0,31.0,4.0,0.0,34,228.77906735283725,78.85669011880098,221.0,74.27889251708984,31.0,391.0,4.0,84.0,4.36953151429501,417.6304684857049,0.9398704198078488,87.06012958019215,31.0,391.0,4.0,84.0,315.0,0.0,107.0,0.0,4.0,4.0
319,0.0,0.0,57606.98976361897,23,124441.66403288182,124695.8707540316,1.1601834177329557,1.164596193373427,1.1666433436918928,0.6956401787803655,133,61,0.0037402786811329774,0.17257850657164367,0.04333493753465378,254.2067211497484,242413.44229949673,87118.83301670026,121.20672114974838,133.0,10372.0,1220.0,0.0,45.0,4.0,0.0,48,214.8740810435349,138.72759598367784,218.0,105.76021575927734,45.0,961.0,4.0,94.0,6.326742708307663,999.6732572916922,0.5811032543265776,97.41889674567341,45.0,961.0,4.0,94.0,237.0,1.0,101.0,0.0,4.0,4.0
320,0.0,0.0,23287.865092374846,12,46691.84632644111,46796.47541370093,1.004986122224207,1.0094789809231384,1.0113481429252906,0.6568050613982809,61,27,0.0046310234091522075,0.17857511352107872,0.08292899241712025,104.62908725981698,87258.17451963396,33213.11742553753,43.629087259816984,61.0,5163.0,885.0,0.0,21.0,1.0,0.0,21,253.68481811708492,146.23606955187478,240.09005737304688,146.23606872558594,21.0,203.0,1.0,27.0,2.8436109332656723,221.15638906673433,0.13260342572262707,27.86739657427737,21.0,203.0,1.0,27.0,211.0,1.0,38.0,0.0,1.0,1.0
321,0.0,0.0,132815.6853805023,16,235067.38589270719,235467.54697719344,0.7698766920433004,0.7728895973589629,0.7738391479385189,0.8021610865218244,114,49,0.01052078463991282,0.15965986073958396,0.0614607128679029,400.1610844862099,572322.16897242,178368.83968468622,286.16108448621003,114.0,6552.0,1512.0,0.0,43.0,6.0,0.0,47,203.30757428178723,111.32271756123436,199.3927459716797,93.96878051757812,43.0,577.0,6.0,126.0,6.313682203953251,613.6863177960468,1.2912824221896342,130.70871757781038,43.0,577.0,6.0,126.0,325.0,0.0,39.0,0.0,6.0,6.0
322,0.0,0.0,10696.19029167917,25,19894.447441511296,20073.13411513724,0.8599563862460149,0.8766620233703795,0.8827413051602548,0.8690071125089697,153,56,0.014388062473017268,0.16673384177799536,0.03906251100910967,178.68667362594755,51373.347251895095,14779.323009098165,25.68667362594755,153.0,10565.0,2035.0,0.0,64.0,8.0,0.0,65,211.62531390469408,77.35171920067663,204.37942504882812,76.84931945800781,64.0,1349.0,8.0,204.0,11.368428677408453,1401.631571322591,2.1939909532984636,209.80600904670155,64.0,1349.0,8.0,204.0,433.0,0.0,142.0,0.0,8.0,8.0
323,0.0,0.0,67836.01841511254,10,131172.87181384568,131349.36655105228,0.9336758683440494,0.93627765337404,0.937166900829199,0.6423110581853667,50,24,0.010812200280470101,0.17532919603283428,0.09827204557466361,176.49473720658244,252989.47441316486,98468.44110387158,126.49473720658243,50.0,4489.0,551.0,0.0,14.0,2.0,0.0,16,246.13046085128846,61.56453986513147,272.68701171875,61.564537048339844,14.0,126.0,2.0,18.0,2.0102684696851236,137.98973153031483,0.27495354268247063,19.72504645731753,14.0,126.0,2.0,18.0,124.0,1.0,28.0,0.0,2.0,2.0
324,0.0,0.0,35384.57021526148,8,62775.91949873182,62886.243514208356,0.774104337479175,0.7772221940704909,0.7782199538171453,0.6591756812416216,46,20,0.01621741073033927,0.17617138566290866,0.12151826872150737,110.32401547654013,128648.03095308025,48791.25346021532,64.32401547654013,46.0,3366.0,666.0,0.0,16.0,2.0,0.0,18,239.81995301776692,90.46486686183431,274.9907531738281,90.4648666381836,16.0,106.0,2.0,20.0,2.2249391671021774,119.77506083289782,0.2670586769836195,21.732941323016384,16.0,106.0,2.0,20.0,152.0,1.0,14.0,0.0,2.0,2.0
325,0.0,0.0,20115.531775752475,27,40462.7959801118,40710.344439797416,1.011520074696021,1.0238264090472713,1.0293387834996341,0.9198156843037113,194,72,0.011526325706473353,0.17182019299646592,0.03636574485779635,247.5484596856142,107096.91937122843,29108.25538170167,53.54845968561422,194.0,11491.0,2117.0,0.0,81.0,14.0,0.0,93,198.655560471882,81.37712916163879,177.19248962402344,83.68083953857422,81.0,2069.0,14.0,347.0,14.39870145076553,2135.6012985492343,2.7835170057305128,358.2164829942695,81.0,2069.0,14.0,347.0,454.0,1.0,45.0,0.0,14.0,14.0
326,0.0,0.0,18152.788074968663,28,37214.7395826596,37442.49221599095,1.05008395564183,1.0626303828017112,1.068950539340498,0.8110231812327411,185,70,0.007475409375456088,0.17687364986924586,0.035348129587404915,227.7526333313467,85505.26666269312,26357.220311732213,42.75263333134656,185.0,12083.0,2029.0,0.0,72.0,15.0,0.0,84,207.8757823250571,72.81409070516989,217.17599487304688,63.232200622558594,72.0,1932.0,15.0,333.0,10.813546307485591,1993.1864536925148,3.161596472313166,344.8384035276868,72.0,1932.0,15.0,333.0,427.0,1.0,143.0,0.0,15.0,15.0
327,0.0,0.0,237950.1615328371,5,493913.7160924955,494387.7703814907,1.0757023778037462,1.077694619733491,1.078468618976871,0.6325048299921681,26,13,0.007525589871232591,0.19232854552801595,0.1978280756559572,474.05428899532467,896108.5779906493,354190.40910792147,448.05428899532467,26.0,2219.0,301.0,0.0,8.0,0.0,0.0,8,193.77257880512877,,153.42880249023438,,8.0,24.0,0.0,8.0,1.0890133170802727,30.910986682919727,0.0,8.0,8.0,24.0,0.0,8.0,84.0,0.0,46.0,0.0,0.0,0.0
328,0.0,0.0,17840.39880534303,8,40042.47274508928,40117.27017401732,1.2444830511914868,1.2486756384617692,1.2506531334669226,0.6331620955604018,40,19,0.004460203020129213,0.1800441738055299,0.1243879896739885,74.7974289280394,69594.8578560788,27479.08408607494,34.7974289280394,40.0,3805.0,227.0,0.0,13.0,0.0,0.0,13,272.9330856931065,,321.0,,13.0,85.0,0.0,6.0,1.759906310064454,96.24009368993555,0.0,6.0,13.0,85.0,0.0,6.0,43.0,0.0,66.0,0.0,0.0,0.0
329,0.0,0.0,310267.3625815719,5,755933.790562338,756635.9609747268,1.4363948056689222,1.4386579196701712,1.4396871100391047,0.7158192343299443,29,14,0.009872026368607126,0.20229884329802322,0.19699932401717848,702.1704123888899,1346340.8247777796,470209.7820960506,673.1704123888899,29.0,2101.0,419.0,0.0,10.0,0.0,0.0,10,264.72204381291345,,307.1550598144531,,10.0,32.0,0.0,8.0,1.3864812806736921,40.61351871932631,0.0,8.0,10.0,32.0,0.0,8.0,102.0,0.0,41.0,0.0,0.0,0.0
330,0.0,0.0,82662.76172959743,10,158717.01968889296,158920.0566290541,0.920054645743396,0.9225108537857225,0.9233691548059015,0.6776921884698778,49,22,0.011621278014789408,0.16807167983102872,0.09815733177327764,203.03694016117703,308073.88032235403,113648.15972644466,154.03694016117703,49.0,4155.0,885.0,0.0,17.0,0.0,0.0,17,236.5314496516069,,225.2993621826172,,17.0,126.0,0.0,27.0,2.4270743462841735,140.57292565371583,0.0,27.0,17.0,126.0,0.0,27.0,204.0,0.0,9.0,0.0,0.0,0.0
331,0.0,0.0,184129.31463343464,29,362349.4111755484,362958.4552243874,0.9679072389799257,0.9712149363449623,0.9724313345384288,0.8347528167755186,175,69,0.010803791609704821,0.1737520262794543,0.03389400642565485,609.0440488389078,868088.097677815,259983.57844153908,434.0440488389075,175.0,12651.0,1965.0,0.0,68.0,9.0,0.0,72,219.14663716235378,71.13976330616639,203.32354736328125,69.50453186035156,68.0,1764.0,9.0,247.0,11.88682866083643,1820.1131713391637,2.0757267664305195,253.9242732335695,68.0,1764.0,9.0,247.0,389.0,0.0,27.0,0.0,9.0,9.0
332,0.0,0.0,163717.48134343082,26,349678.00933635904,350222.6484320395,1.1358623799179886,1.1391890808372263,1.1406624905446958,0.7827064193735412,164,72,0.006805296636023558,0.1780054475954085,0.03811469919940989,544.6390956803955,761278.1913607905,243155.72624602294,380.63909568039526,164.0,11332.0,1772.0,0.0,62.0,4.0,0.0,58,196.4946358540701,101.64677686106592,177.5850830078125,105.42852783203125,62.0,1247.0,4.0,195.0,10.042055860190008,1298.9579441398093,0.9220388633576295,198.0779611366424,62.0,1247.0,4.0,195.0,393.0,1.0,83.0,0.0,4.0,4.0
333,0.0,0.0,11645.286694152803,19,23375.863769092863,23534.32362421749,1.0073240258507403,1.020931235298335,1.0273105168443228,0.8668306791351205,130,48,0.013984018512653539,0.16656812267445467,0.051414436668424095,158.45985512462036,56919.71024924084,16416.0405311313,28.459855124620418,130.0,8076.0,1500.0,0.0,54.0,9.0,0.0,59,218.13593492844316,74.80699662959631,219.15834045410156,68.20023345947266,54.0,896.0,9.0,162.0,8.49869511712361,941.5013048828763,2.003084318601767,168.99691568139824,54.0,896.0,9.0,162.0,324.0,1.0,93.0,0.0,9.0,9.0
334,0.0,0.0,71268.2512788538,18,134920.6448402907,135192.36269784818,0.8931381424300977,0.8969507497648042,0.8983746123861083,0.7849845830603406,117,49,0.00951617354719231,0.17702292441193007,0.054743960443451214,271.71785755751625,309435.7151150326,98548.34151922661,154.7178575575163,117.0,7607.0,1465.0,0.0,42.0,8.0,0.0,49,207.0506414094092,122.85424269232058,196.8338623046875,124.48273468017578,42.0,695.0,8.0,137.0,6.498496993170852,730.5015030068291,1.2813748132635843,143.71862518673638,42.0,695.0,8.0,137.0,308.0,2.0,30.0,0.0,8.0,8.0
335,0.0,0.0,175097.6929908015,7,377861.1095114683,378262.0367291905,1.1580016450092163,1.1602913794475973,1.1611102185196702,0.6825716448775155,39,19,0.006742766998530396,0.17155539259061994,0.14173257218322108,400.92721772222615,723854.4354444521,265120.31406400737,361.92721772222603,39.0,3241.0,287.0,0.0,13.0,0.0,0.0,13,280.29332347141826,,308.0,,13.0,76.0,0.0,2.0,1.7784085297686891,87.22159147023133,0.0,2.0,13.0,76.0,0.0,2.0,58.0,0.0,38.0,0.0,0.0,0.0
336,0.0,0.0,11434.666628493871,29,25121.17090610251,25322.17550780763,1.196930765213867,1.2145092927071164,1.2237684947956988,0.8429635949425889,172,63,0.011190285149071123,0.1816559945241663,0.03391431149656976,201.00460170511846,58009.203410236834,17203.94681284772,29.004601705118418,172.0,12929.0,1687.0,0.0,71.0,9.0,0.0,75,201.72136026327232,65.8493387067638,202.7875518798828,68.95357513427734,71.0,1892.0,9.0,203.0,12.112080959029315,1950.8879190409702,2.677431040588945,209.322568959411,71.0,1892.0,9.0,203.0,331.0,0.0,472.0,0.0,9.0,9.0
337,0.0,0.0,27507.133408410977,20,53182.56319000779,53340.70298895354,0.9334098686468699,0.9391589155067435,0.9414482023229616,0.6796439476997613,105,46,0.0052185031885154535,0.1743575506471563,0.049725956820259015,158.13979894576931,106279.59789153858,39093.85136557139,53.13979894576929,105.0,8935.0,1145.0,0.0,36.0,3.0,0.0,38,236.08390721197534,89.94292771952632,221.7939910888672,94.58798217773438,36.0,647.0,3.0,74.0,5.148298087832027,677.8517019121679,0.41168956587834604,76.58831043412167,36.0,647.0,3.0,74.0,253.0,1.0,41.0,0.0,3.0,3.0
338,0.0,0.0,248584.64716209186,28,496181.3008286314,496954.2604578296,0.9960255248792251,0.9991349672282297,1.0003776840097935,0.8219562207169623,183,77,0.008799039902251378,0.17606803883554292,0.035248317294327966,772.9596291982557,1179919.2583965114,358875.3356496624,589.9596291982557,183.0,12427.0,1685.0,0.0,68.0,10.0,0.0,76,204.26544112383021,64.18109938493363,203.76516723632812,57.555233001708984,68.0,1801.0,10.0,249.0,11.354678899834182,1857.6453211001665,2.710562854963611,256.2894371450364,68.0,1801.0,10.0,249.0,340.0,0.0,60.0,0.0,10.0,10.0
339,0.0,0.0,18716.71152700894,10,42495.20313488088,42576.67269845987,1.2704417425870274,1.2747945138236534,1.2772371591630494,0.651215260301681,45,21,0.008276841660358433,0.19296913075246577,0.09882920242460842,81.4695635789947,72939.12715798937,28001.158604683074,36.46956357899468,45.0,4273.0,767.0,0.0,14.0,0.0,0.0,14,195.561248391329,,165.99142456054688,,14.0,94.0,0.0,32.0,1.9303940320711768,106.06960596792882,0.0,32.0,14.0,94.0,0.0,32.0,179.0,0.0,73.0,0.0,0.0,0.0
340,0.0,0.0,20012.802464596625,24,39407.87646400142,39598.66912195653,0.9691333352095681,0.9786668654731399,0.9825880834622702,0.7451766406922435,148,58,0.004572902885183981,0.17493597787989026,0.041506397024573864,190.79265795513606,85585.31591027223,28713.096746687606,42.792657955136114,148.0,10411.0,1685.0,0.0,59.0,7.0,0.0,64,233.32520538800313,113.1882917947268,225.12109375,101.6768798828125,59.0,1273.0,7.0,197.0,8.171708965888662,1323.828291034111,1.07786436059461,202.92213563940538,59.0,1273.0,7.0,197.0,326.0,3.0,190.0,0.0,7.0,7.0
341,0.0,0.0,83559.56101327349,12,148393.7419202529,148590.00749268665,0.7759037998856944,0.778252610363559,0.77897736296005,0.6403995991378453,57,25,0.007752773712565645,0.18015035665402307,0.08238434536363051,196.2655724337862,278531.14486757235,108733.33823231315,139.2655724337862,57.0,5115.0,933.0,0.0,19.0,1.0,0.0,20,289.4128120580547,148.82227809328396,294.4825439453125,148.82228088378906,19.0,193.0,1.0,27.0,2.6067607698234885,209.39323923017653,0.13319805231587933,27.86680194768412,19.0,193.0,1.0,27.0,198.0,0.0,18.0,0.0,1.0,1.0
342,0.0,0.0,46495.54686538113,17,101941.93473206302,102134.23571705873,1.1925096402719206,1.1966455414056894,1.1986721372044191,0.6832001024456579,96,45,0.0051916325992649075,0.18622543779142806,0.05845908586310631,192.30098499572244,192601.9699914449,70477.87657744261,96.30098499572246,96.0,7571.0,997.0,0.0,34.0,0.0,0.0,33,208.51121603663606,,213.66604614257812,,34.0,461.0,0.0,66.0,4.705454401947154,490.29454559805276,0.0,66.0,34.0,461.0,0.0,66.0,205.0,0.0,45.0,0.0,0.0,0.0
343,0.0,0.0,27686.289864846458,25,56017.87450116537,56239.70854572697,1.0233073761281313,1.0313197911409233,1.0352056350141532,0.8081282545136512,158,65,0.00896408374300399,0.1713195399960098,0.039482296536769365,221.83404456162157,127668.08912324312,39494.99612536023,63.83404456162156,158.0,10199.0,2401.0,0.0,54.0,14.0,0.0,64,216.658687270992,75.52205839025844,206.781982421875,67.46926879882812,54.0,1192.0,14.0,340.0,8.524979541202345,1237.4750204587976,3.0887390948874414,350.9112609051125,54.0,1192.0,14.0,340.0,540.0,0.0,112.0,0.0,14.0,14.0
344,0.0,0.0,272141.263500194,11,564313.622014851,564868.409635575,1.0736055045707857,1.0756441061910933,1.0764100014463884,0.6415719138589224,52,25,0.006813339922737902,0.196369622100311,0.09012733267188441,554.787620724069,1005575.2414481381,391840.4233906574,502.7876207240691,52.0,4824.0,720.0,0.0,16.0,0.0,0.0,16,251.75067071404754,,236.65725708007812,,16.0,142.0,0.0,18.0,2.1918482074647105,155.80815179253528,0.0,18.0,16.0,142.0,0.0,18.0,174.0,0.0,85.0,0.0,0.0,0.0
345,0.0,0.0,41758.00551824516,19,89260.32497776474,89465.60951810594,1.1375619805108887,1.1424780328412973,1.1447454308233262,0.741175074189674,114,51,0.004841453907480897,0.1753487683846069,0.0523718660812254,205.2845403412107,182569.08068242154,61580.956726730234,91.28454034121077,114.0,8347.0,1229.0,0.0,42.0,2.0,0.0,41,231.34960713579798,104.4024651907168,226.0,104.4024658203125,42.0,647.0,2.0,88.0,6.287204522394964,682.7127954776049,0.5131639301168271,89.48683606988317,42.0,647.0,2.0,88.0,259.0,0.0,74.0,0.0,2.0,2.0
346,0.0,0.0,12014.215549834236,21,24465.303323099703,24626.085219078363,1.036362942018071,1.049745579886665,1.0564935972699718,0.8180907613079385,132,49,0.012162958273597741,0.17723516215051666,0.04670468007661413,160.78189597867515,57563.79195735028,17590.894152538483,28.78189597867514,132.0,9269.0,1315.0,0.0,51.0,11.0,0.0,59,194.13305086557406,72.16921122614899,179.51499938964844,73.68655395507812,51.0,1024.0,11.0,153.0,8.229371234884857,1066.7706287651151,2.6609484693296928,161.3390515306703,51.0,1024.0,11.0,153.0,244.0,0.0,164.0,0.0,11.0,11.0
347,0.0,0.0,61158.20329487726,5,95750.31905717062,95874.47399873695,0.5656169393254702,0.5676470012775474,0.5681295788089116,0.6796784013038782,26,13,0.015222955538895026,0.18934195228094503,0.19487896010572128,124.154941566344,196309.883132688,72206.90062980226,98.15494156634401,26.0,1790.0,730.0,0.0,8.0,0.0,0.0,8,268.03115568494854,,287.73468017578125,,8.0,24.0,0.0,8.0,1.1184556780130848,30.88154432198691,0.0,8.0,8.0,24.0,0.0,8.0,176.0,0.0,11.0,0.0,0.0,0.0
348,0.0,0.0,249139.50445011468,11,526313.7741949847,526851.536024365,1.1125263749586076,1.1146848517147014,1.115627980951417,0.6588201733314212,58,28,0.0062774990732812255,0.18948407042852744,0.09015844472403448,537.7618293803075,959523.6587606155,364106.81457606365,479.76182938030774,58.0,4639.0,905.0,0.0,17.0,2.0,0.0,19,183.57564975367018,34.38497254940343,148.0,34.384971618652344,17.0,140.0,2.0,50.0,2.3522400555194585,154.64775994448055,0.33929128724652546,51.660708712753475,17.0,140.0,2.0,50.0,236.0,0.0,65.0,0.0,2.0,2.0
349,0.0,0.0,13074.16209067235,26,27491.35329825365,27671.39964820735,1.1027239151231822,1.1164950729767438,1.1231756292293613,0.77696675350072,150,57,0.009867997400331287,0.17503403934710815,0.03790584287537093,180.04634995369682,60092.69990739367,19335.67287037655,30.046349953696833,150.0,11838.0,1266.0,0.0,58.0,9.0,0.0,66,222.37015820804712,73.93034766216115,218.04200744628906,85.3938217163086,58.0,1510.0,9.0,139.0,8.811060102568387,1559.1889398974317,2.414807070844457,145.58519292915557,58.0,1510.0,9.0,139.0,249.0,1.0,208.0,0.0,9.0,9.0
350,0.0,0.0,32745.178107061154,19,72001.45294770383,72172.2722993426,1.1988413900908808,1.204058016217643,1.206300132474794,0.7225301023913371,98,44,0.006275825792744967,0.1754421100409725,0.05222056927330224,170.8193516387829,145638.70327756586,50391.91543561633,72.81935163878293,98.0,8784.0,792.0,0.0,35.0,0.0,0.0,34,229.85214176347668,,223.0,,35.0,584.0,0.0,27.0,5.721964093057268,613.2780359069428,0.0,27.0,35.0,584.0,0.0,27.0,183.0,0.0,116.0,0.0,0.0,0.0
351,0.0,0.0,319619.582663931,23,717868.4788717027,718825.0283492712,1.2460090614238637,1.2490018363646103,1.2502712047683824,0.8542564330018058,143,60,0.009388787996119129,0.17854822053443611,0.042851954246956134,956.5494775686781,1627098.9551373562,476174.0422076274,813.5494775686781,143.0,10167.0,1425.0,0.0,54.0,6.0,0.0,60,215.41530896855335,80.8079869901585,218.02783203125,82.45686340332031,54.0,1181.0,6.0,139.0,9.230381601264368,1225.7696183987355,1.3819603653663015,143.6180396346337,54.0,1181.0,6.0,139.0,317.0,1.0,65.0,0.0,6.0,6.0
352,0.0,0.0,11691.566063751097,23,24492.49859466638,24685.893709892716,1.0948860453009543,1.111427466199729,1.1198172906523047,0.9222428536581269,162,59,0.014077133098582486,0.17366071332505661,0.042493233482795295,193.39511522634064,62790.23045268106,17021.067228555952,31.395115226340533,162.0,9974.0,1618.0,0.0,68.0,12.0,0.0,79,194.56221986113786,71.05888152497918,188.06011962890625,71.08744812011719,68.0,1505.0,12.0,232.0,11.357677754885824,1561.6423222451135,3.229976778357157,240.77002322164284,68.0,1505.0,12.0,232.0,313.0,2.0,124.0,0.0,12.0,12.0
353,0.0,0.0,10107.043357323244,24,18914.269009209445,19082.189966166174,0.8713948620300282,0.8880091132032022,0.8947585451870266,0.8364033962214703,145,53,0.012595142030945307,0.17610968756070242,0.04085332989419443,167.92095695673285,45841.91391346573,13702.09462340804,22.920956956732866,145.0,10002.0,2094.0,0.0,60.0,8.0,0.0,66,212.35202882293015,75.21445201650016,212.3316192626953,70.71964263916016,60.0,1294.0,8.0,222.0,9.667323298626032,1344.3326767013737,2.409814951863459,227.5901850481365,60.0,1294.0,8.0,222.0,456.0,1.0,243.0,0.0,8.0,8.0
354,0.0,0.0,349979.06923859083,20,690290.7135840344,691152.5833860147,0.9723771341121068,0.9748397665313979,0.9758387328020033,0.7463059683702624,120,54,0.007563117007006287,0.17517517941244684,0.04947746289832951,861.8698019806154,1483739.603961231,497027.9171159957,741.8698019806155,120.0,8694.0,1386.0,0.0,39.0,7.0,0.0,46,202.69453632254752,76.13970186737137,144.95814514160156,81.44107055664062,39.0,702.0,7.0,172.0,5.8598467227867435,735.1401532772135,1.9426665010842163,177.0573334989158,39.0,702.0,7.0,172.0,290.0,0.0,59.0,0.0,7.0,7.0
355,0.0,0.0,52719.71513824079,20,104773.94314192235,105001.88659694779,0.9873768829589804,0.9917005682146334,0.9934104422345622,0.7549834692151992,113,48,0.010443812827138462,0.17030786777420176,0.049188079252466724,227.943455025484,229886.91005096812,76123.1601169805,114.94345502548406,113.0,8695.0,1385.0,0.0,41.0,4.0,0.0,45,219.64272678386166,75.45794445284268,221.7604217529297,81.34086608886719,41.0,728.0,4.0,127.0,6.761047257439484,762.2389527425605,0.6848108698018234,130.31518913019818,41.0,728.0,4.0,127.0,312.0,0.0,47.0,0.0,4.0,4.0
356,0.0,0.0,45047.567043483825,6,87553.27942699444,87661.60097893159,0.9435739857488954,0.9459785895720627,0.9468450967092901,0.6408831673906136,29,14,0.003421173722342397,0.17528415479774379,0.16662029389681945,108.32155193715411,158643.10387430817,61884.56490448608,79.32155193715408,29.0,2280.0,744.0,0.0,9.0,0.0,0.0,9,261.50198376368854,,277.4812316894531,,9.0,33.0,0.0,12.0,1.2127613416677554,40.78723865833225,0.0,12.0,9.0,33.0,0.0,12.0,179.0,0.0,12.0,0.0,0.0,0.0
357,0.0,0.0,150823.78896208754,9,303047.87512547476,303374.21161906724,1.0092843258410098,1.011448019617954,1.0122959123353836,0.6670681365345676,46,20,0.011999733420441541,0.17444309776276415,0.1088986641918779,326.3364935924219,560672.9871848437,210125.83140964847,280.3364935924219,46.0,3843.0,693.0,0.0,16.0,1.0,0.0,17,229.4796010198488,56.93294512149416,268.69384765625,56.932945251464844,16.0,110.0,1.0,26.0,2.209564965859122,123.79043503414088,0.1424047322640678,26.85759526773593,16.0,110.0,1.0,26.0,175.0,0.0,7.0,0.0,1.0,1.0
358,0.0,0.0,316593.2539010009,17,639887.8434801082,640746.9680536657,1.0211670198133849,1.0238806738883581,1.0248205541563635,0.8069397627559739,116,49,0.01213495348747608,0.166624763235238,0.057678913389819765,859.1245735577675,1486249.1471155346,460458.51738656673,743.1245735577673,116.0,7716.0,852.0,0.0,48.0,2.0,0.0,49,208.5460329558372,63.2064842339293,205.62701416015625,63.20648193359375,48.0,729.0,2.0,54.0,7.5205895310833935,769.4794104689164,0.29644592107654566,55.70355407892345,48.0,729.0,2.0,54.0,161.0,0.0,25.0,0.0,2.0,2.0
359,0.0,0.0,146072.68221418027,15,304013.56901309703,304459.8787123096,1.0812486250326714,1.0843040197337706,1.0855954914495762,0.8074760944413029,107,43,0.011629908209603057,0.1839332186300861,0.06542342387879421,446.3096992126374,678619.3984252746,210105.1049984381,339.3096992126373,107.0,6041.0,1519.0,0.0,42.0,7.0,0.0,48,220.57405395352768,86.89982653348973,194.3623046875,92.0748291015625,42.0,536.0,7.0,135.0,5.9481374704540855,572.051862529546,1.3803404969566229,140.61965950304335,42.0,536.0,7.0,135.0,338.0,1.0,25.0,0.0,7.0,7.0
360,0.0,0.0,34511.710161463205,13,66051.67245521197,66207.73411368804,0.9138916079843304,0.9184135994401563,0.9200461269335469,0.772339324364981,83,36,0.010024096330810472,0.16980459886111915,0.075742961428756,156.06165847606937,146123.31695213867,47298.9372489487,73.06165847606934,83.0,5762.0,790.0,0.0,33.0,1.0,0.0,32,242.17892452562836,118.47337522087166,247.32791137695312,118.47337341308594,33.0,349.0,1.0,33.0,5.12278675952008,376.8772132404799,0.14054185398920305,33.859458146010795,33.0,349.0,1.0,33.0,179.0,0.0,49.0,0.0,1.0,1.0
361,0.0,0.0,10047.60287793802,30,20235.970130056172,20426.31801137506,1.0140097469904203,1.0329543533439263,1.0418398480577573,0.8552139624272176,166,62,0.01347370460349083,0.17118740937318738,0.03261207440474977,190.34788131888615,48695.76263777221,14234.964809147521,24.347881318886106,166.0,12650.0,2470.0,0.0,61.0,13.0,0.0,70,209.45872195197845,85.8444811943902,191.0,80.07843017578125,61.0,1717.0,13.0,309.0,10.751087037659627,1767.2489129623402,4.205390825802943,317.79460917419703,61.0,1717.0,13.0,309.0,541.0,1.0,202.0,0.0,13.0,13.0
362,0.0,0.0,14805.658008736827,13,29236.460376964624,29382.887895626885,0.9746815953544361,0.9845715657006278,0.9888443494449262,0.9404866169058926,107,40,0.01993174600259568,0.1696236882355835,0.07427894691142561,146.42751866226988,78855.03732453965,20961.233234760126,39.427518662269826,107.0,5754.0,798.0,0.0,48.0,6.0,0.0,54,185.6999418002574,61.728409144303185,177.11834716796875,59.933876037597656,48.0,572.0,6.0,76.0,8.122239764675863,611.8777602353241,0.9218063055148764,81.07819369448512,48.0,572.0,6.0,76.0,178.0,2.0,20.0,0.0,6.0,6.0
363,0.0,0.0,462099.3026619053,20,932956.8735500345,934104.0962132583,1.0189532167128843,1.0214358490315556,1.0223138547209798,0.7615576569007689,127,54,0.0078261114032753,0.173246209335776,0.049451987574681104,1147.2226632240179,2040445.326448036,669826.279060676,1020.222663224018,127.0,8706.0,1374.0,0.0,50.0,3.0,0.0,51,217.8942177076628,130.51904784921464,216.7401123046875,89.74571228027344,50.0,854.0,3.0,113.0,7.261741348222699,896.7382586517775,0.5896068327121572,115.41039316728785,50.0,854.0,3.0,113.0,281.0,0.0,30.0,0.0,3.0,3.0
364,0.0,0.0,19183.75362354958,18,40225.02749882098,40369.53594531195,1.096827778763879,1.1043606343940504,1.1083499877284262,0.7342236624100228,104,43,0.00670467662123319,0.18455738048347348,0.05507211291786331,144.50844649097957,81016.89298195919,27585.903699980383,40.508446490979594,104.0,7517.0,1555.0,0.0,37.0,6.0,0.0,43,224.4189263853729,49.81677246330806,222.0,51.24176025390625,37.0,558.0,6.0,173.0,5.267443206217358,589.7325567937827,0.9170123931922736,178.08298760680773,37.0,558.0,6.0,173.0,364.0,0.0,72.0,0.0,6.0,6.0
365,0.0,0.0,27734.80156936826,25,57685.719092455714,57905.96291179576,1.0799037969742242,1.087844860435204,1.0917852700419735,0.7748445139902453,158,64,0.006438769222287384,0.17152555885649418,0.039682952818723236,220.24381934004748,124487.63868009501,40165.361060316616,62.24381934004751,158.0,10867.0,1733.0,0.0,58.0,11.0,0.0,64,220.88849584464884,56.67138763038097,218.638427734375,56.288848876953125,58.0,1328.0,11.0,203.0,8.449292557272972,1377.5507074427271,2.1052339544597727,211.89476604554022,58.0,1328.0,11.0,203.0,367.0,1.0,108.0,0.0,11.0,11.0
366,0.0,0.0,117451.11834880424,16,234554.36012181564,234911.20720525715,0.9970381161058022,1.0000763765196514,1.0012699408312642,0.7759187834249343,97,38,0.017790549331350415,0.17089438043007787,0.0605620219538586,356.8470834414978,519694.16688299546,167444.76934462335,259.8470834414977,97.0,6546.0,1518.0,0.0,34.0,9.0,0.0,43,229.88161555453297,95.46724783663687,230.08518981933594,100.17738342285156,34.0,524.0,9.0,121.0,5.079791820575614,552.9202081794243,1.9585592214371048,128.0414407785629,34.0,524.0,9.0,121.0,320.0,1.0,22.0,0.0,9.0,9.0
367,0.0,0.0,13877.18742871585,25,27373.605900089176,27576.819081578407,0.9725615180094345,0.9872052044576498,0.9938833354542476,0.8468711916017976,170,64,0.009308647130477792,0.17214292290297648,0.039464055794480105,203.21318148923666,66426.36297847322,19609.34662709225,33.21318148923661,170.0,11107.0,1493.0,0.0,68.0,13.0,0.0,75,213.98842038363932,65.075350689444,218.14968872070312,53.171791076660156,68.0,1571.0,13.0,223.0,10.427006011017376,1628.5729939889825,3.196338019395168,232.80366198060483,68.0,1571.0,13.0,223.0,318.0,0.0,267.0,0.0,13.0,13.0
368,0.0,0.0,23797.167195288475,13,48865.323296673385,48981.43673412676,1.0534092522721812,1.0582885488918374,1.060515516054176,0.6792746879339326,70,33,0.0045571643570669835,0.18005694692286375,0.07658405943093673,116.11343745337584,92226.8749067517,33943.14426291483,46.11343745337585,70.0,5640.0,912.0,0.0,24.0,0.0,0.0,24,219.86889497202847,,224.38888549804688,,24.0,246.0,0.0,42.0,3.260756855682705,266.73924314431724,0.0,42.0,24.0,246.0,0.0,42.0,203.0,0.0,92.0,0.0,0.0,0.0
369,0.0,0.0,11113.464271648923,16,23251.471403810592,23364.117244904748,1.0921893331790713,1.1023253122348118,1.1074844421776455,0.7259409809520736,89,34,0.008753612738252503,0.18392731546604926,0.06173928248418497,112.64584109415651,47291.682188313,16286.338500372933,23.645841094156502,89.0,7017.0,1047.0,0.0,33.0,6.0,0.0,38,226.5722505541748,71.29073792775357,221.8721466064453,66.01654052734375,33.0,478.0,6.0,91.0,4.6281013979291945,506.37189860207087,1.1335356497746438,95.86646435022534,33.0,478.0,6.0,91.0,234.0,1.0,177.0,0.0,6.0,6.0
370,0.0,0.0,31388.65681588015,16,60698.11790008192,60849.25006353058,0.9337596462354365,0.9385745118200064,0.9405132038739326,0.7220800097877536,89,38,0.007581323179057113,0.175868457564885,0.06185338357980764,151.13216344866325,124264.32689732643,43023.0463428327,62.13216344866322,89.0,6739.0,1325.0,0.0,31.0,4.0,0.0,33,242.79900605319057,102.92603004567854,263.0,89.8185043334961,31.0,424.0,4.0,69.0,4.650245188734051,450.34975481126594,0.5793431744314792,72.42065682556851,31.0,424.0,4.0,69.0,307.0,0.0,93.0,0.0,4.0,4.0
371,0.0,0.0,69782.58002241247,10,141609.16405551494,141819.70473229326,1.0292910352416538,1.0323081302918897,1.033525839787587,0.7346672504183394,63,28,0.010230430726254913,0.17815615867888587,0.09843696620750281,210.54067677835485,295081.3535567096,100413.26647835544,147.5406767783548,63.0,4248.0,792.0,0.0,24.0,1.0,0.0,25,202.752565365935,99.6233225810522,206.40769958496094,99.62332153320312,24.0,183.0,1.0,42.0,3.4593419400766217,203.54065805992335,0.1611970537556533,42.83880294624434,24.0,183.0,1.0,42.0,167.0,0.0,30.0,0.0,1.0,1.0
372,0.0,0.0,90787.85975001108,12,205684.24182708043,205933.68416960878,1.2655478650277945,1.2682953947439395,1.2694065432727157,0.65617734632483,61,28,0.005469985863579872,0.1910794858285473,0.08275655495833018,249.44234252835005,376884.68505670014,143591.01513012667,188.44234252835008,61.0,5653.0,395.0,0.0,21.0,0.0,0.0,21,263.77384831511637,,258.5892028808594,,21.0,225.0,0.0,6.0,2.8380436106151636,243.1619563893849,0.0,6.0,21.0,225.0,0.0,6.0,72.0,0.0,29.0,0.0,0.0,0.0
373,0.0,0.0,277031.43077663134,5,626791.2466259658,627411.812554855,1.2625275582226032,1.2647676142593838,1.2656646407558236,0.6520614456698035,29,14,0.00928837514384488,0.19073980863880702,0.1974786011997626,620.5659288893244,1183131.857778649,453612.1042102578,591.5659288893246,29.0,2304.0,216.0,0.0,10.0,0.0,0.0,10,242.86788419386556,,225.5,,10.0,32.0,0.0,8.0,1.3718189933091671,40.628181006690845,0.0,8.0,10.0,32.0,0.0,8.0,41.0,0.0,97.0,0.0,0.0,0.0
374,0.0,0.0,222501.48508009393,8,500095.6283407897,500583.6047661286,1.2476057998478982,1.2497989376831948,1.2507340974542904,0.6550048690161184,42,19,0.007757878271556857,0.19745710546056805,0.12359675438327648,487.9764253389652,891952.8506779304,340437.48866238625,445.9764253389652,42.0,3665.0,367.0,0.0,14.0,1.0,0.0,15,250.73896399575938,53.83502957689815,254.41751098632812,53.83502960205078,14.0,96.0,1.0,9.0,1.9408498603474764,108.05915013965253,0.13895699717898302,9.861043002821017,14.0,96.0,1.0,9.0,79.0,0.0,30.0,0.0,1.0,1.0
375,0.0,0.0,15296.441191958938,18,28869.100885384545,29030.288635950103,0.8873083302906108,0.8978459284510438,0.9017641126955984,0.8916392300513953,123,46,0.016961565452387573,0.16714472795393995,0.05393402549343357,161.18775056555899,76375.50113111796,21414.35082626287,38.18775056555898,123.0,7935.0,1137.0,0.0,53.0,6.0,0.0,59,195.56184385275927,98.91061153021714,195.7864990234375,93.00631713867188,53.0,928.0,6.0,75.0,9.24850337842823,971.7514966215717,1.2561775484460584,79.74382245155392,53.0,928.0,6.0,75.0,238.0,0.0,44.0,0.0,6.0,6.0
376,0.0,0.0,95688.9765140321,26,184562.09954979917,184951.52250477683,0.9287707557697042,0.9328404299282587,0.9345017219859544,0.8191059406968315,175,73,0.008392344911851172,0.16902734299006347,0.03797911667010183,389.42295497763735,428845.9099552748,130888.41401591047,214.4229549776374,175.0,10874.0,2230.0,0.0,62.0,14.0,0.0,72,209.55116144456966,95.23197566974885,196.7972412109375,98.49488067626953,62.0,1485.0,14.0,311.0,9.768932618583289,1537.231067381417,2.4773397527889065,322.5226602472111,62.0,1485.0,14.0,311.0,477.0,1.0,34.0,0.0,14.0,14.0
377,0.0,0.0,43712.10585912454,22,92763.5482700121,92996.56395296738,1.1221477768417438,1.1274784667816484,1.1298499807623257,0.7645395739162054,133,59,0.0057008519753630445,0.17761879763043184,0.045155421111873595,233.01568295527133,200031.36591054255,65409.09481177042,100.01568295527127,133.0,9742.0,1346.0,0.0,49.0,3.0,0.0,52,220.81681040439062,111.37666710206206,224.0,99.94554901123047,49.0,972.0,3.0,120.0,7.843672325234629,1013.1563276747653,0.43826035871202607,122.56173964128799,49.0,972.0,3.0,120.0,267.0,0.0,54.0,0.0,3.0,3.0
378,0.0,0.0,12704.494478501369,30,26820.87644367771,27049.745990918913,1.1111329135578103,1.1291477623680874,1.1383749324566264,0.9141323181276343,195,73,0.01057205014361384,0.1783648849051041,0.03282205732134027,228.869547241217,67739.09448243416,18525.516804060797,33.86954724121708,195.0,13079.0,2041.0,0.0,78.0,14.0,0.0,86,196.62506811054726,77.34927755391973,194.0,73.07281494140625,78.0,2142.0,14.0,346.0,13.940095180298904,2206.0599048197014,3.881810965453487,356.1181890345465,78.0,2142.0,14.0,346.0,443.0,1.0,296.0,0.0,14.0,14.0
379,0.0,0.0,64175.1106486071,25,126197.31405325109,126488.2482751499,0.9664526134477365,0.9709860566932313,0.9727939430730204,0.7575093401070437,153,66,0.006406613614271366,0.17617333361651483,0.03965650695605345,290.9342218988438,275868.4437976877,91044.56842694002,137.93422189884384,153.0,10571.0,2029.0,0.0,53.0,9.0,0.0,58,230.41732724478678,101.35675368491916,247.56625366210938,99.44483947753906,53.0,1171.0,9.0,217.0,7.924011269463918,1216.0759887305362,1.7411874266673124,224.2588125733327,53.0,1171.0,9.0,217.0,424.0,0.0,44.0,0.0,9.0,9.0
380,0.0,0.0,393805.7841646841,14,924762.1352960344,925750.664908606,1.348269559467191,1.3507797552345493,1.3518799362638605,0.721027649644688,88,40,0.0067744800015579875,0.1843029659468295,0.0707877816608264,988.5296125718174,1801059.2251436347,624476.476745091,900.5296125718173,88.0,6186.0,870.0,0.0,31.0,3.0,0.0,34,241.38159564717876,45.79144507935058,276.34375,52.28532028198242,31.0,387.0,3.0,55.0,4.289427477314995,413.71057252268497,0.4800121372017119,57.51998786279829,31.0,387.0,3.0,55.0,208.0,2.0,49.0,0.0,3.0,3.0
381,0.0,0.0,331637.57028311974,6,582024.505550893,582569.2525747904,0.7550017178512598,0.7566443152910862,0.7571360071318269,0.6112673568104088,25,13,0.004816613729170871,0.203833106184397,0.16601204193528404,544.7470238973367,1039494.0477946736,425138.86772015376,519.7470238973368,25.0,2327.0,697.0,0.0,6.0,0.0,0.0,6,216.54169661212913,,211.56680297851562,,6.0,20.0,0.0,10.0,0.8172894930606247,25.182710506939372,0.0,10.0,6.0,20.0,0.0,10.0,170.0,0.0,39.0,0.0,0.0,0.0
382,0.0,0.0,18945.621094555336,30,37184.79927575015,37419.5767743701,0.9627120742130992,0.9751042516692092,0.9807795901267828,0.8048206946496655,191,73,0.008399516487789459,0.1795157751319866,0.03293231577210072,234.77749861996193,87554.99723992395,27197.050790933066,43.777498619961975,191.0,13051.0,2069.0,0.0,73.0,15.0,0.0,81,205.98340445094945,64.55946869646978,191.0,62.36766052246094,73.0,1977.0,15.0,365.0,11.003714771440517,2038.9962852285598,3.9501423090194976,376.0498576909805,73.0,1977.0,15.0,365.0,436.0,2.0,159.0,0.0,15.0,15.0
383,0.0,0.0,18099.81595427994,8,35131.22313667871,35206.06853220808,0.9409712908363286,0.9451064376090046,0.9467227813404677,0.6960676216266227,41,19,0.009110623882914995,0.17235929743952888,0.12323875416242601,74.84539552937079,67690.79105874157,24311.858846614887,33.84539552937078,41.0,3461.0,571.0,0.0,14.0,0.0,0.0,14,242.97894091588577,,205.7618865966797,,14.0,81.0,0.0,17.0,1.9411784438484476,93.05882155615154,0.0,17.0,14.0,81.0,0.0,17.0,129.0,0.0,27.0,0.0,0.0,0.0
384,0.0,0.0,11276.009622957305,14,23458.85521409039,23587.119091474804,1.0804217093190052,1.0917966443956195,1.0976350473056136,0.8526382958627062,100,38,0.015895969647742758,0.1718268052868316,0.06954396948764634,128.26387738442187,56527.754768843806,16574.365426446326,28.263877384421903,100.0,6084.0,972.0,0.0,43.0,5.0,0.0,47,187.56880663267123,66.34794498081274,148.71588134765625,72.09635925292969,43.0,510.0,5.0,100.0,6.615965266257335,546.3840347337426,1.3126317992280174,103.68736820077197,43.0,510.0,5.0,100.0,189.0,0.0,171.0,0.0,5.0,5.0
385,0.0,0.0,25722.539930934843,16,53042.017595631485,53188.904444212516,1.062083205548503,1.0677936388484577,1.070489157022811,0.723203177522377,93,39,0.011631721604805304,0.17489175940488025,0.06132669965477022,146.88684858103193,107773.69716206382,37255.6774194791,53.88684858103191,93.0,6804.0,1260.0,0.0,35.0,3.0,0.0,37,214.44157605860522,69.9554129617944,191.0,57.411888122558594,35.0,463.0,3.0,91.0,5.136821395699586,492.86317860430034,0.6101840485743693,93.38981595142563,35.0,463.0,3.0,91.0,278.0,1.0,53.0,0.0,3.0,3.0
386,0.0,0.0,27056.59871619801,11,56275.36917811036,56395.5709021453,1.0799129176728308,1.084355520577052,1.0864574834684988,0.7141707228673871,65,29,0.013052594961117873,0.18320280174536094,0.08891995129778633,120.20172403494738,110403.44806989474,38647.42859614371,55.201724034947375,65.0,4533.0,1011.0,0.0,24.0,1.0,0.0,24,216.703038055458,145.3131476086473,194.64906311035156,145.31314086914062,24.0,196.0,1.0,43.0,3.405860737705919,216.59413926229408,0.1324465351746309,43.86755346482537,24.0,196.0,1.0,43.0,231.0,0.0,9.0,0.0,1.0,1.0
387,0.0,0.0,155549.86241092096,17,301181.60885136144,301623.2205107346,0.9362383494478479,0.9390773854490919,0.9401249266382239,0.7428634677342651,110,48,0.007927736322492208,0.17761162597586855,0.058181675959009735,441.61165937320214,663223.3187464044,223198.25497989444,331.6116593732022,110.0,7461.0,1107.0,0.0,39.0,6.0,0.0,42,211.0301728877298,84.99180970402858,174.08477783203125,85.16807556152344,39.0,579.0,6.0,90.0,5.738068030545116,612.2619319694548,1.0835710457032803,94.91642895429673,39.0,579.0,6.0,90.0,236.0,1.0,55.0,0.0,6.0,6.0
388,0.0,0.0,45103.15108651849,15,105274.44217411692,105465.5071000012,1.3340817578837383,1.3383179347645457,1.3404645852491894,0.7580179716249278,83,34,0.013123236201652778,0.18454715292596702,0.06519518213548615,191.06492588429137,216129.85176858268,71281.24261528892,108.06492588429134,83.0,6462.0,1098.0,0.0,31.0,3.0,0.0,34,193.54119796926616,55.74860931096896,204.0,47.19614791870117,31.0,404.0,3.0,72.0,5.051213664103043,429.94878633589684,0.4974340974776622,74.50256590252233,31.0,404.0,3.0,72.0,264.0,0.0,22.0,0.0,3.0,3.0
389,0.0,0.0,190147.7893534833,10,327833.91723804286,328203.2574760074,0.724100597502094,0.726042982629054,0.726622896423619,0.6606242719387497,50,24,0.006777730186692632,0.16607243432822616,0.09905644952498299,369.34023796455074,638680.4759291013,241695.81071202192,319.3402379645507,50.0,3782.0,1258.0,0.0,14.0,2.0,0.0,16,237.88013733092902,111.03363231527058,201.46690368652344,111.03363037109375,14.0,106.0,2.0,38.0,1.9230784056686456,118.07692159433135,0.2655983585710089,39.734401641428995,14.0,106.0,2.0,38.0,293.0,0.0,33.0,0.0,2.0,2.0
390,0.0,0.0,187951.84331249216,26,396640.5153746467,397228.61492850195,1.1103305420377545,1.1134595326530659,1.114772950391806,0.7514933217417765,160,69,0.006515230126927974,0.16974829655517154,0.038131616063732325,588.0995538553525,856199.1077107047,284832.57367019774,428.0995538553523,160.0,11762.0,1342.0,0.0,59.0,6.0,0.0,58,196.83600741600492,74.88206714810761,168.3443145751953,78.76647186279297,59.0,1296.0,6.0,147.0,9.375516980093971,1345.6244830199055,1.1376903673827168,151.8623096326173,59.0,1296.0,6.0,147.0,237.0,0.0,70.0,0.0,6.0,6.0
391,0.0,0.0,249271.90974777634,19,519578.268793086,520290.10365718533,1.0843835525583962,1.087239208716443,1.0884586110050902,0.7955084166784729,135,58,0.009317024790956249,0.17409568215901156,0.05188825853096595,711.834864099372,1153669.728198744,362557.3608057223,576.834864099372,135.0,7852.0,1724.0,0.0,47.0,11.0,0.0,54,206.05766802506847,90.43945406332286,192.0626678466797,93.04316711425781,47.0,787.0,11.0,181.0,6.641836626011141,827.3581633739891,2.161498683877385,189.83850131612263,47.0,787.0,11.0,181.0,379.0,2.0,36.0,0.0,11.0,11.0
392,0.0,0.0,12912.92529273532,20,24703.58399144909,24860.06494939971,0.913089670343487,0.9252078352366624,0.9301380681820146,0.8266757939124257,127,49,0.012324297350914793,0.1702174771109111,0.04900259093084018,156.48095795062522,58961.915901250424,17831.02769412182,29.480957950625214,127.0,8246.0,1834.0,0.0,50.0,8.0,0.0,57,211.56073920627819,100.54581177845567,197.62307739257812,97.08160400390625,50.0,914.0,8.0,168.0,8.119750368710614,955.8802496312895,1.4564384141081825,174.5435615858918,50.0,914.0,8.0,168.0,390.0,1.0,87.0,0.0,8.0,8.0
393,0.0,0.0,24698.068480557475,14,47292.82548995657,47423.99511896862,0.9148390299098037,0.9201499565158782,0.9224285069103813,0.7093395864954638,82,34,0.012615449161188,0.17376441392907727,0.06996042398123134,131.16962901204562,98339.25802409122,34658.737470843276,49.16962901204561,82.0,5799.0,1257.0,0.0,29.0,5.0,0.0,33,213.36430705220624,64.23790392207337,196.61761474609375,54.492488861083984,29.0,337.0,5.0,91.0,4.237670397609024,361.7623296023909,0.8524802152198799,95.1475197847801,29.0,337.0,5.0,91.0,284.0,0.0,39.0,0.0,5.0,5.0
394,0.0,0.0,141097.7258046912,13,322088.3166458321,322489.03769691684,1.2827321617619107,1.2855721866368648,1.2867145331027778,0.735224185881791,74,32,0.012269809403610903,0.19265504198621636,0.07537718730985116,400.72105108486846,653442.1021697368,222191.4467442441,326.7210510848684,74.0,5865.0,687.0,0.0,29.0,0.0,0.0,28,238.2462838879783,,226.60714721679688,,29.0,314.0,0.0,21.0,4.404378880496263,338.5956211195038,0.0,21.0,29.0,314.0,0.0,21.0,171.0,0.0,16.0,0.0,0.0,0.0
395,0.0,0.0,250008.8399316242,5,583655.9879227185,584175.7533359,1.3345414029453702,1.3366203910856442,1.3374382611753868,0.6415741716275635,22,10,0.016072514969325914,0.18463617502430435,0.1945181590406244,519.7654131814603,995530.8263629205,387925.07179545186,497.76541318146025,22.0,2368.0,152.0,0.0,7.0,0.0,0.0,7,308.123809128431,,323.0,,7.0,28.0,0.0,0.0,0.9475920447305842,34.052407955269416,0.0,0.0,7.0,28.0,0.0,0.0,29.0,0.0,36.0,0.0,0.0,0.0
396,0.0,0.0,60268.452264046246,16,128524.9324307115,128733.98205045682,1.1325407838187402,1.136009424739357,1.1376830743871338,0.6859954699581067,89,41,0.006094700869170483,0.17765295145589602,0.06199765936243845,209.0496197453058,240099.23949061148,87500.30065988416,120.04961974530575,89.0,6670.0,1394.0,0.0,29.0,3.0,0.0,32,224.26262422636384,90.28425274106674,231.85765075683594,82.995849609375,29.0,398.0,3.0,82.0,4.029159699939593,422.97084030006044,0.4298324074366351,84.57016759256337,29.0,398.0,3.0,82.0,341.0,1.0,44.0,0.0,3.0,3.0
397,0.0,0.0,15068.544720404725,8,28386.497735143956,28467.237553008174,0.8838247662168086,0.889182935792062,0.8910681984901871,0.7146139501297364,50,22,0.010167142227109368,0.1596597496457297,0.12303908186121262,80.73981786422038,61479.63572844076,21507.9889348925,30.739817864220377,50.0,3412.0,620.0,0.0,19.0,1.0,0.0,20,225.68523585940156,91.92622436263105,198.9341583251953,91.92622375488281,19.0,119.0,1.0,21.0,2.6982617074177013,135.30173829258231,0.15067558149324478,21.849324418506754,19.0,119.0,1.0,21.0,126.0,0.0,14.0,0.0,1.0,1.0
398,0.0,0.0,147041.3186165275,23,312321.7004651704,312813.5242110117,1.1240403949292745,1.1273851945438915,1.1286611474302268,0.7718708330064259,145,64,0.008297542159903326,0.1773501234983628,0.042934510896441666,491.8237458414113,693647.4916828229,224664.36805918545,346.8237458414115,145.0,10713.0,879.0,0.0,55.0,3.0,0.0,56,218.72695606084153,100.49246728089452,229.9484405517578,98.6756362915039,55.0,1168.0,3.0,62.0,8.959672754405899,1214.040327245594,0.43144247908285993,64.56855752091714,55.0,1168.0,3.0,62.0,126.0,0.0,81.0,0.0,3.0,3.0
399,0.0,0.0,30947.69532532781,8,65080.91817000504,65183.93137597179,1.102932625058589,1.1062612479135017,1.1077902459058264,0.6657801433496904,43,20,0.006814237514077645,0.1826386031866198,0.12388879968963667,103.01320596676706,120026.41193353417,45069.83766805291,60.01320596676708,43.0,3299.0,733.0,0.0,14.0,1.0,0.0,15,243.81194847298866,45.76812586953295,265.54864501953125,45.76812744140625,14.0,78.0,1.0,27.0,1.920612611766978,90.07938738823302,0.14610094011507746,27.853899059884924,14.0,78.0,1.0,27.0,202.0,0.0,105.0,0.0,1.0,1.0
400,0.0,0.0,12111.863415742535,12,24626.50144340819,24728.081925434377,1.0332545536634443,1.0416414119477078,1.0455535343701792,0.7237808284615246,76,32,0.008039553218537157,0.17170704663890965,0.0824433981797362,101.58048202618531,51160.964052370626,17671.428297264676,25.58048202618531,76.0,5220.0,828.0,0.0,27.0,5.0,0.0,32,208.189298272291,84.22099637352136,192.73825073242188,89.9470443725586,27.0,304.0,5.0,48.0,3.7447588203337054,327.25524117966626,0.6896082164290943,52.310391783570914,27.0,304.0,5.0,48.0,199.0,1.0,100.0,0.0,5.0,5.0
401,0.0,0.0,117979.73604534817,23,228948.49824975754,229372.54367408843,0.9405747624469682,0.9441689849680961,0.9455225825639557,0.8536049481066905,145,56,0.013816393402610332,0.17196559080504206,0.042474830136624155,424.0454243309049,558090.8486618095,163451.15205214775,279.0454243309047,145.0,10108.0,1484.0,0.0,61.0,5.0,0.0,63,191.9456577797412,77.34166463398174,176.77035522460938,89.68433380126953,61.0,1225.0,5.0,158.0,10.79182641814662,1275.2081735818535,1.185602225975276,161.8143977740247,61.0,1225.0,5.0,158.0,277.0,0.0,27.0,0.0,5.0,5.0
402,0.0,0.0,89436.2234465699,17,198615.18434549842,198923.8429402751,1.2207465464387943,1.2241977050732045,1.225935547992338,0.7763548618727961,102,43,0.010724640575197652,0.1794593887444433,0.057838200489790666,308.65859477670057,413317.1895534011,133095.44702159736,206.65859477670054,102.0,7422.0,1146.0,0.0,37.0,5.0,0.0,41,185.82422733622377,65.60542994259083,166.0,63.73544692993164,37.0,564.0,5.0,91.0,5.949072281120089,595.0509277188798,1.055473541198135,94.94452645880186,37.0,564.0,5.0,91.0,288.0,0.0,53.0,0.0,5.0,5.0
403,0.0,0.0,264597.7437543939,21,546920.2285043467,547593.0760419406,1.066987498623614,1.069530405936605,1.0705682256708395,0.7151852520367309,124,55,0.005473829853484883,0.17637617426795837,0.047325913526543965,672.8475375940827,1097695.075188165,383710.0499703079,548.8475375940825,124.0,9317.0,1267.0,0.0,45.0,3.0,0.0,47,225.7831264160221,68.79141299865493,195.0,63.99781036376953,45.0,812.0,3.0,127.0,6.667518536180922,850.3324814638189,0.528490427092502,129.4715095729075,45.0,812.0,3.0,127.0,298.0,0.0,95.0,0.0,3.0,3.0
404,0.0,0.0,15890.405697382432,12,29432.330635395687,29532.537078786863,0.8522076274140671,0.8585137246465426,0.8613054451215472,0.7234179275208018,70,30,0.009001317191193446,0.16927699259754736,0.08220368743275751,100.20644339117608,60412.88678235214,20877.5883497216,30.206443391176073,70.0,5012.0,1036.0,0.0,23.0,5.0,0.0,28,204.1680615932701,78.5325515928753,173.5729522705078,74.19251251220703,23.0,242.0,5.0,66.0,3.2343570132291366,261.76564298677084,0.7027193887307254,70.29728061126927,23.0,242.0,5.0,66.0,224.0,0.0,70.0,0.0,5.0,5.0
405,0.0,0.0,32715.3702040809,6,67556.74177191831,67641.6792471783,1.0649847869822153,1.0675810429539538,1.0686266842493777,0.6042372683742072,26,13,0.00448125670544023,0.1787199136598977,0.1659199264124822,84.93747525998566,117874.95051997132,48770.14241323276,58.93747525998566,26.0,2445.0,579.0,0.0,7.0,0.0,0.0,7,221.5990803316431,,178.0,,7.0,27.0,0.0,8.0,0.9635292375684554,33.03647076243154,0.0,8.0,7.0,27.0,0.0,8.0,130.0,0.0,8.0,0.0,0.0,0.0
406,0.0,0.0,168446.6240120102,26,343452.5164916451,343994.6671400722,1.0389397443023674,1.0421582751076417,1.0433968648052234,0.7937571209451164,158,65,0.007766232315217175,0.1722603714496724,0.038027758247783865,542.1506484271802,768301.2968543604,241982.4895364573,384.1506484271802,158.0,10949.0,2155.0,0.0,61.0,6.0,0.0,64,224.44687442722451,119.71249368393381,205.9212188720703,100.09883117675781,61.0,1386.0,6.0,211.0,10.03017247844237,1436.9698275215574,1.0845263327565444,215.91547366724345,61.0,1386.0,6.0,211.0,485.0,1.0,29.0,0.0,6.0,6.0
407,0.0,0.0,486305.62667404057,17,991603.531896478,992769.7634463579,1.0390542027619332,1.041452348055575,1.0423623399504378,0.7648025772832375,107,48,0.007700079499116852,0.17288206987056437,0.05819305359020633,1166.2315498800567,2118463.0997601133,692486.9118790771,1059.2315498800567,107.0,7555.0,1013.0,0.0,39.0,3.0,0.0,40,212.72365025099114,82.2661507275646,202.28163146972656,85.79998779296875,39.0,562.0,3.0,76.0,5.919308858789359,595.080691141211,0.5920403862929976,78.407959613707,39.0,562.0,3.0,76.0,225.0,0.0,62.0,0.0,3.0,3.0
408,0.0,0.0,18663.221386086174,9,35335.16854216037,35423.84877696514,0.8933049022556998,0.8980565061171255,0.8997676738580043,0.7177287671741961,51,21,0.01754585816731409,0.17021361664503723,0.10774245597352115,88.68023480477356,75360.4696095471,26249.63393422712,37.68023480477355,51.0,3890.0,646.0,0.0,20.0,1.0,0.0,20,210.0384463271192,195.32376315697243,198.65164184570312,195.32376098632812,20.0,148.0,1.0,11.0,3.0387404437952634,164.96125955620474,0.14397057760403809,11.856029422395961,20.0,148.0,1.0,11.0,147.0,0.0,15.0,0.0,1.0,1.0
409,0.0,0.0,18936.360993400376,23,36605.73821511045,36784.63820758912,0.9330925423246912,0.9425399748351415,0.9465256702092293,0.772867589925448,138,54,0.009644425783365494,0.16662907637780397,0.04284092257702283,178.89999247866842,81799.98495733684,26459.896243426185,40.89999247866842,138.0,9665.0,1927.0,0.0,54.0,7.0,0.0,59,226.68950680360433,66.93039027164339,225.23097229003906,55.51324462890625,54.0,1076.0,7.0,220.0,8.249315274070193,1121.7506847259301,1.3524901414235324,225.64750985857646,54.0,1076.0,7.0,220.0,421.0,1.0,77.0,0.0,7.0,7.0
410,0.0,0.0,18711.75881675082,22,33229.503003461534,33397.78096392177,0.7758620837777361,0.7848552501662207,0.7875606137794999,0.781537708018655,128,49,0.012006988749910479,0.1687366811530337,0.044551078823465,168.27796046023082,80555.92092046168,25768.40506029008,40.27796046023084,128.0,9766.0,1322.0,0.0,50.0,7.0,0.0,55,219.81626243071753,126.32053589957364,205.44036865234375,98.37884521484375,50.0,1065.0,7.0,88.0,8.054628408150926,1106.945371591849,1.7179154375888022,93.2820845624112,50.0,1065.0,7.0,88.0,230.0,0.0,72.0,0.0,7.0,7.0
411,0.0,0.0,273650.8958643812,11,618642.8184410519,619236.0697510388,1.2607008703075664,1.262868783217601,1.2637873129506163,0.6405673347359138,54,25,0.007769335205493413,0.17487649113000162,0.08982350739562762,593.2513099869752,1078502.6199739503,420916.9596583409,539.2513099869751,54.0,5044.0,500.0,0.0,17.0,1.0,0.0,18,236.3685180055795,156.4951428121517,228.0,156.49514770507812,17.0,167.0,1.0,13.0,2.3215133189961503,181.67848668100385,0.13199990978164589,13.868000090218354,17.0,167.0,1.0,13.0,113.0,1.0,10.0,0.0,1.0,1.0
412,0.0,0.0,110860.98428976983,30,228420.13464112463,228885.39702177478,1.0604195074082803,1.0646163164446678,1.0664223795842989,0.8659868454212403,187,74,0.010497653659038741,0.17200706988005532,0.03278964632044352,465.262380650186,556524.7613003717,160662.01358684106,278.2623806501859,187.0,12884.0,2236.0,0.0,73.0,10.0,0.0,75,205.320283092584,78.08903338858538,201.04783630371094,78.65264892578125,73.0,1875.0,10.0,292.0,12.797734136856977,1935.202265863143,2.9965891882248226,299.00341081177515,73.0,1875.0,10.0,292.0,519.0,1.0,28.0,0.0,10.0,10.0
413,0.0,0.0,419986.11083383724,21,857280.3630226903,858315.8352114805,1.0412112232012918,1.0436767147070336,1.0445593168076641,0.7486061413539971,124,54,0.007450412155058078,0.17361601162889445,0.04711319323387314,1035.4721887904473,1822944.377580895,608779.5293409403,911.4721887904476,124.0,9217.0,1367.0,0.0,44.0,5.0,0.0,48,229.05354195684814,69.25518244584256,221.5,71.9061508178711,44.0,848.0,5.0,111.0,6.8066939187085955,885.1933060812912,0.7055373274388922,115.29446267256111,44.0,848.0,5.0,111.0,274.0,1.0,46.0,0.0,5.0,5.0
414,0.0,0.0,148373.09048471367,9,335160.7790768334,335520.67568855925,1.2589054253834777,1.2613310445476413,1.2623707448648869,0.6745801239173634,50,23,0.00854350351712827,0.1800428172896342,0.10974716221516324,359.8966117259164,619793.2234518325,229695.92546420684,309.8966117259163,50.0,3990.0,546.0,0.0,16.0,2.0,0.0,18,250.98669423576249,87.72098920085303,280.1556396484375,87.72099304199219,16.0,125.0,2.0,19.0,2.1788018686375037,138.8211981313625,0.28064222652541515,20.719357773474584,16.0,125.0,2.0,19.0,139.0,1.0,85.0,0.0,2.0,2.0
415,0.0,0.0,176122.1178007236,5,297898.5779717492,298198.4206723477,0.6914319546668846,0.6931344251137694,0.6936067152920926,0.6138567719904713,21,10,0.0068008483762624266,0.19000998728326274,0.19804815140391832,299.84270059852116,557685.4011970423,227123.58429667167,278.84270059852116,21.0,2095.0,425.0,0.0,5.0,1.0,0.0,6,202.512321528002,133.88849012422565,222.56161499023438,133.88848876953125,5.0,19.0,1.0,5.0,0.6765671123609539,23.323432887639044,0.13446439066752336,5.865535609332476,5.0,19.0,1.0,5.0,95.0,1.0,8.0,0.0,1.0,1.0
416,0.0,0.0,306936.6652682377,13,584133.6007566114,584768.8083401301,0.9031079269924502,0.9051774340126153,0.9058881194403492,0.6781024183244935,69,33,0.00620094343428987,0.17032878048469868,0.0762957412295568,635.2075835186765,1132415.167037353,417494.148537108,566.2075835186764,69.0,5383.0,1169.0,0.0,22.0,1.0,0.0,23,220.07503614150917,83.50786059565901,237.52886962890625,83.50785827636719,22.0,225.0,1.0,51.0,3.06667705166221,243.9333229483378,0.1360088717678165,51.863991128232186,22.0,225.0,1.0,51.0,253.0,1.0,46.0,0.0,1.0,1.0
417,0.0,0.0,15863.176732556425,7,27232.67665113256,27292.685303847895,0.7167227668366201,0.7205056568420107,0.7218221479080933,0.6391611942166595,34,17,0.000754471805316213,0.15614618311738065,0.14340616369926265,60.008652715336275,52017.30543067254,20345.925996971582,26.00865271533627,34.0,2910.0,618.0,0.0,9.0,1.0,0.0,10,233.84330190914227,68.12515308920483,246.3971710205078,68.12515258789062,9.0,44.0,1.0,16.0,1.2234973635010615,51.77650263649893,0.13193176705536314,16.868068232944637,9.0,44.0,1.0,16.0,138.0,1.0,116.0,0.0,1.0,1.0
418,0.0,0.0,55338.251413780454,5,96838.63593325306,96963.00320334792,0.7499402937248951,0.7521876952404387,0.7528595348843388,0.6572127620089985,28,14,0.0073695091042077195,0.17655301027974038,0.19806322854896838,124.36727009488125,192734.54018976248,73315.1238575323,96.36727009488125,28.0,1779.0,741.0,0.0,9.0,0.0,0.0,9,241.539728153072,,260.9525146484375,,9.0,22.0,0.0,14.0,1.2035996457648863,29.796400354235114,0.0,14.0,9.0,22.0,0.0,14.0,183.0,0.0,36.0,0.0,0.0,0.0
419,0.0,0.0,130153.32255396553,25,251750.96968713377,252226.91768158332,0.9342646407105755,0.9379214662537898,0.9393085735054072,0.8588291437301545,165,65,0.011759658821681182,0.17316899271549402,0.03924067185840715,475.9479944495751,621895.9888991505,181030.18319746005,310.9479944495753,165.0,10463.0,2137.0,0.0,61.0,14.0,0.0,72,198.85358968838904,100.44051054510388,188.5812225341797,87.89212036132812,61.0,1459.0,14.0,266.0,10.061782815190773,1509.9382171848092,3.005286839033028,276.99471316096697,61.0,1459.0,14.0,266.0,424.0,3.0,28.0,0.0,14.0,14.0
420,0.0,0.0,71128.36021382811,5,152320.23056312997,152484.96318393297,1.1414837921923202,1.1437997828929038,1.144723053478672,0.6722853070937082,26,13,0.004726917378404843,0.1974694696634947,0.19896504357307407,164.7326208030203,277465.24160604057,103179.8697213553,138.7326208030203,26.0,2224.0,296.0,0.0,8.0,0.0,0.0,8,247.61259494991822,,267.08001708984375,,8.0,29.0,0.0,3.0,1.0985070788844769,35.901492921115526,0.0,3.0,8.0,29.0,0.0,3.0,62.0,0.0,34.0,0.0,0.0,0.0
421,0.0,0.0,102713.72651977738,28,206756.33883682988,207162.89038430646,1.0129377624812324,1.0168958658550622,1.018523380254734,0.8129524231020824,170,70,0.010399803479402253,0.16602413206923353,0.03512993280235313,406.55154747666944,473103.0949533389,145489.17055565852,236.55154747666947,170.0,12130.0,1982.0,0.0,58.0,14.0,0.0,63,213.95089860879634,94.40154445123319,222.19442749023438,91.86526489257812,58.0,1458.0,14.0,234.0,9.4796739670064,1506.5203260329943,3.063250188201776,244.93674981179822,58.0,1458.0,14.0,234.0,410.0,2.0,74.0,0.0,14.0,14.0
422,0.0,0.0,148518.71639921493,5,249865.7520327949,250102.05745957565,0.6823856150302394,0.6839766968313072,0.6844241787507026,0.5910564228488686,16,7,0.005347532756458998,0.20792534117817005,0.19880605912088206,236.3054267807594,440610.8535615188,186365.8174281365,220.3054267807594,16.0,2043.0,477.0,0.0,3.0,1.0,0.0,4,185.01653869850392,143.04961609551174,192.0,143.04962158203125,3.0,11.0,1.0,5.0,0.4109526752904613,13.589047324709538,0.13393536548173968,5.86606463451826,3.0,11.0,1.0,5.0,98.0,0.0,27.0,0.0,1.0,1.0
423,0.0,0.0,190643.9008642582,17,423505.01352371654,424031.57104867353,1.2214453837957269,1.2242073789215602,1.2255002629917646,0.7379559882969232,106,47,0.008423319157979139,0.1756719880892849,0.05808925108489267,526.5575249569711,841115.0499139415,284947.56572647777,420.5575249569708,106.0,7362.0,1206.0,0.0,36.0,6.0,0.0,42,222.87059923480751,68.31879597778345,229.1858367919922,49.06218338012695,36.0,560.0,6.0,112.0,5.124191615577655,590.8758083844224,1.1480042236729848,116.85199577632703,36.0,560.0,6.0,112.0,283.0,0.0,18.0,0.0,6.0,6.0
424,0.0,0.0,336692.8611132799,27,673265.7501370424,674189.8987394824,0.9996436749828295,1.0023884572730872,1.0034354345532956,0.783732409427671,173,72,0.006856544009123669,0.1640320515480574,0.03669418778326284,924.1486024401657,1502297.204880332,479212.4157457648,751.1486024401661,173.0,11742.0,1866.0,0.0,66.0,8.0,0.0,73,216.360018246671,71.10351120909438,208.29360961914062,73.91598510742188,66.0,1639.0,8.0,258.0,10.282166162250533,1694.7178338377494,1.405116256415411,264.59488374358466,66.0,1639.0,8.0,258.0,396.0,1.0,49.0,0.0,8.0,8.0
425,0.0,0.0,79352.80835300285,8,159752.24460942086,159928.1791224445,1.0131895508821716,1.0154066685453675,1.0161714770362074,0.5913034840748227,34,17,0.002460941463954936,0.1824064036911119,0.12492900201621497,175.93451302365975,283869.0260473195,120018.32971247939,141.93451302365978,34.0,3836.0,196.0,0.0,9.0,0.0,0.0,9,246.9961978706436,,254.69776916503906,,9.0,62.0,0.0,1.0,1.2346972555305684,69.76530274446944,0.0,1.0,9.0,62.0,0.0,1.0,19.0,0.0,118.0,0.0,0.0,0.0
426,0.0,0.0,366901.30830662337,19,691960.4377197801,692927.4581512734,0.8859579457849776,0.8885935876036357,0.8893892037791531,0.8296364215587426,124,55,0.010036614772792966,0.16823900618287724,0.051823736975016986,967.0204314934917,1686040.8629869833,508066.1899519809,843.0204314934916,124.0,7891.0,1685.0,0.0,48.0,2.0,0.0,49,216.1201616496716,151.13262051256987,200.39138793945312,151.1326141357422,48.0,743.0,2.0,138.0,7.996326477889171,783.0036735221108,0.5413452576110418,139.45865474238894,48.0,743.0,2.0,138.0,397.0,1.0,42.0,0.0,2.0,2.0
427,0.0,0.0,210855.30440516697,21,426133.1019075718,426726.492761098,1.0209740661242264,1.0237882749258507,1.0248512337669617,0.7565116129697105,130,57,0.009362497928481801,0.1758368826657115,0.046955321121332196,593.3908535261565,926781.7070523127,306268.16930615297,463.3908535261563,130.0,8888.0,1696.0,0.0,50.0,2.0,0.0,46,208.19744292318492,98.57800457753726,193.50515747070312,98.5780029296875,50.0,778.0,2.0,136.0,7.859417644313952,820.1405823556862,0.5260918952868744,137.47390810471313,50.0,778.0,2.0,136.0,359.0,0.0,78.0,0.0,2.0,2.0
428,0.0,0.0,153689.40396052733,6,299841.0050109448,300150.63234046905,0.9509543096930362,0.95296893998989,0.9536598283436442,0.6140307117627678,32,16,0.009642132458067096,0.18111678855027488,0.16434203577420356,309.62732952425563,555254.6590485112,226069.5794248135,277.6273295242556,32.0,2690.0,334.0,0.0,10.0,0.0,0.0,10,225.3860801662957,,167.5,,10.0,42.0,0.0,8.0,1.3665389192858832,50.63346108071411,0.0,8.0,10.0,42.0,0.0,8.0,70.0,0.0,17.0,0.0,0.0,0.0
429,0.0,0.0,211102.59713710964,5,412441.7254597622,412880.2301699769,0.9537501245988189,0.9558273359461045,0.9565267932616075,0.6647382252424664,31,15,0.006434409383963852,0.18352122234873602,0.19840748329791688,438.50471021472754,815009.420429455,306515.17750922794,407.5047102147275,31.0,1944.0,576.0,0.0,11.0,0.0,0.0,11,238.87681870957758,,239.9844207763672,,11.0,34.0,0.0,10.0,1.4934429276843053,43.5065570723157,0.0,10.0,11.0,34.0,0.0,10.0,131.0,0.0,15.0,0.0,0.0,0.0
430,0.0,0.0,10505.424988052957,23,20088.608138956995,20252.33890783671,0.9122128007008079,0.9277981548455392,0.9340055134524834,0.8595165501651783,139,52,0.013000905839014788,0.17035417282023466,0.04257837915994214,163.7307688797115,49461.53775942305,14386.441351803447,24.730768879711526,139.0,9903.0,1689.0,0.0,54.0,10.0,0.0,60,219.19986411310688,95.53381338918071,199.48419189453125,84.94831848144531,54.0,1149.0,10.0,167.0,8.868269095047104,1194.131730904953,2.7638536983343425,174.23614630166563,54.0,1149.0,10.0,167.0,315.0,2.0,192.0,0.0,10.0,10.0
431,0.0,0.0,79038.82979295198,9,148134.08065791862,148320.293728339,0.87419374813578,0.876549717611899,0.8773237798637623,0.6189859114461917,46,23,0.00537875286998027,0.1717352554529464,0.11038288422517929,186.21307042035932,280426.14084071864,113260.30837500571,140.21307042035932,46.0,3991.0,545.0,0.0,13.0,1.0,0.0,14,245.00261656521022,58.743041680898294,229.0,58.7430419921875,13.0,97.0,1.0,15.0,1.7408123401307427,108.25918765986926,0.13960736852568612,15.860392631474314,13.0,97.0,1.0,15.0,108.0,0.0,60.0,0.0,1.0,1.0
432,0.0,0.0,24506.076159750846,17,48076.885189422836,48230.364792702974,0.9618352965206665,0.9680982168788514,0.9707510593674171,0.7733798712454258,101,42,0.009638478733323587,0.17368189339379986,0.05795547480115076,153.47960328015176,104959.20656030352,33928.73620801658,52.47960328015176,101.0,7128.0,1440.0,0.0,36.0,6.0,0.0,41,230.10256987743136,111.9588431689155,227.65289306640625,101.10902404785156,36.0,544.0,6.0,111.0,5.547900374855149,574.4520996251448,0.9948906246495306,116.00510937535046,36.0,544.0,6.0,111.0,310.0,1.0,23.0,0.0,6.0,6.0
433,0.0,0.0,66925.30754948653,20,143064.4074214359,143345.2825538875,1.1376727677440988,1.1418696125960093,1.1438389357891432,0.762066976270436,131,59,0.005983855508929446,0.18354636537126331,0.04961634488067849,280.8751324516097,299750.2649032195,98334.61960594347,149.87513245160974,131.0,8399.0,1681.0,0.0,50.0,2.0,0.0,51,217.30402995277967,78.05732587950654,204.31918334960938,78.05732727050781,50.0,811.0,2.0,157.0,7.4538766681832,853.5461233318167,0.27881576204864844,158.72118423795135,50.0,811.0,2.0,157.0,435.0,2.0,46.0,0.0,2.0,2.0
434,0.0,0.0,29589.90305176327,12,61902.242728422374,62026.32422911492,1.0920055946156135,1.0961989676211106,1.098279196293527,0.6969784435130362,65,29,0.007017432443537076,0.1823692674947446,0.08248648173091692,124.08150069256361,118163.00138512717,42384.02295110475,59.08150069256359,65.0,5065.0,983.0,0.0,22.0,2.0,0.0,23,212.77993419611374,105.16510507584977,192.01144409179688,105.16510772705078,22.0,198.0,2.0,54.0,3.0857665999693396,216.91423340003072,0.2712114185283724,55.728788581471626,22.0,198.0,2.0,54.0,226.0,1.0,13.0,0.0,2.0,2.0
435,0.0,0.0,10041.01165751668,14,20180.88505335449,20283.51550998687,1.009845794596516,1.0200669217232385,1.0246065628313001,0.7373807718166436,81,31,0.011958265160164332,0.17149820428395965,0.07012912836560832,102.63045663238418,43260.9132647684,14667.087520531935,21.630456632384202,81.0,5852.0,1204.0,0.0,31.0,5.0,0.0,34,211.57436970274702,92.93947734159238,199.0,95.59308624267578,31.0,368.0,5.0,72.0,4.481642519246462,394.5183574807536,0.882740649684363,76.11725935031562,31.0,368.0,5.0,72.0,290.0,0.0,135.0,0.0,5.0,5.0
436,0.0,0.0,34741.06281464786,28,67676.22666134001,67908.52284944618,0.9480183154559598,0.9547048175168069,0.957236256167924,0.7550875860099344,156,64,0.008344702389400166,0.17322958370096697,0.03527452441082553,232.29618810614954,152592.37621229913,50521.41600507373,76.29618810614957,156.0,12510.0,1602.0,0.0,58.0,6.0,0.0,59,222.70626242911396,66.86868826103812,203.76751708984375,73.27183532714844,58.0,1451.0,6.0,137.0,9.582377299152437,1499.4176227008475,1.3606311372779176,141.63936886272208,58.0,1451.0,6.0,137.0,278.0,0.0,72.0,0.0,6.0,6.0
437,0.0,0.0,34428.094548414854,25,72905.16324331635,73123.45968115318,1.117606687201138,1.1239473354623963,1.1269053280195678,0.7423374954212382,143,60,0.006684624520599176,0.1754169231021219,0.03964432141839297,218.2964378368868,150592.87567377364,50715.77166808743,75.29643783688682,143.0,11356.0,1244.0,0.0,53.0,5.0,0.0,54,230.68361353610265,63.321542113561726,225.0,51.74120330810547,53.0,1160.0,5.0,132.0,8.304348850075323,1204.6956511499247,0.8251020683826505,136.17489793161735,53.0,1160.0,5.0,132.0,223.0,1.0,94.0,0.0,5.0,5.0
438,0.0,0.0,422409.2184611565,21,848761.1885531385,849693.8977793938,1.0093339620882071,1.011542032332633,1.012371300886957,0.6859177289888384,113,52,0.006308377018543136,0.17876777865653495,0.047241696603803784,932.7092262554429,1639418.452510886,597527.3648807973,819.709226255443,113.0,8772.0,1812.0,0.0,35.0,5.0,0.0,38,241.9417676377803,82.83166189381149,251.0,89.88114166259766,35.0,639.0,5.0,119.0,4.8226568221661505,669.1773431778337,0.9369131409238027,123.06308685907621,35.0,639.0,5.0,119.0,387.0,0.0,89.0,0.0,5.0,5.0
439,0.0,0.0,17721.679546810334,24,32887.66743546591,33066.42359262609,0.8557872773060753,0.8658741405002781,0.8699414781817656,0.7505301670496332,142,55,0.007836814680478053,0.17862221709144493,0.04121607567789597,178.75615716018854,73512.31432037707,24486.795317421147,36.756157160188536,142.0,10264.0,1832.0,0.0,52.0,11.0,0.0,58,221.3713078536355,72.63956175237435,201.96437072753906,68.15591430664062,52.0,1108.0,11.0,221.0,7.534326301770277,1152.4656736982297,2.127466504599433,229.87253349540055,52.0,1108.0,11.0,221.0,385.0,1.0,102.0,0.0,11.0,11.0
440,0.0,0.0,103321.92492145638,12,205991.0483736434,206257.5964444128,0.9936818688795663,0.9962616511568714,0.9972675747863176,0.662740329280988,66,30,0.00957428100441614,0.17557201377712664,0.0821079223427758,266.54807076945656,401096.14153891325,151302.14799741606,200.54807076945661,66.0,5212.0,836.0,0.0,23.0,1.0,0.0,23,207.31944093873454,103.16869486561497,170.0,103.16869354248047,23.0,211.0,1.0,41.0,3.2871470984720617,230.71285290152795,0.1374965830192315,41.86250341698077,23.0,211.0,1.0,41.0,182.0,0.0,37.0,0.0,1.0,1.0
441,0.0,0.0,29000.819988251893,6,59187.43580412759,59271.50185800315,1.0408883551604462,1.043787102641021,1.0448311285077803,0.6491506553746951,29,13,0.01564301303093207,0.1983387515163624,0.16230622500890288,84.06605387555334,110132.10775110667,42413.92457947128,55.06605387555334,29.0,2546.0,478.0,0.0,10.0,0.0,0.0,10,256.32201599530964,,261.08148193359375,,10.0,44.0,0.0,6.0,1.3737768726753194,52.62622312732468,0.0,6.0,10.0,44.0,0.0,6.0,117.0,0.0,47.0,0.0,0.0,0.0
442,0.0,0.0,123426.38650973044,22,273014.017383083,273412.40349871584,1.2119582781560219,1.2151860005814972,1.216733128930596,0.7339459367745922,129,56,0.007252133336393633,0.18166794482792997,0.04499181340601614,398.3861156328518,538772.2312657034,183519.0455694184,269.3861156328517,129.0,9726.0,1362.0,0.0,45.0,6.0,0.0,49,224.2981280792521,59.17832359242643,202.34921264648438,45.08562088012695,45.0,887.0,6.0,140.0,6.280142430301176,925.7198575696989,1.1992450775856651,144.8007549224143,45.0,887.0,6.0,140.0,305.0,1.0,56.0,0.0,6.0,6.0
443,0.0,0.0,31145.92178895579,9,65144.11179272668,65265.657499251545,1.0915775822639642,1.0954800420257418,1.0970326447986003,0.7000562434997146,56,27,0.004728416877473305,0.17319975152729503,0.11057808929661676,121.5457065248629,131091.4130497257,46814.600350671375,65.54570652486285,56.0,4015.0,521.0,0.0,20.0,0.0,0.0,20,234.28693522077475,,228.5,,20.0,145.0,0.0,15.0,2.752045029207726,162.24795497079225,0.0,15.0,20.0,145.0,0.0,15.0,120.0,0.0,71.0,0.0,0.0,0.0
444,0.0,0.0,55140.07512430549,5,133941.40811804208,134078.5004383129,1.4291118177857056,1.431598073380421,1.4328020397613805,0.6422416612300792,24,12,0.011617336772724985,0.2036942010766952,0.19623066013503274,137.09232027084272,226184.64054168545,88044.98921343572,113.09232027084273,24.0,2144.0,376.0,0.0,7.0,0.0,0.0,7,229.872370751766,,226.0,,7.0,22.0,0.0,6.0,0.9456079869357713,28.054392013064227,0.0,6.0,7.0,22.0,0.0,6.0,80.0,0.0,25.0,0.0,0.0,0.0
445,0.0,0.0,48279.818174922904,29,96095.51640563902,96392.64846678842,0.9903868746455251,0.9965412487169614,0.9989369181685686,0.8252552475125644,184,77,0.006869940753011489,0.17180657352479675,0.034168318616320546,297.1320611494205,226264.12229884113,68543.67875297766,113.13206114942057,184.0,12325.0,2291.0,0.0,70.0,8.0,0.0,74,235.7751078068427,109.44969715832076,217.87203979492188,108.99574279785156,70.0,1810.0,8.0,258.0,11.410833337440755,1868.5891666625594,1.9055456704322011,264.09445432956784,70.0,1810.0,8.0,258.0,472.0,0.0,58.0,0.0,8.0,8.0
446,0.0,0.0,16424.974416032383,12,32885.46010192418,32987.22246593355,1.0021620289298445,1.0083576162977028,1.0108881395130944,0.6963391344394295,69,31,0.0055750726114523605,0.17447933603617155,0.08281576830198582,101.7623640093733,65524.72801874655,23524.718336955026,32.76236400937328,69.0,5013.0,1035.0,0.0,25.0,1.0,0.0,26,246.76361480689232,60.29254164317024,264.541748046875,60.29254150390625,25.0,237.0,1.0,49.0,3.365365659478847,258.63463434052113,0.13551155732618614,49.86448844267382,25.0,237.0,1.0,49.0,229.0,1.0,65.0,0.0,1.0,1.0
447,0.0,0.0,12207.976168589255,15,27476.603852611668,27600.984968049015,1.2507091653166982,1.2608976776237077,1.2658993428600125,0.7825622158799558,95,37,0.009525248782174815,0.1830329847742847,0.06574048436121015,124.3811154373554,58762.23087471083,18772.383103315104,29.381115437355415,95.0,6720.0,840.0,0.0,41.0,2.0,0.0,42,230.45392156043334,71.97543880493842,221.0,71.9754409790039,41.0,542.0,2.0,45.0,6.038303122650917,576.9616968773493,0.27459275390145144,46.72540724609855,41.0,542.0,2.0,45.0,178.0,0.0,157.0,0.0,2.0,2.0
448,0.0,0.0,332201.24007850187,9,600995.9186202098,601567.6867704336,0.809132074516608,0.8108532244740514,0.8113877030238501,0.6195066224592454,36,18,0.003427105576508751,0.18819251085972585,0.11081680541648527,571.7681502237233,1071536.3004474463,432415.192025626,535.7681502237232,36.0,3753.0,783.0,0.0,8.0,1.0,0.0,9,262.58280420927866,99.01483750378247,244.943603515625,99.01483917236328,8.0,54.0,1.0,18.0,1.1047479302004242,60.89525206979958,0.13846024633457676,18.861539753665422,8.0,54.0,1.0,18.0,194.0,1.0,25.0,0.0,1.0,1.0
449,0.0,0.0,11515.692268661798,7,21953.429548606357,22028.48107716689,0.9063925152245749,0.9129098419131991,0.9156847378417634,0.775530824739365,51,22,0.014274166955108627,0.1612884813906664,0.13938851846104383,75.05152856053894,48103.05712107788,15506.494257415243,24.05152856053894,51.0,2850.0,678.0,0.0,21.0,1.0,0.0,22,226.14354129904308,39.06910996027487,229.73153686523438,39.06911087036133,21.0,104.0,1.0,28.0,2.956740043332439,122.04325995666757,0.13569816046291827,28.86430183953708,21.0,104.0,1.0,28.0,169.0,0.0,14.0,0.0,1.0,1.0
450,0.0,0.0,50931.58107947219,8,104679.84624457377,104825.68700279066,1.0553032917088183,1.058166755892059,1.0593747763707424,0.6744044110633243,46,22,0.008296642630254319,0.18255641697203095,0.12368732646136452,145.8407582168783,199681.5164337566,74021.43030133858,99.8407582168783,46.0,3356.0,676.0,0.0,15.0,1.0,0.0,16,230.9112319958599,82.31992073869307,202.20486450195312,82.3199234008789,15.0,83.0,1.0,29.0,2.0447601786392715,95.95523982136073,0.23482212871179264,29.76517787128821,15.0,83.0,1.0,29.0,174.0,0.0,144.0,0.0,1.0,1.0
451,0.0,0.0,29816.805297690415,28,58703.00285784317,58941.44351603251,0.9687891533567565,0.9767860080099884,0.9803443611197094,0.7571416108948027,174,73,0.005952182006650003,0.17570472764704753,0.03545644893501616,238.440658189356,128881.31637871216,42555.2216798645,64.44065818935609,174.0,12216.0,1896.0,0.0,62.0,11.0,0.0,71,217.0352375959108,79.93963285939452,196.5447540283203,83.98780822753906,62.0,1623.0,11.0,292.0,9.021487719949816,1675.9785122800504,2.447693189962936,300.55230681003707,62.0,1623.0,11.0,292.0,393.0,0.0,101.0,0.0,11.0,11.0
452,0.0,0.0,323458.74392731587,18,729580.1101677563,730418.4680270976,1.2555584718764,1.258150325938412,1.259294478115256,0.7337648733778084,109,52,0.005639021128761994,0.17737983558903406,0.05518835152308757,838.357859341427,1458715.718682854,496996.9848678541,729.357859341427,109.0,8077.0,995.0,0.0,36.0,3.0,0.0,38,202.76311453724716,63.31530395288729,196.59756469726562,23.864049911499023,36.0,570.0,3.0,75.0,5.568484116457355,600.4315158835426,0.54911382565497,77.45088617434503,36.0,570.0,3.0,75.0,226.0,0.0,72.0,0.0,3.0,3.0
453,0.0,0.0,230892.94602436663,11,525338.8065087246,525899.7416028073,1.2752484021460075,1.2776778184783004,1.2787304032662616,0.6994094349406798,62,28,0.01191670121662588,0.175314463222878,0.08911110968215402,560.9350940828443,997870.188165689,356683.1309082652,498.9350940828445,62.0,4941.0,603.0,0.0,20.0,3.0,0.0,22,216.35923800754804,101.84450081285742,205.95899963378906,101.93415069580078,20.0,204.0,3.0,15.0,2.81187816694925,221.18812183305073,0.4104066026842126,17.589593397315788,20.0,204.0,3.0,15.0,114.0,0.0,16.0,0.0,3.0,3.0
454,0.0,0.0,13923.724084250913,14,29674.570114983217,29784.95532903383,1.1312236536307152,1.1391515049284489,1.1429874432150942,0.7191611815781143,80,33,0.00914959290837793,0.19030644401861083,0.0704464603160983,110.38521405061675,60770.428101233454,21125.454786046685,30.385214050616728,80.0,6441.0,615.0,0.0,29.0,4.0,0.0,33,199.5019189345985,81.63286235487051,170.67098999023438,84.06625366210938,29.0,402.0,4.0,27.0,4.400449166790541,426.5995508332095,0.6497118443726881,30.35028815562731,29.0,402.0,4.0,27.0,112.0,0.0,40.0,0.0,4.0,4.0
455,0.0,0.0,24041.983291448072,14,48252.54958805086,48379.61691300973,1.0070120257181396,1.0122972521247342,1.0146143885396008,0.6925727945334704,80,35,0.008828258227912025,0.1719142255195832,0.07049425049377726,127.06732495887991,94134.64991775985,33980.05619798084,47.06732495887992,80.0,6191.0,865.0,0.0,30.0,1.0,0.0,29,238.72635691579654,245.24012013481521,259.6037292480469,245.24012756347656,30.0,330.0,1.0,45.0,4.107829021368642,355.8921709786314,0.22048813392435163,45.77951186607565,30.0,330.0,1.0,45.0,201.0,0.0,27.0,0.0,1.0,1.0
456,0.0,0.0,39790.535934576386,16,74189.75447592424,74358.53123869695,0.8645075451586544,0.8687491759587573,0.8704741815266344,0.7327049539712314,92,41,0.007749135829310603,0.17634202589937276,0.061801056068760504,168.77676277269512,153553.52554539015,52392.687094967834,76.77676277269508,92.0,6423.0,1641.0,0.0,31.0,4.0,0.0,34,217.65577752419713,70.65696614277648,226.3376007080078,64.70509338378906,31.0,391.0,4.0,118.0,4.475499745229294,417.52450025477077,0.7307131694944007,121.2692868305056,31.0,391.0,4.0,118.0,381.0,1.0,24.0,0.0,4.0,4.0
457,0.0,0.0,21873.712311347383,10,41136.29060329048,41236.53159045823,0.8806268464064184,0.8852095612991142,0.8870347790492306,0.7178401653380114,59,28,0.00877612341228325,0.17611329971603887,0.09867735518953051,100.24098716775345,82481.97433550691,28725.74506076446,41.24098716775345,59.0,3712.0,1328.0,0.0,19.0,2.0,0.0,20,242.27708670872093,84.53372328012964,272.0193786621094,84.53372192382812,19.0,128.0,2.0,51.0,2.59793854051805,144.40206145948196,0.2723974533345389,52.72760254666546,19.0,128.0,2.0,51.0,323.0,0.0,32.0,0.0,2.0,2.0
458,0.0,0.0,41491.017537637264,18,83019.41429399235,83209.26440759248,1.000900899060475,1.0054765909780792,1.0072610471540009,0.7300979950771679,102,44,0.009481771451757472,0.18663880520075238,0.05476923640968425,189.85011360015497,175700.22720031007,60163.23438257744,87.85011360015504,102.0,7889.0,1183.0,0.0,38.0,2.0,0.0,39,227.6679313682006,103.1785405380079,195.33294677734375,103.17854309082031,38.0,597.0,2.0,65.0,6.023279279623994,628.9767207203762,0.3813139146022875,66.61868608539771,38.0,597.0,2.0,65.0,242.0,0.0,77.0,0.0,2.0,2.0
459,0.0,0.0,296978.1189509156,12,566094.8937662075,566736.2729949695,0.9061838487157077,0.9083435338501806,0.9091279914118953,0.6887906761573896,71,32,0.011218409466387412,0.18266021645728014,0.08183839750631991,641.3792287620613,1140758.4575241227,414043.9530512234,570.3792287620613,71.0,4875.0,1173.0,0.0,23.0,4.0,0.0,27,208.35921704014063,87.07754193701665,162.064697265625,85.92443084716797,23.0,228.0,4.0,69.0,3.1237110842132774,247.87628891578674,0.6935729651031763,72.30642703489681,23.0,228.0,4.0,69.0,278.0,0.0,50.0,0.0,4.0,4.0
460,0.0,0.0,420942.27483212756,17,897051.5029069828,897978.1529118096,1.1310558633359604,1.1332572340706921,1.1340278224150513,0.6496318143507969,87,43,0.005944343813791023,0.18088399924878565,0.05837164469195205,926.6500048269208,1679300.009653842,646250.6809845951,839.6500048269211,87.0,7903.0,665.0,0.0,27.0,0.0,0.0,26,276.3510479673036,,281.861328125,,27.0,404.0,0.0,11.0,3.73517266966559,427.26482733033436,0.0,11.0,27.0,404.0,0.0,11.0,127.0,0.0,45.0,0.0,0.0,0.0
461,0.0,0.0,50743.81271748218,8,101253.14250775814,101394.73193407114,0.9953790833867429,0.9981693630037143,0.9992765590712582,0.6602883255016044,45,22,0.007883841349150746,0.18971171279950683,0.12355601026154155,141.58942631302176,193178.8526260435,73141.85529453757,96.58942631302175,45.0,3401.0,631.0,0.0,14.0,1.0,0.0,15,223.02609265538268,78.66828224706725,234.5091552734375,78.66828155517578,14.0,80.0,1.0,25.0,1.896399863143272,92.10360013685671,0.1379319405947066,25.862068059405292,14.0,80.0,1.0,25.0,157.0,1.0,36.0,0.0,1.0,1.0
462,0.0,0.0,148350.53125503816,13,261184.771789689,261568.0779970558,0.7605920894254894,0.763175876649735,0.763981612300404,0.7332527232093005,88,39,0.008095174272481968,0.1794212099967814,0.07600633403898387,383.3062073668649,590612.4147337296,201367.27626074717,295.3062073668648,88.0,5491.0,1061.0,0.0,31.0,5.0,0.0,35,205.0922190349012,79.83249463382046,200.6414031982422,81.72196960449219,31.0,338.0,5.0,81.0,4.344321872966739,364.6556781270333,0.8003144291753169,85.19968557082468,31.0,338.0,5.0,81.0,241.0,1.0,36.0,0.0,5.0,5.0
463,0.0,0.0,46567.69471641424,14,93468.07079350938,93621.72014626642,1.007144037571687,1.0104435213381202,1.0117075917135723,0.6365636607876743,67,30,0.007407975019479448,0.17744588810863118,0.07073483789608645,153.64935275702544,173298.70551405085,68060.24133533385,86.64935275702543,67.0,6377.0,679.0,0.0,22.0,1.0,0.0,23,251.67460370279605,105.13149874110586,215.0,105.13150024414062,22.0,276.0,1.0,23.0,3.18615990811094,294.81384009188906,0.13341435305880212,23.866585646941196,22.0,276.0,1.0,23.0,153.0,0.0,75.0,0.0,1.0,1.0
464,0.0,0.0,12302.587970955303,14,24600.595277069628,24709.01259593543,0.9996276665648081,1.0084402285332135,1.0124662668555553,0.7263496665148556,83,33,0.007410699968007186,0.16492007468562722,0.07078317738980647,108.41731886580014,50834.63773160029,17496.613571640086,25.417318865800144,83.0,5832.0,1224.0,0.0,34.0,2.0,0.0,36,226.2875805614052,72.7844186000359,202.20132446289062,72.78441619873047,34.0,376.0,2.0,92.0,4.711231030121484,405.2887689698785,0.27104842562433373,93.72895157437567,34.0,376.0,2.0,92.0,288.0,1.0,130.0,0.0,2.0,2.0
465,0.0,0.0,21030.23840943531,11,44339.43435814256,44445.14569215035,1.1083657491134038,1.1133923841876103,1.115725512620421,0.6986300850956787,63,29,0.00903392145055041,0.18352992895667106,0.0897216268422162,105.71133400779456,85422.66801558914,30567.91778580876,42.71133400779457,63.0,4677.0,867.0,0.0,23.0,0.0,0.0,23,235.69556987057433,,289.6054992675781,,23.0,200.0,0.0,30.0,3.1579719400231694,219.84202805997683,0.0,30.0,23.0,200.0,0.0,30.0,191.0,0.0,51.0,0.0,0.0,0.0
466,0.0,0.0,12283.562918569107,6,20413.621777566543,20458.918617349416,0.6618648769004305,0.6655524747157515,0.6665845719656738,0.6196935305870394,26,13,0.00240724436100344,0.16948032020831438,0.16658813057411337,45.29683978287508,38593.679565750186,15569.663737327612,19.296839782875093,26.0,2376.0,648.0,0.0,7.0,0.0,0.0,7,282.5209198065706,,253.21548461914062,,7.0,26.0,0.0,9.0,0.9401967955487928,32.05980320445121,0.0,9.0,7.0,26.0,0.0,9.0,143.0,0.0,35.0,0.0,0.0,0.0
467,0.0,0.0,12881.085063840572,15,24054.972691617604,24161.002124853152,0.8674647805210185,0.875696185927477,0.8787524216034486,0.6928971869889762,81,32,0.0113195781348746,0.16821224609569188,0.06557453221303593,106.02943323555057,50058.86647110109,18061.433720287827,25.02943323555055,81.0,6532.0,1028.0,0.0,31.0,3.0,0.0,34,235.1457606306468,81.73114712515515,240.3347625732422,93.61524963378906,31.0,416.0,3.0,60.0,4.421317424761465,442.5786825752385,0.4853115183960325,62.51468848160397,31.0,416.0,3.0,60.0,196.0,1.0,233.0,0.0,3.0,3.0
468,0.0,0.0,15715.622552976416,22,34926.32778659705,35089.562273450356,1.2223954328797673,1.232782198424883,1.2375531588586695,0.7444921379646019,127,49,0.006753536464681135,0.18639169900030683,0.04507631473221375,163.23448685330163,72468.97370660331,24335.03660116857,36.234486853301654,127.0,10183.0,905.0,0.0,54.0,2.0,0.0,55,228.58965817477994,65.17710137538913,224.08277893066406,65.1771011352539,54.0,1101.0,2.0,53.0,7.745323609152605,1147.2546763908474,0.3796817867265214,54.62031821327348,54.0,1101.0,2.0,53.0,194.0,0.0,288.0,0.0,2.0,2.0
469,0.0,0.0,23319.834813529676,18,42217.01070433231,42370.915551947626,0.8103477594034623,0.816947499446476,0.8192068751894368,0.7433115471246423,107,43,0.008262490833894553,0.17463082341892155,0.054906013603674815,153.904847615321,93809.69523064193,31551.27065949893,46.90484761532096,107.0,7803.0,1269.0,0.0,43.0,3.0,0.0,44,225.1633542828877,90.53440258413706,225.59954833984375,98.37059020996094,43.0,659.0,3.0,87.0,6.553666776935361,695.4463332230646,0.4153543549805878,89.5846456450194,43.0,659.0,3.0,87.0,291.0,2.0,47.0,0.0,3.0,3.0
470,0.0,0.0,233093.99099251395,19,442359.8652518489,442924.57034950994,0.8977746417583785,0.9001972915026151,0.9010553701588364,0.7120058703098279,106,46,0.008490877567651059,0.17177190481320667,0.05197663185567904,564.7050976610053,917410.1953220107,322121.71050036483,458.70509766100537,106.0,7843.0,1733.0,0.0,36.0,5.0,0.0,40,217.87581042229078,86.76185581219652,216.28472900390625,82.65676879882812,36.0,582.0,5.0,137.0,5.323052782357194,612.6769472176429,0.8899115616387053,141.1100884383613,36.0,582.0,5.0,137.0,360.0,2.0,16.0,0.0,5.0,5.0
471,0.0,0.0,483184.4861635234,29,970712.3483804265,971933.8102626562,1.0089890635518248,1.0115170045706434,1.0124824127795864,0.7586709361316019,175,76,0.006038242059970734,0.17915816069653903,0.034217901724234355,1221.4618822296356,2092923.764459272,689667.8338341623,1046.4618822296359,175.0,12683.0,1933.0,0.0,63.0,7.0,0.0,65,207.8106682714823,63.677769180444,192.1362762451172,65.98820495605469,63.0,1562.0,7.0,253.0,9.999577688536831,1615.0004223114638,1.086178636396517,258.91382136360346,63.0,1562.0,7.0,253.0,424.0,1.0,30.0,0.0,7.0,7.0
472,0.0,0.0,32002.149296615193,17,67082.62425327886,67262.44717694566,1.0961912161435379,1.101810305099098,1.1040717739572177,0.7382245064404991,108,48,0.006877235788057685,0.1671295831100649,0.058277619421846616,179.82292366678718,143645.84733357438,48645.71891083388,71.82292366678719,108.0,7582.0,986.0,0.0,43.0,0.0,0.0,43,226.73735875848874,,221.0,,43.0,637.0,0.0,51.0,6.248140808406126,673.7518591915939,0.0,51.0,43.0,637.0,0.0,51.0,205.0,0.0,43.0,0.0,0.0,0.0
473,0.0,0.0,391669.85373905534,25,752765.0738148474,753887.3038317405,0.9219377407492964,0.9248029855624467,0.9258048284134242,0.8686562989896701,162,66,0.014220258527253182,0.16568772006027543,0.03904571663154215,1122.2300168931704,1920460.0337863406,552709.9832292756,960.2300168931703,162.0,10822.0,1778.0,0.0,61.0,10.0,0.0,66,192.4867529148626,70.42509902748388,189.7692108154297,71.50323486328125,61.0,1371.0,10.0,208.0,11.273331287884437,1420.7266687121157,2.1986590108218893,215.8013409891781,61.0,1371.0,10.0,208.0,359.0,0.0,33.0,0.0,10.0,10.0
474,0.0,0.0,45376.97370547,22,87676.88419880263,87911.33780901882,0.9321888843423145,0.9373556813115873,0.9395536863778053,0.7500458109195791,138,58,0.008577112450339267,0.17017312583493166,0.04487020198995586,234.45361021622136,192907.22043244285,64298.47938085698,96.45361021622142,138.0,9766.0,1322.0,0.0,51.0,7.0,0.0,55,202.11913559032524,58.01160549215958,196.869140625,53.97960662841797,51.0,979.0,7.0,173.0,7.402224148437116,1022.5977758515629,1.6681514237177302,178.33184857628228,51.0,979.0,7.0,173.0,234.0,0.0,72.0,0.0,7.0,7.0
475,0.0,0.0,355257.14422427485,7,621201.1398274607,621775.443305795,0.7485957704915138,0.7502123557950642,0.7506885648188879,0.5998109898964759,27,13,0.007729135862729002,0.16590084065987745,0.14130196359258276,574.3034783342116,1094606.956668423,456229.95206262654,547.3034783342115,27.0,2936.0,592.0,0.0,6.0,1.0,0.0,7,245.99074445634764,110.47843497641023,203.71018981933594,110.47843170166016,6.0,30.0,1.0,12.0,0.8380159404397894,35.16198405956021,0.1357876379349674,12.864212362065032,6.0,30.0,1.0,12.0,125.0,0.0,49.0,0.0,1.0,1.0
476,0.0,0.0,203124.07694384057,23,370349.1249308172,370927.8276481518,0.8232655158512341,0.8261145267909591,0.8270314367614726,0.7963999072039306,141,60,0.010374126071464602,0.1724260665617736,0.04275558804246855,578.7027173344802,875405.4346689603,274800.83396242757,437.70271733448016,141.0,9426.0,2166.0,0.0,49.0,9.0,0.0,55,216.69372384331336,102.25145417848269,208.53822326660156,92.88249969482422,49.0,1010.0,9.0,197.0,7.67721378216366,1051.3227862178364,2.2524666218431615,203.74753337815682,49.0,1010.0,9.0,197.0,448.0,1.0,35.0,0.0,9.0,9.0
477,0.0,0.0,380777.5652888481,23,742908.9695238129,743997.200673772,0.9510313559578047,0.9538892741997411,0.9548805705345411,0.8671176972034518,152,62,0.0128019018480673,0.17712342610311982,0.0425644984156607,1088.231149959192,1872462.2999183834,539852.4058375456,936.2311499591917,152.0,10105.0,1487.0,0.0,60.0,7.0,0.0,66,207.3836718192875,80.50274726278504,185.4278564453125,88.95915222167969,60.0,1295.0,7.0,156.0,10.398962909796365,1344.6010370902034,1.881073129068793,161.11892687093123,60.0,1295.0,7.0,156.0,329.0,0.0,27.0,0.0,7.0,7.0
478,0.0,0.0,140176.7121221634,30,279959.2825535585,280525.2761963535,0.9971882512808208,1.0012259664920444,1.00274258792457,0.8937653679146778,206,81,0.009684951075320608,0.16995630732068462,0.032846000455438056,565.9936427948865,719987.2855897727,201391.58201823095,359.9936427948864,206.0,12666.0,2454.0,0.0,79.0,16.0,0.0,86,224.87387439430594,109.16584426421386,220.57655334472656,86.12979125976562,79.0,2100.0,16.0,385.0,13.464805146195546,2165.5351948538046,3.5539715851013716,397.4460284148987,79.0,2100.0,16.0,385.0,549.0,0.0,31.0,0.0,16.0,16.0
479,0.0,0.0,33152.71569943105,21,64864.42651043282,65096.52423148911,0.9565343333712475,0.9635351993986503,0.9665259674645343,0.8779418906896482,150,59,0.014443899890418102,0.16533770231333847,0.04647631763970584,232.0977210562763,164195.44211255247,46755.78300050482,82.09772105627624,150.0,8365.0,2219.0,0.0,57.0,13.0,0.0,67,204.32992607653622,90.6555848508133,197.04605102539062,87.48526763916016,57.0,1051.0,13.0,286.0,9.333372385150213,1098.6666276148496,2.8035367017079067,296.1964632982921,57.0,1051.0,13.0,286.0,472.0,1.0,53.0,0.0,13.0,13.0
480,0.0,0.0,33265.87317611929,20,71147.80529600804,71338.00538410085,1.13876259671077,1.1444801706065708,1.147261645848733,0.7315756101982313,117,50,0.00768140808757679,0.16880399456565354,0.049444744269410895,190.20008809285176,146400.17618570355,50029.06539832371,73.20008809285177,117.0,8968.0,1112.0,0.0,44.0,3.0,0.0,45,198.49556243376773,76.19921133683191,168.4474639892578,81.84747314453125,44.0,778.0,3.0,75.0,6.714144131595743,815.2858558684046,0.6597178665919818,77.34028213340802,44.0,778.0,3.0,75.0,226.0,0.0,45.0,0.0,3.0,3.0
481,0.0,0.0,47005.08339716646,23,93894.77363827234,94164.84164751653,0.9975450919832314,1.0032905984205303,1.0058035051837737,0.8468871057630387,159,65,0.009600104752939684,0.16405069478128953,0.04283756030010071,270.0680092441843,222136.01848836866,65574.27105004327,111.06800924418434,159.0,9557.0,2035.0,0.0,62.0,9.0,0.0,67,225.3570804415723,74.31197713955169,226.21981811523438,69.60486602783203,62.0,1223.0,9.0,247.0,9.719674487229486,1275.280325512771,2.176428646070831,253.8235713539292,62.0,1223.0,9.0,247.0,461.0,0.0,55.0,0.0,9.0,9.0
482,0.0,0.0,210588.91132887208,12,449743.59030215885,450199.3130669574,1.1356470645304024,1.1378111042318415,1.138660660475714,0.6387762730919094,55,25,0.009380962645754078,0.18563742465873428,0.08206773789374436,455.7227647985108,801445.5295970216,313664.4093391783,400.7227647985108,55.0,5704.0,344.0,0.0,18.0,0.0,0.0,18,238.94283911866648,,210.0,,18.0,194.0,0.0,4.0,2.4756512854295787,209.5243487145704,0.0,4.0,18.0,194.0,0.0,4.0,49.0,0.0,20.0,0.0,0.0,0.0
483,0.0,0.0,23852.91101817525,17,52349.26499839268,52519.23723319272,1.1946698647600709,1.2017957134529418,1.2052274284558804,0.7734320292230553,114,49,0.007206263060325857,0.17345002891240827,0.05826648783269121,169.9722348000431,111944.46960008628,36184.326925450434,55.97223480004314,114.0,7477.0,1091.0,0.0,44.0,4.0,0.0,45,222.48497659144766,53.29276209844659,231.35177612304688,41.078670501708984,44.0,634.0,4.0,83.0,6.372997708546257,671.6270022914539,0.575241961478024,86.42475803852197,44.0,634.0,4.0,83.0,249.0,1.0,73.0,0.0,4.0,4.0
484,0.0,0.0,408597.71944958565,19,825658.8768178422,826628.9074499266,1.020713375321996,1.0230874234037892,1.0239491970937151,0.7532807078410917,106,45,0.008752447961728827,0.18764471586658776,0.05192175595393286,970.0306320843982,1728061.2641687966,573511.7221843612,864.0306320843983,106.0,8048.0,1528.0,0.0,38.0,4.0,0.0,39,233.90732625189972,79.07685849174406,232.9309539794922,88.84706115722656,38.0,589.0,4.0,110.0,5.920534019794193,621.0794659802059,0.7244308122373972,113.27556918776261,38.0,589.0,4.0,110.0,361.0,0.0,18.0,0.0,4.0,4.0
485,0.0,0.0,42783.86645569184,22,85603.82676757115,85820.51022249665,1.0008436324058008,1.0059082390642455,1.007924784895187,0.719419061608429,127,56,0.007091062338921845,0.17018280836311103,0.045032610960367675,216.68345492553223,179366.90985106438,62330.46892378965,89.68345492553219,127.0,9817.0,1271.0,0.0,46.0,3.0,0.0,49,236.42516929661645,62.95801880443188,229.741455078125,58.38847351074219,46.0,918.0,3.0,111.0,6.977696881941899,957.022303118058,0.5131736184158764,113.48682638158412,46.0,918.0,3.0,111.0,263.0,1.0,69.0,0.0,3.0,3.0
486,0.0,0.0,55421.96222599021,26,106493.02011544608,106790.4565173984,0.9214949424058108,0.926861702982412,0.9289020649077564,0.8700705318420331,163,67,0.012223114828964871,0.17106365775899196,0.03769924087774724,297.4364019523301,268872.80390466016,77256.03674205224,134.43640195233007,163.0,10906.0,2198.0,0.0,60.0,10.0,0.0,67,208.66214096570533,120.24070497338782,197.56393432617188,109.82585144042969,60.0,1419.0,10.0,253.0,10.619541530862335,1468.3804584691372,2.525073993288919,260.4749260067111,60.0,1419.0,10.0,253.0,489.0,0.0,30.0,0.0,10.0,10.0
487,0.0,0.0,12211.4499733426,7,23012.430703901093,23076.52569803238,0.8844961699173204,0.8897449318801671,0.8919800470561936,0.6755034897733196,41,19,0.010563785926144039,0.1907486147158247,0.14060920728151835,64.09499413128728,46189.98826257457,17094.651975104767,23.094994131287283,41.0,3056.0,472.0,0.0,13.0,2.0,0.0,15,207.6551432166514,99.51105923970047,188.0,99.51106262207031,13.0,71.0,2.0,19.0,1.7679745620512302,82.23202543794878,0.2890365667323441,20.710963433267658,13.0,71.0,2.0,19.0,105.0,0.0,6.0,0.0,2.0,2.0
488,0.0,0.0,101302.21324080456,11,213168.746872379,213422.50442105698,1.1042851883764628,1.1067901439994436,1.1077554191992163,0.6584548641730724,55,26,0.007231529345278936,0.18474610586070037,0.08994788588603769,253.7575486780028,397515.0973560056,150927.2385189337,198.7575486780028,55.0,4571.0,973.0,0.0,17.0,1.0,0.0,18,246.47669800875312,181.6102421372842,255.81756591796875,181.61024475097656,17.0,155.0,1.0,25.0,2.2981040553709544,169.70189594462903,0.21518188286050355,25.784818117139498,17.0,155.0,1.0,25.0,204.0,0.0,9.0,0.0,1.0,1.0
489,0.0,0.0,10262.935862208122,23,20188.49307526189,20343.51129643962,0.967126497360594,0.9822311636333869,0.988494626521873,0.789518403073247,132,48,0.01184896771571119,0.17240926382414148,0.04272342883782655,155.01822117773636,46036.44235547278,14577.381026291852,23.01822117773639,132.0,9588.0,2004.0,0.0,53.0,8.0,0.0,59,232.63010596284073,84.37690152396124,217.0028839111328,82.58406066894531,53.0,1113.0,8.0,183.0,8.34214995867047,1157.6578500413293,2.0150867055201034,188.98491329447987,53.0,1113.0,8.0,183.0,445.0,3.0,393.0,0.0,8.0,8.0
490,0.0,0.0,58322.54464397692,29,121051.54559361488,121405.36563968376,1.0755532244445045,1.081619832961481,1.084379381086766,0.8892570909055352,202,79,0.009698936343333454,0.17353489284865525,0.033975187118998634,353.82004606895384,303640.09213790786,85363.41605910321,151.82004606895393,202.0,12936.0,1680.0,0.0,81.0,13.0,0.0,87,198.37747482997094,77.46287986791343,189.36363220214844,61.541526794433594,81.0,2157.0,13.0,272.0,13.966503886863597,2224.0334961131357,2.768083980784106,282.2319160192159,81.0,2157.0,13.0,272.0,349.0,1.0,39.0,0.0,13.0,13.0
491,0.0,0.0,36130.86401144442,15,78097.4087407301,78271.15764812665,1.1615151167155262,1.166323994447914,1.1684601572873765,0.7121467715682214,95,45,0.0036040973813825975,0.1770121152783899,0.06653826184146845,173.74890739656774,157497.8147931355,55289.801583425324,78.74890739656776,95.0,6902.0,658.0,0.0,34.0,1.0,0.0,33,222.26400651521595,67.19359248245681,233.49981689453125,67.19359588623047,34.0,425.0,1.0,35.0,4.801806959359439,454.19819304064055,0.13780404288097392,35.86219595711903,34.0,425.0,1.0,35.0,135.0,0.0,196.0,0.0,1.0,1.0
492,0.0,0.0,155588.8256337638,6,329394.2120278025,329705.4810178773,1.11708142076446,1.1190820078169486,1.1198535833446388,0.6070471324471516,28,13,0.004562437656205099,0.19988546385230677,0.165865864512053,311.26899007487475,566537.9801497496,233317.13052736942,283.2689900748748,28.0,2677.0,347.0,0.0,9.0,0.0,0.0,9,268.13850026008777,,208.0,,9.0,40.0,0.0,5.0,1.225484611873573,47.774515388126424,0.0,5.0,9.0,40.0,0.0,5.0,83.0,0.0,14.0,0.0,0.0,0.0
493,0.0,0.0,61713.15530905201,7,112865.04931674969,113008.82481077951,0.8288653165039963,0.8311950546823443,0.8319646679235608,0.636611934325057,36,18,0.006783198210855665,0.1931957580844305,0.14154015900075673,143.7754940298454,215550.98805969075,84647.71725031368,107.77549402984538,36.0,3021.0,507.0,0.0,11.0,0.0,0.0,11,233.4520073862889,,217.0,,11.0,53.0,0.0,13.0,1.48833599728925,62.51166400271075,0.0,13.0,11.0,53.0,0.0,13.0,126.0,0.0,28.0,0.0,0.0,0.0
494,0.0,0.0,89401.135345469,18,199097.27637059728,199384.77588896034,1.2270106034026766,1.2302264408442496,1.231634505420109,0.6987872063386604,98,46,0.003830425205922605,0.18068498757253829,0.05540710596509808,287.49951836309316,378999.03672618605,135591.71994289054,189.49951836309302,98.0,8279.0,793.0,0.0,33.0,1.0,0.0,34,239.56014629099985,138.67429946189924,232.69979858398438,138.67430114746094,33.0,540.0,1.0,38.0,4.739475992863515,568.2605240071365,0.1481802028873499,38.85181979711265,33.0,540.0,1.0,38.0,178.0,1.0,55.0,0.0,1.0,1.0
495,0.0,0.0,279562.9587222945,19,563101.8240227757,563799.7257812087,1.0142218647146897,1.0167182675343716,1.0176181984822419,0.7158124237901002,116,53,0.0065378376867700465,0.18536207480682104,0.05219446305966856,697.9017584330156,1163803.5168660309,406462.46076028445,581.9017584330154,116.0,8108.0,1468.0,0.0,40.0,4.0,0.0,44,245.89025877013063,89.94454764936272,241.6314697265625,62.533775329589844,40.0,675.0,4.0,117.0,5.579008960667795,709.4209910393323,0.6987804443354454,120.30121955566456,40.0,675.0,4.0,117.0,348.0,1.0,58.0,0.0,4.0,4.0
496,0.0,0.0,24422.567194918935,11,47970.56058906748,48077.713718286024,0.96418993164026,0.9685773954299324,0.9702515513139915,0.6884391560844582,59,26,0.009009142564836493,0.17939655417323283,0.08974652434800512,107.15312921854249,96306.25843708497,34972.683346787315,48.15312921854248,59.0,4956.0,588.0,0.0,22.0,0.0,0.0,22,222.01797658168846,,214.31195068359375,,22.0,196.0,0.0,24.0,3.2200681276643417,214.77993187233562,0.0,24.0,22.0,196.0,0.0,24.0,141.0,0.0,35.0,0.0,0.0,0.0
497,0.0,0.0,55401.08358277921,14,108948.76735108772,109165.31551565323,0.9665457840422673,0.9704545192250718,0.9720126064495698,0.7450615372351419,97,44,0.009140015872576967,0.18786831273474025,0.0704819457666337,216.54816456551055,239096.32913102093,80227.04071474636,119.54816456551046,97.0,6085.0,971.0,0.0,32.0,7.0,0.0,38,217.56978650407532,82.97015307533376,221.0,81.52782440185547,32.0,429.0,7.0,64.0,4.621238913664614,456.3787610863354,1.2106105093509558,69.78938949064906,32.0,429.0,7.0,64.0,216.0,1.0,101.0,0.0,7.0,7.0
498,0.0,0.0,113912.93430229241,25,245373.04913878808,245766.0682383262,1.1540402820950781,1.157490453069475,1.1590887475401241,0.7138579848801699,148,67,0.0042605007572516385,0.18258643914058814,0.039827645953345286,393.01909953824565,490038.1990764916,171616.13705236858,245.0190995382458,148.0,10958.0,1642.0,0.0,49.0,7.0,0.0,55,206.8415030922875,99.86723704588537,203.0,77.96198272705078,49.0,1133.0,7.0,186.0,7.010087227454017,1174.9899127725462,1.3569947813943746,191.64300521860565,49.0,1133.0,7.0,186.0,350.0,1.0,75.0,0.0,7.0,7.0
499,0.0,0.0,15114.10135272749,26,30273.22990248732,30464.639558867428,1.0029791514547584,1.0156434608908973,1.0215180082810091,0.7925781641150496,157,60,0.008715127518468917,0.17653370855081824,0.037982822742655103,191.40965638011963,68819.31276023929,21707.42138634341,34.40965638011965,157.0,11411.0,1693.0,0.0,61.0,10.0,0.0,69,210.05855371999948,65.04283386783929,196.0,68.096435546875,61.0,1504.0,10.0,219.0,9.412754981100887,1555.5872450188997,2.614952827055425,226.38504717294458,61.0,1504.0,10.0,219.0,310.0,0.0,205.0,0.0,10.0,10.0
500,0.0,0.0,280331.82461819804,16,557925.7707608033,558605.2684642061,0.9902334368232302,0.992657341794877,0.9935310369442591,0.7075963024799613,101,45,0.007400966875442629,0.17379082650959002,0.06185323839578698,679.4977034030969,1156995.4068061933,408776.65794436465,578.4977034030967,101.0,6957.0,1107.0,0.0,36.0,4.0,0.0,39,238.7639818274973,67.40920163283822,258.1310729980469,67.5687255859375,36.0,491.0,4.0,93.0,4.96821937459894,522.0317806254012,0.7288349774550237,96.27116502254498,36.0,491.0,4.0,93.0,236.0,0.0,68.0,0.0,4.0,4.0
501,0.0,0.0,103310.09648382297,10,200497.20643826504,200721.45837638233,0.9407319638856433,0.9429026320560328,0.9437115026036893,0.6108592056096167,44,21,0.0034477954911687047,0.1946354258943684,0.09981289751699435,224.25193811727038,360503.8762345408,147539.6756421024,180.25193811727038,44.0,4342.0,698.0,0.0,11.0,2.0,0.0,13,216.9758320927444,98.1557583352473,191.0,98.15576171875,11.0,87.0,2.0,30.0,1.4857668637603703,96.51423313623962,0.30970967190878995,31.690290328091212,11.0,87.0,2.0,30.0,157.0,0.0,78.0,0.0,2.0,2.0
502,0.0,0.0,13001.161786708743,13,25560.283327549354,25654.912005142836,0.9659999426881962,0.9732784212692582,0.9763973168149129,0.6906392037387965,69,28,0.009660697536731638,0.18624160445498833,0.07584636569939535,94.6286775934928,51257.35518698555,18554.317112865258,25.628677593492775,69.0,5655.0,897.0,0.0,25.0,3.0,0.0,28,229.4201609639101,55.01117964615879,223.92225646972656,50.31657791137695,25.0,280.0,3.0,56.0,3.5876685796680587,301.4123314203319,0.41340051449470605,58.586599485505296,25.0,280.0,3.0,56.0,196.0,1.0,122.0,0.0,3.0,3.0
503,0.0,0.0,445754.44135031314,6,833675.5566286091,834556.7088269319,0.8702574316549172,0.8722341975972903,0.8728427446486273,0.6668773399107732,35,17,0.011687681256712793,0.17402765898802156,0.16365786578279606,881.1521983229959,1692304.396645992,634413.6677640069,846.152198322996,35.0,2627.0,397.0,0.0,12.0,0.0,0.0,12,219.55774063553167,,246.65487670898438,,12.0,52.0,0.0,8.0,1.6773191844814392,62.32268081551856,0.0,8.0,12.0,52.0,0.0,8.0,76.0,0.0,66.0,0.0,0.0,0.0
504,0.0,0.0,36830.45985957026,15,80206.74139462446,80379.42505564902,1.1777284807315005,1.1824170906940958,1.1847015154145306,0.7366556371132462,92,40,0.006798758666257115,0.16883442920728226,0.06607341970805898,172.6836610245593,161367.32204911867,54763.485786070094,80.68366102455933,92.0,6433.0,1127.0,0.0,36.0,1.0,0.0,36,214.13731537344216,99.5340309714086,186.96719360351562,99.5340347290039,36.0,420.0,1.0,83.0,5.160198519831067,450.839801480169,0.133820545300956,83.86617945469905,36.0,420.0,1.0,83.0,247.0,0.0,82.0,0.0,1.0,1.0
505,0.0,0.0,121367.95677707714,18,273333.5388234907,273712.79366715293,1.2521062896818527,1.2552311247184913,1.2566382614780869,0.7174073021108489,114,57,0.0051020875291268655,0.17852086922159519,0.05524604407470624,379.2548436622929,530509.6873245859,184870.46541192548,265.25484366229296,114.0,8006.0,1066.0,0.0,39.0,0.0,0.0,38,228.74318189807119,,228.0,,39.0,582.0,0.0,63.0,5.501777645668995,615.498222354331,0.0,63.0,39.0,582.0,0.0,63.0,239.0,0.0,80.0,0.0,0.0,0.0
506,0.0,0.0,17769.493562913267,19,34023.15704299572,34174.631431922724,0.9146948067223197,0.9232192133628749,0.9263065112160298,0.7911765976655277,112,43,0.010888679149767119,0.16779395680139367,0.051763980829004165,151.47438892699856,78948.77785399703,24946.635835458845,39.474388926998515,112.0,8256.0,1320.0,0.0,47.0,3.0,0.0,47,231.06051017105187,76.1624922711934,238.2586212158203,81.88494873046875,47.0,747.0,3.0,96.0,7.506064632711327,786.4939353672886,0.6628069494454415,98.33719305055456,47.0,747.0,3.0,96.0,275.0,1.0,41.0,0.0,3.0,3.0
507,0.0,0.0,36512.097270486556,5,57266.22433579737,57349.83275202375,0.5684178290707715,0.5707077116706945,0.5713132703759618,0.6446680651677488,26,13,0.009575057964864343,0.19927337469293524,0.1970516350783836,83.60841622639265,115216.83245278528,44680.68091088271,57.60841622639264,26.0,2025.0,495.0,0.0,8.0,0.0,0.0,8,228.89943634742784,,216.36260986328125,,8.0,22.0,0.0,10.0,1.077396915558741,28.92260308444126,0.0,10.0,8.0,22.0,0.0,10.0,110.0,0.0,39.0,0.0,0.0,0.0
508,0.0,0.0,461810.0568973845,24,915448.7618372631,916463.4969121756,0.9823058163514147,0.9845031159982216,0.985342714925928,0.6776772426504305,131,60,0.004219486126838958,0.17614499496265243,0.04147623523745836,1014.7350749121713,1767470.1498243427,652032.4273070158,883.7350749121714,131.0,10163.0,1933.0,0.0,40.0,7.0,0.0,46,234.8053134719512,73.96378292744392,215.10374450683594,60.53227996826172,40.0,868.0,7.0,189.0,5.508490820266819,902.4915091797332,1.2455115090122413,194.75448849098774,40.0,868.0,7.0,189.0,437.0,1.0,60.0,0.0,7.0,7.0
509,0.0,0.0,13610.484052084252,20,24725.545446125478,24867.370739650978,0.816654378456078,0.8270746759989698,0.8310120587821284,0.7518221605518891,114,44,0.009893904823446702,0.1691062934254079,0.049252476461131914,141.82529352551308,55650.58705102623,18505.236334805188,27.825293525513118,114.0,8545.0,1535.0,0.0,39.0,11.0,0.0,47,231.2686533935419,98.97898784417045,232.5807342529297,89.66423797607422,39.0,754.0,11.0,136.0,5.717460036993775,787.2825399630061,2.2110534285912338,144.7889465714088,39.0,754.0,11.0,136.0,309.0,0.0,129.0,0.0,11.0,11.0
510,0.0,0.0,10523.447679486031,19,20026.107979046887,20173.076568059012,0.902998768938144,0.9169645901678747,0.9229913690490836,0.8265150480784671,123,45,0.014051094674926858,0.16714879442670474,0.05142805267290072,146.9685890121275,47937.17802425491,14499.789851286496,23.968589012127453,123.0,7979.0,1597.0,0.0,51.0,8.0,0.0,55,207.9052425942044,91.54833720024783,199.0,84.31822967529297,51.0,808.0,8.0,178.0,7.89096160990508,851.109038390095,1.9121335772070966,184.0878664227929,51.0,808.0,8.0,178.0,355.0,0.0,87.0,0.0,8.0,8.0
511,0.0,0.0,365164.08978762187,8,908767.935697785,909555.1516639541,1.4886563632977197,1.4908121502115614,1.4917209939289866,0.6308269071927748,34,17,0.01242752278249546,0.1990079081051797,0.12240491074182212,787.2159661691067,1506431.932338213,597006.8473465819,753.2159661691065,34.0,3649.0,383.0,0.0,9.0,0.0,0.0,9,271.10900752814814,,314.0,,9.0,57.0,0.0,6.0,1.2371202560570054,64.762879743943,0.0,6.0,9.0,57.0,0.0,6.0,83.0,0.0,29.0,0.0,0.0,0.0
512,0.0,0.0,13744.929439306909,14,26191.049343251158,26308.65998014494,0.9055062784354204,0.9140629347218796,0.9178006313209319,0.781255072412902,88,35,0.01107693684675364,0.18499378501422864,0.0701810047506866,117.61063689378162,59221.273787563216,18950.68457112817,29.61063689378161,88.0,5821.0,1235.0,0.0,31.0,8.0,0.0,39,190.7180360311774,87.40786272684258,180.84716796875,94.10426330566406,31.0,408.0,8.0,99.0,4.787520962966549,434.2124790370333,1.4075539974741056,105.5924460025259,31.0,408.0,8.0,99.0,267.0,0.0,56.0,0.0,8.0,8.0
513,0.0,0.0,277826.2946358373,27,569952.1550841032,570852.4645475635,1.0514694472356254,1.0547099953077232,1.056074227267036,0.8868488413384701,194,78,0.010249287073322694,0.16473495219616555,0.03646101093828492,900.3094634601217,1412618.9269202426,398212.9933180772,706.3094634601213,194.0,11360.0,2248.0,0.0,75.0,14.0,0.0,85,199.868324011596,88.47297661760672,183.0,81.23698425292969,75.0,1827.0,14.0,379.0,12.084755547019899,1889.9152444529811,3.5294629864901195,389.4705370135098,75.0,1827.0,14.0,379.0,486.0,2.0,38.0,0.0,14.0,14.0
514,0.0,0.0,211960.70075531284,26,414029.2971806981,414711.1708190905,0.953330479212998,0.9565474606438131,0.957765113099758,0.8554801969507393,181,76,0.007214223308074703,0.17179510608375162,0.03807156889583228,681.8736383923583,1001747.276784716,292744.14543882164,500.87363839235803,181.0,10560.0,2544.0,0.0,69.0,10.0,0.0,76,206.40570189878645,96.414631822014,204.17832946777344,74.85440826416016,69.0,1560.0,10.0,337.0,11.380219000102832,1617.6197809998978,1.9138895711864174,345.0861104288135,69.0,1560.0,10.0,337.0,584.0,0.0,46.0,0.0,10.0,10.0
515,0.0,0.0,95653.27304926481,21,173696.99074957127,174034.66607099894,0.8159022186319875,0.8194324200632941,0.8206457298691436,0.7941131288944111,132,55,0.009736639255316646,0.17018097025784718,0.046881826127107167,337.67532142767175,411350.64285534376,129500.01325001352,205.6753214276719,132.0,8827.0,1757.0,0.0,48.0,8.0,0.0,55,204.6524204469413,88.34610830321081,189.7991485595703,76.9197769165039,48.0,899.0,8.0,200.0,7.5931052161625585,939.4068947838374,1.7872200491474715,206.2127799508525,48.0,899.0,8.0,200.0,368.0,1.0,25.0,0.0,8.0,8.0
516,0.0,0.0,251252.03015508133,6,509251.6054384167,509747.97848069074,1.026855684008162,1.028831282143499,1.0295651595156041,0.6343713890434942,29,14,0.008619072205798082,0.2085707443705516,0.16445533858577463,496.37304227402603,934746.0845480522,368374.9380459384,467.3730422740261,29.0,2672.0,352.0,0.0,9.0,0.0,0.0,9,175.26983353188427,,193.0,,9.0,36.0,0.0,9.0,1.2855910209908696,43.71440897900913,0.0,9.0,9.0,36.0,0.0,9.0,69.0,0.0,18.0,0.0,0.0,0.0
517,0.0,0.0,185914.59099466586,5,499542.6783182009,499969.4358442116,1.6869471387134616,1.6892425880578483,1.6903326519503752,0.6436207320315814,22,11,0.008938522060874672,0.2105945480446682,0.19710465359751658,426.7575260106649,809515.0520213298,314437.9180678755,404.7575260106649,22.0,2380.0,140.0,0.0,6.0,0.0,0.0,6,261.89124749654985,,306.5,,6.0,21.0,0.0,3.0,0.8208168070649101,26.179183192935092,0.0,3.0,6.0,21.0,0.0,3.0,25.0,0.0,15.0,0.0,0.0,0.0
518,0.0,0.0,257801.96273855935,21,572142.193613426,572867.9538420085,1.219308912685213,1.2221240977244308,1.223228814450728,0.7346616487446793,131,57,0.006680128496872214,0.181927296158498,0.047179003451755346,725.7602285826406,1189520.4571652808,404785.1344894011,594.7602285826405,131.0,9563.0,1021.0,0.0,52.0,1.0,0.0,52,228.0312294420714,63.16088895042695,228.6691131591797,63.160888671875,52.0,960.0,1.0,79.0,7.635656696661136,1004.364343303339,0.14720561124665,79.85279438875335,52.0,960.0,1.0,79.0,218.0,1.0,57.0,0.0,1.0,1.0
519,0.0,0.0,13967.492669675765,15,30632.147860937526,30737.953366821002,1.1931028413883968,1.2006779666013272,1.204698888815769,0.7243979186956186,76,31,0.00759137707216199,0.1836297516228315,0.0659891516655267,105.80550588347847,59611.01176695696,20572.60596299581,29.80550588347848,76.0,6517.0,1043.0,0.0,30.0,0.0,0.0,29,201.53827141252867,,179.36837768554688,,30.0,352.0,0.0,53.0,4.6158350067230165,377.38416499327707,0.0,53.0,30.0,352.0,0.0,53.0,266.0,0.0,76.0,0.0,0.0,0.0
520,0.0,0.0,37837.421064341586,20,81680.19538923072,81890.2093535793,1.158714655798967,1.1642650859932302,1.1669630749660955,0.7399467999317411,126,57,0.006220399873463201,0.18595750167460168,0.0496236584109403,210.0139643485609,168027.92869712177,56770.27345500449,84.01396434856089,126.0,8964.0,1116.0,0.0,43.0,6.0,0.0,48,204.0782500854845,81.04754208583198,200.0,82.3389663696289,43.0,801.0,6.0,110.0,6.17677744856765,837.8232225514324,1.2125542406474912,114.78744575935251,43.0,801.0,6.0,110.0,256.0,0.0,132.0,0.0,6.0,6.0
521,0.0,0.0,224653.00712478146,13,346050.34915782267,346483.96260752686,0.5403771068402043,0.5423072543830918,0.5427318015459321,0.6705226855359919,63,27,0.011711759990227397,0.1595248171015438,0.0754485374378401,433.6134497042523,741226.8994085046,276361.6039388713,370.61344970425233,63.0,5134.0,1418.0,0.0,20.0,3.0,0.0,23,243.07649848234396,141.09607132353898,240.03167724609375,97.44464111328125,20.0,223.0,3.0,53.0,2.9433862543302003,240.05661374566984,0.5091451144038719,55.49085488559612,20.0,223.0,3.0,53.0,305.0,1.0,8.0,0.0,3.0,3.0
522,0.0,0.0,13202.007741890664,28,27422.941070002988,27623.918194253587,1.077179593145409,1.0924028173837108,1.0998037866026276,0.8033548969050912,170,63,0.009908490549353863,0.17813892056116704,0.035190380045335735,200.97712425058722,61954.24850117448,19279.850269118913,30.97712425058724,170.0,12515.0,1597.0,0.0,71.0,8.0,0.0,74,213.62068751904107,69.55859914234591,212.2783660888672,59.6551513671875,71.0,1806.0,8.0,187.0,11.548528577539441,1865.4514714224604,2.077459098614561,192.92254090138545,71.0,1806.0,8.0,187.0,325.0,1.0,226.0,0.0,8.0,8.0
523,0.0,0.0,265045.8258510218,16,540618.4929176938,541250.365722395,1.0397170609340862,1.0421010743501524,1.0430162501399707,0.6972843622192827,94,42,0.006714145471999075,0.16959189775877342,0.06195624638510048,631.8728047012369,1075745.609402474,385691.1425557585,537.872804701237,94.0,7087.0,977.0,0.0,35.0,1.0,0.0,35,205.7495972515823,55.90459013564859,175.64035034179688,55.90459060668945,35.0,459.0,1.0,65.0,4.896543572353553,489.1034564276465,0.15311912779977344,65.84688087220022,35.0,459.0,1.0,65.0,232.0,0.0,79.0,0.0,1.0,1.0
524,0.0,0.0,75380.13402383527,29,156568.54958158813,156960.1732892445,1.077053213146066,1.0822485303569973,1.0845107119797666,0.9136721002527769,192,76,0.00948441431015967,0.17474839292311187,0.033995164338291334,391.6237076563896,399247.4153127794,109242.53219571974,199.6237076563897,192.0,12539.0,2077.0,0.0,78.0,9.0,0.0,82,192.6423108182766,72.88313207977427,187.61123657226562,67.93561553955078,78.0,1950.0,9.0,341.0,14.45462339090134,2013.545376609099,1.7872313171834513,348.2127686828165,78.0,1950.0,9.0,341.0,457.0,0.0,40.0,0.0,9.0,9.0
525,0.0,0.0,92588.35687521663,30,206619.95630297807,207040.43433045698,1.2315976141735008,1.2361389846186595,1.2384260275998709,0.8008637513030593,198,85,0.00525359291110158,0.17871602318825058,0.03313198961264587,420.47802747896156,444956.05495792325,138898.7996503618,222.47802747896162,198.0,13089.0,2031.0,0.0,75.0,8.0,0.0,75,207.75812640519692,63.12140423518691,200.17681884765625,68.51004791259766,75.0,1867.0,8.0,300.0,11.32830226137289,1930.6716977386266,1.6724661157905238,306.32753388420946,75.0,1867.0,8.0,300.0,482.0,1.0,74.0,0.0,8.0,8.0
526,0.0,0.0,335883.0984113435,14,715581.8433543696,716348.1607366177,1.1304490959471356,1.1327305962246808,1.1336414977500375,0.7093171929124977,78,35,0.008319655721268387,0.18600309401531304,0.07054724415300978,766.3173822481923,1376634.7644963844,485197.16505243647,688.3173822481922,78.0,6027.0,1029.0,0.0,28.0,1.0,0.0,29,235.05285457147443,120.09323718673743,215.42807006835938,120.0932388305664,28.0,330.0,1.0,47.0,3.9327299881009843,354.06727001189904,0.16521926054032976,47.83478073945967,28.0,330.0,1.0,47.0,247.0,0.0,61.0,0.0,1.0,1.0
527,0.0,0.0,253544.43128297266,13,489104.1047146475,489687.06157369184,0.9290666422437588,0.9313658718347795,0.932119625296469,0.7191733302046001,75,33,0.008483237938375071,0.1764079145270989,0.07600178363280606,582.9568590444708,1015913.7180889414,353153.29261442466,507.9568590444707,75.0,5613.0,939.0,0.0,28.0,1.0,0.0,27,248.31272750090284,162.28618758839337,257.1430969238281,162.28619384765625,28.0,284.0,1.0,38.0,4.04711294360393,307.95288705639604,0.13270782094436584,38.86729217905563,28.0,284.0,1.0,38.0,220.0,1.0,29.0,0.0,1.0,1.0
528,0.0,0.0,10593.222080407666,20,22590.931916149715,22738.756484180238,1.13258362230808,1.1465382592361517,1.1528081618396397,0.7823650718223123,123,46,0.010454046306716116,0.17945195980609782,0.049272315697012424,147.82456803052855,49649.13606105713,15865.079439644656,24.824568030528564,123.0,9176.0,904.0,0.0,55.0,2.0,0.0,56,220.0438322105136,58.4180357311222,216.0,58.41803741455078,55.0,1014.0,2.0,49.0,8.246081802513688,1060.7539181974864,0.42734935207510005,50.5726506479249,55.0,1014.0,2.0,49.0,221.0,0.0,472.0,0.0,2.0,2.0
529,0.0,0.0,13007.59576917499,21,28398.174498749737,28544.986363941982,1.1831993400384473,1.194485965776015,1.2003494132864883,0.7306779794440361,118,45,0.007752760589658829,0.17801239373680622,0.04712936754956406,146.81186519225614,57623.730384512266,19715.84336931758,28.811865192256132,118.0,9684.0,900.0,0.0,45.0,7.0,0.0,50,233.93333736381743,74.8053910708688,232.62344360351562,71.83335876464844,45.0,915.0,7.0,83.0,6.346699570900602,953.6533004290994,1.2468825829180934,88.7531174170819,45.0,915.0,7.0,83.0,166.0,1.0,233.0,0.0,7.0,7.0
530,0.0,0.0,17525.86358841292,13,33571.70596415957,33672.095265831565,0.9155521663625878,0.9212802322673326,0.923639022335379,0.661015434873925,68,30,0.006460958345427812,0.17595343209049666,0.07631770873206496,100.38930167200864,64778.60334401736,24499.656107263418,32.389301672008685,68.0,5340.0,1212.0,0.0,22.0,3.0,0.0,25,232.685185443677,111.84661842402154,218.1944122314453,90.7373046875,22.0,246.0,3.0,54.0,2.962603471720713,265.0373965282793,0.43197262572551065,56.568027374274486,22.0,246.0,3.0,54.0,266.0,1.0,46.0,0.0,3.0,3.0
531,0.0,0.0,155272.81212758418,9,312443.421999933,312776.9753637251,1.0122223441358509,1.014370520363367,1.0151381856979498,0.6478090947022171,43,20,0.007634888664639146,0.18626896368411267,0.10994794280677585,333.5533637922009,581106.7275844018,224258.47843781937,290.5533637922009,43.0,4099.0,437.0,0.0,14.0,0.0,0.0,14,220.96096201068966,,202.7296600341797,,14.0,105.0,0.0,7.0,1.9320722226380076,117.067927777362,0.0,7.0,14.0,105.0,0.0,7.0,90.0,0.0,83.0,0.0,0.0,0.0
532,0.0,0.0,34411.1124908989,17,67390.46719251797,67579.77130936265,0.9583925747922708,0.9638938243346897,0.9661384845179712,0.7683628248894799,114,49,0.008741555185469955,0.16730118149002063,0.058057209812778045,189.3041168447005,150608.23368940112,49002.96735174049,75.30411684470056,114.0,7513.0,1055.0,0.0,44.0,4.0,0.0,48,215.5324154519116,112.024413359449,221.99136352539062,66.06529998779297,44.0,666.0,4.0,102.0,6.4784120333392,703.5215879666607,0.669936446704961,105.33006355329505,44.0,666.0,4.0,102.0,222.0,0.0,31.0,0.0,4.0,4.0
533,0.0,0.0,145233.85445034085,16,275909.8967609081,276319.73741137236,0.8997629568197454,0.9025848928760141,0.9035611450092098,0.7409869574301261,105,47,0.005444054742801472,0.16776145034005543,0.06211241207688793,409.84065046437684,609681.3009287533,205699.06623027346,304.84065046437667,105.0,6820.0,1244.0,0.0,38.0,4.0,0.0,42,221.65571338324844,135.63490344925276,214.74722290039062,89.22117614746094,38.0,535.0,4.0,95.0,5.456760023999687,567.5432399760005,0.7434354846784432,98.25656451532156,38.0,535.0,4.0,95.0,266.0,0.0,67.0,0.0,4.0,4.0
534,0.0,0.0,12527.237319478585,14,25250.659872465352,25363.98582924467,1.0156606942540423,1.0247070588984726,1.0287417923107167,0.7814645427983882,86,34,0.011970096018927645,0.17639757891841024,0.070104357789029,113.32595677932629,54651.91355865261,17483.811025816554,27.325956779326305,86.0,6001.0,1055.0,0.0,34.0,4.0,0.0,37,232.7713506722032,105.38959434790337,243.37939453125,111.00242614746094,34.0,417.0,4.0,63.0,4.9678303634068595,446.03216963659327,0.5635835134256848,66.43641648657432,34.0,417.0,4.0,63.0,226.0,1.0,215.0,0.0,4.0,4.0
535,0.0,0.0,441492.51946064027,29,875264.0988422998,876314.3123218166,0.9825117306893145,0.9848905104720382,0.9857938925635334,0.7071896347848056,162,70,0.005601271220628015,0.17096715454417283,0.03423759677030343,1050.2134795169707,1776426.959033941,627988.1914468738,888.2134795169704,162.0,12862.0,1754.0,0.0,54.0,9.0,0.0,62,223.1929734046412,56.936636585558745,220.9563751220703,50.29684829711914,54.0,1508.0,9.0,227.0,7.587967969858045,1554.4120320301417,1.7454157072337562,234.25458429276622,54.0,1508.0,9.0,227.0,346.0,0.0,61.0,0.0,9.0,9.0
536,0.0,0.0,206964.18559253332,28,429470.858048492,430139.15581065905,1.0750974706997134,1.0783265209832384,1.0796586363760161,0.8096205349401651,183,75,0.0075256432985823666,0.17761006873615345,0.035349881240761584,668.2977621669984,970595.5243339965,299706.92517258355,485.29776216699827,183.0,12193.0,1919.0,0.0,71.0,9.0,0.0,74,225.1287045996154,80.63736940628385,221.6468505859375,81.2126235961914,71.0,1742.0,9.0,250.0,11.173012291857951,1801.8269877081423,1.830523287174017,257.169476712826,71.0,1742.0,9.0,250.0,382.0,0.0,42.0,0.0,9.0,9.0
537,0.0,0.0,201001.030554764,20,443237.3438516058,443830.5737344291,1.2051496085779667,1.2081009858977048,1.209407252891114,0.7721949895162864,122,51,0.008728556161550048,0.1868049468840041,0.04933074917901329,593.2298828234115,942459.765646823,305123.6340698069,471.2298828234115,122.0,8967.0,1113.0,0.0,47.0,4.0,0.0,49,203.24381810031016,107.25082694164234,202.05422973632812,60.19361114501953,47.0,827.0,4.0,102.0,7.294143257292604,866.7058567427076,0.9443292236072801,105.05567077639273,47.0,827.0,4.0,102.0,251.0,0.0,29.0,0.0,4.0,4.0
538,0.0,0.0,328937.9918370484,23,684665.4119940422,685603.644484767,1.0814421835870411,1.0842944916633592,1.0854680216183592,0.8102239773395403,152,68,0.007719347404398194,0.17774156008925862,0.04301268038335481,938.2324907247287,1572464.9814494578,485194.5342980406,786.2324907247289,152.0,10053.0,1539.0,0.0,58.0,3.0,0.0,57,197.64673709037345,75.20776242630474,175.30157470703125,70.81370544433594,58.0,1124.0,3.0,126.0,9.685382244578895,1172.314617755421,1.1077532770117244,127.89224672298829,58.0,1124.0,3.0,126.0,372.0,0.0,128.0,0.0,3.0,3.0
539,0.0,0.0,30170.375431278953,27,61768.47942672027,62003.48531991402,1.0473222007931056,1.0551114937612702,1.0589392172584806,0.7431111023498135,169,69,0.0067268429740684555,0.17676945407976125,0.0367123880461155,235.00589319374788,132011.7863874957,44411.86047754412,66.00589319374785,169.0,11895.0,1713.0,0.0,61.0,12.0,0.0,71,205.24371696717876,64.22479465744034,174.16925048828125,69.81278228759766,61.0,1557.0,12.0,287.0,9.142101229725432,1608.857898770275,2.2944411760622003,296.7055588239378,61.0,1557.0,12.0,287.0,361.0,0.0,103.0,0.0,12.0,12.0
540,0.0,0.0,135656.71281080923,27,276781.22547414445,277283.041184876,1.0403061502761868,1.044005308985947,1.0455006335871633,0.832029793544586,179,73,0.008596344522579015,0.17190105175819184,0.036562021193604,501.8157107316151,645631.4214632302,193992.8793633496,322.81571073161507,179.0,11367.0,2241.0,0.0,69.0,10.0,0.0,76,221.18247105446704,94.47028147371577,216.9902801513672,94.83045959472656,69.0,1684.0,10.0,289.0,11.261754276500374,1741.7382457234999,1.870698028636928,297.1293019713631,69.0,1684.0,10.0,289.0,502.0,1.0,28.0,0.0,10.0,10.0
541,0.0,0.0,395369.873396696,20,764465.845259286,765494.1074218821,0.933546020316667,0.9361467803436314,0.9369912990934115,0.8119414486753913,121,50,0.012766871023424511,0.17428170069731141,0.048939730053043015,1028.2621625961988,1814524.3251923968,558699.2535461234,907.2621625961984,121.0,9091.0,989.0,0.0,46.0,5.0,0.0,51,211.36941837151687,87.18953898852929,215.54254150390625,78.86321258544922,46.0,912.0,5.0,57.0,8.119550487187496,949.8804495128126,1.0198162932473045,60.9801837067527,46.0,912.0,5.0,57.0,167.0,1.0,45.0,0.0,5.0,5.0
542,0.0,0.0,24452.348427347348,9,47145.58493655409,47240.13957971223,0.9280595921750721,0.9319264863279622,0.9334675157459256,0.6837705197246863,49,21,0.012092763459930477,0.17305278634647478,0.10891957486297556,94.55464315813917,91109.28631627833,33311.35362232442,45.554643158139164,49.0,3803.0,733.0,0.0,17.0,2.0,0.0,19,241.22664529998377,113.85295128783494,235.0,113.85295104980469,17.0,130.0,2.0,22.0,2.3180450219294686,144.6819549780705,0.2892535365460964,23.7107464634539,17.0,130.0,2.0,22.0,156.0,0.0,9.0,0.0,2.0,2.0
543,0.0,0.0,284327.6727313042,16,610919.6857536017,611650.5382587821,1.1486465945611073,1.1512170531385637,1.15232973604232,0.7439500469388268,97,44,0.009988989112602702,0.1758001527320158,0.06153526601615883,730.8525051805461,1267705.0103610922,426004.7484294777,633.8525051805461,97.0,7023.0,1041.0,0.0,32.0,5.0,0.0,36,190.8750130989066,113.38660696277711,162.5,93.03218078613281,32.0,476.0,5.0,63.0,5.23964591545896,502.76035408454106,0.756114111415604,67.2438858885844,32.0,476.0,5.0,63.0,227.0,1.0,67.0,0.0,5.0,5.0
544,0.0,0.0,141091.8414719639,11,287124.7218736689,287482.7929994369,1.035020018721089,1.0375578771970457,1.038473768332071,0.7146290008597327,64,27,0.011597574340083414,0.1841919567412928,0.08918731449396632,358.07112576807515,588142.2515361505,205750.90390558855,294.07112576807526,64.0,4850.0,694.0,0.0,24.0,2.0,0.0,25,230.7905406530093,82.34663656158274,228.0,82.34663391113281,24.0,220.0,2.0,29.0,3.4625384968221744,240.53746150317784,0.27155578812377723,30.728444211876223,24.0,220.0,2.0,29.0,123.0,1.0,46.0,0.0,2.0,2.0
545,0.0,0.0,394205.0429388697,24,804295.3193984983,805355.9714245251,1.040296880532861,1.0429874905213063,1.044089728254297,0.794769285559812,159,66,0.007750215509660799,0.17616852558227997,0.041213918752570244,1060.652026026719,1803304.052053438,567241.3632540052,901.652026026719,159.0,10320.0,1776.0,0.0,58.0,11.0,0.0,66,224.63354069901706,62.55380550502973,220.48297119140625,61.787147521972656,58.0,1295.0,11.0,220.0,8.170421101245873,1344.8295788987539,2.8832556618545344,228.1167443381455,58.0,1295.0,11.0,220.0,374.0,0.0,56.0,0.0,11.0,11.0
546,0.0,0.0,315534.143253422,10,697045.286707198,697760.4899245226,1.2090962312986981,1.211362874172747,1.2124087833033,0.706556113762397,57,26,0.01037493099151605,0.19755039302800953,0.09838249543529122,715.2032173246554,1316406.434649311,465782.69192218623,658.2032173246555,57.0,4245.0,795.0,0.0,18.0,3.0,0.0,21,188.3325355692298,101.34759344643868,154.8138427734375,81.15267181396484,18.0,138.0,3.0,51.0,2.5201848185845703,153.47981518141546,0.5556037851294606,53.44439621487054,18.0,138.0,3.0,51.0,186.0,0.0,78.0,0.0,3.0,3.0
547,0.0,0.0,251330.88591229924,29,495507.4617584454,496258.0107855184,0.9715342981417352,0.9745205965600476,0.9755771975445269,0.7865075139483059,188,82,0.006853643155306213,0.1742896445090481,0.034173769351765686,750.5490270732391,1125098.054146478,357624.6997623809,562.549027073239,188.0,12138.0,2478.0,0.0,70.0,7.0,0.0,75,240.6043286132038,72.70053610169613,237.5122528076172,79.85734558105469,70.0,1782.0,7.0,316.0,11.123670365194105,1840.8763296348063,1.2348818828960209,321.765118117104,70.0,1782.0,7.0,316.0,573.0,3.0,78.0,0.0,7.0,7.0
548,0.0,0.0,104188.93410568342,10,215527.97127015496,215802.53549026788,1.0686263192935197,1.0712615724753443,1.0722248915408454,0.7249702435332239,56,25,0.008223182897413027,0.18250591409797798,0.09879209461133955,274.56422011293375,437128.44022586755,150740.1317933661,218.56422011293378,56.0,4377.0,663.0,0.0,20.0,1.0,0.0,21,232.20490039395455,113.79683446071711,226.29244995117188,113.79683685302734,20.0,176.0,1.0,13.0,2.854647354919009,193.14535264508098,0.23982552984772754,13.760174470152272,20.0,176.0,1.0,13.0,178.0,0.0,20.0,0.0,1.0,1.0
549,0.0,0.0,18231.410653365645,11,36077.746421142845,36172.34503589605,0.9788784920207281,0.9840672630133742,0.986374740777689,0.6830252132662862,60,28,0.006315411641808266,0.17816361475874254,0.09012283832269298,94.59861475321536,69197.22950643068,25327.479924029263,34.598614753215344,60.0,4865.0,679.0,0.0,20.0,1.0,0.0,21,233.3954704795142,67.12360065961289,240.27389526367188,67.12360382080078,20.0,180.0,1.0,30.0,2.8071725327532038,197.1928274672468,0.1493413947688763,30.850658605231125,20.0,180.0,1.0,30.0,143.0,0.0,28.0,0.0,1.0,1.0
550,0.0,0.0,87752.93397137207,17,183987.6794452433,184272.30211505617,1.0966555888064802,1.099899043548469,1.1013162580123774,0.7219139814652575,101,47,0.005244364878210627,0.18127755128314535,0.05849348766241552,284.6226698129251,367245.3396258503,127177.6655718934,183.62266981292515,101.0,7370.0,1198.0,0.0,36.0,1.0,0.0,37,211.37990916545604,72.94833549705695,209.9661865234375,72.94833374023438,36.0,507.0,1.0,85.0,5.152602356143108,537.8473976438569,0.3151067735788269,85.68489322642117,36.0,507.0,1.0,85.0,284.0,0.0,69.0,0.0,1.0,1.0
551,0.0,0.0,31511.34936509774,24,69454.01693422251,69663.37678749271,1.204095296888505,1.2107392476392178,1.214423092495009,0.7265951487639634,141,62,0.004615664224077222,0.18188279499798451,0.04146421145455454,209.3598532702345,136719.70654046908,47041.2260435016,68.35985327023454,141.0,10384.0,1712.0,0.0,46.0,9.0,0.0,54,204.07620681077466,70.10294554967794,174.55984497070312,64.61552429199219,46.0,1027.0,9.0,214.0,6.48708396491796,1066.512916035082,1.7676717602135814,221.23232823978643,46.0,1027.0,9.0,214.0,355.0,0.0,120.0,0.0,9.0,9.0
552,0.0,0.0,107596.14672526457,23,229215.98993327987,229596.88201160796,1.130336419189423,1.133876435165094,1.135467643221709,0.7689909335783465,141,57,0.009598269177991857,0.18159566273065242,0.04283642347193573,380.8920783281278,479784.1566562557,155978.48287484856,239.89207832812787,141.0,10048.0,1544.0,0.0,56.0,5.0,0.0,60,219.39172399029076,90.74196606891194,218.05120849609375,94.6413345336914,56.0,1162.0,5.0,157.0,8.445044409012333,1209.5549555909874,1.0806566378611389,160.91934336213885,56.0,1162.0,5.0,157.0,349.0,2.0,35.0,0.0,5.0,5.0
553,0.0,0.0,10967.451166935842,10,21351.4742682469,21427.580568047168,0.9468036778332167,0.9537429656077279,0.9567961739353565,0.6766202545777588,55,24,0.005995144713969389,0.17773828895261196,0.0994304522212812,76.10629980027005,42212.59960054011,15596.857807221073,21.106299800270055,55.0,4125.0,915.0,0.0,18.0,3.0,0.0,21,219.11863082455318,67.2440738223556,203.0,55.67041778564453,18.0,149.0,3.0,40.0,2.4672231235072166,164.53277687649273,0.4496999671256121,42.55030003287439,18.0,149.0,3.0,40.0,217.0,1.0,146.0,0.0,3.0,3.0
554,0.0,0.0,300879.4824461609,11,666671.0694728612,667363.1699724855,1.215741213235285,1.2180414714449759,1.218955284973544,0.6780581323141127,58,26,0.012477965088177227,0.19487320492801835,0.08904686285459851,692.1004996243739,1268200.9992487477,467585.64598309743,634.1004996243739,58.0,4834.0,710.0,0.0,20.0,1.0,0.0,21,223.75319297093802,90.28823068807196,222.5,90.2882308959961,20.0,191.0,1.0,19.0,2.830270484722876,208.16972951527714,0.1595537628258349,19.840446237174167,20.0,191.0,1.0,19.0,180.0,0.0,21.0,0.0,1.0,1.0
555,0.0,0.0,332925.5830635683,23,674298.0551029022,675119.614805168,1.0253717028833824,1.0278394006034128,1.0287752611097356,0.7157148230700641,144,66,0.0054872340675402075,0.16523160202461784,0.04320333080708403,821.5597022657877,1355119.4045315753,473344.74599770777,677.5597022657877,144.0,9634.0,1958.0,0.0,53.0,2.0,0.0,53,240.27926480670013,96.72375701725296,238.31649780273438,96.7237548828125,53.0,980.0,2.0,184.0,7.416671837206281,1025.5833281627936,0.3540636041792675,185.6459363958207,53.0,980.0,2.0,184.0,438.0,0.0,73.0,0.0,2.0,2.0
556,0.0,0.0,286092.47243662237,18,607934.0921992892,608642.4225729924,1.1249566163750218,1.1274324954768744,1.1283968199088328,0.6954492923037745,109,49,0.006741552673485211,0.18025256833719588,0.05504889021401504,708.3303737034214,1198660.7474068427,430894.3731311124,599.3303737034213,109.0,8167.0,905.0,0.0,39.0,3.0,0.0,40,242.9452011116931,66.83508373315372,243.6290283203125,55.78139877319336,39.0,613.0,3.0,65.0,5.303319685881409,646.6966803141186,0.41884531036322625,67.58115468963678,39.0,613.0,3.0,65.0,197.0,0.0,29.0,0.0,3.0,3.0
557,0.0,0.0,149264.00885359308,20,292899.3965616452,293339.0427549321,0.9622908349523036,0.9652362616272503,0.9663990219898648,0.7512154052698782,126,56,0.008871256015464976,0.16821715769266704,0.04933904211778403,439.64619328695244,627292.3865739047,208759.15954776862,313.6461932869523,126.0,8793.0,1287.0,0.0,45.0,5.0,0.0,49,202.6184653483184,69.01784371442189,191.0,85.54834747314453,45.0,834.0,5.0,96.0,6.831891875649053,872.168108124351,0.9145056876812275,100.08549431231877,45.0,834.0,5.0,96.0,251.0,1.0,57.0,0.0,5.0,5.0
558,0.0,0.0,333667.0928397923,17,648330.8493477702,649084.1680578615,0.9430470168032461,0.9453047123514642,0.9460972947300601,0.7171655853444848,98,44,0.0051303343805850915,0.17313280252000346,0.05846257104018116,753.3187100914693,1310637.4201829382,456881.03520520433,655.3187100914691,98.0,7241.0,1327.0,0.0,36.0,1.0,0.0,35,243.29056901085187,87.30131138478129,256.87896728515625,87.30130767822266,36.0,473.0,1.0,85.0,5.129656754096206,503.8703432459037,0.23178847624906218,85.76821152375094,36.0,473.0,1.0,85.0,288.0,0.0,63.0,0.0,1.0,1.0
559,0.0,0.0,25220.747179118192,12,55868.54916529632,55976.381554765976,1.2151821581064546,1.2194577011228382,1.2214743984729233,0.6617849462568637,58,27,0.006475224992616949,0.17710487724590207,0.08261784069273934,107.83238946966344,99664.77893932685,37649.98716843099,49.832389469663426,58.0,5508.0,540.0,0.0,19.0,0.0,0.0,19,253.95461741462134,,261.4284362792969,,19.0,194.0,0.0,15.0,2.6378049418380822,210.3621950581619,0.0,15.0,19.0,194.0,0.0,15.0,104.0,0.0,23.0,0.0,0.0,0.0
560,0.0,0.0,16621.10003255187,13,34963.00089637353,35065.82736780764,1.1035311037115272,1.1097176058824259,1.112629720526948,0.667475169586101,70,31,0.005982794758217122,0.17586873711358803,0.0763447163672271,102.82647143410878,65652.94286821756,24590.031906703258,32.82647143410878,70.0,5575.0,977.0,0.0,25.0,1.0,0.0,25,224.4880661336534,56.39591535727841,203.0,56.39591598510742,25.0,256.0,1.0,43.0,3.4524534200542174,277.5475465799458,0.15944025663594463,43.840559743364054,25.0,256.0,1.0,43.0,229.0,0.0,61.0,0.0,1.0,1.0
561,0.0,0.0,207673.8764209675,8,444523.47323583334,444943.70668229775,1.1404881581482949,1.1425116839460827,1.1433962100910509,0.6307776560920852,37,18,0.006572586275693691,0.18577674858107707,0.12379845702711464,420.2334464644225,766466.892928845,303778.5523655862,383.2334464644225,37.0,3351.0,681.0,0.0,10.0,1.0,0.0,11,183.30028249707968,57.104319250794745,132.50421142578125,57.10432052612305,10.0,50.0,1.0,27.0,1.3601001248036635,58.63989987519634,0.1467093223887158,27.853290677611284,10.0,50.0,1.0,27.0,165.0,0.0,45.0,0.0,1.0,1.0
562,0.0,0.0,38529.87975983921,21,78035.38559993975,78264.84949726668,1.0253212853593756,1.0312767645551895,1.0337234294609594,0.8092117639413657,139,56,0.009555848731021225,0.16558889466291918,0.04694311334296985,229.46389732692796,180927.79465385585,55896.30635515749,90.46389732692792,139.0,9322.0,1262.0,0.0,58.0,4.0,0.0,62,230.50551439451988,49.710947055434644,223.82257080078125,49.125221252441406,58.0,1107.0,4.0,133.0,9.323304829107201,1155.6766951708928,0.6894804786196747,136.31051952138031,58.0,1107.0,4.0,133.0,258.0,1.0,47.0,0.0,4.0,4.0
563,0.0,0.0,14719.264528728014,14,30007.51359095723,30124.51691790013,1.0386557719912362,1.0466047647357137,1.0500311229447647,0.7354522782275059,86,38,0.009304779034464802,0.1757363735208585,0.07046774792406736,117.0033269429,62006.65388579994,21077.72853571157,31.00332694289997,86.0,6162.0,894.0,0.0,32.0,2.0,0.0,33,226.31440731586963,102.74489074612052,221.65484619140625,102.74488830566406,32.0,384.0,2.0,44.0,4.570030149594462,411.4299698504055,0.29057666298711304,45.709423337012886,32.0,384.0,2.0,44.0,197.0,0.0,114.0,0.0,2.0,2.0
564,0.0,0.0,18152.360277084168,10,35677.38304913574,35763.33435967806,0.9654404443578304,0.9701754380022014,0.9720225557159332,0.6689865808137022,51,22,0.012125306805387459,0.1771236177681832,0.09800688128717952,85.9513105423292,69902.62108465837,26122.57969346499,34.95131054232919,51.0,4237.0,803.0,0.0,19.0,0.0,0.0,19,237.80532779959316,,254.9460906982422,,19.0,141.0,0.0,30.0,2.7232997516056985,157.27670024839432,0.0,30.0,19.0,141.0,0.0,30.0,191.0,0.0,7.0,0.0,0.0,0.0
565,0.0,0.0,77963.08766192221,27,158048.21427999935,158386.27536359726,1.0272185083966519,1.0315546768801767,1.0334873649486211,0.7505942036150546,172,74,0.006358521720094559,0.18079154090283311,0.03672417176180825,338.06108359795803,332122.16719591623,110619.74819294184,166.06108359795812,172.0,11616.0,1992.0,0.0,62.0,9.0,0.0,66,229.70330097404917,78.88143862959902,227.2064208984375,80.46292877197266,62.0,1465.0,9.0,246.0,9.127879913303968,1517.872120086696,1.6283833362904598,253.37161666370955,62.0,1465.0,9.0,246.0,439.0,0.0,61.0,0.0,9.0,9.0
566,0.0,0.0,79927.42251715396,9,137591.83601264688,137768.37811182963,0.7214596902973698,0.7236684703833893,0.7242634772232981,0.623247828184672,43,19,0.007963903704265515,0.17519343230890472,0.10985026454810529,176.5420991827769,267084.1983655538,107134.02690206215,133.5420991827769,43.0,3865.0,671.0,0.0,14.0,1.0,0.0,15,285.9123669425367,101.75742874887229,257.8573913574219,101.75743103027344,14.0,108.0,1.0,12.0,1.8868686681429248,120.11313133185708,0.15052909119172742,12.849470908808271,14.0,108.0,1.0,12.0,136.0,0.0,13.0,0.0,1.0,1.0
567,0.0,0.0,10063.191664753731,13,20820.29361838882,20907.673346756383,1.0689552889379792,1.0776383918022137,1.0816482929114541,0.6913636925491288,67,26,0.011409060492897834,0.17870723146369286,0.07564018609478282,87.37972836756046,40759.45673512091,14738.789863565375,20.379728367560457,67.0,5807.0,745.0,0.0,27.0,1.0,0.0,28,218.54751954492752,72.50711049638014,199.0,72.50711059570312,27.0,311.0,1.0,25.0,3.7524667292633187,334.24753327073677,0.17862961702108437,25.821370382978916,27.0,311.0,1.0,25.0,168.0,0.0,173.0,0.0,1.0,1.0
568,0.0,0.0,71525.87003424374,16,143946.5409906589,144184.7195037881,1.0125101717985818,1.0158401349715591,1.017314295442508,0.7174100699717777,95,44,0.005803464667358279,0.17211937440560982,0.0620521729918906,238.17851312923872,286357.0262584775,99788.47462712035,143.17851312923875,95.0,6824.0,1240.0,0.0,30.0,5.0,0.0,35,225.51381124609205,72.23442459571382,230.8662109375,72.00048828125,30.0,417.0,5.0,108.0,4.339974562379242,442.6600254376207,0.8763778708336986,112.12362212916629,30.0,417.0,5.0,108.0,294.0,2.0,44.0,0.0,5.0,5.0
569,0.0,0.0,70730.53691768821,24,142858.60112379136,143177.74278169073,1.0197584713663534,1.0242705487774266,1.026213150598236,0.8340950039858562,149,60,0.012134925383811567,0.17802326504203878,0.040847683322349566,319.1416578993869,340283.3157987741,101991.77377057647,170.14165789938707,149.0,10536.0,1560.0,0.0,58.0,7.0,0.0,60,202.21777816730173,77.0114766077824,185.0849151611328,72.41175079345703,58.0,1200.0,7.0,175.0,9.845820804818086,1248.1541791951818,2.273134204533495,179.7268657954665,58.0,1200.0,7.0,175.0,335.0,0.0,33.0,0.0,7.0,7.0
570,0.0,0.0,20285.06001188623,11,43836.71547051533,43932.448067786645,1.1610345468452534,1.1657539116001625,1.1681801793594082,0.6719880745085289,56,27,0.004363187422919608,0.18784095122096023,0.09058054213227344,95.73259727131827,79465.19454263657,29563.46903951939,39.732597271318284,56.0,4383.0,1161.0,0.0,17.0,1.0,0.0,18,230.54045787277357,94.09060564646705,254.1697235107422,94.09060668945312,17.0,132.0,1.0,48.0,2.3270767256403038,146.6729232743597,0.22874683742202406,48.77125316257798,17.0,132.0,1.0,48.0,273.0,0.0,80.0,0.0,1.0,1.0
571,0.0,0.0,11957.494773593473,27,22873.271880887405,23087.035762091407,0.9128816122420531,0.9307585910951879,0.9382579913690079,0.894061718685694,184,68,0.011162041014525422,0.17190705082532845,0.03641741548052701,213.76388120400486,59527.76240800976,16645.316862329684,29.763881204004882,184.0,11315.0,2293.0,0.0,75.0,14.0,0.0,81,207.1931932082525,71.9744296574663,187.99424743652344,73.84190368652344,75.0,1754.0,14.0,344.0,12.255937565688653,1816.7440624343124,3.8523222085479083,354.1476777914521,75.0,1754.0,14.0,344.0,467.0,0.0,131.0,0.0,14.0,14.0
572,0.0,0.0,71524.30637817646,9,142598.16656290783,142784.8319229164,0.9937021941734965,0.9963120113036565,0.997265351871298,0.6661772189574903,50,24,0.007676581793047097,0.19022692377296363,0.10992173414752475,186.6653600085996,273330.7200171992,102574.3271606233,136.66536000859958,50.0,3791.0,745.0,0.0,17.0,0.0,0.0,17,251.70703596787965,,204.84130859375,,17.0,111.0,0.0,25.0,2.3470731467636687,125.65292685323634,0.0,25.0,17.0,111.0,0.0,25.0,186.0,0.0,41.0,0.0,0.0,0.0
573,0.0,0.0,246717.1540061508,27,558181.712301701,558963.0634135735,1.2624357619161946,1.2656027533441727,1.2670369580996526,0.811100895997588,167,69,0.009539015496660546,0.17752958244741956,0.03649450182807177,781.3511118725775,1228702.2237451551,378714.35902988113,614.3511118725776,167.0,11839.0,1769.0,0.0,63.0,8.0,0.0,67,207.15791927532726,70.9926622425714,199.0,72.89384460449219,63.0,1509.0,8.0,229.0,10.349124996677439,1561.6508750033222,1.70002489540902,235.299975104591,63.0,1509.0,8.0,229.0,413.0,0.0,43.0,0.0,8.0,8.0
574,0.0,0.0,32532.482123608166,11,63299.254737556934,63411.82993575083,0.9457247220500873,0.9491851158118103,0.9504221338060161,0.625292342058472,53,25,0.007862266899143528,0.18310589378177086,0.08985020884765926,112.57519819389015,119150.39638778026,47637.87606751081,59.57519819389013,53.0,4720.0,824.0,0.0,16.0,1.0,0.0,17,234.80318629882674,214.79182426526017,256.7942199707031,214.7918243408203,16.0,147.0,1.0,23.0,2.149761196046763,160.85023880395326,0.13675024988701912,23.86324975011298,16.0,147.0,1.0,23.0,177.0,1.0,21.0,0.0,1.0,1.0
575,0.0,0.0,80051.07559010017,12,163273.71853646627,163538.51576019297,1.0396192972160159,1.0429271506305358,1.0441381866965869,0.734173126188784,87,41,0.004757210669030711,0.17523410955285915,0.08290983195593561,264.7972237267153,355594.44745343074,121086.7146892795,177.79722372671537,87.0,5231.0,817.0,0.0,34.0,0.0,0.0,34,222.4487279228507,,230.95428466796875,,34.0,333.0,0.0,41.0,4.677919426795505,362.3220805732046,0.0,41.0,34.0,333.0,0.0,41.0,206.0,0.0,56.0,0.0,0.0,0.0
576,0.0,0.0,161327.41259854237,27,327979.8580448955,328543.0655205904,1.0330076132880275,1.0364986968343586,1.037740850513392,0.8061527830164237,176,77,0.006986705476900632,0.1658039217939622,0.03669339109930246,563.2074756949237,774414.9513898474,240157.62511300243,387.20747569492374,176.0,11634.0,1974.0,0.0,68.0,4.0,0.0,69,220.25565368073012,65.70451344464144,217.53634643554688,45.204280853271484,68.0,1542.0,4.0,249.0,11.560346043056962,1598.4396539569425,0.5481210968124032,252.4518789031876,68.0,1542.0,4.0,249.0,428.0,0.0,83.0,0.0,4.0,4.0
577,0.0,0.0,70512.19145074031,9,110194.50346057351,110348.42919217388,0.5627723545871524,0.5649553208009863,0.5655089509155171,0.6552971172440558,42,19,0.009989159299362544,0.1687375662320323,0.10932813997354646,153.9257316003675,223851.46320073502,85400.75078545051,111.92573160036751,42.0,3102.0,1434.0,0.0,13.0,1.0,0.0,13,230.89868255356208,138.57200191265076,247.0,138.57200622558594,13.0,68.0,1.0,35.0,1.7439380380628386,79.25606196193715,0.23420860364129148,35.76579139635871,13.0,68.0,1.0,35.0,346.0,0.0,14.0,0.0,1.0,1.0
578,0.0,0.0,216618.16372932735,25,457581.71324629895,458186.30401187274,1.1123884782721394,1.1151795219924123,1.1162690100410702,0.714028845502963,143,65,0.005933397718840227,0.17635889650538109,0.03971195288667882,604.5907655739227,923181.5311478451,323229.774595995,461.59076557392257,143.0,11208.0,1392.0,0.0,48.0,5.0,0.0,52,238.1385176170851,75.6041751153642,231.46144104003906,60.17706298828125,48.0,1129.0,5.0,118.0,7.040168572703189,1169.9598314272969,0.8047755144321631,122.19522448556783,48.0,1129.0,5.0,118.0,279.0,1.0,130.0,0.0,5.0,5.0
579,0.0,0.0,172019.42492606753,10,352254.1244577911,352629.0489269195,1.0477578308914062,1.0499373781680554,1.0508195203963164,0.6697534121297921,50,23,0.006404100196280745,0.178773075179597,0.09918079095179806,374.92446912844053,649848.938256881,242570.2230431288,324.9244691284405,50.0,4461.0,579.0,0.0,16.0,1.0,0.0,17,202.204120965934,280.8225408462779,147.67178344726562,280.8225402832031,16.0,132.0,1.0,21.0,2.1989118313268428,145.80108816867315,0.14611273514442646,21.853887264855572,16.0,132.0,1.0,21.0,120.0,0.0,17.0,0.0,1.0,1.0
580,0.0,0.0,240431.13900212818,8,473010.45512623584,473557.41657191457,0.9673427372568784,0.9696176565869983,0.9703460497902909,0.717089193951241,46,19,0.020464728135774705,0.18007537480994665,0.12037699901602446,546.9614456787265,1001922.8913574527,349302.0463175391,500.96144567872636,46.0,3729.0,303.0,0.0,18.0,1.0,0.0,19,240.24433677200352,48.7143880869888,244.1802520751953,48.71438980102539,18.0,122.0,1.0,11.0,2.5540480496823497,137.44595195031766,0.14906012386994238,11.850939876130058,18.0,122.0,1.0,11.0,41.0,0.0,9.0,0.0,1.0,1.0
581,0.0,0.0,34186.867406017496,20,64420.17542454871,64623.97416872528,0.8843544411211428,0.8903157578383538,0.8927067572067775,0.8131159483978891,129,52,0.01086989268419461,0.17840387416464693,0.04910164243307365,203.79874417660136,149597.48835320267,45995.12795437103,74.79874417660133,129.0,8591.0,1489.0,0.0,50.0,7.0,0.0,55,205.9152356884861,127.92572615689768,203.4522705078125,114.39334869384766,50.0,899.0,7.0,144.0,7.892584581386146,941.1074154186135,1.1800674761848808,149.8199325238151,50.0,899.0,7.0,144.0,292.0,0.0,22.0,0.0,7.0,7.0
582,0.0,0.0,41104.07686541587,13,88021.40564664965,88186.63996630676,1.1414276237087586,1.1454475247078277,1.147324538642276,0.6992917475530558,80,38,0.0034619645230196832,0.17559302359645568,0.07675492653533479,165.23431965712814,170468.6393142562,60943.31869021614,85.2343196571281,80.0,5768.0,784.0,0.0,28.0,1.0,0.0,29,230.35833761930374,143.14371163276743,202.55316162109375,143.14370727539062,28.0,308.0,1.0,40.0,3.9972775189689935,332.00272248103096,0.1488139697612284,40.85118603023877,28.0,308.0,1.0,40.0,186.0,1.0,49.0,0.0,1.0,1.0
583,0.0,0.0,65955.28395579527,17,138374.46829514424,138635.14024449303,1.0980042840522977,1.1019565367561674,1.1038759424110154,0.7661135133453205,111,48,0.009610259916170854,0.17391962538557948,0.05795987619273953,260.67194934879154,299343.8986975831,97682.61931266048,149.67194934879157,111.0,7204.0,1364.0,0.0,38.0,8.0,0.0,45,208.904007977343,63.18413735316274,164.47854614257812,65.65869140625,38.0,560.0,8.0,159.0,5.543216180573642,592.4567838194264,1.8544000765067215,165.14559992349328,38.0,560.0,8.0,159.0,304.0,0.0,48.0,0.0,8.0,8.0
584,0.0,0.0,242285.69732489763,16,519371.62959001656,520018.8757886888,1.1436330552090133,1.1463044724895979,1.1475663148164443,0.7824659038793913,101,42,0.013975695164019189,0.17371324323669848,0.06102253630866467,647.2461986723092,1092492.3973446186,349054.31403724605,546.2461986723093,101.0,6555.0,1509.0,0.0,37.0,6.0,0.0,40,201.1459852583023,69.64128718077303,192.0,70.99372100830078,37.0,472.0,6.0,125.0,5.573473023342009,503.4265269766579,1.5833088757747844,129.41669112422522,37.0,472.0,6.0,125.0,353.0,0.0,21.0,0.0,6.0,6.0
585,0.0,0.0,44641.071569981366,5,88760.80283990255,88861.20743602283,0.9883215101760516,0.9905706630881379,0.9914022995807983,0.6280927770184812,22,11,0.004405786139424253,0.1911516402463104,0.19930116184532468,100.40459612029244,156809.19224058487,62414.820699319585,78.40459612029244,22.0,1908.0,612.0,0.0,6.0,0.0,0.0,6,266.1666666666667,,256.0,,6.0,17.0,0.0,7.0,0.8057753767432244,22.194224623256773,0.0,7.0,6.0,17.0,0.0,7.0,134.0,0.0,26.0,0.0,0.0,0.0
586,0.0,0.0,189140.07809309993,11,406484.1484380762,406888.48583174363,1.1491169536156876,1.1512547204906087,1.1521022882581882,0.6200787097150303,50,25,0.00390877750582468,0.19512965442838953,0.09060081595708516,404.3373936673832,708674.7873347664,285719.69019080343,354.3373936673832,50.0,4958.0,586.0,0.0,14.0,0.0,0.0,13,240.22951782262922,,248.93479919433594,,14.0,115.0,0.0,14.0,1.8927418747959428,127.10725812520405,0.0,14.0,14.0,115.0,0.0,14.0,129.0,0.0,53.0,0.0,0.0,0.0
587,0.0,0.0,209615.67271632838,21,446156.0124499054,446809.4381380116,1.1284477762008072,1.1315650320798105,1.1328112739419547,0.8001258025721494,146,64,0.007089567269140037,0.17766615448851342,0.04714499805385779,653.4256881061305,1014851.3762122609,317091.19145696756,507.42568810613045,146.0,9216.0,1368.0,0.0,55.0,6.0,0.0,58,204.45159113954222,74.76735870744663,201.195068359375,83.65947723388672,55.0,1008.0,6.0,149.0,8.429130833213938,1054.570869166786,1.2068306051409492,153.79316939485904,55.0,1008.0,6.0,149.0,299.0,0.0,30.0,0.0,6.0,6.0
588,0.0,0.0,45231.27438718103,26,91458.76560764956,91712.12100956673,1.0220249561124422,1.0276262884947327,1.0299856587591596,0.7317322311285337,158,68,0.005976237512022641,0.17962514494068607,0.038169270552847315,253.35540191717405,190710.80383434813,65157.30608866965,95.35540191717406,158.0,11415.0,1689.0,0.0,58.0,6.0,0.0,61,247.9843176034901,57.288827647262025,253.83934020996094,59.07379150390625,58.0,1337.0,6.0,185.0,8.528836105219535,1386.4711638947801,1.0172255390974017,189.98277446090262,58.0,1337.0,6.0,185.0,355.0,0.0,75.0,0.0,6.0,6.0
589,0.0,0.0,36506.76964197055,25,78374.06722641869,78616.411691926,1.146836545524279,1.1534748887105986,1.157165969213449,0.7793037118417135,158,66,0.007863282787640579,0.17670365470062066,0.03953884787437295,242.34446550731298,168688.93101462594,54115.27253474984,84.34446550731298,158.0,10733.0,1867.0,0.0,55.0,12.0,0.0,66,191.23296124739244,64.0620977203962,170.0,69.31791687011719,55.0,1299.0,12.0,284.0,8.321208395039921,1345.6787916049598,2.8559743393097676,293.14402566069026,55.0,1299.0,12.0,284.0,427.0,1.0,61.0,0.0,12.0,12.0
590,0.0,0.0,251890.25336583797,28,511995.9778828853,512745.89162908436,1.032615280033394,1.0355924247866288,1.0367732495975126,0.7898154517789144,178,77,0.006785804810979116,0.16951528314256473,0.03539892331760257,749.9137461990965,1143827.4923981924,362055.303495877,571.9137461990962,178.0,12243.0,1869.0,0.0,64.0,9.0,0.0,64,228.27192541973673,60.862353642079874,234.01901245117188,46.375267028808594,64.0,1484.0,9.0,235.0,9.983586292732229,1538.0164137072677,2.288198098317163,241.71180190168283,64.0,1484.0,9.0,235.0,361.0,0.0,79.0,0.0,9.0,9.0
591,0.0,0.0,146686.13292269155,8,325555.6218670701,325866.0753130176,1.2194028527471557,1.2215192998833762,1.2223754483612446,0.6246649921465153,34,17,0.0036483127763991268,0.20267985335754551,0.12472107895864791,310.4534459475737,552906.8918951474,221281.3663509508,276.4534459475737,34.0,3587.0,445.0,0.0,9.0,0.0,0.0,9,249.12490526000036,,223.0,,9.0,59.0,0.0,4.0,1.2180113021471726,66.78198869785284,0.0,4.0,9.0,59.0,0.0,4.0,99.0,0.0,103.0,0.0,0.0,0.0
592,0.0,0.0,87050.12588954464,8,184402.08240305274,184617.03334626896,1.1183436614099231,1.1208129392084296,1.1218611252459216,0.667595290724521,43,20,0.012908537109448733,0.18069436147034101,0.12229978348698478,214.95094321626556,343901.88643253106,128783.81978223093,171.95094321626553,43.0,3301.0,731.0,0.0,14.0,1.0,0.0,15,194.64236892122307,248.6531451574651,167.45498657226562,248.6531524658203,14.0,79.0,1.0,26.0,1.9259353865347237,91.0740646134653,0.13584840546608168,26.86415159453392,14.0,79.0,1.0,26.0,160.0,1.0,33.0,0.0,1.0,1.0
593,0.0,0.0,426883.87992041185,8,771816.8101933404,772602.3863981339,0.8080251949013342,0.8098654522681386,0.8104302335040681,0.6409542129291723,41,20,0.009724779899243682,0.18614286435542604,0.123091031667954,785.57620479347,1489152.4095869395,580834.1608293228,744.5762047934697,41.0,2948.0,1084.0,0.0,12.0,1.0,0.0,13,226.36006924131198,96.83643290115005,206.418212890625,96.83643341064453,12.0,66.0,1.0,25.0,1.6446662952045519,76.35533370479544,0.1308109627729923,25.86918903722701,12.0,66.0,1.0,25.0,266.0,0.0,6.0,0.0,1.0,1.0
594,0.0,0.0,52086.65700958861,30,107004.10965125413,107286.90651403234,1.054347807953115,1.0597771612465343,1.062075062870949,0.7339063326332849,170,74,0.0059683071589514,0.17679836745509833,0.033071063150252156,282.79686277818075,225593.7255563616,76846.9065891973,112.79686277818081,170.0,13326.0,1794.0,0.0,59.0,7.0,0.0,64,231.9391649601426,62.998204896232366,213.0,67.37910461425781,59.0,1659.0,7.0,195.0,9.254600481863593,1708.7453995181363,1.3997621447132411,200.60023785528674,59.0,1659.0,7.0,195.0,379.0,1.0,150.0,0.0,7.0,7.0
595,0.0,0.0,248666.6053950704,26,528741.7322338385,529430.2647839824,1.1263077581076772,1.1290766564446693,1.1302752273132928,0.7471514197314544,143,62,0.006063795715399874,0.17166283332558852,0.03816387900351249,688.5325501439595,1091065.1002879185,365074.9605347988,545.5325501439593,143.0,11531.0,1573.0,0.0,51.0,4.0,0.0,51,205.42587127292427,73.29674779691074,183.0,74.23490905761719,51.0,1138.0,4.0,133.0,8.429201212318151,1180.5707987876815,0.9005837174244166,136.0994162825756,51.0,1138.0,4.0,133.0,329.0,0.0,56.0,0.0,4.0,4.0
596,0.0,0.0,125250.31921642582,28,253415.633456474,253835.4975631027,1.0232733540469896,1.0266255539396156,1.027924548852269,0.6990293642679365,165,76,0.004010105486212349,0.17862829701868782,0.03558223517559167,419.8641066286038,509728.21325720754,182298.5697428548,254.86410662860376,165.0,12230.0,1882.0,0.0,55.0,6.0,0.0,59,253.58344560213777,77.71986159171904,253.38243103027344,82.66780853271484,55.0,1409.0,6.0,182.0,7.665959560714756,1456.3340404392857,1.0547334625220663,186.94526653747792,55.0,1409.0,6.0,182.0,379.0,0.0,90.0,0.0,6.0,6.0
597,0.0,0.0,18904.633589871693,27,37903.155260080646,38142.01142092194,1.004966405716933,1.0176012002346781,1.0234257845152825,0.8953521276778265,190,72,0.010459379156059639,0.1745025562456034,0.036441995935028615,238.85616084128196,97712.32168256392,27283.210332003488,48.85616084128196,190.0,11636.0,1972.0,0.0,76.0,15.0,0.0,85,211.75726309314396,71.94114640563713,209.65467834472656,66.02525329589844,76.0,1879.0,15.0,325.0,12.34715747803138,1942.652842521969,4.159325007694417,335.8406749923056,76.0,1879.0,15.0,325.0,391.0,0.0,94.0,0.0,15.0,15.0
598,0.0,0.0,35246.07623278709,22,71567.56001722303,71774.40995502353,1.03051141195253,1.036380148558396,1.0391897803520833,0.7486613499179201,132,54,0.0071195030105213105,0.17171118240833916,0.04500216496265025,206.84993780052258,149699.8756010451,49989.182564806346,74.84993780052254,132.0,8971.0,2117.0,0.0,45.0,11.0,0.0,53,228.63776936847867,75.80262823460883,223.81272888183594,74.59608459472656,45.0,863.0,11.0,247.0,6.618683231875242,901.3813167681247,1.788628798977645,256.2113712010223,45.0,863.0,11.0,247.0,507.0,0.0,37.0,0.0,11.0,11.0
599,0.0,0.0,57372.92794530872,22,116329.04098713392,116598.0745862661,1.027594636585842,1.032283844697874,1.0341185900509426,0.8121969760626722,135,56,0.008922881275027552,0.1654946570910456,0.04487239927002801,269.03359913220834,268067.1982644168,82512.988279007,134.0335991322084,135.0,9821.0,1267.0,0.0,56.0,1.0,0.0,55,217.33710485581997,103.72129182422417,186.5531005859375,103.7212905883789,56.0,1072.0,1.0,81.0,9.581661645007978,1118.4183383549916,0.24208950325877399,81.75791049674123,56.0,1072.0,1.0,81.0,246.0,0.0,26.0,0.0,1.0,1.0
600,0.0,0.0,128038.68486471918,5,257880.63622071696,258153.32840506334,1.0140837629907233,1.0162135270119212,1.0169720265488826,0.6869957215502787,26,12,0.02509620131933969,0.17735876688623178,0.1910428106893584,272.69218434642266,493384.3686928452,179544.19264048367,246.6921843464226,26.0,2286.0,234.0,0.0,9.0,0.0,0.0,9,224.8867999443913,,250.0,,9.0,34.0,0.0,2.0,1.258992884389726,41.74100711561028,0.0,2.0,9.0,34.0,0.0,2.0,35.0,0.0,43.0,0.0,0.0,0.0
601,0.0,0.0,136663.1849507474,19,264037.62196189084,264481.18637600687,0.9320318201061129,0.9352774960668764,0.936418744187985,0.8415726793548262,124,51,0.012782788399710249,0.1655051834187435,0.051519799419980125,443.5644141159784,639128.8282319572,189861.4474753184,319.5644141159786,124.0,7762.0,1814.0,0.0,48.0,6.0,0.0,52,221.63660886904657,110.42333118484089,205.416748046875,85.12541961669922,48.0,785.0,6.0,149.0,7.995563214954996,825.0044367850451,1.3866235575324137,153.6133764424676,48.0,785.0,6.0,149.0,394.0,0.0,40.0,0.0,6.0,6.0
602,0.0,0.0,25789.662032998145,23,52184.22760722101,52386.227641015714,1.0234552721338783,1.0312878693015435,1.0347876067258874,0.801460842977921,143,57,0.008561719265899133,0.18009463739837445,0.042931365412850815,202.0000337947172,118000.06758943449,36807.80808672808,59.00003379471725,143.0,9903.0,1689.0,0.0,58.0,5.0,0.0,60,221.23360156426298,84.18612197118182,197.0,85.60997009277344,58.0,1145.0,5.0,172.0,9.388614346008966,1193.611385653991,0.8586825816378021,176.1413174183622,58.0,1145.0,5.0,172.0,390.0,3.0,34.0,0.0,5.0,5.0
603,0.0,0.0,15638.815623396213,29,30350.8939746739,30574.824414602917,0.9407412111993896,0.95506009859608,0.9611931226379502,0.8683412417797468,186,70,0.010200260872620975,0.1713790872111287,0.03393776828814449,223.9304399290188,75860.87985803776,21840.745379821466,37.93043992901888,186.0,12406.0,2210.0,0.0,74.0,13.0,0.0,81,198.05685532591946,84.01714348393078,187.29139709472656,86.36998748779297,74.0,1964.0,13.0,298.0,12.697637116609462,2025.30236288339,3.0988706228903733,307.90112937710967,74.0,1964.0,13.0,298.0,457.0,1.0,60.0,0.0,13.0,13.0
604,0.0,0.0,12853.271287556292,28,25456.836069776306,25670.2391949817,0.9805725328790011,0.9971755532643249,1.0048384789192215,0.8915477381912993,181,68,0.01198316334053876,0.18163087446980303,0.03504666161299276,213.40312520540414,64806.25041080816,18172.40054421592,32.40312520540408,181.0,12452.0,1660.0,0.0,75.0,10.0,0.0,83,203.49143755157652,68.05238316342638,192.0,63.78923034667969,75.0,1990.0,10.0,249.0,13.369112619908615,2051.6308873800913,3.0559322617324374,255.9440677382675,75.0,1990.0,10.0,249.0,326.0,2.0,183.0,0.0,10.0,10.0
605,0.0,0.0,182628.6266305164,18,365430.28721591935,365914.5067058537,1.0009474634841151,1.0035988522552413,1.00463747017238,0.7258509026527173,109,47,0.007818664374443996,0.16766822721053345,0.054947121276733665,484.21948993445596,750438.9798689121,258468.70794206305,375.2194899344561,109.0,7826.0,1246.0,0.0,39.0,5.0,0.0,41,216.5988850747702,91.21262722976759,197.0,105.16848754882812,39.0,609.0,5.0,85.0,5.653845847495767,642.3461541525043,0.7783628586154903,89.2216371413845,39.0,609.0,5.0,85.0,257.0,0.0,51.0,0.0,5.0,5.0
606,0.0,0.0,19498.232120450433,8,47984.9271314904,48060.80578213044,1.460988608355017,1.464880174019601,1.4666522002972888,0.6456152922369237,35,17,0.008747099088019508,0.20030904743832278,0.12337154055472693,75.87865064003984,81757.30128007973,31658.675941832,40.878650640039865,35.0,3874.0,158.0,0.0,10.0,0.0,0.0,10,308.5128357874271,,315.41949462890625,,10.0,70.0,0.0,0.0,1.3490453908096995,78.65095460919031,0.0,0.0,10.0,70.0,0.0,0.0,18.0,0.0,80.0,0.0,0.0,0.0
607,0.0,0.0,35182.3387757495,9,79564.46310081349,79682.35385366797,1.2614887432002027,1.26483959356879,1.2664947871463292,0.650760071867058,47,22,0.01033727298283108,0.1824191675085937,0.10923570065416391,117.89075285446896,141781.50570893794,54467.65706682067,70.89075285446897,47.0,4127.0,409.0,0.0,16.0,0.0,0.0,16,219.6791210328508,,185.31983947753906,,16.0,114.0,0.0,14.0,2.194206489101282,127.80579351089872,0.0,14.0,16.0,114.0,0.0,14.0,79.0,0.0,11.0,0.0,0.0,0.0
608,0.0,0.0,22128.40333500127,20,47500.02947956428,47649.02956372019,1.1465637967847333,1.1532972281082774,1.1565428406368832,0.6792030924976677,104,46,0.005367012762839184,0.19046599297708047,0.04967810559205449,149.00008415590997,90000.16831182002,33127.119600139726,45.00008415591001,104.0,8889.0,1191.0,0.0,34.0,4.0,0.0,36,229.53278433423714,60.246473505007,222.5,60.467559814453125,34.0,602.0,4.0,80.0,4.736083122684714,631.2639168773152,0.5815502133207617,83.41844978667925,34.0,602.0,4.0,80.0,234.0,2.0,100.0,0.0,4.0,4.0
609,0.0,0.0,17840.852100529537,7,37351.130547022774,37423.470201605574,1.0935732405916951,1.0976279602976362,1.0994071243106887,0.6459903570620741,37,17,0.01186117880268982,0.1860979723371016,0.13999769817134852,72.33965458280082,70679.30916560163,27353.082129215887,35.33965458280082,37.0,3335.0,193.0,0.0,13.0,0.0,0.0,13,176.12968636620474,,188.2789306640625,,13.0,77.0,0.0,1.0,1.806958068089416,88.19304193191059,0.0,1.0,13.0,77.0,0.0,1.0,26.0,0.0,19.0,0.0,0.0,0.0
610,0.0,0.0,40689.62242065193,8,70497.46103642556,70634.62388466301,0.7325661149572311,0.7359370690255547,0.7370364388069071,0.7474713415836884,56,24,0.015403039831331981,0.1780626957980524,0.12169058076533693,137.16284823745832,162325.6964749166,54291.6120807363,81.16284823745829,56.0,3342.0,690.0,0.0,21.0,3.0,0.0,24,206.08744656188287,85.62413343901899,182.95355224609375,78.2435531616211,21.0,130.0,3.0,38.0,2.9395207170131177,148.06047928298688,0.429107392730363,40.570892607269634,21.0,130.0,3.0,38.0,152.0,0.0,48.0,0.0,3.0,3.0
611,0.0,0.0,71763.86570189918,20,145351.515805121,145627.01471596913,1.0254136867277812,1.0292526509217188,1.0308251793366447,0.7315246815816263,125,59,0.005359144302171135,0.1781304502583692,0.049701019484206334,275.49891084816034,300997.82169632067,102866.59810491103,150.49891084816034,125.0,8419.0,1661.0,0.0,42.0,4.0,0.0,42,239.02494207206746,119.56356524004796,258.5093078613281,93.43435668945312,42.0,656.0,4.0,138.0,6.048053528151342,691.9519464718486,0.9744186259006682,141.02558137409932,42.0,656.0,4.0,138.0,395.0,0.0,69.0,0.0,4.0,4.0
612,0.0,0.0,261936.26629834418,5,426194.9406290525,426640.7853139052,0.6270940509765779,0.6287961622998908,0.6291991045640621,0.6069444636388128,25,12,0.012937967428373427,0.17736379342133154,0.195641627100426,445.84468485280286,841689.3697056059,346691.2625989812,420.84468485280297,25.0,1991.0,529.0,0.0,8.0,0.0,0.0,8,216.79672544979346,,232.34942626953125,,8.0,25.0,0.0,7.0,1.0776379560608875,31.922362043939113,0.0,7.0,8.0,25.0,0.0,7.0,121.0,0.0,22.0,0.0,0.0,0.0
613,0.0,0.0,113771.72117136887,8,212451.53490547786,212729.92493389925,0.8673492210377334,0.8697961386509605,0.8706545970941366,0.7226831781493501,54,23,0.014660945823614524,0.17874797795223663,0.12190169174170719,278.3900284214027,448780.05684280524,155247.85632621302,224.39002842140263,54.0,3105.0,927.0,0.0,21.0,2.0,0.0,23,234.997836574839,62.926558764359704,231.0,62.92655944824219,21.0,122.0,2.0,39.0,2.9103907452661706,140.08960925473383,0.29665071935389264,40.70334928064611,21.0,122.0,2.0,39.0,218.0,0.0,16.0,0.0,2.0,2.0
614,0.0,0.0,124661.25618374141,28,259347.32285249917,259799.73562029775,1.0804164083686154,1.0840455452925348,1.085661964839995,0.746967860227261,178,80,0.00462168531091371,0.16951694207491677,0.03554071848025675,452.4127677985879,548825.5355971758,183684.45445236377,274.41276779858794,178.0,12200.0,1912.0,0.0,63.0,7.0,0.0,68,202.61907356129942,74.2760400191539,169.0,85.41295623779297,63.0,1564.0,7.0,270.0,9.567889403606328,1617.4321105963936,1.3862519747801458,275.6137480252198,63.0,1564.0,7.0,270.0,418.0,0.0,55.0,0.0,7.0,7.0
615,0.0,0.0,18731.633175260817,5,45739.356225520845,45801.93524901069,1.4418242551284628,1.4451650755953347,1.4469784014510152,0.6599326818452108,24,12,0.00648599449318214,0.1878407273214584,0.19846360676334757,62.57902348984891,77158.04697969783,29229.514275592235,38.579023489848915,24.0,2342.0,178.0,0.0,7.0,0.0,0.0,7,237.1568156832027,,229.0,,7.0,25.0,0.0,3.0,0.9415474841003854,31.05845251589961,0.0,3.0,7.0,25.0,0.0,3.0,46.0,0.0,52.0,0.0,0.0,0.0
616,0.0,0.0,53666.019015456244,30,109463.7483491314,109772.01475177398,1.0397217896413178,1.0454659534212656,1.0481532577112924,0.7750881856929417,189,79,0.006338966284180256,0.16986129597251848,0.03305752824675621,308.26640264259584,238532.80528519192,76937.31167890904,119.26640264259596,189.0,12615.0,2505.0,0.0,67.0,13.0,0.0,75,208.85311577072528,92.95255320339827,195.419921875,89.60250854492188,67.0,1796.0,13.0,374.0,10.071761075994782,1852.9282389240045,2.651676503636346,384.34832349636366,67.0,1796.0,13.0,374.0,560.0,1.0,52.0,0.0,13.0,13.0
617,0.0,0.0,22850.746291109193,5,58195.92416066734,58258.834116611055,1.5467843990421577,1.5495374800637691,1.5510649287312637,0.5970055709135121,18,9,0.006070399339610421,0.2201864521702407,0.1985131268469193,62.90995594372191,89819.91188744381,37612.67744537344,44.909955943721904,18.0,2370.0,150.0,0.0,4.0,0.0,0.0,4,210.49131389167127,,189.48263549804688,,4.0,13.0,0.0,3.0,0.5484954669242621,16.45150453307574,0.0,3.0,4.0,13.0,0.0,3.0,20.0,0.0,51.0,0.0,0.0,0.0
618,0.0,0.0,135624.76373565826,27,258343.5617567997,258776.31657952775,0.9048406400200526,0.9080314645480239,0.9092694806121868,0.7424710797646576,157,68,0.006522296488653938,0.17168424467014373,0.03671115205494775,432.7548227279371,551509.6454558742,185700.7163264484,275.7548227279371,157.0,11138.0,2470.0,0.0,53.0,9.0,0.0,60,221.08430565531884,80.37806922265979,209.9622344970703,93.56695556640625,53.0,1247.0,9.0,311.0,8.1092679349622,1291.8907320650376,1.9607210261816734,318.03927897381834,53.0,1247.0,9.0,311.0,572.0,0.0,92.0,0.0,9.0,9.0
619,0.0,0.0,39739.76028582319,25,84066.81604897483,84293.80891378674,1.1154333957813258,1.121145379527058,1.1240145355264488,0.7108106340746125,143,63,0.004305342798807036,0.17070606789941498,0.039832562967459115,226.99286481194736,167985.72962389461,59082.448113129045,83.99286481194731,143.0,10835.0,1765.0,0.0,52.0,3.0,0.0,52,200.0720537639994,54.63392337184109,174.59817504882812,37.4513053894043,52.0,1049.0,3.0,196.0,7.662317135987946,1093.337682864012,0.5174943022241466,198.48250569777588,52.0,1049.0,3.0,196.0,378.0,0.0,90.0,0.0,3.0,3.0
620,0.0,0.0,26375.034626592013,30,52269.512363654074,52512.03819204451,0.9817798574927579,0.9909751374923494,0.9947286293106565,0.7686604211677254,184,72,0.005300109285014737,0.16944001095308628,0.03314551466944175,242.5258283904399,117051.65678087987,38070.01556131204,58.52582839043994,184.0,13131.0,1989.0,0.0,77.0,5.0,0.0,81,214.57585674825404,76.09420220966577,206.27586364746094,68.68719482421875,77.0,2102.0,5.0,246.0,11.784111059341134,2167.2158889406596,0.6858192149698475,250.31418078503012,77.0,2102.0,5.0,246.0,398.0,2.0,173.0,0.0,5.0,5.0
621,0.0,0.0,10504.781332189566,13,19519.04118219612,19611.283790597623,0.8581101847769415,0.8668911965357342,0.8704647471210794,0.7030541494459182,72,28,0.01143567846509321,0.16368533099861335,0.0755975786598031,92.24260840150649,40485.216803012954,14396.194388056607,20.242608401506477,72.0,5412.0,1140.0,0.0,24.0,7.0,0.0,31,206.69355330125313,91.44585960730375,208.64627075195312,89.82352447509766,24.0,314.0,7.0,58.0,3.3384996500308985,334.66150034996906,0.9903990221688348,64.00960097783117,24.0,314.0,7.0,58.0,257.0,2.0,154.0,0.0,7.0,7.0
622,0.0,0.0,87738.43800597599,23,171777.1367631472,172094.6661965032,0.9578321732995432,0.9614512191883517,0.9628277415510993,0.7238945018695481,136,61,0.005203561780482267,0.17726480768811115,0.04322592668281247,317.5294333560372,363058.8667120745,125383.90116737645,181.52943335603726,136.0,10112.0,1480.0,0.0,49.0,3.0,0.0,49,234.67588128755483,83.6453860863531,253.796875,81.05293273925781,49.0,953.0,3.0,122.0,7.370102199792958,994.6298978002069,0.5371518042063399,124.46284819579365,49.0,953.0,3.0,122.0,321.0,0.0,42.0,0.0,3.0,3.0
623,0.0,0.0,24853.24538605177,29,49333.60639850993,49582.96783548265,0.9849965520477708,0.9950299071729998,0.9999927698613182,0.8371462323132217,190,74,0.007124313932171635,0.1713300577642696,0.03418262692048274,249.3614369727256,118722.87394545117,35454.64022975812,59.361436972725585,190.0,12494.0,2122.0,0.0,70.0,17.0,0.0,82,197.41100743443184,57.422947625923854,183.0,51.86096954345703,70.0,1871.0,17.0,420.0,10.650879689585741,1930.3491203104145,4.807870607975762,432.1921293920242,70.0,1871.0,17.0,420.0,439.0,0.0,245.0,0.0,17.0,17.0
624,0.0,0.0,10826.894857027388,20,20595.119001875075,20744.69205791462,0.9022184360188414,0.9160333901691038,0.9213906801852341,0.8009360291323913,125,47,0.010570797151541534,0.17146073725518854,0.049223153665054545,149.57305603955126,49146.112079102444,15340.211418738289,24.573056039551222,125.0,8864.0,1216.0,0.0,52.0,6.0,0.0,54,214.88986318500523,71.87630124549587,200.27200317382812,72.42620849609375,52.0,936.0,6.0,86.0,8.291276343212171,979.7087236567877,1.339587019232722,90.66041298076729,52.0,936.0,6.0,86.0,249.0,1.0,134.0,0.0,6.0,6.0
625,0.0,0.0,11289.605634891155,14,22321.092625821497,22430.154740222773,0.9771366111174793,0.9867970118372542,0.9907744037309538,0.779785068152623,84,32,0.01716093681934513,0.17637447442995421,0.06935095422403996,109.06211440128487,50124.22880256972,16069.886065309724,25.06211440128486,84.0,6297.0,759.0,0.0,34.0,4.0,0.0,37,213.35711179218043,89.47037100475507,201.84059143066406,88.15679931640625,34.0,451.0,4.0,29.0,5.179439593893992,479.82056040610604,0.90090474496056,32.09909525503944,34.0,451.0,4.0,29.0,152.0,0.0,66.0,0.0,4.0,4.0
626,0.0,0.0,226675.89198241074,15,450659.0667380838,451207.7088216407,0.988120848656695,0.9905412299277634,0.9914368873961295,0.7192282832693643,93,44,0.004759645675737682,0.1736095068519259,0.06633958128546902,548.6420835570013,911284.1671140031,316757.62352240196,455.64208355700157,93.0,5902.0,1658.0,0.0,31.0,3.0,0.0,32,245.6552631564188,78.17466088854677,257.2044982910156,79.72870635986328,31.0,352.0,3.0,94.0,4.334110691044977,378.66588930895506,0.4935735548283938,96.5064264451716,31.0,352.0,3.0,94.0,403.0,1.0,58.0,0.0,3.0,3.0
627,0.0,0.0,151500.4737750503,29,327425.20633517485,327971.0011726181,1.1612157254461106,1.1648183203677194,1.166378655571625,0.8186903787945689,179,78,0.006108323574908938,0.17788411920381073,0.03422548919935422,545.7948374432166,733589.6748864332,224013.15988547556,366.7948374432166,179.0,12776.0,1840.0,0.0,67.0,5.0,0.0,68,214.40480683320675,86.04327566852189,205.0,53.47001266479492,67.0,1677.0,5.0,223.0,11.521217534050837,1732.4787824659493,1.024140008066673,226.97585999193336,67.0,1677.0,5.0,223.0,418.0,0.0,35.0,0.0,5.0,5.0
628,0.0,0.0,17488.574696224223,12,36895.95135692378,36989.53629409345,1.1097174582723204,1.1150686626326087,1.1174836101048733,0.6752760340985728,59,26,0.007238868563659574,0.1716112244693983,0.08248717677562607,93.58493716966743,69169.8743393349,25607.999857299055,34.58493716966745,59.0,5212.0,836.0,0.0,19.0,2.0,0.0,20,262.6464068097698,70.99141946381509,284.2931213378906,70.99142456054688,19.0,190.0,2.0,29.0,2.5750636737224606,206.42493632627753,0.37457831605153535,30.625421683948463,19.0,190.0,2.0,29.0,177.0,1.0,25.0,0.0,2.0,2.0
629,0.0,0.0,448034.83584275865,22,884536.3569366755,885629.8636994738,0.9742579955258446,0.9766986690523605,0.9775573317946284,0.755809324678679,130,55,0.008696726211006228,0.16719278442964106,0.044856140794662394,1093.5067627984101,1927013.52559682,637400.6851582775,963.50676279841,130.0,9757.0,1331.0,0.0,48.0,5.0,0.0,52,226.85152475592804,96.07735946787179,225.74383544921875,94.86078643798828,48.0,970.0,5.0,121.0,7.3901194469850005,1010.609880553015,1.1637180284370436,124.83628197156295,48.0,970.0,5.0,121.0,267.0,0.0,43.0,0.0,5.0,5.0
630,0.0,0.0,15928.92776477768,11,34870.65021444751,34962.717031005144,1.1891398297099505,1.194919679924427,1.1974729628857577,0.6802337712538934,59,28,0.005631871822785115,0.18737056682245143,0.09028653554299271,92.06681655764504,66133.63311529005,24305.479935737432,33.066816557645026,59.0,4930.0,614.0,0.0,20.0,0.0,0.0,20,254.79506811283278,,268.1019287109375,,20.0,181.0,0.0,19.0,2.7897454833034203,198.21025451669652,0.0,19.0,20.0,181.0,0.0,19.0,140.0,0.0,71.0,0.0,0.0,0.0
631,0.0,0.0,133307.79433112362,19,283675.0440519846,284105.1909579048,1.1279704272007032,1.1311971470491446,1.132630129588018,0.7565958238341431,128,55,0.00778886053688063,0.18331743749851406,0.05202178486880996,430.1469059201929,604293.8118403858,199675.24033441395,302.1469059201929,128.0,8140.0,1436.0,0.0,46.0,8.0,0.0,49,212.00701882002758,75.7725694978787,204.10751342773438,73.89006042480469,46.0,711.0,8.0,166.0,6.543113101489525,750.4568868985106,1.3534953182751512,172.64650468172485,46.0,711.0,8.0,166.0,327.0,1.0,34.0,0.0,8.0,8.0
632,0.0,0.0,11100.307094778365,9,18213.927804883053,18277.390068472447,0.6408490007858401,0.6465661636577797,0.6484643580068861,0.6590170087637718,45,20,0.006594947472443036,0.18541444820257,0.11023897397530653,63.462263589392506,36924.52717878501,14007.425714265899,18.462263589392503,45.0,3497.0,1039.0,0.0,14.0,2.0,0.0,16,201.6540197525342,97.58291769491171,163.13316345214844,97.58291625976562,14.0,90.0,2.0,38.0,1.9460697539027039,102.0539302460973,0.26990116590392765,39.73009883409607,14.0,90.0,2.0,38.0,259.0,1.0,57.0,0.0,2.0,2.0
633,0.0,0.0,120285.47710726339,21,253337.53725360302,253687.74333232557,1.106135697725934,1.1090471554276,1.1102633011656788,0.666746465609285,110,51,0.004595744517857463,0.18347585862380666,0.047374702966020456,350.2060787225887,480412.15744517744,180132.99740785582,240.20607872258873,110.0,9810.0,774.0,0.0,35.0,3.0,0.0,38,224.053739967482,41.118037408048345,228.0,43.286624908447266,35.0,708.0,3.0,52.0,4.8918444137211985,738.1081555862788,0.5583434543203125,54.44165654567969,35.0,708.0,3.0,52.0,123.0,0.0,104.0,0.0,3.0,3.0
634,0.0,0.0,241969.86220981908,29,457375.647685767,458187.252033836,0.8902174159572125,0.8935715706467962,0.8947255045553586,0.91404113714856,200,77,0.01172963799173825,0.1585136171482065,0.033827527481084134,811.6043480690673,1223208.6961381345,334560.6249063507,611.6043480690672,200.0,12197.0,2419.0,0.0,80.0,14.0,0.0,87,207.23957582103208,75.36441354610925,218.26797485351562,61.509735107421875,80.0,2037.0,14.0,392.0,14.299712378044255,2102.7002876219553,3.266638198799055,402.7333618012009,80.0,2037.0,14.0,392.0,532.0,3.0,31.0,0.0,14.0,14.0
635,0.0,0.0,265319.1783936491,10,575105.7779558122,575680.3397236085,1.1675997243687317,1.1697652736941704,1.170644067581064,0.6667241630270229,52,25,0.0037527048721419493,0.18182695977317054,0.09972801331585825,574.5617677964276,1045123.5355928552,391887.52768755413,522.5617677964276,52.0,4363.0,677.0,0.0,16.0,1.0,0.0,17,241.43405437421353,89.05265154723375,235.87266540527344,89.05265045166016,16.0,132.0,1.0,21.0,2.1621327549723475,145.83786724502764,0.13128554868280495,21.868714451317196,16.0,132.0,1.0,21.0,143.0,0.0,57.0,0.0,1.0,1.0
636,0.0,0.0,32300.001504414857,11,62276.192375078856,62407.735277620246,0.9280554016868008,0.932127937179513,0.9336974207371627,0.7062359845892285,67,30,0.006626471415797216,0.17886625236305756,0.09011047201833326,131.54290254140534,129085.80508281068,45694.997104222704,64.54290254140534,67.0,4326.0,1218.0,0.0,23.0,3.0,0.0,26,226.35173770139804,126.6141437665453,216.83079528808594,90.4721908569336,23.0,198.0,3.0,62.0,3.1224407187174608,217.87755928128254,0.5003247597605588,64.49967524023944,23.0,198.0,3.0,62.0,298.0,2.0,43.0,0.0,3.0,3.0
637,0.0,0.0,24247.760294439744,16,46480.3839865127,46632.64194376756,0.916893907812637,0.9231731664083174,0.9258274340675874,0.7398834567849912,102,42,0.011001508406760311,0.16275692133443487,0.06143310881248298,152.25795725487617,100515.91450975237,33963.42815479456,50.25795725487619,102.0,6913.0,1151.0,0.0,37.0,7.0,0.0,43,227.84087420446608,58.794564829322134,258.2008361816406,60.39421463012695,37.0,536.0,7.0,108.0,5.382819818466493,567.6171801815335,1.1239330970167458,113.87606690298327,37.0,536.0,7.0,108.0,260.0,0.0,54.0,0.0,7.0,7.0
638,0.0,0.0,274075.34840233024,15,545415.7377704384,546161.0005773284,0.9900211418131364,0.9927403313033052,0.9937711304951395,0.8242137822894463,107,45,0.01207210715583649,0.18562855516106752,0.06539337774543327,745.2628068901004,1276525.6137802005,387194.93692351045,638.2628068901003,107.0,6197.0,1363.0,0.0,40.0,7.0,0.0,45,213.25902224019123,93.69234235633296,236.17852783203125,84.0133056640625,40.0,503.0,7.0,125.0,5.875433903376193,537.1245660966238,1.5278419043101783,130.47215809568985,40.0,503.0,7.0,125.0,296.0,0.0,52.0,0.0,7.0,7.0
639,0.0,0.0,14049.514491014177,25,30042.5222420828,30225.200853243066,1.1383317025864113,1.151334188279216,1.1577943334149454,0.7829560613285514,150,57,0.007931685325009886,0.17366468424097378,0.039577835123312165,182.6786111602737,65357.22232054732,20868.73885670115,32.67861116027366,150.0,11301.0,1299.0,0.0,62.0,6.0,0.0,66,217.71917447786365,65.12429684166041,214.98834228515625,50.80973434448242,62.0,1451.0,6.0,131.0,9.679087417367315,1503.3209125826322,1.2643288258112992,135.7356711741887,62.0,1451.0,6.0,131.0,262.0,0.0,196.0,0.0,6.0,6.0
640,0.0,0.0,45149.19918685943,5,92741.88008203951,92854.0812073418,1.0541201561119125,1.0566052749473078,1.057561237899805,0.6509812591785885,26,13,0.0032134215194282137,0.19432141991211194,0.19954227377866637,112.20112530229994,172402.25060459992,66208.60745750883,86.20112530229996,26.0,2188.0,332.0,0.0,8.0,0.0,0.0,8,252.36332707809282,,267.1731262207031,,8.0,28.0,0.0,4.0,1.1239765152017611,34.87602348479824,0.0,4.0,8.0,28.0,0.0,4.0,61.0,0.0,48.0,0.0,0.0,0.0
641,0.0,0.0,20915.780100400847,24,42384.25429649962,42596.28655919653,1.02642474213464,1.0365621724231162,1.0410050670484643,0.8516151481909722,160,61,0.010348299346418975,0.17121218119049353,0.04101460768146784,212.0322626969146,104064.52539382913,30549.16461235051,52.032262696914565,160.0,10520.0,1576.0,0.0,66.0,9.0,0.0,72,218.41478835102657,72.88214656062796,202.12930297851562,80.88148498535156,66.0,1479.0,9.0,174.0,11.250336690627007,1533.749663309373,1.7548290125728343,181.2451709874272,66.0,1479.0,9.0,174.0,334.0,1.0,36.0,0.0,9.0,9.0
642,0.0,0.0,463196.2487512989,14,841982.6761386824,843050.3774186823,0.8177666127662511,0.8200716860108601,0.8208118169431664,0.7443499214658196,97,43,0.009665843553578843,0.18064339884856773,0.070386019006931,1067.7012800001942,1941402.5600003875,652046.3373520811,970.7012800001937,97.0,6028.0,1028.0,0.0,36.0,4.0,0.0,38,199.99795236390636,67.90888196437572,180.00503540039062,65.6092529296875,36.0,412.0,4.0,80.0,5.06254123799979,442.93745876200035,0.9842716201849084,83.01572837981509,36.0,412.0,4.0,80.0,228.0,0.0,33.0,0.0,4.0,4.0
643,0.0,0.0,26622.898827848876,25,58097.18966996771,58293.48886424146,1.1822262874392613,1.1895996090126584,1.1933183238477754,0.7007700550931633,140,59,0.005789797195084926,0.17538503127285557,0.03972441413347331,196.29919427375495,112598.38854750965,40169.52056139883,56.29919427375482,140.0,10731.0,1869.0,0.0,51.0,5.0,0.0,53,229.09741327057154,62.881989743883125,229.0,48.70502471923828,51.0,1085.0,5.0,184.0,7.303043995372658,1128.6969560046277,0.7615398178081982,188.23846018219177,51.0,1085.0,5.0,184.0,431.0,1.0,155.0,0.0,5.0,5.0
644,0.0,0.0,25420.813006946195,15,45635.83183833428,45763.00653517468,0.7952152759970486,0.8002180545000672,0.8020170165624865,0.6771240438724809,81,37,0.007021335574645301,0.16441728077822443,0.0659932639016029,127.17469684040822,92349.39368081643,34096.18758797468,46.17469684040822,81.0,6280.0,1280.0,0.0,28.0,1.0,0.0,29,220.34594760683802,72.20534047801661,217.65785217285156,72.20533752441406,28.0,337.0,1.0,69.0,3.8649177017419083,361.13508229825806,0.14065459953519766,69.8593454004648,28.0,337.0,1.0,69.0,311.0,0.0,16.0,0.0,1.0,1.0
645,0.0,0.0,213819.4795727291,19,481306.8551509937,481896.8629453114,1.250996289546579,1.2537556629932674,1.2549156224384754,0.7117137164214388,113,51,0.005727228643821368,0.1806109704930507,0.05225700710833499,590.0077943178128,954015.5886356253,335112.12676653976,477.0077943178127,113.0,8539.0,1037.0,0.0,41.0,2.0,0.0,41,246.92886007053156,32.957619941558015,260.0,32.957618713378906,41.0,664.0,2.0,72.0,5.758842932754001,699.241157067246,0.3571162081458018,73.64288379185419,41.0,664.0,2.0,72.0,222.0,0.0,48.0,0.0,2.0,2.0
646,0.0,0.0,16349.5737338659,26,32882.291698978144,33116.463734411154,1.0112017740784878,1.025524596143748,1.0321933817566533,0.9104879091388258,192,72,0.010194800784672964,0.1731300730517508,0.03786296187653987,234.1720354330169,84344.07086603396,23159.031003994824,42.17203543301698,192.0,10912.0,2192.0,0.0,77.0,17.0,0.0,86,205.9326338310335,82.66110478587697,203.65652465820312,74.68318939208984,77.0,1841.0,17.0,301.0,12.33254569701121,1905.6674543029887,3.773265284181828,314.2267347158181,77.0,1841.0,17.0,301.0,480.0,4.0,75.0,0.0,17.0,17.0
647,0.0,0.0,84646.98855675322,9,207953.78168018768,208185.29659296293,1.4567180147319831,1.4594530785153812,1.4608518449738508,0.6677013643273607,49,24,0.006461130630123096,0.19642326375399455,0.11022248684167442,231.51491277529988,365029.8255505997,136674.06008610193,182.51491277529988,49.0,4235.0,301.0,0.0,15.0,1.0,0.0,16,209.62306803291872,53.05216581732546,221.0,53.05216598510742,15.0,118.0,1.0,10.0,2.061016774287311,130.9389832257127,0.1311434434592723,10.868856556540727,15.0,118.0,1.0,10.0,54.0,0.0,92.0,0.0,1.0,1.0
648,0.0,0.0,31073.622651123274,20,64184.667447105574,64350.707794281516,1.0655675769682222,1.0709110269109647,1.0732615812179498,0.7183974929862494,102,44,0.007518330388392804,0.17232277140686633,0.04947751748499427,166.04034717593058,128080.6943518612,44571.666661673866,64.0403471759306,102.0,8543.0,1537.0,0.0,35.0,3.0,0.0,38,252.2795663645409,96.89934933681512,264.8509216308594,95.93413543701172,35.0,616.0,3.0,106.0,5.295525743274246,645.7044742567259,0.6809186042791558,108.31908139572084,35.0,616.0,3.0,106.0,333.0,0.0,51.0,0.0,3.0,3.0
649,0.0,0.0,12490.086515384675,27,25143.39332312944,25334.04957230487,1.013067987332117,1.0283325933010659,1.0351447422183782,0.8278907109560383,161,61,0.009789562957793532,0.17127102100558622,0.03649898046737561,190.65624917543897,59312.49835087795,17910.72709415491,29.656249175438976,161.0,11895.0,1713.0,0.0,65.0,8.0,0.0,70,199.43663304830412,70.39798831789875,184.85079956054688,69.63801574707031,65.0,1648.0,8.0,169.0,10.783137382684735,1702.2168626173152,2.4063911948892747,174.59360880511073,65.0,1648.0,8.0,169.0,348.0,0.0,214.0,0.0,8.0,8.0
650,0.0,0.0,84044.6395179225,6,161103.57196143383,161296.09457317245,0.9168809918814458,0.9191717103953561,0.9199744956813507,0.6836080834144164,35,17,0.005075419273600648,0.20231885988594686,0.16597503532658212,192.5226117386291,315045.22347725823,115214.12309217523,157.5226117386291,35.0,2380.0,644.0,0.0,11.0,1.0,0.0,12,280.7797766350161,69.84347955096166,324.5142822265625,69.8434829711914,11.0,46.0,1.0,14.0,1.5348438736863963,55.46515612631361,0.14517477953249658,14.854825220467504,11.0,46.0,1.0,14.0,164.0,1.0,47.0,0.0,1.0,1.0
651,0.0,0.0,210274.0834495557,22,444865.7207819116,445418.40244517935,1.1156469379576865,1.1182753249381503,1.1192664917238933,0.6955938998010516,118,56,0.005572765303737217,0.17833578356668636,0.045159744204810504,552.6816632678408,869363.3265356816,312453.6194122498,434.6816632678408,118.0,10150.0,938.0,0.0,39.0,1.0,0.0,39,240.40094539015743,71.00439338822179,245.431884765625,71.00439453125,39.0,774.0,1.0,44.0,5.919427857548636,807.0805721424514,0.13077138221720297,44.869228617782795,39.0,774.0,1.0,44.0,182.0,0.0,96.0,0.0,1.0,1.0
652,0.0,0.0,489507.29647547606,8,952818.1885212521,953739.4218946699,0.9464841390142333,0.9483660994672252,0.9490107706448518,0.6354756295227199,39,18,0.011492738720695807,0.17712045125142503,0.12265900457217589,921.233373417885,1764466.7468357696,694152.0118407174,882.2333734178849,39.0,3509.0,523.0,0.0,12.0,1.0,0.0,13,229.7451465273202,123.34132506783824,212.670654296875,123.34132385253906,12.0,79.0,1.0,12.0,1.6596682826850215,89.34033171731498,0.15700102647309422,12.842998973526905,12.0,79.0,1.0,12.0,103.0,0.0,6.0,0.0,1.0,1.0
653,0.0,0.0,164894.3112733004,24,351353.7467616674,351859.28305858246,1.1307814929971962,1.1338473131156181,1.1352079187943822,0.7271055912660492,150,67,0.004570445000137675,0.17406119878425136,0.04147425017181289,505.5362969150162,711072.5938300322,244487.39026745065,355.53629691501607,150.0,10629.0,1467.0,0.0,54.0,5.0,0.0,56,214.13466137112806,90.54063116344076,201.0,100.6358413696289,54.0,1124.0,5.0,161.0,7.816432458620817,1170.1835675413793,0.8786559131098904,165.12134408689013,54.0,1124.0,5.0,161.0,305.0,1.0,86.0,0.0,5.0,5.0
654,0.0,0.0,306031.7057716734,29,665263.3463905499,666145.5058589915,1.1738379842476023,1.1767205596533672,1.1779145093617465,0.7628565120365953,179,76,0.006562637161558989,0.17705729837549933,0.034172958036720866,882.1594684419208,1406318.9368838416,460872.6918806123,703.1594684419208,179.0,12944.0,1672.0,0.0,70.0,4.0,0.0,72,217.45850935550348,73.57505258338881,201.21627807617188,77.59442901611328,70.0,1815.0,4.0,199.0,10.834703983192275,1874.1652960168074,0.5731094792665329,202.42689052073348,70.0,1815.0,4.0,199.0,352.0,0.0,63.0,0.0,4.0,4.0
655,0.0,0.0,23273.461075046114,22,49600.522144798,49770.55706248033,1.1312052377967903,1.13851119530496,1.1416050022864495,0.7185524706217958,119,50,0.006133331572500686,0.1874944252367189,0.04512967298103684,170.03491768232587,102069.83536465182,35512.3110481849,51.03491768232591,119.0,10217.0,871.0,0.0,45.0,2.0,0.0,47,228.30873979467106,71.59337486812714,220.0,71.59337615966797,45.0,935.0,2.0,52.0,6.9115843957179495,973.0884156042822,0.27787939857977295,53.72212060142022,45.0,935.0,2.0,52.0,155.0,1.0,285.0,0.0,2.0,2.0
656,0.0,0.0,256403.0334882597,29,542759.0681039174,543542.4693809605,1.1168199951455313,1.1198753461933921,1.1211790893267608,0.7859187894714698,183,79,0.00744263798129613,0.17543893472220012,0.03411674701104258,783.4012770427867,1200802.5540855725,381974.12066363497,600.4012770427862,183.0,12750.0,1866.0,0.0,67.0,8.0,0.0,74,223.06981940130936,71.43274811732638,195.52256774902344,64.7545166015625,67.0,1810.0,8.0,261.0,10.687370583336914,1866.3126294166632,2.0263410044564782,266.97365899554353,67.0,1810.0,8.0,261.0,370.0,0.0,77.0,0.0,8.0,8.0
657,0.0,0.0,220947.58443774618,22,405699.6072054262,406284.4695114007,0.8361803241154486,0.8388273877050452,0.8396863025893342,0.7522205199885585,135,58,0.007564904436774826,0.17126295208847384,0.0449655776493348,584.8623059745684,899724.6119491372,299022.888913886,449.8623059745686,135.0,9443.0,1645.0,0.0,49.0,6.0,0.0,53,228.37817990285137,105.18335715573987,233.95513916015625,69.74144744873047,49.0,942.0,6.0,169.0,7.26947394546958,983.7305260545303,1.0834423290479558,173.91655767095205,49.0,942.0,6.0,169.0,310.0,1.0,119.0,0.0,6.0,6.0
658,0.0,0.0,17080.931113013212,14,31269.995414396628,31402.190813953977,0.8306961843885308,0.8384355399706533,0.8416929534385182,0.7707357972174684,96,40,0.011640775226567266,0.16877159487897886,0.07011671988635032,132.19539955735496,72390.79911470998,23481.068148144033,36.19539955735499,96.0,5600.0,1456.0,0.0,32.0,10.0,0.0,40,191.91199887247174,92.23509648822986,164.943115234375,98.03938293457031,32.0,379.0,10.0,139.0,4.675136605549652,406.32486339445035,1.8623684686156134,147.1376315313844,32.0,379.0,10.0,139.0,321.0,0.0,64.0,0.0,10.0,10.0
659,0.0,0.0,75026.69053013057,18,163443.1451049018,163732.50120711274,1.1784666756594224,1.1823233845208474,1.1841919430057772,0.7537567897435821,118,49,0.006530707120036981,0.1740282102606343,0.055092171010753095,289.3561022109517,342712.2044219034,113668.03227685999,171.35610221095172,118.0,7628.0,1444.0,0.0,43.0,8.0,0.0,50,214.45340478180324,78.9604006398521,220.56008911132812,87.51766967773438,43.0,693.0,8.0,156.0,6.150064271147106,729.8499357288529,1.3350672525232532,162.66493274747674,43.0,693.0,8.0,156.0,327.0,0.0,45.0,0.0,8.0,8.0
660,0.0,0.0,50306.122760422026,15,98621.01930962272,98791.68340733838,0.960417815924627,0.9638103273795136,0.9651451389625905,0.667444205633783,76,35,0.00611210020833665,0.17735623010276086,0.0661296872180484,170.66409771567066,189328.1954313413,70915.36409832245,94.66409771567065,76.0,6589.0,971.0,0.0,26.0,0.0,0.0,26,229.51210952254212,,214.53355407714844,,26.0,321.0,0.0,43.0,3.73923370013714,343.2607662998628,0.0,43.0,26.0,321.0,0.0,43.0,240.0,0.0,45.0,0.0,0.0,0.0
661,0.0,0.0,316291.274396338,17,661709.1613245305,662441.5044475935,1.092087942000438,1.0944033492922158,1.095348625194128,0.7083273972436946,93,42,0.005739250120693407,0.18254142268106305,0.058398030504155284,732.343123062858,1278686.2461257158,451304.8101419807,639.3431230628579,93.0,6688.0,1880.0,0.0,31.0,3.0,0.0,33,228.59459523253227,93.69246716129793,244.46888732910156,91.66817474365234,31.0,410.0,3.0,117.0,4.24898588737439,436.7510141126257,0.6763923820079075,119.32360761799208,31.0,410.0,3.0,117.0,459.0,1.0,36.0,0.0,3.0,3.0
662,0.0,0.0,12205.260249213685,16,23105.35491064978,23251.975724419997,0.8930653209249124,0.905078240828006,0.9097251372416681,0.8534753493552747,118,44,0.011813515357130008,0.16506612396441586,0.06136708043327045,146.62081377021175,57241.62754042355,16767.21758386594,28.620813770211775,118.0,6794.0,1270.0,0.0,49.0,9.0,0.0,56,227.62529749593563,91.97828522927986,225.70602416992188,79.9256591796875,49.0,722.0,9.0,116.0,7.054929468558749,763.9450705314414,1.684751699075354,123.31524830092465,49.0,722.0,9.0,116.0,289.0,2.0,198.0,0.0,9.0,9.0
663,0.0,0.0,30837.231283219204,27,64761.35576074842,64996.34029732063,1.1001027999549953,1.1077229567198499,1.1110744998079811,0.7297384118723718,167,70,0.005181352311553271,0.18059165239213168,0.03682583534890946,234.98453657220128,135969.0731444027,46581.44306654065,67.98453657220135,167.0,11907.0,1701.0,0.0,62.0,8.0,0.0,67,230.93582812023763,70.79014345356396,221.70712280273438,60.103668212890625,62.0,1553.0,8.0,186.0,8.731890430030422,1606.2681095699693,1.3607484467569657,192.639251553243,62.0,1553.0,8.0,186.0,345.0,2.0,158.0,0.0,8.0,8.0
664,0.0,0.0,38034.629730165754,25,80090.04249159447,80312.42861771262,1.1057137419185663,1.1115606800298572,1.1144124621232634,0.6963846330581974,144,64,0.003915204406019971,0.1842550647105099,0.0398527188841951,222.3861261181587,156772.25223631732,56280.76956115707,78.38612611815866,144.0,11153.0,1447.0,0.0,51.0,4.0,0.0,54,221.0684206122931,88.87934329449365,225.0,88.48033142089844,51.0,1163.0,4.0,132.0,7.34282293009961,1206.6571770699004,0.5911203830061383,135.4088796169939,51.0,1163.0,4.0,132.0,320.0,2.0,83.0,0.0,4.0,4.0
665,0.0,0.0,165140.40160910162,17,341537.31354832865,341951.5466819764,1.0681632733143664,1.0706716427358498,1.0716238455366884,0.677466255407344,87,39,0.004762015494653597,0.17252586118618182,0.05850961703218429,414.23313364775504,654466.26729551,241512.49677446866,327.23313364775504,87.0,7571.0,997.0,0.0,31.0,0.0,0.0,26,225.0835383492741,,209.0,,31.0,383.0,0.0,28.0,4.4726798574687,409.5273201425313,0.0,28.0,31.0,383.0,0.0,28.0,205.0,0.0,52.0,0.0,0.0,0.0
666,0.0,0.0,260826.94976656247,26,533568.8783489907,534394.3812199525,1.0456815479632358,1.0488464926581789,1.0502372406622689,0.8657574858473421,175,70,0.011450782265136775,0.17846385010608706,0.037754780697584145,825.5028709619053,1301005.7419238104,375684.23120548535,650.5028709619053,175.0,11278.0,1826.0,0.0,66.0,13.0,0.0,75,186.73383007934302,74.5403251056107,170.717041015625,70.2164535522461,66.0,1590.0,13.0,281.0,11.278910561047793,1644.7210894389523,3.103529354403184,290.8964706455968,66.0,1590.0,13.0,281.0,389.0,0.0,34.0,0.0,13.0,13.0
667,0.0,0.0,190942.28151752995,26,390271.65777768096,390835.29926657415,1.0439247644679006,1.0468766590635532,1.0480299631502286,0.7550432566090955,151,66,0.008352864071665446,0.17407922904136844,0.0379847758877828,563.6414888933374,825282.9777866752,273256.8533533518,412.6414888933376,151.0,11246.0,1858.0,0.0,54.0,5.0,0.0,58,230.33540519213605,83.87642186950112,226.57208251953125,60.83811569213867,54.0,1268.0,5.0,181.0,8.715465461568122,1313.2845345384321,0.7250887205138249,185.2749112794862,54.0,1268.0,5.0,181.0,407.0,1.0,44.0,0.0,5.0,5.0
668,0.0,0.0,231598.73121856386,11,505171.2458047852,505687.12360708177,1.18123494522967,1.18346240908313,1.184397074933608,0.6689950799313402,60,30,0.0035090398979898017,0.17237738992317794,0.09073801780490615,515.8778022965603,911755.6045931207,340718.3520268547,455.8778022965604,60.0,4742.0,802.0,0.0,17.0,2.0,0.0,19,245.74214204068963,87.54084201352704,234.3592987060547,87.54084777832031,17.0,164.0,2.0,26.0,2.329666664232592,178.67033333576742,0.2783456679168457,27.721654332083155,17.0,164.0,2.0,26.0,197.0,1.0,96.0,0.0,2.0,2.0
669,0.0,0.0,64980.692521004356,24,119773.00375952815,120043.09266722061,0.8432090997000798,0.8473655482883302,0.8488954832112761,0.7457045976757259,139,58,0.007279449179152686,0.17643294606471838,0.04123569657535761,270.0889076924595,262177.815384919,87896.00339132165,131.08890769245951,139.0,9982.0,2114.0,0.0,49.0,8.0,0.0,55,223.72929295077967,96.48489602822968,218.83016967773438,101.57130432128906,49.0,1032.0,8.0,231.0,7.461540000387557,1073.5384599996128,1.4834608942424294,237.5165391057576,49.0,1032.0,8.0,231.0,478.0,2.0,34.0,0.0,8.0,8.0
670,0.0,0.0,29071.45602591645,23,58707.837284315305,58952.628263349565,1.0194322992277645,1.0278526197929274,1.0319665362322854,0.9124720459858188,168,66,0.01168812882961385,0.17613747913872754,0.04268012915073782,244.79097903426043,153581.95806852105,42078.537842382284,76.79097903426053,168.0,9701.0,1891.0,0.0,65.0,14.0,0.0,72,191.35949810897395,58.71927165457873,166.0,62.762977600097656,65.0,1265.0,14.0,312.0,10.954469594842191,1319.0455304051573,4.016031269200582,321.98396873079946,65.0,1265.0,14.0,312.0,401.0,0.0,40.0,0.0,14.0,14.0
671,0.0,0.0,50276.02148787487,17,94000.48278703126,94246.7132163236,0.8696881735103379,0.8745857453946151,0.8762721017040223,0.912653017264775,117,46,0.017239748662562462,0.16020007082178853,0.05710443784940517,246.23042929236993,258460.8585847398,70799.32178369061,129.2304292923699,117.0,7382.0,1186.0,0.0,50.0,4.0,0.0,51,194.83764107981824,134.6253583702072,169.3774871826172,114.40371704101562,50.0,718.0,4.0,95.0,9.275360816486351,758.7246391835135,1.2004960629409491,97.79950393705906,50.0,718.0,4.0,95.0,209.0,0.0,20.0,0.0,4.0,4.0
672,0.0,0.0,353647.7587706335,28,729133.7825369703,730049.5016848281,1.0617514587724761,1.0643408125154235,1.0653862060643156,0.7308778402735684,155,66,0.007844001506694544,0.17776095959093813,0.035312932154033076,915.7191478577304,1521438.2957154608,520414.7026628912,760.7191478577304,155.0,12338.0,1774.0,0.0,49.0,12.0,0.0,58,217.32566769857138,92.9590063369235,193.8715057373047,66.7230224609375,49.0,1356.0,12.0,207.0,8.083161089542749,1396.916838910457,2.028684084438495,216.97131591556152,49.0,1356.0,12.0,207.0,365.0,2.0,46.0,0.0,12.0,12.0
673,0.0,0.0,206652.27014856186,7,455061.9946449422,455524.9150616632,1.2020662745093444,1.204306368055804,1.2051447550100005,0.6649909408077553,38,19,0.00241785144790325,0.20113399903448986,0.14287409774010626,462.9204167210688,849840.8334421376,319493.3875376737,424.9204167210688,38.0,3159.0,369.0,0.0,12.0,0.0,0.0,12,268.68119338495984,,255.23574829101562,,12.0,66.0,0.0,6.0,1.6493628788740629,76.35063712112594,0.0,6.0,12.0,66.0,0.0,6.0,98.0,0.0,45.0,0.0,0.0,0.0
674,0.0,0.0,32744.748865294972,23,62803.09937974982,63032.23114526141,0.9179594150533448,0.9249569268209319,0.9278058840108618,0.8229503504951273,154,63,0.011307286764030164,0.1627273854037687,0.04269284796101252,229.13176551159125,150263.53102318238,45647.81184331973,75.1317655115912,154.0,10051.0,1541.0,0.0,59.0,9.0,0.0,66,215.48442550834676,69.53594495978206,204.2694549560547,70.02564239501953,59.0,1266.0,9.0,184.0,9.620180317346367,1315.3798196826538,1.589094330877106,191.4109056691229,59.0,1266.0,9.0,184.0,342.0,2.0,36.0,0.0,9.0,9.0
675,0.0,0.0,181090.4591320037,21,359767.8498564975,360277.84604082844,0.9866747899415784,0.9894910409289328,0.9905137424340598,0.7266739461969778,130,59,0.004644824361703637,0.17073321666249966,0.04739985596834055,509.99618433105405,759992.3686621082,261462.64519304055,379.9961843310541,130.0,9023.0,1561.0,0.0,47.0,3.0,0.0,47,240.95423541611626,100.81814430082989,220.97354125976562,87.60497283935547,47.0,823.0,3.0,114.0,6.85993417210519,863.1400658278948,0.6181313207687228,116.38186867923127,47.0,823.0,3.0,114.0,354.0,0.0,89.0,0.0,3.0,3.0
676,0.0,0.0,18971.416436624677,15,33446.204316566924,33579.23736324829,0.7629787648326773,0.769991053405108,0.7726980481318841,0.7706712094313564,95,38,0.009952820309474818,0.170804974796282,0.06563542409444911,133.0330466813755,76066.09336275092,24675.274109070673,38.03304668137546,95.0,6006.0,1554.0,0.0,35.0,7.0,0.0,41,202.75936709811617,79.30255482251759,188.4121856689453,63.41218566894531,35.0,468.0,7.0,105.0,5.255843880000293,497.74415611999973,1.131402675784065,110.86859732421593,35.0,468.0,7.0,105.0,308.0,1.0,45.0,0.0,7.0,7.0
677,0.0,0.0,39231.37524284341,24,73257.00813435588,73504.20724831831,0.8673066564935021,0.8736077130440885,0.8760412068016565,0.837827848381222,157,62,0.011608764242909603,0.16595857702741534,0.040881580646111124,247.19911396247426,180398.2279249484,53829.14529324197,90.19911396247421,157.0,9932.0,2164.0,0.0,62.0,9.0,0.0,67,203.2856244704329,94.483513845002,196.08978271484375,94.21944427490234,62.0,1266.0,9.0,271.0,10.315701284673786,1317.684298715326,1.9334219413478122,278.0665780586522,62.0,1266.0,9.0,271.0,468.0,1.0,26.0,0.0,9.0,9.0
678,0.0,0.0,42832.22791217554,19,88071.68311240227,88254.54817971974,1.0562013092801767,1.06047064282249,1.0622691426067004,0.6621702427078142,100,46,0.005134025285442561,0.18161257359728236,0.05235231641196055,182.8650673174738,165730.13463494778,62570.81787503286,82.86506731747389,100.0,8632.0,944.0,0.0,35.0,0.0,0.0,34,246.28618593305916,,222.0,,35.0,568.0,0.0,43.0,4.922828151914075,598.0771718480859,0.0,43.0,35.0,568.0,0.0,43.0,219.0,0.0,72.0,0.0,0.0,0.0
679,0.0,0.0,193219.43174669534,21,427877.11431312776,428463.3304350831,1.214462129637465,1.217496069426315,1.2188881378782694,0.7573666276018738,140,61,0.006910185512252078,0.1769951781233002,0.04716077581163229,586.2161219553033,892432.2439106065,294583.96085407294,446.21612195530327,140.0,9443.0,1141.0,0.0,53.0,5.0,0.0,54,207.30306172356046,49.930136155517985,192.87774658203125,49.991512298583984,53.0,959.0,5.0,117.0,7.955770249300826,1004.0442297506991,0.8743367321406721,121.12566326785932,53.0,959.0,5.0,117.0,258.0,1.0,62.0,0.0,5.0,5.0
680,0.0,0.0,133610.42221652073,5,254541.00201325244,254818.0944086251,0.9050984031826435,0.9071722862733176,0.9078296041907954,0.6755097101598654,28,14,0.008701100307053811,0.18826555432077893,0.19745256717103057,277.09239537265546,498184.79074531095,184373.66008677028,249.0923953726555,28.0,2037.0,483.0,0.0,9.0,0.0,0.0,9,253.44331202180425,,256.60418701171875,,9.0,29.0,0.0,7.0,1.219187672216421,36.78081232778358,0.0,7.0,9.0,29.0,0.0,7.0,108.0,0.0,5.0,0.0,0.0,0.0
681,0.0,0.0,30105.578998635552,16,61194.44740712053,61378.67362897203,1.0326613685089394,1.038780706783744,1.0415324803132164,0.8357722527312235,112,45,0.013352171216498659,0.17971313454305177,0.06112735013946243,184.22622185150675,144452.44370301336,43209.27239177797,72.22622185150668,112.0,6947.0,1117.0,0.0,44.0,7.0,0.0,50,219.53382106662005,66.35645009571724,239.90158081054688,65.46073913574219,44.0,628.0,7.0,121.0,6.9488721482300715,665.05112785177,1.2401017240893535,126.75989827591064,44.0,628.0,7.0,121.0,248.0,2.0,64.0,0.0,7.0,7.0
682,0.0,0.0,417233.35602881626,21,868001.0777809924,869013.7630732427,1.0803731658526452,1.0828003095064727,1.083755905983284,0.7355406280525195,118,54,0.006467704738173374,0.17229290947108625,0.0472323052212334,1012.6852922504,1789370.5845008004,608182.1031553659,894.6852922504002,118.0,9551.0,1033.0,0.0,42.0,1.0,0.0,41,221.05720180428557,103.11448943281852,221.85641479492188,103.11448669433594,42.0,755.0,1.0,63.0,6.91014691576172,790.0898530842386,0.13991307400429787,63.8600869259957,42.0,755.0,1.0,63.0,213.0,0.0,84.0,0.0,1.0,1.0
683,0.0,0.0,468931.0893171813,28,974719.3212218323,976021.5910333908,1.0785982064894397,1.081375309226336,1.0825266361018109,0.8086126524037571,180,75,0.007612123840474455,0.1804545127692484,0.03534444568836468,1302.2698115581882,2244539.623116375,693947.7191100238,1122.2698115581875,180.0,12409.0,1703.0,0.0,66.0,11.0,0.0,72,198.09994437489706,68.5306677211971,167.32257080078125,73.39784240722656,66.0,1699.0,11.0,240.0,10.573162667974053,1754.426837332026,2.7931554756068375,248.2068445243932,66.0,1699.0,11.0,240.0,370.0,0.0,91.0,0.0,11.0,11.0
684,0.0,0.0,76976.3222314329,30,153698.07601461455,154088.29697378416,0.9966928993114808,1.0017622628229823,1.0038494502375284,0.852914443152993,200,81,0.009405255273416766,0.17012658218814478,0.032862840766057194,390.2209591695957,380441.918339191,111512.33321035125,190.22095916959552,200.0,13288.0,1832.0,0.0,76.0,13.0,0.0,81,200.56336268944622,81.23771399094433,169.0,73.0166015625,76.0,2051.0,13.0,290.0,12.972338280120338,2114.0276617198797,2.918210589809622,300.08178941019037,76.0,2051.0,13.0,290.0,396.0,1.0,48.0,0.0,13.0,13.0
685,0.0,0.0,244772.03359802827,6,590415.7841161763,590930.8151451574,1.4121047467611199,1.4142088720625705,1.415137314814558,0.6188036577281117,26,13,0.007829936954973186,0.18814811336800677,0.16477377806607693,515.0310289812464,978062.057962493,395142.3225071785,489.03102898124655,26.0,2788.0,236.0,0.0,7.0,0.0,0.0,7,218.57134685486497,,249.0,,7.0,32.0,0.0,3.0,0.9633724466262644,38.036627553373734,0.0,3.0,7.0,32.0,0.0,3.0,46.0,0.0,14.0,0.0,0.0,0.0
686,0.0,0.0,68770.31477200473,8,144946.52693751964,145106.94397252786,1.1076903227513655,1.1100229721734318,1.1110111001610994,0.618301864989848,35,17,0.004565602009339403,0.18781462461912396,0.12433948843087879,160.41703500823525,250834.07001647045,101420.55370502116,125.41703500823523,35.0,3426.0,606.0,0.0,10.0,0.0,0.0,10,213.69850348953725,,166.6405487060547,,10.0,55.0,0.0,15.0,1.3562476047324274,63.64375239526757,0.0,15.0,10.0,55.0,0.0,15.0,139.0,0.0,17.0,0.0,0.0,0.0
687,0.0,0.0,235990.19096377408,11,496695.8117478414,497282.3149142172,1.1047307505424548,1.1072160367485488,1.1082993998683146,0.7813483435387033,72,31,0.011750233859535997,0.17984967974216134,0.08917991393975894,586.503166375921,1029006.332751842,329240.58176520315,514.503166375921,72.0,4675.0,869.0,0.0,25.0,5.0,0.0,30,225.06327381706467,68.80382264080083,252.467529296875,73.10421752929688,25.0,237.0,5.0,63.0,3.420935472703579,258.57906452729645,0.9221001569211965,67.0778998430788,25.0,237.0,5.0,63.0,211.0,0.0,34.0,0.0,5.0,5.0
688,0.0,0.0,17918.54096628645,12,34059.41910217587,34153.258221843105,0.9007919878219053,0.9060289722306134,0.9078495512228579,0.6604528855848127,61,27,0.010452197220717004,0.17075670807345517,0.0819655145775626,93.83911966725053,65678.2393345011,24861.06154125772,32.83911966725055,61.0,5537.0,511.0,0.0,22.0,0.0,0.0,21,255.76458788803063,,257.9521484375,,22.0,220.0,0.0,10.0,3.016856868374158,238.98314313162584,0.0,10.0,22.0,220.0,0.0,10.0,102.0,0.0,19.0,0.0,0.0,0.0
689,0.0,0.0,129372.0261120423,13,275685.92838187766,276053.3569787204,1.1309547099704584,1.13379480305615,1.1349074063772608,0.7292486765198652,79,34,0.012640117587622323,0.1801705464191388,0.07526245611017524,367.4285968428013,576857.1936856026,197757.3673628356,288.4285968428013,79.0,5538.0,1014.0,0.0,28.0,4.0,0.0,32,229.25496907022287,123.43479126260209,234.0,100.81591796875,28.0,324.0,4.0,60.0,4.300446452611109,347.69955354738886,0.6379253632726314,63.362074636727364,28.0,324.0,4.0,60.0,233.0,1.0,18.0,0.0,4.0,4.0
690,0.0,0.0,150372.6388229123,30,288837.1416402621,289384.14798403764,0.9208091571792776,0.9244468292189347,0.9257822152690143,0.8140766964320242,201,83,0.006599615446544304,0.17431341223370786,0.03304637172596563,547.0063437755385,692012.6875510769,212514.58572148805,346.0063437755384,201.0,13171.0,1949.0,0.0,75.0,13.0,0.0,80,219.290328266912,76.02352806380667,209.0,81.79515838623047,75.0,1969.0,13.0,343.0,11.824170421690058,2032.1758295783093,2.6310710745967962,353.36892892540317,75.0,1969.0,13.0,343.0,353.0,0.0,63.0,0.0,13.0,13.0
691,0.0,0.0,25256.37437783347,5,52426.909985277336,52492.438779054464,1.075789232491358,1.0783837772505076,1.0793919835811496,0.6022380325320186,21,10,0.00903393806028672,0.1915151535513653,0.19761461002145034,65.5287937771298,89057.5875542596,36969.43016859566,44.528793777129806,21.0,2259.0,261.0,0.0,6.0,0.0,0.0,6,294.58160808346946,,298.5,,6.0,21.0,0.0,3.0,0.8120840781752857,26.18791592182471,0.0,3.0,6.0,21.0,0.0,3.0,51.0,0.0,119.0,0.0,0.0,0.0
692,0.0,0.0,237893.0477102987,8,523122.0297732989,523637.3498604705,1.1989798979344122,1.2011460818230608,1.201999478684265,0.640744897096809,40,19,0.004686777008517601,0.20022061440326808,0.12439172414111081,515.3200871716615,950640.1743433229,370912.112859048,475.32008717166144,40.0,3537.0,495.0,0.0,12.0,1.0,0.0,13,256.60404447196794,88.38198591195605,247.05062866210938,88.38198852539062,12.0,78.0,1.0,13.0,1.634948750883818,88.36505124911616,0.14296212345703285,13.857037876542968,12.0,78.0,1.0,13.0,136.0,1.0,33.0,0.0,1.0,1.0
693,0.0,0.0,148629.4997174234,26,283883.38136114087,284414.18292133935,0.9100069764135932,0.9135782833291628,0.9148842005133493,0.8892014644598742,167,65,0.01398753973890803,0.1687767019517496,0.037559712389498,530.8015601984698,727603.1203969399,204566.44233005913,363.80156019847,167.0,11023.0,2081.0,0.0,65.0,11.0,0.0,72,205.43156040460332,72.33167051796399,196.4074249267578,65.42415618896484,65.0,1524.0,11.0,272.0,11.798019844540558,1577.2019801554595,2.493944330362031,280.50605566963793,65.0,1524.0,11.0,272.0,460.0,0.0,25.0,0.0,11.0,11.0
694,0.0,0.0,33198.023989833026,11,72944.86762323754,73066.45113143112,1.1972653446354844,1.2009277164751704,1.2024375109439123,0.6558568095648416,54,25,0.0052942999429616815,0.19114637298496479,0.09040714199806682,121.58350819358017,135167.01638716037,51523.06662670894,67.58350819358019,54.0,4977.0,567.0,0.0,18.0,0.0,0.0,18,248.82985727478112,,249.18185424804688,,18.0,171.0,0.0,9.0,2.471481374506062,186.52851862549392,0.0,9.0,18.0,171.0,0.0,9.0,135.0,0.0,39.0,0.0,0.0,0.0
695,0.0,0.0,144535.86619844148,6,312837.36544163845,313177.05780876207,1.1644272364350474,1.1667774653163496,1.1676368328375162,0.6858049473092102,35,17,0.010120028732744426,0.20738995383598158,0.16400670614035026,339.69236712370184,609384.7342474037,222142.14720904065,304.69236712370184,35.0,2541.0,483.0,0.0,11.0,1.0,0.0,12,272.586052712058,97.03514283236008,298.0765380859375,97.03514099121094,11.0,49.0,1.0,11.0,1.5392790540159047,58.4607209459841,0.13558398758700918,11.864416012412992,11.0,49.0,1.0,11.0,110.0,0.0,21.0,0.0,1.0,1.0
696,0.0,0.0,190540.62646125935,7,405057.08262868813,405490.3152304265,1.125830538880086,1.1281042408710178,1.1290256502957483,0.7069999664108157,43,20,0.008968079641551777,0.19527759022056784,0.14096341270897647,433.2326017383513,780465.2034767028,275977.8078345759,390.2326017383514,43.0,2960.0,568.0,0.0,15.0,1.0,0.0,16,227.1774222807259,73.93344607766215,254.0619354248047,73.9334487915039,15.0,80.0,1.0,16.0,2.053368537876198,92.9466314621238,0.13443972849159913,16.8655602715084,15.0,80.0,1.0,16.0,143.0,1.0,53.0,0.0,1.0,1.0
697,0.0,0.0,78301.16168989077,5,161786.45539956383,161969.06647923382,1.0662076003458782,1.0685397634419154,1.0693804674063507,0.6790445139388241,28,13,0.008804592278078996,0.19324936596871464,0.19726583031203676,182.6110796700272,309222.1593400544,113844.58345241581,154.61107967002718,28.0,2378.0,142.0,0.0,10.0,0.0,0.0,10,262.9867947758372,,256.96209716796875,,10.0,37.0,0.0,3.0,1.372123916097168,45.62787608390284,0.0,3.0,10.0,37.0,0.0,3.0,11.0,0.0,27.0,0.0,0.0,0.0
698,0.0,0.0,13513.510032440226,30,26065.990682982505,26289.311621368157,0.9288838074200616,0.9454095611176245,0.9521588898075195,0.8763597470046905,190,71,0.01137472091982862,0.16535581790454593,0.03275105515500216,223.32093838565896,66641.87677131801,19010.993202019275,33.320938385659005,190.0,13169.0,1951.0,0.0,78.0,11.0,0.0,86,201.8810713238892,91.55044887854382,182.83432006835938,78.29425811767578,78.0,2267.0,11.0,224.0,14.088993327103402,2330.911006672897,2.84544293952804,232.15455706047192,78.0,2267.0,11.0,224.0,395.0,0.0,135.0,0.0,11.0,11.0
699,0.0,0.0,53045.38641523622,20,105856.65637285702,106064.79012460819,0.9955864878467888,0.9995101797230608,1.0010576406576495,0.6772335187078702,104,46,0.005870414801620391,0.17825279916906553,0.049652699176188385,208.13375175116292,208267.5035023257,76881.71721760403,104.13375175116286,104.0,8974.0,1106.0,0.0,36.0,2.0,0.0,35,232.6562002485021,95.61766538985029,195.87513732910156,95.61766815185547,36.0,613.0,2.0,49.0,5.207655760955827,643.7923442390443,0.369989478025435,50.63001052197456,36.0,613.0,2.0,49.0,213.0,0.0,79.0,0.0,2.0,2.0
700,0.0,0.0,240404.38567338095,5,403941.1678548774,404353.3423777961,0.6802570665398817,0.6819715715467858,0.6823881668715324,0.5687323732456696,22,11,0.0017491653867300898,0.18673090979447282,0.20033429903410105,412.1745229187454,780349.0458374908,343021.2005447118,390.1745229187454,22.0,2233.0,287.0,0.0,6.0,0.0,0.0,6,224.65210269050556,,239.0,,6.0,20.0,0.0,4.0,0.8483946863961006,25.151605313603902,0.0,4.0,6.0,20.0,0.0,4.0,59.0,0.0,55.0,0.0,0.0,0.0
701,0.0,0.0,10147.121287300228,25,22086.329798873594,22257.069918275138,1.1766104073788939,1.1934368662894852,1.2020006798105882,0.8008247199659577,146,55,0.01153790464363243,0.18552252664015537,0.039289879072753976,170.74011940154574,49480.23880309156,15446.650674443128,24.74011940154578,146.0,11455.0,1145.0,0.0,61.0,5.0,0.0,63,199.2088755992577,68.18580145128823,197.17066955566406,75.3701400756836,61.0,1407.0,5.0,102.0,10.185434606848057,1457.814565393152,1.4950169079052709,105.50498309209473,61.0,1407.0,5.0,102.0,240.0,1.0,336.0,0.0,5.0,5.0
702,0.0,0.0,16611.360938747104,15,37049.014346435906,37191.12937526662,1.2303419017292327,1.2388971928552728,1.243070286968524,0.8100002898241337,101,40,0.00909548314316466,0.18810331262833843,0.06578780930299867,142.11502883071984,82230.05766143973,25379.638345343497,41.115028830719865,101.0,6539.0,1021.0,0.0,44.0,2.0,0.0,44,227.07122048151675,64.55699338242799,214.81314086914062,64.55699157714844,44.0,548.0,2.0,66.0,6.596995697250563,585.4030043027494,0.27616573456471494,67.72383426543529,44.0,548.0,2.0,66.0,237.0,1.0,55.0,0.0,2.0,2.0
703,0.0,0.0,89869.95134645168,21,183902.14146201493,184203.58923402708,1.0463140205013133,1.0496682870553258,1.0509922508305025,0.6835554113820077,119,56,0.0028263891985669215,0.17184354601195345,0.04758424772000358,301.4477720121271,364895.54402425385,133454.99792273992,182.44777201212693,119.0,9428.0,1156.0,0.0,41.0,1.0,0.0,42,225.98822592407075,67.77116075918147,208.0,67.77116394042969,41.0,755.0,1.0,85.0,5.897176092740148,790.10282390726,0.13303919703632716,85.86696080296367,41.0,755.0,1.0,85.0,229.0,1.0,132.0,0.0,1.0,1.0
704,0.0,0.0,458405.0804052644,19,887931.7126210355,889080.4666072066,0.9370023382725983,0.9395083183222859,0.9404003849123015,0.7948742013722435,120,50,0.013724035850085964,0.17556593278632376,0.0514361836067884,1148.7539861711537,2057507.9723423077,647117.4837446909,1028.7539861711539,120.0,8201.0,1375.0,0.0,43.0,8.0,0.0,47,215.33532208690812,108.96353692404331,196.0,72.80158996582031,43.0,719.0,8.0,123.0,6.7536638657436505,755.2463361342565,1.8184711183805793,129.18152888161944,43.0,719.0,8.0,123.0,290.0,0.0,38.0,0.0,8.0,8.0
705,0.0,0.0,331846.44103892514,16,669859.2816415334,670591.7700577902,1.0185820873786615,1.0207893987301517,1.021592478362824,0.6618421275967137,86,40,0.0035177494712480793,0.18148063159185462,0.06232433487273201,732.4884162569122,1292976.832513824,488400.77512476116,646.488416256912,86.0,7202.0,862.0,0.0,29.0,1.0,0.0,29,222.76865683898922,88.10263521376802,200.5598602294922,88.1026382446289,29.0,385.0,1.0,49.0,4.080680872410192,409.9193191275898,0.21507394501569133,49.78492605498431,29.0,385.0,1.0,49.0,173.0,0.0,55.0,0.0,1.0,1.0
706,0.0,0.0,75649.84524025564,26,169526.17036303057,169859.32302572398,1.2409321502857535,1.2453360279359371,1.247674515973341,0.7772361485933185,156,64,0.00713986653241183,0.1763645510181878,0.03807832709595668,333.1526626934238,354305.32538684807,113963.21633653037,177.15266269342405,156.0,11093.0,2011.0,0.0,55.0,11.0,0.0,62,206.31456121120758,75.54824828271343,182.0595245361328,90.21912384033203,55.0,1302.0,11.0,244.0,8.933826563717568,1348.0661734362823,1.9814693937565049,253.01853060624344,55.0,1302.0,11.0,244.0,423.0,2.0,42.0,0.0,11.0,11.0
707,0.0,0.0,351747.64331959735,7,768770.2709863341,769479.3136914797,1.1855733381213605,1.1875891091396227,1.188408634890071,0.6292345504750325,35,17,0.004413310400699336,0.18715885425323583,0.14236896208790092,709.0427051457875,1348085.4102915754,535605.2879144413,674.0427051457877,35.0,3012.0,516.0,0.0,11.0,0.0,0.0,11,239.14310221763256,,200.49082946777344,,11.0,58.0,0.0,8.0,1.492973566458148,67.50702643354185,0.0,8.0,11.0,58.0,0.0,8.0,145.0,0.0,102.0,0.0,0.0,0.0
708,0.0,0.0,25216.305875253736,20,55299.63749571336,55472.28157534355,1.1930110528196831,1.1998575782577974,1.2031859504272924,0.7312509238203209,116,47,0.010233405514984953,0.17230950918549276,0.04918701835976122,172.64407963019445,113288.15926038884,38730.945688427404,56.64407963019442,116.0,9033.0,1047.0,0.0,45.0,4.0,0.0,48,221.48125952100042,61.617875685041135,209.0,55.522254943847656,45.0,817.0,4.0,94.0,6.819714948851822,855.180285051148,0.6522747676628176,97.34772523233718,45.0,817.0,4.0,94.0,227.0,1.0,31.0,0.0,4.0,4.0
709,0.0,0.0,451353.16789097595,21,909975.4633018329,911001.4013726998,1.016105187770914,1.0183782150671679,1.019184207002727,0.6905561500465933,120,57,0.004609307171283579,0.17463992922954244,0.04739725048319972,1025.9380708673277,1811876.1417346555,655948.1591802507,905.9380708673277,120.0,9440.0,1144.0,0.0,42.0,0.0,0.0,42,230.18873681550875,,218.61761474609375,,42.0,763.0,0.0,77.0,6.025264093288894,798.9747359067111,0.0,77.0,42.0,763.0,0.0,77.0,221.0,0.0,68.0,0.0,0.0,0.0
710,0.0,0.0,13589.505239916263,18,26858.408089138647,26997.8246208652,0.9764080895489722,0.9866672218179711,0.9906954414526843,0.7548886055747381,110,42,0.008101081084795356,0.17026149279863054,0.05495449872635658,139.41653172656999,58833.063453140014,19484.021555851665,29.416531726570007,110.0,7706.0,1366.0,0.0,45.0,5.0,0.0,47,238.85961165909782,88.91468211538339,234.47518920898438,86.2223129272461,45.0,720.0,5.0,76.0,6.299183522797424,758.7008164772027,0.847265218219722,80.15273478178027,45.0,720.0,5.0,76.0,296.0,0.0,208.0,0.0,5.0,5.0
711,0.0,0.0,39557.79026849682,12,88816.98862676634,88964.59485529536,1.245246461542083,1.2489778688711364,1.2505761788621075,0.6614837127092122,65,31,0.006380155433092335,0.18264867256773162,0.08269568834035927,147.60622852904004,165212.4570580801,62440.10770175508,82.60622852904005,65.0,5377.0,671.0,0.0,22.0,0.0,0.0,21,253.114841082599,,246.07681274414062,,22.0,207.0,0.0,23.0,3.0301936907210467,225.96980630927897,0.0,23.0,22.0,207.0,0.0,23.0,180.0,0.0,99.0,0.0,0.0,0.0
712,0.0,0.0,386420.49345165625,27,771501.960096422,772671.2115184506,0.9965347934967688,0.999560646011951,1.0006405396748699,0.9050376930092776,173,70,0.01077250098737041,0.16439287327724145,0.03641891975473494,1169.2514220289795,1992502.8440579586,550392.2266024154,996.2514220289793,173.0,11458.0,2150.0,0.0,68.0,8.0,0.0,74,203.4343706787588,93.98104202940246,182.9337158203125,80.00576782226562,68.0,1679.0,8.0,243.0,13.142584234174107,1733.8574157658259,1.739025829489024,249.26097417051093,68.0,1679.0,8.0,243.0,469.0,0.0,31.0,0.0,8.0,8.0
713,0.0,0.0,27218.350236054073,26,60764.99845374206,60981.892957001335,1.2325011592088084,1.2404698458256767,1.244580925741622,0.7830402953610939,152,61,0.007433035358100385,0.17700826094135338,0.03805498807203082,216.89450325929545,129789.00651859088,41437.52476324974,64.89450325929543,152.0,11344.0,1760.0,0.0,58.0,7.0,0.0,61,213.26096080455744,91.78258299441377,193.67434692382812,107.71845245361328,58.0,1332.0,7.0,189.0,9.395933344211102,1380.604066655789,1.0441695162188183,194.95583048378114,58.0,1332.0,7.0,189.0,403.0,1.0,39.0,0.0,7.0,7.0
714,0.0,0.0,13346.053214714568,19,26063.95268014649,26224.76272536731,0.9529333699501452,0.964982628456287,0.9699201970526052,0.8564763567949475,128,48,0.016389250742718575,0.17415815759887762,0.051146884913215826,160.81004522082762,65620.09044165528,19154.08695203645,32.81004522082764,128.0,8365.0,1211.0,0.0,51.0,10.0,0.0,60,212.96662964385257,80.6438137842751,205.1927490234375,65.5020751953125,51.0,954.0,10.0,125.0,8.267494407517184,996.732505592483,2.417954060952424,132.5820459390476,51.0,954.0,10.0,125.0,224.0,0.0,56.0,0.0,10.0,10.0
715,0.0,0.0,406491.3756123075,25,807356.8186014233,808361.3294133127,0.9861597737105314,0.9886309474479231,0.9895399833395966,0.7325523047598786,146,59,0.00853685886905618,0.17958719195326883,0.03949324323803531,1004.510811889621,1717021.6237792424,585972.3642334524,858.5108118896212,146.0,11044.0,1556.0,0.0,57.0,5.0,0.0,57,217.08483941721477,63.61168415080813,198.75611877441406,48.85560607910156,57.0,1196.0,5.0,167.0,8.49021684098077,1244.5097831590192,1.064261948389216,170.9357380516108,57.0,1196.0,5.0,167.0,303.0,0.0,42.0,0.0,5.0,5.0
716,0.0,0.0,13090.773819211303,20,26168.553230526177,26319.246579583407,0.9990073613618349,1.01051877780966,1.0156290220438629,0.7587540339872326,122,46,0.009211918513548283,0.18125685774458714,0.04932783877655553,150.69334905723403,57386.6981144681,18908.201981115835,28.693349057234048,122.0,8856.0,1224.0,0.0,50.0,6.0,0.0,54,218.94661742084284,103.77434239477304,195.88853454589844,89.4378662109375,50.0,910.0,6.0,114.0,7.379951047962028,952.620048952038,0.9896229563700716,119.01037704362993,50.0,910.0,6.0,114.0,266.0,1.0,100.0,0.0,6.0,6.0
717,0.0,0.0,13112.139212995498,9,25247.349935019538,25326.67122953559,0.9254943472531758,0.9315438021306406,0.9337977970207327,0.7091010763512912,53,23,0.014145168840301163,0.1663543604766911,0.10846787350614856,79.32129451605911,52642.589032118194,18559.621042670253,26.321294516059098,53.0,3894.0,642.0,0.0,19.0,2.0,0.0,21,253.63328219246796,119.8254199258071,275.3233947753906,119.82542419433594,19.0,150.0,2.0,18.0,2.6185384421269466,166.38146155787308,0.2872605314990778,19.71273946850092,19.0,150.0,2.0,18.0,147.0,1.0,17.0,0.0,2.0,2.0
718,0.0,0.0,19314.554535429652,9,42603.296914827704,42690.30883340369,1.20576129968094,1.2102662919351683,1.2125814582599532,0.6671351221587103,48,23,0.0072791151661980285,0.1833550856415045,0.11005250870824246,87.0119185759848,78023.83715196961,29238.39360289589,39.01191857598481,48.0,3818.0,718.0,0.0,14.0,2.0,0.0,16,197.04259922291666,115.62672751619672,165.33419799804688,115.62672424316406,14.0,111.0,2.0,17.0,1.873973785523835,123.12602621447614,0.38185215240991444,18.618147847590087,14.0,111.0,2.0,17.0,178.0,0.0,100.0,0.0,2.0,2.0
719,0.0,0.0,13339.329686302886,6,29883.970860555677,29940.61223530537,1.240290296688685,1.2445364901692955,1.2467356784584411,0.6553873248193305,30,14,0.016597751993964252,0.18405603473105886,0.16186690558136735,56.64137474969618,53282.749499392354,20324.908447871156,26.641374749696176,30.0,2623.0,401.0,0.0,9.0,1.0,0.0,10,208.35426935036867,132.95209449055739,169.0,132.95208740234375,9.0,41.0,1.0,9.0,1.2386915429648757,48.76130845703513,0.1369099043544767,9.863090095645523,9.0,41.0,1.0,9.0,93.0,0.0,19.0,0.0,1.0,1.0
720,0.0,0.0,51039.602174054526,24,103774.53926165089,104065.22699343842,1.03321606833377,1.038911405276175,1.0416428588101172,0.8454630169630283,167,65,0.011711750359292524,0.17037754798479923,0.04087117334620098,290.6877317875591,247375.46357511834,73147.92563715887,123.68773178755917,167.0,10625.0,1471.0,0.0,66.0,12.0,0.0,71,188.522345549597,57.61166272590228,181.21453857421875,61.9160270690918,66.0,1385.0,12.0,241.0,10.305190705435356,1440.6948092945647,2.7600789484709796,250.239921051529,66.0,1385.0,12.0,241.0,300.0,0.0,35.0,0.0,12.0,12.0
721,0.0,0.0,326333.12595768465,23,723278.0353109315,724128.747254339,1.2163794533219359,1.218986335295413,1.2200660241789483,0.7273724291236069,132,59,0.005348562270528934,0.1743159364379254,0.04319996150425174,850.7119434075516,1437423.8868151023,494046.73220396147,718.7119434075512,132.0,10518.0,1074.0,0.0,49.0,1.0,0.0,49,222.43946639893085,135.60493761993683,225.0,135.6049346923828,49.0,1005.0,1.0,72.0,7.234195925973603,1046.7658040740264,0.140641870242166,72.85935812975784,49.0,1005.0,1.0,72.0,222.0,0.0,72.0,0.0,1.0,1.0
722,0.0,0.0,324038.451895679,24,712968.5358295551,713822.6761511848,1.2002590484511027,1.2028949711838304,1.203983761085086,0.7214468169644749,144,65,0.006232671184204342,0.17518824114953863,0.041329119864780266,854.1403216297717,1420280.6432595435,492164.0132932627,710.1403216297717,144.0,10736.0,1360.0,0.0,52.0,3.0,0.0,52,232.12499392341545,66.77696210695476,215.0,50.64150619506836,52.0,1058.0,3.0,135.0,7.582708201965443,1102.417291798034,0.4246270124188183,137.57537298758118,52.0,1058.0,3.0,135.0,316.0,0.0,41.0,0.0,3.0,3.0
723,0.0,0.0,183701.6674624971,28,388605.018386511,389200.10081737273,1.1154136690993575,1.1186530650127513,1.11998951177336,0.7941467486394052,167,71,0.006601828751181718,0.17510160172598702,0.03541169398763516,595.0824308617305,856164.8617234613,269523.5053188565,428.08243086173064,167.0,12491.0,1621.0,0.0,64.0,4.0,0.0,67,219.88814003798322,75.36809030856521,214.0,88.52436828613281,64.0,1643.0,4.0,165.0,10.747512876075808,1696.2524871239248,0.8928785942267023,168.10712140577328,64.0,1643.0,4.0,165.0,315.0,0.0,41.0,0.0,4.0,4.0
724,0.0,0.0,86525.89036569695,24,185043.4519326556,185384.69899583815,1.1385905553884457,1.1425344276992684,1.1442954802744665,0.7429236896744023,147,63,0.005419781428133816,0.18567012413069475,0.04140040502942004,341.2470631825612,388494.12636512227,130731.50438081527,194.24706318256113,147.0,10669.0,1427.0,0.0,55.0,5.0,0.0,59,223.1325795701422,64.92744468014736,203.0,61.259681701660156,55.0,1195.0,5.0,161.0,8.312528882895096,1241.687471117105,1.0135283119640652,164.98647168803595,55.0,1195.0,5.0,161.0,307.0,0.0,68.0,0.0,5.0,5.0
725,0.0,0.0,247624.43011941895,17,528231.8704157434,528862.1652846008,1.133197722700459,1.13574308895755,1.1367816678827447,0.7197748591160857,99,45,0.007635536893509243,0.18406626261958517,0.058199513120862086,630.2948688575752,1062589.7377151502,369070.17668693507,531.2948688575751,99.0,7618.0,950.0,0.0,34.0,3.0,0.0,37,221.29728624882193,95.37313853431995,200.3175048828125,95.01058959960938,34.0,536.0,3.0,56.0,5.238778203766129,564.7612217962337,0.5093761096249282,58.49062389037507,34.0,536.0,3.0,56.0,207.0,0.0,46.0,0.0,3.0,3.0
726,0.0,0.0,88017.88234750743,28,186701.4859795883,187092.32300698195,1.121176754088034,1.1256171816121885,1.1277456707496119,0.7979379546555162,183,79,0.006958308432240297,0.17547863296169375,0.0353787425446407,390.83702739363264,415674.0547872649,130233.82719234063,207.83702739363247,183.0,12215.0,1897.0,0.0,67.0,9.0,0.0,71,197.74193508251625,62.232662569852046,163.04246520996094,45.65666198730469,67.0,1634.0,9.0,278.0,10.926037027052873,1690.0739629729471,1.933846175605435,285.06615382439463,67.0,1634.0,9.0,278.0,391.0,0.0,74.0,0.0,9.0,9.0
727,0.0,0.0,47146.71139982249,21,93045.77246646861,93273.25860121961,0.9735368534488904,0.9783619224303053,0.9802453787143981,0.7976577712544277,121,49,0.011570092842676847,0.17016786892586142,0.046740781555469374,227.48613475099498,212972.2695019901,66749.2617689481,106.48613475099505,121.0,9251.0,1333.0,0.0,47.0,4.0,0.0,50,210.07408792993863,87.5255943014347,220.64410400390625,81.83991241455078,47.0,898.0,4.0,101.0,8.063845921689648,936.9361540783103,0.808575317484725,104.19142468251528,47.0,898.0,4.0,101.0,271.0,0.0,25.0,0.0,4.0,4.0
728,0.0,0.0,45721.857413660284,30,93139.79797514318,93450.45310208356,1.0370956746677549,1.0438901301976293,1.046958110025615,0.8476289551719439,200,80,0.007483237513268937,0.16075307680881634,0.03298802292615784,310.65512694040524,221310.2538808104,65273.32877506438,110.6551269404052,200.0,13064.0,2056.0,0.0,75.0,15.0,0.0,86,215.84175618342303,100.42168818841168,209.4780731201172,87.6635513305664,75.0,2143.0,15.0,347.0,11.93425018881462,2206.065749811186,3.2866458147398245,358.71335418526013,75.0,2143.0,15.0,347.0,394.0,3.0,67.0,0.0,15.0,15.0
729,0.0,0.0,43061.17827332854,20,70680.32368126675,70863.39079188864,0.641393164688322,0.6456444907774475,0.6469185499870083,0.6882173245432966,109,49,0.004759924809337339,0.16344667491976053,0.049764921457515376,183.06711062188847,148134.22124377702,53810.844322351004,74.06711062188852,109.0,7691.0,2389.0,0.0,35.0,5.0,0.0,36,268.8516539646927,94.11294378056441,275.3460998535156,57.54908752441406,35.0,515.0,5.0,165.0,4.935162061438403,545.0648379385617,0.828772996602862,169.17122700339715,35.0,515.0,5.0,165.0,562.0,1.0,74.0,0.0,5.0,5.0
730,0.0,0.0,47973.128873654074,16,105894.6770760286,106084.10584058116,1.2073748275815284,1.2113234706865352,1.213330870768587,0.6821031146415489,91,43,0.006659708391778277,0.19174275202908966,0.06193989102245392,189.42876455258366,196857.5291051673,72150.94202018768,98.42876455258366,91.0,7055.0,1009.0,0.0,29.0,3.0,0.0,31,209.16901957659874,106.8410029691561,171.59808349609375,107.07723999023438,29.0,388.0,3.0,76.0,4.231244266364924,412.76875573363503,0.460472331789876,78.53952766821013,29.0,388.0,3.0,76.0,247.0,1.0,86.0,0.0,3.0,3.0
731,0.0,0.0,450494.6000082528,16,860595.6925325533,861624.0314544325,0.9103352016134882,0.9126178902891358,0.9133992220027718,0.7385059751476215,99,43,0.008431025868879564,0.17277920843826805,0.06171618566725508,1028.3389218790298,1858677.8437580597,629202.0329918538,929.3389218790298,99.0,6839.0,1225.0,0.0,36.0,4.0,0.0,40,223.8071241160734,75.52222785357199,211.26681518554688,82.17509460449219,36.0,515.0,4.0,85.0,5.126585742640449,545.8734142573595,0.8296827158558937,88.1703172841441,36.0,515.0,4.0,85.0,247.0,0.0,21.0,0.0,4.0,4.0
732,0.0,0.0,274051.17894650716,14,629260.2956481518,630006.6740155978,1.296141538478763,1.2988650384115683,1.3001152065489192,0.7483697212677483,99,43,0.009059893026619662,0.1866382767511694,0.07048500422377434,746.3783674462179,1294756.7348924358,432525.7616980751,647.3783674462179,99.0,6115.0,941.0,0.0,39.0,3.0,0.0,40,214.24129364838018,77.73954763208097,198.1499481201172,78.23080444335938,39.0,444.0,3.0,74.0,5.572867706915296,477.42713229308464,0.537294261438771,76.46270573856123,39.0,444.0,3.0,74.0,230.0,0.0,24.0,0.0,3.0,3.0
733,0.0,0.0,103117.87214884433,18,228614.5928666394,228974.8979752674,1.2170220166747452,1.2205161259025612,1.2221152922404248,0.7837736955320272,116,47,0.009530643465821612,0.18511909818365277,0.05474886803696957,360.30510862804175,488610.2172560837,155851.81667917996,244.30510862804184,116.0,7948.0,1124.0,0.0,47.0,4.0,0.0,48,213.84369940075536,50.239149720459665,204.8448486328125,49.97859573364258,47.0,716.0,4.0,97.0,6.9947031643614554,756.0052968356387,0.8443303625598485,100.15566963744014,47.0,716.0,4.0,97.0,246.0,0.0,68.0,0.0,4.0,4.0
734,0.0,0.0,75306.16037554499,30,160425.89214895203,160791.39091429356,1.1303156521182682,1.1351691563139252,1.1373621517070522,0.764220176377428,192,82,0.0052482131555731636,0.1741628242865604,0.03312339744743642,365.4987653415421,346997.53068308457,113513.59902846628,173.49876534154228,192.0,13642.0,1478.0,0.0,73.0,7.0,0.0,77,206.0873854895611,63.461547977697776,184.0,44.15863037109375,73.0,2017.0,7.0,213.0,11.205090745865439,2078.7949092541344,1.1519942081397931,218.8480057918602,73.0,2017.0,7.0,213.0,262.0,0.0,78.0,0.0,7.0,7.0
735,0.0,0.0,386890.43320905045,6,675390.593126188,676136.8517615595,0.745689567778097,0.7476184307618148,0.7481270776221054,0.6912411795035558,35,17,0.004213193255600965,0.17944261567258327,0.16603008600663258,746.2586353715532,1422517.270743106,514479.3571777463,711.258635371553,35.0,2372.0,652.0,0.0,12.0,0.0,0.0,12,253.8993407311117,,245.15158081054688,,12.0,50.0,0.0,10.0,1.6847176819439498,60.31528231805606,0.0,10.0,12.0,50.0,0.0,10.0,145.0,0.0,66.0,0.0,0.0,0.0
736,0.0,0.0,136877.14774207457,26,290347.2475615009,290809.82720066607,1.1212251449644377,1.1246046692078626,1.1261074007716747,0.731297584672199,163,75,0.004705755013249876,0.16699895622524832,0.03827595047301554,462.5796391653743,599159.2783307484,204827.45016836034,299.5796391653742,163.0,11757.0,1347.0,0.0,57.0,5.0,0.0,57,190.32018041041877,81.39784699025381,169.0,104.84835815429688,57.0,1256.0,5.0,164.0,8.597810627483252,1304.4021893725167,0.8087079884917439,168.19129201150827,57.0,1256.0,5.0,164.0,251.0,0.0,95.0,0.0,5.0,5.0
737,0.0,0.0,42435.01894193701,19,84681.11597176327,84856.37107344906,0.9955479715381006,0.9996779355644061,1.0013814620892032,0.6605664930826207,95,45,0.0025247495720552905,0.17730545481523716,0.05259480655048342,175.25510168581505,160510.2033716302,60747.17876719274,80.2551016858151,95.0,8381.0,1195.0,0.0,30.0,1.0,0.0,31,235.98028389373778,29.62958708630208,251.81478881835938,29.629587173461914,30.0,510.0,1.0,48.0,4.244297560800369,535.7557024391997,0.16953527789296374,48.83046472210704,30.0,510.0,1.0,48.0,256.0,0.0,101.0,0.0,1.0,1.0
738,0.0,0.0,158156.91660629088,7,342055.83342820674,342373.37645873317,1.1627624056411396,1.164770177652255,1.1656163062858798,0.5957061101788645,29,14,0.007992366300385863,0.18827312894259163,0.14110201316813395,317.5430305264279,577086.0610528558,242185.7234600053,288.5430305264279,29.0,3094.0,434.0,0.0,7.0,1.0,0.0,8,185.34524595605234,37.608073248188504,182.4507293701172,37.60807418823242,7.0,34.0,1.0,14.0,0.9492871312963643,40.05071286870364,0.14833362634738123,14.85166637365262,7.0,34.0,1.0,14.0,106.0,0.0,9.0,0.0,1.0,1.0
739,0.0,0.0,72114.02914847186,6,183156.0558873945,183327.5795743792,1.5398117127848163,1.542190219283622,1.5432995241587628,0.6092114343118086,24,11,0.01218895131970942,0.20212219407827006,0.16333296765282976,171.5236869846923,295047.3739693845,121077.57559683803,147.52368698469226,24.0,2865.0,159.0,0.0,7.0,0.0,0.0,7,263.83234125323514,,314.0,,7.0,31.0,0.0,4.0,0.9626695884502964,37.0373304115497,0.0,4.0,7.0,31.0,0.0,4.0,19.0,0.0,81.0,0.0,0.0,0.0
740,0.0,0.0,215903.96144071882,19,453820.16608240467,454386.48590523505,1.1019538643667315,1.1045768816520618,1.1056245701211345,0.7063925613635182,117,54,0.004222817303501032,0.1802398534637733,0.052419036634183964,566.3198228304188,898639.6456608379,318038.3312383109,449.31982283041896,117.0,8208.0,1368.0,0.0,41.0,3.0,0.0,43,235.70193175571214,76.46698150574247,228.23828125,97.26094818115234,41.0,683.0,3.0,90.0,5.5955922526947965,718.4044077473053,0.4137166912314365,92.58628330876856,41.0,683.0,3.0,90.0,327.0,0.0,85.0,0.0,3.0,3.0
741,0.0,0.0,27687.986094581385,30,57526.46584440069,57777.51592829154,1.0776688361476308,1.086735948614145,1.0907343122380522,0.82681302759686,184,72,0.00829415811250134,0.17254415919351632,0.03294674034182064,251.05008389087683,134100.1677817537,40547.307343329216,67.05008389087685,184.0,13305.0,1815.0,0.0,75.0,7.0,0.0,77,215.50775309561087,110.79410028774639,196.68138122558594,98.82875061035156,75.0,2057.0,7.0,171.0,12.882904486446357,2119.117095513554,1.2155484012814224,176.78445159871856,75.0,2057.0,7.0,171.0,365.0,1.0,100.0,0.0,7.0,7.0
742,0.0,0.0,67403.6787740309,13,140170.7863012871,140384.88089023996,1.0795717511384813,1.0827480553528344,1.0841425772693092,0.6918606669320793,75,33,0.008869410775665826,0.1921918212748512,0.07585033781166078,214.09458895289626,278189.1779057925,100522.1105932239,139.09458895289626,75.0,5772.0,780.0,0.0,27.0,2.0,0.0,28,207.0968260997956,89.88213135247128,185.54978942871094,89.88213348388672,27.0,286.0,2.0,49.0,3.859884178544323,309.1401158214557,0.28758725204773505,50.712412747952264,27.0,286.0,2.0,49.0,170.0,0.0,32.0,0.0,2.0,2.0
743,0.0,0.0,271010.5582218976,27,624726.431013498,625641.8403190527,1.3051737729789314,1.3085515354969703,1.3099685199990732,0.8682674271046634,187,77,0.00771476438907973,0.18098861018720885,0.03662478738852498,915.409305554653,1456818.6111093056,419461.37953350187,728.4093055546529,187.0,11958.0,1650.0,0.0,77.0,6.0,0.0,74,222.45881885068067,88.70571304790387,226.0,79.9616928100586,77.0,1727.0,6.0,188.0,12.79509307203555,1791.2049069279649,0.9572188228697337,193.04278117713025,77.0,1727.0,6.0,188.0,370.0,1.0,52.0,0.0,6.0,6.0
744,0.0,0.0,10668.637953403568,16,21754.990699990554,21862.957452190378,1.0391535259709657,1.0492735387290497,1.0539114665343137,0.7232538281651185,86,33,0.0066198646578035855,0.17565557889287986,0.062035374656894224,107.96675219982336,43933.50439964669,15186.060097015032,21.966752199823347,86.0,6757.0,1307.0,0.0,34.0,3.0,0.0,37,244.47981123808162,89.0645581351115,228.36538696289062,91.16154479980469,34.0,496.0,3.0,59.0,4.735293071486163,525.2647069285139,0.5511396117084266,61.44886038829157,34.0,496.0,3.0,59.0,289.0,1.0,242.0,0.0,3.0,3.0
745,0.0,0.0,14722.627483806895,22,29996.781093646874,30183.769170684296,1.037461120757127,1.0501618480724844,1.056500223283531,0.8610598269642297,151,57,0.009808341750895434,0.18015507661529023,0.044788153045693155,186.98807703743017,71976.1540748605,20897.54736573332,35.98807703743025,151.0,9603.0,1485.0,0.0,60.0,12.0,0.0,67,206.3399986378669,75.2975385262807,219.75143432617188,64.95391082763672,60.0,1199.0,12.0,203.0,9.008148159662653,1249.9918518403372,3.0151193216709915,211.98488067832903,60.0,1199.0,12.0,203.0,311.0,0.0,137.0,0.0,12.0,12.0
746,0.0,0.0,23214.7284185699,5,39646.039513580494,39699.99156642234,0.7077968261677736,0.7101208702775763,0.7108353154003129,0.5783356706901582,19,9,0.0031109008457395823,0.1772605898394398,0.19970089375149694,53.95205284184854,69904.10568369707,30217.790993367587,34.952052841848534,19.0,2265.0,255.0,0.0,5.0,0.0,0.0,5,254.21940034122863,,221.0,,5.0,17.0,0.0,3.0,0.6808012920931471,21.319198707906853,0.0,3.0,5.0,17.0,0.0,3.0,42.0,0.0,47.0,0.0,0.0,0.0
747,0.0,0.0,26135.791169756776,7,49872.1341523077,49960.183344611054,0.9081930150259852,0.9115619274775524,0.912810008495589,0.6511467028431649,39,19,0.007872798499287088,0.17743356619945436,0.1413262572772827,88.04919230336577,98098.38460673153,37663.70319407096,49.049192303365764,39.0,3006.0,522.0,0.0,13.0,0.0,0.0,13,215.4721537316924,,213.17889404296875,,13.0,66.0,0.0,12.0,1.7706932518611946,77.22930674813881,0.0,12.0,13.0,66.0,0.0,12.0,125.0,0.0,51.0,0.0,0.0,0.0
748,0.0,0.0,290854.48232331563,29,615531.1619182737,616420.6406664291,1.1162856319128185,1.1193437891777513,1.1205820934141966,0.8082803365866427,190,83,0.006774625524374592,0.17233911682414138,0.034181486302633235,889.4787481551364,1398957.4963102732,432695.6357178168,699.4787481551366,190.0,12847.0,1769.0,0.0,74.0,4.0,0.0,76,203.2868179144644,90.14483274441554,181.54806518554688,82.82978820800781,74.0,1916.0,4.0,210.0,12.502924636867426,1977.497075363132,0.6882372277160523,213.31176277228397,74.0,1916.0,4.0,210.0,366.0,1.0,123.0,0.0,4.0,4.0
749,0.0,0.0,51883.92818375376,28,107894.60097246864,108181.12921559426,1.0795380139750739,1.0850604995145425,1.087543274092671,0.788093020058113,167,70,0.008443859652142973,0.17546283437420143,0.03527348289511307,286.52824312558755,239056.48625117517,75833.84199797489,119.5282431255876,167.0,12135.0,1977.0,0.0,64.0,5.0,0.0,65,206.54833676773646,105.58320573521738,182.65042114257812,109.64022064208984,64.0,1507.0,5.0,244.0,10.66684790841756,1560.3331520915829,1.0820548128935112,247.9179451871065,64.0,1507.0,5.0,244.0,396.0,1.0,31.0,0.0,5.0,5.0
750,0.0,0.0,35190.106175812616,28,69869.36552021277,70111.10359258362,0.9854832256299475,0.9923527153428544,0.9952728592315432,0.7495989957148165,167,70,0.004454628504945986,0.17630625187941423,0.03556287567662546,241.73807237083423,149476.1447416683,49852.03608735097,74.73807237083416,167.0,11896.0,2216.0,0.0,61.0,8.0,0.0,65,225.1272090156221,114.98286563083896,210.0,113.92971801757812,61.0,1498.0,8.0,253.0,8.906140652955557,1550.0938593470444,1.3363128162314986,259.6636871837685,61.0,1498.0,8.0,253.0,480.0,4.0,75.0,0.0,8.0,8.0
751,0.0,0.0,11468.069929440517,13,25401.538960849688,25487.633047656065,1.214979426977468,1.2224867134987472,1.2264288226623905,0.6522926963055289,63,27,0.007351293115876228,0.19067754637636325,0.07619797498727732,86.09408680638055,46188.17361276105,17702.242365414615,23.094086806380524,63.0,5793.0,759.0,0.0,22.0,1.0,0.0,23,228.9522587119253,85.6685287626008,222.0,85.66852569580078,22.0,242.0,1.0,34.0,3.080089341098342,260.91991065890164,0.14904130409284588,34.85095869590715,22.0,242.0,1.0,34.0,185.0,1.0,109.0,0.0,1.0,1.0
752,0.0,0.0,165748.50000300742,20,353386.5250236456,353829.3171446114,1.132064694505432,1.1347361643585998,1.1359324945357216,0.6919543164989367,106,47,0.007917372835858938,0.1778130879616819,0.04942378023473161,442.79212096578846,673584.241931577,243362.97421327382,336.7921209657885,106.0,8702.0,1378.0,0.0,34.0,5.0,0.0,37,202.10442922537922,84.43452444771017,184.62139892578125,90.23330688476562,34.0,588.0,5.0,113.0,4.927024616631502,617.0729753833684,0.9233399309266843,117.0766600690733,34.0,588.0,5.0,113.0,321.0,1.0,78.0,0.0,5.0,5.0
753,0.0,0.0,29792.096014797524,19,57946.32893159404,58109.36621183604,0.945023569433064,0.9504960706011931,0.9528196942286893,0.7226147111582736,104,45,0.00771159902696892,0.1744855642234092,0.05203867955742812,163.03728024199964,118074.5604839992,40849.763594882534,59.0372802419996,104.0,7713.0,1863.0,0.0,35.0,5.0,0.0,40,232.7779315507478,129.6898274580024,232.2635040283203,103.99408721923828,35.0,571.0,5.0,149.0,5.1692433606109365,600.830756639389,0.7034298935327185,153.2965701064673,35.0,571.0,5.0,149.0,448.0,2.0,14.0,0.0,5.0,5.0
754,0.0,0.0,47748.47160549486,30,88735.10150692936,89046.32972933943,0.8583862168421281,0.864904294006597,0.8673229987788169,0.8134732106868614,205,87,0.006420956510818856,0.16021945089178047,0.0330481919915075,311.22822241007935,212456.4448201587,65293.005973967396,106.22822241007935,205.0,12450.0,2670.0,0.0,80.0,8.0,0.0,79,228.91136290132226,65.57708772389186,231.97642517089844,63.32431411743164,80.0,1903.0,8.0,379.0,12.47173125311931,1970.5282687468803,1.400006265689933,385.59999373431003,80.0,1903.0,8.0,379.0,591.0,1.0,62.0,0.0,8.0,8.0
755,0.0,0.0,87912.53030020844,6,197400.61586815157,197596.56624306572,1.245420706173026,1.24764963047136,1.2485222559296023,0.614738576738057,26,12,0.008995272466117383,0.18818795894127813,0.16433620272041977,195.9503749141768,339900.7498283536,138229.79502601922,169.9503749141768,26.0,2912.0,112.0,0.0,8.0,0.0,0.0,8,268.0077365181264,,276.5,,8.0,40.0,0.0,0.0,1.0956466107061322,46.90435338929387,0.0,0.0,8.0,40.0,0.0,0.0,7.0,0.0,19.0,0.0,0.0,0.0
756,0.0,0.0,148230.26250654357,16,298098.71340382023,298509.2864798303,1.0110516460203987,1.0138214790428015,1.014896357525275,0.7323322956388597,100,43,0.007988087745898492,0.1752211629473556,0.06180019193596114,410.5730760100365,621146.1520200728,212043.82072150995,310.5730760100364,100.0,6366.0,1698.0,0.0,34.0,7.0,0.0,40,244.97415349474764,118.39961687047783,244.58062744140625,112.11137390136719,34.0,485.0,7.0,114.0,4.619257734721367,514.3807422652786,1.3387950466662049,119.66120495333381,34.0,485.0,7.0,114.0,380.0,2.0,29.0,0.0,7.0,7.0
757,0.0,0.0,190778.48583196884,5,422164.1966874632,422546.3005152584,1.2128501274472372,1.2148529938927322,1.2156826581565165,0.6242269694255509,23,11,0.006828740897511164,0.2107736952443364,0.19813238373296443,382.10382779528715,718207.6555905743,287638.8280097501,359.10382779528715,23.0,2239.0,281.0,0.0,7.0,0.0,0.0,7,251.5043854894017,,284.2142333984375,,7.0,22.0,0.0,6.0,0.9684925199856917,28.03150748001431,0.0,6.0,7.0,22.0,0.0,6.0,50.0,0.0,9.0,0.0,0.0,0.0
758,0.0,0.0,297134.8319932164,28,622808.7131893086,623598.7033741346,1.0960474711478034,1.0987061637673343,1.09978871597036,0.7005283624969877,165,73,0.0045573019282302805,0.1815168917383721,0.03554705014016871,789.9901848262475,1249980.3696524957,446084.8541510233,624.9901848262479,165.0,12841.0,1271.0,0.0,58.0,6.0,0.0,63,219.14697561814532,65.81523762086555,222.9376220703125,74.23593139648438,58.0,1523.0,6.0,177.0,8.217672472731733,1572.782327527268,1.1530488090857045,181.84695119091427,58.0,1523.0,6.0,177.0,276.0,0.0,101.0,0.0,6.0,6.0
759,0.0,0.0,330185.52181256795,17,635672.1734463468,636431.1525994884,0.9251969921539758,0.9274956367128746,0.928340114717406,0.7157708048828098,100,44,0.007024966402955878,0.18080576323467856,0.05823505752853576,758.9791531417202,1317958.30628344,460328.3262228137,658.97915314172,100.0,7226.0,1342.0,0.0,31.0,8.0,0.0,38,220.6361004567412,80.73144925515055,186.0,66.99373626708984,31.0,492.0,8.0,115.0,4.452878862750707,518.5471211372494,1.3206062696559,121.6793937303441,31.0,492.0,8.0,115.0,272.0,1.0,46.0,0.0,8.0,8.0
760,0.0,0.0,23385.840335963323,16,46006.52945065312,46148.30246304423,0.9672814314011691,0.9733437755527745,0.9757091424408593,0.7015192949292766,94,41,0.006876683433881857,0.17274968488190356,0.06193067167836922,141.77301239112532,95546.0247822507,34049.678131762266,47.77301239112535,94.0,7097.0,967.0,0.0,35.0,2.0,0.0,35,242.1220125465298,32.89345665946496,251.5701446533203,32.893455505371094,35.0,462.0,2.0,61.0,5.060268844602781,491.9397311553973,0.38801764258426563,62.611982357415734,35.0,462.0,2.0,61.0,207.0,0.0,79.0,0.0,2.0,2.0
761,0.0,0.0,19066.08506807439,18,35786.85264381991,35940.849044280774,0.8769900855915074,0.885067066256968,0.888049862557057,0.7667970677196672,114,47,0.0072668187469928066,0.16490047836816385,0.05504187046142621,153.99640046087694,79992.80092175386,26080.173063141647,39.996400460876934,114.0,7154.0,1918.0,0.0,45.0,4.0,0.0,48,238.48493677574479,79.21054713693186,238.4324951171875,76.46197509765625,45.0,662.0,4.0,153.0,6.673125363784662,700.3268746362152,0.5516979533603056,156.4483020466397,45.0,662.0,4.0,153.0,464.0,1.0,61.0,0.0,4.0,4.0
762,0.0,0.0,27301.59359421983,17,58456.05518074448,58606.22617070501,1.1411224578890709,1.1466229056721748,1.1490914932457197,0.7160228948985617,92,41,0.005484164032436683,0.1874431971869051,0.0584564670008988,150.17098996054477,116341.97992108949,40620.900794510046,58.170989960544745,92.0,7549.0,1019.0,0.0,32.0,2.0,0.0,33,247.18114557500442,59.078890130253164,271.6199645996094,59.07889175415039,32.0,468.0,2.0,59.0,4.684170619540638,495.31582938045926,0.2862958892052553,60.713704110794744,32.0,468.0,2.0,59.0,232.0,0.0,143.0,0.0,2.0,2.0
763,0.0,0.0,211419.22508132516,20,457081.31670618523,457600.2740619976,1.1619666637712958,1.1644213003144612,1.1654132342742063,0.6524082190722366,99,45,0.004077894648282025,0.17418892499860003,0.04980261925008139,518.9573558124405,839914.711624881,321851.6747149851,419.95735581244054,99.0,9315.0,765.0,0.0,33.0,1.0,0.0,34,229.99890044454344,122.79895695929832,218.64781188964844,122.79895782470703,33.0,613.0,1.0,33.0,4.554308454396053,641.4456915456041,0.14463770918304608,33.855362290816956,33.0,613.0,1.0,33.0,125.0,0.0,95.0,0.0,1.0,1.0
764,0.0,0.0,258680.7962650009,24,553718.9676063065,554420.4152447624,1.140549184946296,1.1432608189314384,1.1444337188358564,0.731269805219171,136,58,0.00771162465598439,0.17968711373646304,0.04118797290440027,701.4476384558133,1130895.2769116263,386620.39265134244,565.4476384558131,136.0,10651.0,1445.0,0.0,49.0,5.0,0.0,53,190.35142901121867,62.062305934487895,170.0,73.53694915771484,49.0,1054.0,5.0,164.0,7.561582741210857,1095.4384172587893,1.0724999380659535,167.92750006193404,49.0,1054.0,5.0,164.0,332.0,0.0,65.0,0.0,5.0,5.0
765,0.0,0.0,13406.075810659755,30,26558.08165361946,26793.755776347207,0.981048147773562,0.9986277979304223,1.0065019819312848,0.9154898542843389,201,74,0.011255411453460923,0.16621790434069952,0.032757658292169034,235.67412272774985,69348.24545549972,18937.469686573142,34.67412272774986,201.0,13404.0,1716.0,0.0,87.0,10.0,0.0,91,197.26155083077074,69.45340745433714,182.77687072753906,50.19761657714844,87.0,2329.0,10.0,304.0,15.764411262315798,2400.235588737684,2.6910801331932483,311.3089198668067,87.0,2329.0,10.0,304.0,294.0,0.0,169.0,0.0,10.0,10.0
766,0.0,0.0,32309.097059247753,10,66931.43769652599,67056.4876856582,1.0715972833839493,1.0754677099979428,1.0770381751492284,0.6727415395334866,58,27,0.008972147071803147,0.193908136829685,0.09864906846215464,125.04998913220669,134099.97826441337,49833.39454458437,67.04998913220669,58.0,4521.0,519.0,0.0,19.0,2.0,0.0,21,219.47159287757088,84.02723800562518,217.0,84.02723693847656,19.0,164.0,2.0,25.0,2.700326528968273,180.29967347103172,0.3552547435289014,26.644745256471097,19.0,164.0,2.0,25.0,109.0,1.0,47.0,0.0,2.0,2.0
767,0.0,0.0,200287.13862381794,16,437699.5773379526,438257.73834310455,1.1853603798297105,1.1881471838600994,1.1893125306810153,0.7477695638268252,104,46,0.006957657755487308,0.1866610089858907,0.06192258908812113,558.1610051520597,908322.0103041194,303677.1133260768,454.1610051520597,104.0,7240.0,824.0,0.0,39.0,3.0,0.0,41,209.8393692250308,51.327592878495324,219.7777557373047,50.556217193603516,39.0,537.0,3.0,77.0,5.572058357672111,570.4279416423277,0.4504108918956191,79.54958910810439,39.0,537.0,3.0,77.0,160.0,1.0,73.0,0.0,3.0,3.0
768,0.0,0.0,132314.73455361772,11,246025.24847642402,246379.62976322667,0.8593941884584861,0.862072509115654,0.8629914908114944,0.766677170645683,77,34,0.009863526146060808,0.1695853019911924,0.08949596515054085,354.38128680271075,554762.5736054213,180898.360759265,277.3812868027107,77.0,4760.0,784.0,0.0,30.0,2.0,0.0,32,196.68428847191643,200.8432128951899,180.24139404296875,200.84320068359375,30.0,271.0,2.0,49.0,4.318535526448448,296.68146447355156,0.2976800383572512,50.70231996164275,30.0,271.0,2.0,49.0,175.0,0.0,39.0,0.0,2.0,2.0
769,0.0,0.0,19326.807352199707,12,33914.11972225648,34025.1000477112,0.7547709305643024,0.7605132305434084,0.7621213024224169,0.7259550115985748,73,32,0.011007459744271425,0.16792977365433837,0.08189388824755461,110.98032545472594,75960.65090945191,26158.869935405597,37.98032545472596,73.0,5292.0,756.0,0.0,29.0,0.0,0.0,29,249.6161405909406,,244.10606384277344,,29.0,300.0,0.0,19.0,4.252790806458863,324.74720919354115,0.0,19.0,29.0,300.0,0.0,19.0,142.0,0.0,37.0,0.0,0.0,0.0
770,0.0,0.0,19985.16247391038,15,40271.02111103571,40384.52875957088,1.0150459704096724,1.0207255663941108,1.023067258093076,0.6413384522196385,76,35,0.003085495997453954,0.1925280041702197,0.06658718096584457,113.50764853516921,75015.29707033839,29241.696334717813,37.507648535169196,76.0,6495.0,1065.0,0.0,25.0,1.0,0.0,25,267.92502558308405,50.485909487886694,253.4859161376953,50.48590850830078,25.0,304.0,1.0,45.0,3.4001346131127406,325.5998653868872,0.14396594620721526,45.85603405379278,25.0,304.0,1.0,45.0,259.0,1.0,61.0,0.0,1.0,1.0
771,0.0,0.0,33810.254260251815,19,71489.77970644055,71665.03638040264,1.1144407597811452,1.1196242958945701,1.1220531166898837,0.6895958973641209,106,48,0.0033840160714768697,0.17699928262627057,0.05251744051308089,175.2566739620966,138513.34792419313,50215.40457739093,69.25667396209657,106.0,8930.0,646.0,0.0,37.0,2.0,0.0,37,210.03002308185972,61.929775230870334,198.0,61.92977523803711,37.0,630.0,2.0,34.0,5.16434908571075,661.8356509142893,0.2777982696195652,35.722201730380434,37.0,630.0,2.0,34.0,114.0,0.0,162.0,0.0,2.0,2.0
772,0.0,0.0,467994.0191481246,10,1000182.0368794649,1001238.1806577729,1.1371684165965754,1.1394251629119032,1.1403628978629996,0.7520014716449092,60,26,0.013364319685183096,0.1772338486206653,0.09779091903579656,1056.1437783081908,1992287.5566163813,662328.3436728193,996.1437783081907,60.0,4339.0,701.0,0.0,22.0,2.0,0.0,24,203.60077646328457,48.656436474792194,189.42648315429688,48.65643310546875,22.0,188.0,2.0,28.0,3.118491674705072,206.88150832529493,0.3259853154461887,29.67401468455381,22.0,188.0,2.0,28.0,181.0,0.0,11.0,0.0,2.0,2.0
773,0.0,0.0,126701.1825455214,20,250557.68332685076,250926.113786477,0.9775481040741669,0.9804559732212752,0.9816416838047597,0.6961084899341901,116,51,0.006620958323684096,0.18040692841833397,0.049574660059412176,368.43045962632243,504860.919252645,181315.45820550702,252.4304596263225,116.0,8909.0,1171.0,0.0,39.0,6.0,0.0,43,217.45387399458633,69.17399319399841,175.69439697265625,66.71682739257812,39.0,708.0,6.0,107.0,5.473485112639203,741.5265148873607,1.2744707573843272,111.72552924261568,39.0,708.0,6.0,107.0,259.0,1.0,87.0,0.0,6.0,6.0
774,0.0,0.0,186441.70331837257,17,400710.41486311064,401183.6880603822,1.149253132379119,1.1517915837494295,1.152861850210801,0.6860349119257734,96,46,0.0022506383504780117,0.17553211538848612,0.05883483044536934,473.2731972715957,754546.3945431912,274966.4708845133,377.2731972715956,96.0,7186.0,1382.0,0.0,32.0,1.0,0.0,32,242.1112670299951,22.868250035087833,261.3790283203125,22.868249893188477,32.0,426.0,1.0,85.0,4.435230775232364,453.5647692247676,0.1630989482001518,85.83690105179986,32.0,426.0,1.0,85.0,341.0,0.0,72.0,0.0,1.0,1.0
775,0.0,0.0,474103.01459069044,11,888232.0040568777,889221.4463983488,0.8735000131220831,0.8755869906586535,0.8762659499081866,0.7243152318435684,69,33,0.006802483176914138,0.16132301423930723,0.09009211071606732,989.4423414712846,1840884.6829425688,635387.9505809385,920.4423414712844,69.0,4427.0,1117.0,0.0,23.0,2.0,0.0,25,240.762407002427,176.8926570684202,238.0,176.8926544189453,23.0,203.0,2.0,47.0,3.176924926674738,222.82307507332524,0.28432971833828025,48.715670281661716,23.0,203.0,2.0,47.0,263.0,1.0,65.0,0.0,2.0,2.0
776,0.0,0.0,21228.400701795035,24,41569.70472180552,41781.68297312826,0.9582117987009009,0.9681973955577012,0.9722735819795589,0.9228488042829955,156,59,0.01631052538683294,0.1692632591364221,0.0405090382715767,211.97825132275347,111956.50264550674,30329.04797782422,55.97825132275337,156.0,10339.0,1757.0,0.0,62.0,11.0,0.0,69,201.86458543360558,85.00934603349023,195.90701293945312,67.17760467529297,62.0,1382.0,11.0,201.0,11.949821363808645,1432.0501786361913,2.4359502619418456,209.56404973805817,62.0,1382.0,11.0,201.0,319.0,0.0,22.0,0.0,11.0,11.0
777,0.0,0.0,17195.157758855243,29,34022.01189702813,34245.41464071959,0.978580968790898,0.9915731580353617,0.9970075097628628,0.8824015190758128,180,68,0.011178260455662383,0.17365225404865522,0.0339046154478243,223.40274369147198,86805.48738294392,24593.53409598049,43.40274369147196,180.0,12960.0,1656.0,0.0,75.0,8.0,0.0,78,205.5173538156446,68.36595706669101,189.29995727539062,67.19013977050781,75.0,2020.0,8.0,159.0,13.725876658666701,2081.274123341333,2.0054302525908128,164.99456974740917,75.0,2020.0,8.0,159.0,353.0,0.0,112.0,0.0,8.0,8.0
778,0.0,0.0,14225.910649068763,15,27738.18536934813,27862.507034432238,0.9498354835487379,0.9585745842046418,0.9620135669663026,0.7412053334292519,94,37,0.01079849717677018,0.1818636944355995,0.06554852887252023,124.32166508410499,60643.33016820996,20454.29499530118,30.321665084104982,94.0,6798.0,762.0,0.0,39.0,3.0,0.0,40,223.16148810713327,78.49604355333436,221.0,91.0508804321289,39.0,512.0,3.0,46.0,5.545089533587053,545.4549104664128,0.40752084423381596,48.592479155766185,39.0,512.0,3.0,46.0,138.0,0.0,58.0,0.0,3.0,3.0
779,0.0,0.0,48353.841063111955,20,102758.48742343897,103006.83044879265,1.1251359801865064,1.1302719325719548,1.1326709483993245,0.7996430225764619,133,55,0.01065996273914638,0.18113226483103181,0.049140705489806424,248.34302535368002,230686.05070736012,72121.57306271684,115.34302535368006,133.0,8274.0,1806.0,0.0,48.0,10.0,0.0,58,213.39115384137813,80.38838619405871,227.0,57.40853500366211,48.0,881.0,10.0,221.0,7.196548932086485,921.8034510679137,2.0638858386926993,228.93611416130727,48.0,881.0,10.0,221.0,420.0,1.0,31.0,0.0,10.0,10.0
780,0.0,0.0,137473.09306608888,11,305999.1951902692,306374.4421296285,1.225884268444902,1.2286138712420027,1.2298572198978932,0.7416567483383022,71,32,0.01066317881069115,0.17519403349502036,0.08936251521656988,375.2469393593383,608493.8787186765,205113.03917951937,304.2469393593383,71.0,4585.0,959.0,0.0,24.0,4.0,0.0,27,211.67021557451312,90.20248023162308,192.35348510742188,91.3159408569336,24.0,209.0,4.0,60.0,3.308019087864149,229.69198091213582,0.6445818308271974,63.3554181691728,24.0,209.0,4.0,60.0,221.0,0.0,51.0,0.0,4.0,4.0
781,0.0,0.0,11790.411636943825,22,24182.687679726703,24338.320597972724,1.051046937492257,1.0642468937820242,1.0705875515340013,0.8309851252484157,128,48,0.013271649639374244,0.18281986728234537,0.04448206349305661,155.63291824602382,55265.83649204772,16626.602213705835,27.63291824602386,128.0,9102.0,1986.0,0.0,49.0,9.0,0.0,51,227.26399687093735,89.84146317784707,235.98785400390625,89.5826187133789,49.0,904.0,9.0,160.0,7.6535881248935915,945.3464118751064,2.7013019386283883,166.29869806137165,49.0,904.0,9.0,160.0,450.0,1.0,147.0,0.0,9.0,9.0
782,0.0,0.0,85707.00973039,7,184806.01883799583,185005.9225090992,1.1562532565229295,1.158585664008994,1.159474957455747,0.637047103688298,34,16,0.010063267889048391,0.17716190682808786,0.1406910051888073,199.90367110342737,331807.3422068548,130213.03302604977,165.9036711034274,34.0,3269.0,259.0,0.0,11.0,0.0,0.0,11,275.0308838959119,,315.0,,11.0,63.0,0.0,3.0,1.4959692366023098,72.50403076339771,0.0,3.0,11.0,63.0,0.0,3.0,43.0,0.0,55.0,0.0,0.0,0.0
783,0.0,0.0,23678.954336420175,20,48820.928330550894,48958.37506417641,1.0617856530708494,1.067590247803908,1.0703642868944487,0.6378625467473784,93,40,0.006240089308768749,0.1726161106237324,0.04960079999638472,137.44673362552638,88893.46725105277,34840.36949039528,44.44673362552639,93.0,8765.0,1315.0,0.0,29.0,4.0,0.0,31,225.31549616075853,106.06666477954924,222.0,78.30224609375,29.0,495.0,4.0,92.0,3.9573556431383254,520.0426443568617,0.6628482716593473,95.33715172834064,29.0,495.0,4.0,92.0,292.0,0.0,162.0,0.0,4.0,4.0
784,0.0,0.0,40289.62730658006,20,75382.31258801188,75616.77917039141,0.8710104219728165,0.876829949182522,0.8789592060614841,0.8373227043953931,139,56,0.01305326365333491,0.16453891743081936,0.04893035207640201,234.4665823795273,190933.16475905455,57007.042731787005,95.46658237952728,139.0,8766.0,1314.0,0.0,54.0,9.0,0.0,62,201.56165379107793,80.30046928711857,196.97500610351562,63.9514045715332,54.0,1017.0,9.0,160.0,8.944283568665142,1062.055716431335,1.6541463065008746,167.34585369349912,54.0,1017.0,9.0,160.0,232.0,2.0,29.0,0.0,9.0,9.0
785,0.0,0.0,19809.049068481516,9,45989.86120359492,46062.88691303495,1.3216592096169877,1.3253456919507722,1.3270806649408735,0.6131588938116372,35,17,0.002299934753422544,0.20425598807661066,0.11098825500818531,73.02570944003594,76051.41888007187,31008.038718686068,38.02570944003593,35.0,4409.0,127.0,0.0,9.0,0.0,0.0,9,292.032395386881,,310.29156494140625,,9.0,72.0,0.0,0.0,1.2141508712216438,79.78584912877837,0.0,0.0,9.0,72.0,0.0,0.0,13.0,0.0,54.0,0.0,0.0,0.0
786,0.0,0.0,31024.39161619761,21,63970.98012250256,64167.224387567505,1.0619576014217076,1.0682830845284412,1.0712117015071398,0.7727881983681486,127,52,0.008959482067075811,0.18029611913196295,0.04697972128912236,196.24426506496764,138488.5301299353,44801.58031087088,69.24426506496765,127.0,9061.0,1523.0,0.0,50.0,4.0,0.0,51,198.82941094067087,90.23164468505459,177.72921752929688,93.48762512207031,50.0,889.0,4.0,128.0,7.769724468981138,931.2302755310192,0.7105392101665553,131.2894607898334,50.0,889.0,4.0,128.0,331.0,0.0,66.0,0.0,4.0,4.0
787,0.0,0.0,21547.98677934793,6,35684.293796919796,35744.1962619549,0.6560384114918993,0.658818367951336,0.65955343145859,0.6000550202725337,26,13,0.009460613395667521,0.16712256504111261,0.1642530192516642,59.902465035108335,67804.93007021665,28249.4637072701,33.90246503510833,26.0,2541.0,483.0,0.0,7.0,0.0,0.0,7,217.61765724528956,,253.0,,7.0,33.0,0.0,2.0,0.9466821047795333,39.053317895220474,0.0,2.0,7.0,33.0,0.0,2.0,95.0,0.0,29.0,0.0,0.0,0.0
788,0.0,0.0,16499.336222243248,16,35295.696574565605,35413.63112349779,1.1392191842834514,1.1463670202535554,1.1498176595217253,0.6951580620722501,84,36,0.007738528862817406,0.18309264083274257,0.06186801211733473,117.93454893218686,67869.0978643737,24407.79355347527,33.93454893218685,84.0,7005.0,1059.0,0.0,29.0,3.0,0.0,32,229.097067175571,89.607992680768,225.0,61.07014465332031,29.0,422.0,3.0,58.0,4.031577822090721,446.96842217790925,0.5375634009738952,60.462436599026105,29.0,422.0,3.0,58.0,220.0,0.0,165.0,0.0,3.0,3.0
789,0.0,0.0,318882.76360244374,22,667109.0215830232,667945.6586093344,1.0920196941554319,1.094643344982023,1.0956607092081518,0.7352144361149252,133,57,0.00690622984544747,0.18564798837281857,0.04501244369521525,836.6370263109718,1407274.0526219434,478525.0341581857,703.6370263109717,133.0,9789.0,1299.0,0.0,47.0,7.0,0.0,52,220.8432584115355,74.92868144398994,228.0,78.58342742919922,47.0,967.0,7.0,123.0,6.717529709842762,1007.2824702901571,1.4609402906854125,128.53905970931459,47.0,967.0,7.0,123.0,267.0,0.0,67.0,0.0,7.0,7.0
790,0.0,0.0,189982.95315645862,27,381241.9815439723,381854.195401606,1.0067167880583692,1.0099392553769477,1.0111584265946711,0.7898156751356655,174,76,0.005808585644508539,0.17178350310536214,0.03678076564882905,612.2138576336572,876427.7152673139,277415.2700618316,438.21385763365697,174.0,12111.0,1497.0,0.0,65.0,6.0,0.0,69,222.8411026420249,46.987681790569404,227.0,38.349464416503906,65.0,1605.0,6.0,187.0,10.724639050848756,1659.275360949151,1.2981731264625243,191.7018268735375,65.0,1605.0,6.0,187.0,291.0,0.0,87.0,0.0,6.0,6.0
791,0.0,0.0,27434.74723903749,21,58544.391295582864,58749.58552730413,1.133950452886943,1.141429808535217,1.144919968940171,0.7805246125167112,140,59,0.007795156861494657,0.18138475395677162,0.047096928293325194,205.19423172126758,130388.46344253523,41763.08515823502,65.19423172126761,140.0,9144.0,1440.0,0.0,52.0,8.0,0.0,57,219.65142501202672,83.02670730232468,219.5,66.2685546875,52.0,980.0,8.0,157.0,7.638149934640452,1024.3618500653595,1.7142916276737123,163.2857083723263,52.0,980.0,8.0,157.0,329.0,1.0,60.0,0.0,8.0,8.0
792,0.0,0.0,234744.8828908565,25,475222.42328258534,475920.6015324908,1.0244207985719447,1.0273949986537843,1.0284788259805224,0.7825800840711455,156,69,0.00865480766476812,0.1778763984421823,0.039495773970798266,698.1782499054548,1084356.4998109087,346404.32394147414,542.1782499054543,156.0,10997.0,1603.0,0.0,56.0,6.0,0.0,61,220.26841454488348,84.56279607935461,215.88497924804688,95.4738998413086,56.0,1279.0,6.0,184.0,8.979160943777725,1326.020839056223,1.487587491605718,188.51241250839425,56.0,1279.0,6.0,184.0,347.0,0.0,115.0,0.0,6.0,6.0
793,0.0,0.0,36735.83972871648,27,74560.44688318239,74783.2184721293,1.0296377443333178,1.0357018928757769,1.0386036768165288,0.7244276115728334,148,63,0.0054614070368872334,0.17445811352490892,0.0367965187140143,222.77158894694134,149543.17789388268,51607.357141317254,74.77158894694134,148.0,11062.0,2546.0,0.0,48.0,10.0,0.0,56,228.84651714208408,95.8911002478217,240.19155883789062,87.8302001953125,48.0,1149.0,10.0,305.0,7.020032425993272,1189.9799675740067,1.5078984589829252,313.49210154101706,48.0,1149.0,10.0,305.0,612.0,4.0,36.0,0.0,10.0,10.0
794,0.0,0.0,17701.861835773794,14,36490.203305617724,36615.4048573877,1.0613765740660375,1.0684493640884383,1.071718947581386,0.7840921401955638,86,33,0.00993688073562441,0.1720727571218365,0.07038490712194383,125.2015517699872,78403.10353997443,24998.051734206765,39.20155176998721,86.0,5991.0,1065.0,0.0,35.0,4.0,0.0,38,237.49984600137083,86.09825970890506,246.74179077148438,88.76753234863281,35.0,411.0,4.0,82.0,5.217947981836568,440.78205201816337,0.5482313491840373,85.45176865081596,35.0,411.0,4.0,82.0,239.0,4.0,34.0,0.0,4.0,4.0
795,0.0,0.0,17227.826034642567,12,35440.235709747576,35549.806678902525,1.0571507768004271,1.0635108926348114,1.0667823576905548,0.7037661431690548,74,33,0.006516414720280564,0.18476125888938988,0.08263725297370546,109.57096915495434,71141.93830990866,25271.867295845223,35.57096915495433,74.0,5107.0,941.0,0.0,25.0,4.0,0.0,29,212.10640392352798,56.63976158299909,175.34661865234375,53.1677360534668,25.0,234.0,4.0,85.0,3.4936913511084553,255.50630864889155,0.7752903929048127,88.22470960709518,25.0,234.0,4.0,85.0,251.0,0.0,68.0,0.0,4.0,4.0
796,0.0,0.0,13660.445946286061,8,33749.807266720614,33816.80657512777,1.4706226575199293,1.4755272783991158,1.4782961300663748,0.6641686323266303,38,18,0.007428361858222464,0.19380511077741427,0.12379698711437483,66.99930840715702,57998.61681431402,21831.284251990608,28.99930840715701,38.0,3524.0,508.0,0.0,12.0,0.0,0.0,12,235.63710093386797,,252.84938049316406,,12.0,72.0,0.0,12.0,1.6447536188587732,82.35524638114121,0.0,12.0,12.0,72.0,0.0,12.0,120.0,0.0,31.0,0.0,0.0,0.0
797,0.0,0.0,30661.829939302585,8,68999.78161454528,69115.00337395305,1.25034780217409,1.2541056261407566,1.2557198359571324,0.6752826751758596,48,23,0.0046347803362690445,0.1910077413481257,0.1244162480776831,115.2217594077788,134443.5188155576,49773.05199653808,67.22175940777879,48.0,3730.0,302.0,0.0,17.0,0.0,0.0,17,239.37182031218495,,219.0,,17.0,109.0,0.0,10.0,2.3445762014617424,123.65542379853827,0.0,10.0,17.0,109.0,0.0,10.0,65.0,0.0,68.0,0.0,0.0,0.0
798,0.0,0.0,231562.79804911406,27,479958.28520584997,480640.8847462168,1.0726916812606992,1.075639475751514,1.0768306241008943,0.7508009795833906,163,68,0.0063472413563791545,0.1729353708417046,0.03672440464804799,682.5995403671245,1039199.0807342487,346030.1428052499,519.5995403671244,163.0,12014.0,1594.0,0.0,59.0,9.0,0.0,67,209.7251098879908,92.19261141857451,185.0,68.12870025634766,59.0,1559.0,9.0,182.0,9.196093198526189,1608.8039068014732,1.933064330737289,189.06693566926273,59.0,1559.0,9.0,182.0,337.0,1.0,52.0,0.0,9.0,9.0
799,0.0,0.0,324129.22812907136,14,626450.9820583306,627119.6554865284,0.9327198157176735,0.9347827997689964,0.9354615398549453,0.6596625165519497,68,31,0.005267316359567157,0.17524119639504945,0.07096893606075814,668.6734281978004,1201346.8563956008,455288.43395370955,600.6734281978004,68.0,5982.0,1074.0,0.0,21.0,2.0,0.0,22,266.36690844085473,129.5144623918069,242.636474609375,129.51446533203125,21.0,254.0,2.0,31.0,2.8405932814228514,272.15940671857715,0.3711921789307491,32.62880782106925,21.0,254.0,2.0,31.0,231.0,0.0,22.0,0.0,2.0,2.0
800,0.0,0.0,44437.64295708329,16,105601.44667137683,105807.57304736636,1.3763962182549587,1.3810347715686122,1.3834690615064296,0.7725882807577048,99,42,0.010850631350898367,0.18987259200786588,0.06140653592987359,206.12637598952455,214252.75197904918,69329.53725654623,107.12637598952459,99.0,7148.0,916.0,0.0,40.0,1.0,0.0,40,211.91969747041898,28.34678270574996,218.36981201171875,28.346782684326172,40.0,537.0,1.0,62.0,5.9516134447918025,571.0483865552083,0.13508255471389852,62.8649174452861,40.0,537.0,1.0,62.0,218.0,0.0,30.0,0.0,1.0,1.0
801,0.0,0.0,236354.8767785433,13,469570.4425008602,470091.5499372162,0.9867178071423175,0.9889225741581651,0.9897444375232143,0.6697130804216853,68,31,0.006743747463742746,0.19076330694539675,0.07622580186550143,521.1074363561136,906214.8727122273,338284.7443197722,453.1074363561136,68.0,5576.0,976.0,0.0,23.0,1.0,0.0,24,202.83633663049295,97.82225922142244,174.36146545410156,97.82225799560547,23.0,234.0,1.0,54.0,3.2704082254217224,253.7295917745783,0.13735105884358279,54.862648941156415,23.0,234.0,1.0,54.0,228.0,0.0,44.0,0.0,1.0,1.0
802,0.0,0.0,10493.254598075131,27,20092.96034737792,20294.523299568053,0.9148454046911001,0.9340542164383254,0.9416920041226566,0.9623343976750129,173,65,0.015844657426003456,0.17127420037812835,0.036068870985281144,201.56295219012725,57125.90438025429,14840.450605909367,28.562952190127145,173.0,11738.0,1870.0,0.0,69.0,12.0,0.0,76,210.03006993202362,71.19496834654818,183.0,64.10050201416016,69.0,1759.0,12.0,212.0,13.386597160358495,1814.6134028396418,4.150500929222465,219.84949907077754,69.0,1759.0,12.0,212.0,369.0,1.0,63.0,0.0,12.0,12.0
803,0.0,0.0,92412.01272506185,15,180911.54600408446,181198.9346399444,0.9576626530397148,0.9607725153550715,0.9619114203382917,0.7558880598934942,93,39,0.008465349802720436,0.16345454692816755,0.06583310672192239,287.3886358599475,388777.27171989484,128582.95174508847,194.3886358599474,93.0,6365.0,1195.0,0.0,37.0,2.0,0.0,37,229.9819601061345,185.329368670025,251.0,185.32936096191406,37.0,443.0,2.0,73.0,5.377104881594034,474.622895118406,0.3694788187302611,74.63052118126973,37.0,443.0,2.0,73.0,256.0,0.0,37.0,0.0,2.0,2.0
804,0.0,0.0,337368.8392544528,6,623720.1729047128,624335.1301561294,0.848778251966199,0.8506010559120984,0.8511927097371115,0.6254068226199854,30,14,0.016672508908465694,0.16294537865812475,0.16196066623577451,614.9572514164743,1169914.5028329487,467661.39276026946,584.9572514164744,30.0,2674.0,350.0,0.0,9.0,1.0,0.0,10,212.57251475169036,88.25778964745476,253.0,88.2577896118164,9.0,43.0,1.0,7.0,1.2385546718168585,50.761445328183136,0.14472792175063198,7.855272078249368,9.0,43.0,1.0,7.0,64.0,0.0,35.0,0.0,1.0,1.0
805,0.0,0.0,77068.23898525682,9,168224.8512289208,168408.95612531263,1.1828038819091518,1.1851927375365268,1.18625196370269,0.6128994601089138,41,20,0.0072207721864001794,0.1797625033137006,0.10991241346468393,184.10489639181117,286209.7927836224,116744.18538921628,143.1048963918112,41.0,3950.0,586.0,0.0,12.0,0.0,0.0,12,220.72931313375543,,201.5,,12.0,80.0,0.0,16.0,1.6143884330826346,90.38561156691736,0.0,16.0,12.0,80.0,0.0,16.0,131.0,0.0,16.0,0.0,0.0,0.0
806,0.0,0.0,49778.136955877264,22,104805.27314743561,105048.91514207236,1.1054478844865918,1.1103424428115187,1.1126969704663434,0.7316389308529604,136,62,0.007145170383908234,0.1869686630658888,0.04500774513037801,243.6419946367688,215283.9892735376,73562.23821446834,107.6419946367688,136.0,9609.0,1479.0,0.0,46.0,6.0,0.0,48,213.90603616875504,68.14532086163537,211.50900268554688,64.31913757324219,46.0,840.0,6.0,164.0,6.589994702298061,879.4100052977017,1.4725123140370757,168.5274876859629,46.0,840.0,6.0,164.0,343.0,1.0,63.0,0.0,6.0,6.0
807,0.0,0.0,141203.62967208048,19,275384.02463889896,275822.9339938068,0.9502616560100319,0.9533699993006901,0.9545812581886453,0.7888861236140752,124,52,0.009772897614155486,0.17204599867691084,0.05184595321529655,438.909354907777,629818.7098155539,199591.1358315584,314.90935490777696,124.0,8150.0,1426.0,0.0,45.0,8.0,0.0,53,209.7670932265784,87.17651174671198,213.0,77.55935668945312,45.0,806.0,8.0,148.0,6.69593806904378,844.3040619309562,1.9138031694551065,154.0861968305449,45.0,806.0,8.0,148.0,285.0,1.0,40.0,0.0,8.0,8.0
808,0.0,0.0,42628.110720602366,7,90733.90162574602,90860.00583394493,1.1284992483116052,1.1314574889201428,1.1326778439826861,0.6877953629261918,39,18,0.009182072752422043,0.1953410584488098,0.1408767341651497,126.10420819891715,174208.41639783428,63321.31102798988,87.10420819891715,39.0,2969.0,559.0,0.0,14.0,0.0,0.0,14,233.7712985604209,,258.65936279296875,,14.0,67.0,0.0,17.0,1.895206445134377,79.10479355486564,0.0,17.0,14.0,67.0,0.0,17.0,129.0,0.0,57.0,0.0,0.0,0.0
809,0.0,0.0,53133.01087993184,22,109040.44811551982,109272.9671650336,1.0522166222035807,1.0565927914750568,1.058433927034001,0.6992426257637091,124,56,0.005462609411383159,0.17437288866983483,0.04514901747482805,232.51904951376324,217038.09902752645,77597.56450433731,108.51904951376322,124.0,10116.0,972.0,0.0,45.0,1.0,0.0,45,228.41536737265844,27.650131460242577,260.351318359375,27.650131225585938,45.0,887.0,1.0,57.0,6.688968721325139,925.3110312786746,0.169666290885083,57.83033370911492,45.0,887.0,1.0,57.0,200.0,0.0,65.0,0.0,1.0,1.0
810,0.0,0.0,70826.19440340616,19,144970.45872149733,145213.8661139809,1.0468480615488982,1.0502847475735235,1.0516725176497888,0.680305143554616,99,44,0.008868846114137928,0.17179436189411515,0.05193038190042463,243.40739248360705,288814.7849672143,106134.27948602146,144.40739248360714,99.0,8672.0,904.0,0.0,34.0,2.0,0.0,36,207.02197347524802,65.41896189925359,186.88388061523438,65.41896057128906,34.0,586.0,2.0,62.0,5.126457935199785,614.8735420648003,0.4320220558882789,63.56797794411172,34.0,586.0,2.0,62.0,169.0,0.0,111.0,0.0,2.0,2.0
811,0.0,0.0,429552.37762815156,11,953691.2531171355,954667.5851513977,1.2201978217024623,1.2224707273715056,1.223361194561805,0.699083372289114,60,27,0.006479542374779918,0.1781800344677012,0.09011112855373309,976.3320342624035,1832664.0685248072,655381.0822748649,916.3320342624037,60.0,5140.0,404.0,0.0,22.0,0.0,0.0,22,225.41641875305785,,216.5,,22.0,208.0,0.0,12.0,3.132627925274612,226.8673720747254,0.0,12.0,22.0,208.0,0.0,12.0,73.0,0.0,43.0,0.0,0.0,0.0
812,0.0,0.0,479557.2422036722,13,947451.9394661906,948569.873883023,0.9756805988633146,0.978011779207282,0.9788941897998047,0.7729446266598913,86,36,0.013232983473840498,0.1765449968961398,0.07522178598509022,1117.9344168327225,2063868.8336654447,667534.504568586,1031.9344168327225,86.0,5571.0,981.0,0.0,31.0,6.0,0.0,36,209.2185910054977,74.32916950887777,209.4120635986328,73.47604370117188,31.0,359.0,6.0,72.0,4.54164628885592,385.4583537111442,1.0104640777618707,76.98953592223815,31.0,359.0,6.0,72.0,205.0,0.0,33.0,0.0,6.0,6.0
813,0.0,0.0,128698.91291350008,20,249377.89037167412,249756.45091262684,0.9376845128387654,0.940625956028788,0.9416494572578551,0.7097468393382195,121,55,0.005217769227717425,0.17731923309339118,0.049689054870048904,378.5605409527824,515121.0819055649,181445.3595826763,257.56054095278245,121.0,8403.0,1677.0,0.0,46.0,0.0,0.0,45,242.21810365989285,,226.31423950195312,,46.0,747.0,0.0,107.0,6.475530322056814,786.5244696779433,0.0,107.0,46.0,747.0,0.0,107.0,394.0,0.0,60.0,0.0,0.0,0.0
814,0.0,0.0,338115.5183141152,9,636000.4234917273,636626.6639808385,0.881015182807646,0.8828673323103771,0.8834840749155155,0.6270755134986704,42,19,0.01660791212501266,0.16242331651765204,0.10783865285950141,626.2404891111896,1168480.9782223792,465845.4018173271,584.2404891111896,42.0,4012.0,524.0,0.0,13.0,1.0,0.0,14,229.2346275189526,53.270475015744516,255.0,53.27047348022461,13.0,96.0,1.0,16.0,1.8353556552470982,107.1646443447529,0.15786587978639888,16.8421341202136,13.0,96.0,1.0,16.0,99.0,0.0,6.0,0.0,1.0,1.0
815,0.0,0.0,172966.81581071575,24,362082.2817389216,362633.1817609056,1.0933627068394562,1.0965477109652584,1.0979437033968908,0.764794505176162,160,70,0.005639479543229008,0.1708701970571098,0.04138770663395908,550.900021984171,781800.0439683426,255558.8588428285,390.9000219841713,160.0,10587.0,1509.0,0.0,57.0,9.0,0.0,61,200.33488630721325,63.91773924506371,178.66525268554688,72.13878631591797,57.0,1198.0,9.0,200.0,8.41216475425866,1246.5878352457414,1.7380113503652206,207.2619886496348,57.0,1198.0,9.0,200.0,348.0,1.0,101.0,0.0,9.0,9.0
816,0.0,0.0,14916.828165134884,6,26251.064770714307,26299.869474798892,0.7598288644278242,0.7631006527426254,0.7640932476024394,0.5575954650344851,25,12,0.005656043686114389,0.20241431418409608,0.1655571242287481,48.804704084587804,47609.40816917561,21345.85517397956,23.804704084587804,25.0,2733.0,291.0,0.0,7.0,0.0,0.0,7,265.7392526327654,,217.0,,7.0,32.0,0.0,3.0,0.9494831102880598,38.05051688971194,0.0,3.0,7.0,32.0,0.0,3.0,57.0,0.0,10.0,0.0,0.0,0.0
817,0.0,0.0,84034.99540738855,7,165876.4025459468,166084.06877546274,0.9738967288782949,0.9763679163699968,0.9772837463325865,0.6793527390367565,43,21,0.006418104818755623,0.18725084618844973,0.1415899591389072,207.66622951596156,329332.45903192303,121193.4684692956,164.66622951596153,43.0,3014.0,514.0,0.0,14.0,1.0,0.0,15,215.7448476363079,95.02028200097963,217.5,95.02027893066406,14.0,77.0,1.0,13.0,1.9042210763986742,89.09577892360133,0.14242672479401286,13.857573275205986,14.0,77.0,1.0,13.0,117.0,0.0,34.0,0.0,1.0,1.0
818,0.0,0.0,434820.85945116327,10,999181.711131067,1000201.0893976978,1.2979157724683392,1.3002601362321142,1.3011610431747824,0.7080535808620607,51,23,0.012239759240724919,0.18603635962905984,0.09798779468446259,1019.3782666309337,1936756.5332618672,683831.2048728894,968.3782666309337,51.0,4556.0,484.0,0.0,17.0,1.0,0.0,17,244.75721964493744,127.08314100155896,251.69456481933594,127.08313751220703,17.0,145.0,1.0,7.0,2.646511103807074,159.35348889619294,0.14598005839044614,7.854019941609554,17.0,145.0,1.0,7.0,108.0,0.0,11.0,0.0,1.0,1.0
819,0.0,0.0,17228.42988147946,18,34405.418271288974,34538.2249772285,0.9970141509108008,1.004722729513329,1.0080955550221842,0.7103530133363531,98,38,0.007914100951613039,0.1715579449805389,0.05497861596202793,132.80670593951726,69613.41187903463,24499.58350710641,34.806705939517315,98.0,7589.0,1483.0,0.0,36.0,6.0,0.0,41,241.55039666178624,120.81428559023236,218.56427001953125,107.68658447265625,36.0,595.0,6.0,101.0,5.228005407969337,625.7719945920308,0.9336592883587049,106.0663407116413,36.0,595.0,6.0,101.0,304.0,3.0,107.0,0.0,6.0,6.0
820,0.0,0.0,41925.77886351654,13,94720.76290824846,94879.34435900394,1.2592487361200502,1.2630311691494214,1.2647222708456423,0.6953103925297639,68,29,0.00964901295507485,0.1902725423220703,0.07576266737339221,158.58145075549277,181162.90151098554,65137.42044465076,90.58145075549277,68.0,5612.0,940.0,0.0,25.0,1.0,0.0,26,247.01335461080268,36.04443856571416,234.514404296875,36.044437408447266,25.0,274.0,1.0,38.0,3.6639440510261627,295.3360559489739,0.13331552237964472,38.86668447762035,25.0,274.0,1.0,38.0,217.0,0.0,33.0,0.0,1.0,1.0
821,0.0,0.0,94668.56188474836,5,201824.44243097844,202030.7206285262,1.1319056549806268,1.1340846064027357,1.1348921842174815,0.5959806733451564,25,12,0.007955136860441145,0.20806588387824507,0.19782987864332446,206.27819754781274,362556.3950956254,152083.95645644303,181.2781975478127,25.0,2311.0,209.0,0.0,8.0,0.0,0.0,8,261.9895588935085,,264.5,,8.0,28.0,0.0,4.0,1.0880997128154681,34.91190028718453,0.0,4.0,8.0,28.0,0.0,4.0,39.0,0.0,5.0,0.0,0.0,0.0
822,0.0,0.0,360727.1750951203,30,747452.6775473817,748437.5780434049,1.0720719955470104,1.0748023152013677,1.075957807239356,0.7592753193884498,184,82,0.006392620983487412,0.17990798033021013,0.033060503967075376,984.9004960233668,1601800.9920467336,527411.1218763462,800.9004960233668,184.0,12719.0,2401.0,0.0,61.0,11.0,0.0,68,216.55794641253806,67.5456221668119,208.53135681152344,65.43067169189453,61.0,1596.0,11.0,372.0,9.32354943909187,1647.6764505609085,2.7270362557043466,380.2729637442957,61.0,1596.0,11.0,372.0,545.0,2.0,118.0,0.0,11.0,11.0
823,0.0,0.0,100602.13198860851,8,174394.30248413162,174591.54908939434,0.7335050364924556,0.7354656967822897,0.7360129411801697,0.5778210030274853,33,15,0.01073648786415984,0.17427378595666587,0.12276326541998489,197.24660526276477,328493.2105255296,142125.85247178358,164.2466052627648,33.0,3739.0,293.0,0.0,9.0,1.0,0.0,10,232.69530045144677,85.46631649878043,207.0,85.46631622314453,9.0,60.0,1.0,10.0,1.220661048658992,67.77933895134102,0.13685282952339461,10.863147170476605,9.0,60.0,1.0,10.0,38.0,0.0,7.0,0.0,1.0,1.0
824,0.0,0.0,11190.348311772786,5,20917.889231642348,20956.17926845348,0.8692795477720492,0.8727012497373803,0.8740806124243237,0.5950511320229885,20,10,0.0036973985066854056,0.20464531189145255,0.19932949412020884,38.290036811134925,36580.073622269854,15368.458126408817,18.29003681113493,20.0,2031.0,489.0,0.0,5.0,0.0,0.0,5,202.82513091148124,,180.0,,5.0,14.0,0.0,6.0,0.6755752387836594,18.324424761216342,0.0,6.0,5.0,14.0,0.0,6.0,110.0,0.0,2.0,0.0,0.0,0.0
825,0.0,0.0,74757.78652623555,20,158869.43963263198,159151.408727092,1.1251223051779125,1.1288940740806885,1.130695198134954,0.7436372603726884,121,51,0.00652028080720865,0.18720027186110422,0.04955998788957523,281.96909446005594,321938.188920112,108230.92321879028,160.969094460056,121.0,8240.0,1840.0,0.0,43.0,7.0,0.0,48,219.43568462765194,91.22737346014807,218.60079956054688,98.09823608398438,43.0,739.0,7.0,171.0,6.179869437613948,775.8201305623859,1.2387301007080727,176.76126989929193,43.0,739.0,7.0,171.0,403.0,1.0,46.0,0.0,7.0,7.0
826,0.0,0.0,15994.278490292558,9,29802.693671511108,29876.336278155886,0.863334672432978,0.8679389818233312,0.8696302042842596,0.663177931870832,45,21,0.0033451995917146873,0.18287546014809966,0.11087378197700046,73.64260664478306,57285.21328956609,21594.96363516044,28.642606644783047,45.0,3482.0,1054.0,0.0,15.0,0.0,0.0,15,240.22970254513882,,246.83981323242188,,15.0,94.0,0.0,26.0,2.016629927492274,106.98337007250774,0.0,26.0,15.0,94.0,0.0,26.0,250.0,0.0,32.0,0.0,0.0,0.0
827,0.0,0.0,64056.63080991476,9,131192.634710373,131392.458210862,1.0480726671323284,1.0511921490339287,1.052479931289863,0.753972372236168,62,29,0.008922281552333244,0.18266427987116604,0.10973592751591164,199.82350048900588,275647.0009780118,91398.24320103551,137.8235004890059,62.0,4065.0,471.0,0.0,22.0,2.0,0.0,24,211.21038613615275,64.44558626398208,242.71714782714844,64.44558715820312,22.0,170.0,2.0,22.0,3.104513928532512,188.89548607146745,0.28249802517113254,23.717501974828867,22.0,170.0,2.0,22.0,112.0,0.0,42.0,0.0,2.0,2.0
828,0.0,0.0,494703.4799960902,25,1048265.4750026471,1049558.8411729252,1.1189773619763743,1.1215917890474922,1.1225728079296857,0.7720587255705138,161,74,0.005053541173700732,0.1714375324857125,0.039784697569418916,1293.3661702781865,2264732.340556373,733341.9937980903,1132.3661702781865,161.0,11369.0,1231.0,0.0,56.0,6.0,0.0,59,232.83278159877517,82.97252634436313,232.98782348632812,78.80308532714844,56.0,1276.0,6.0,137.0,8.73209351789352,1323.2679064821064,0.8672555232703472,142.13274447672967,56.0,1276.0,6.0,137.0,258.0,1.0,66.0,0.0,6.0,6.0
829,0.0,0.0,276940.197891886,9,662225.0143270779,662824.4365490982,1.3912202683757822,1.3933847148035063,1.3943119696534256,0.6300927010734726,43,21,0.008406669471481444,0.18458687978581892,0.10972788519670532,599.4222220203055,1112844.4440406112,441539.9679065822,556.4222220203056,43.0,4178.0,358.0,0.0,13.0,0.0,0.0,13,284.0956787615124,,309.2691955566406,,13.0,100.0,0.0,4.0,1.782350518636683,111.21764948136332,0.0,4.0,13.0,100.0,0.0,4.0,62.0,0.0,35.0,0.0,0.0,0.0
830,0.0,0.0,255921.15238891894,7,499163.7627727529,499645.7292072567,0.9504591867974335,0.9523424482238723,0.9529676968869396,0.6296634513134344,31,15,0.009300906661690677,0.18110122147019106,0.14074319520448506,481.9664345038518,901932.8690077036,358101.16782478563,450.9664345038518,31.0,3160.0,368.0,0.0,9.0,0.0,0.0,9,245.4081604555414,,251.85728454589844,,9.0,50.0,0.0,4.0,1.2138550665311774,57.78614493346882,0.0,4.0,9.0,50.0,0.0,4.0,84.0,0.0,27.0,0.0,0.0,0.0
831,0.0,0.0,82724.96157175592,13,142229.35087213464,142453.15362198075,0.7193039219337007,0.7220093054792946,0.7228804292055355,0.696145039410485,74,34,0.009949267131288284,0.15377648327291163,0.0757469132693934,223.8027498461028,299605.4996922057,107594.496380352,149.80274984610284,74.0,5119.0,1433.0,0.0,24.0,3.0,0.0,27,216.19756792650205,79.6256225730652,194.6611328125,57.69490432739258,24.0,242.0,3.0,82.0,3.4206375981786312,262.57936240182136,0.5708951376737963,84.4291048623262,24.0,242.0,3.0,82.0,336.0,1.0,30.0,0.0,3.0,3.0
832,0.0,0.0,199878.03032948097,24,392008.20928121975,392580.977049449,0.9612371036227916,0.9641026900370917,0.9651882802251757,0.7566093109640225,151,66,0.005219311276461974,0.172130858765161,0.04142355957342628,572.7677682293415,843535.5364586827,278722.2957195387,421.76776822934136,151.0,9941.0,2155.0,0.0,52.0,9.0,0.0,61,232.41914043473395,108.6380157447079,234.08273315429688,91.17699432373047,52.0,1147.0,9.0,256.0,7.614587603097517,1191.3854123969024,1.534909179494218,263.4650908205058,52.0,1147.0,9.0,256.0,491.0,1.0,51.0,0.0,9.0,9.0
833,0.0,0.0,96588.71589577448,6,178703.45442522859,178877.8235000232,0.8501483612025782,0.8519536349675052,0.8525756569313923,0.6007979123642684,22,11,0.007101103162483408,0.2025007167609455,0.16513617205864278,174.36907479460535,304738.14958921075,126805.59607389483,152.36907479460538,22.0,2294.0,730.0,0.0,5.0,0.0,0.0,5,198.25172733911774,,220.0,,5.0,18.0,0.0,7.0,0.6624277230522817,22.337572276947718,0.0,7.0,5.0,18.0,0.0,7.0,178.0,0.0,7.0,0.0,0.0,0.0
834,0.0,0.0,374168.95841819525,29,743512.5439605402,744485.0026904367,0.9871037594987846,0.9897027424128337,0.9906601911737283,0.7583027433487349,165,68,0.008701072475678005,0.17568691677231904,0.03403712253878522,972.4587298968756,1614917.4597937523,532411.8480246187,807.4587298968762,165.0,12625.0,1991.0,0.0,63.0,5.0,0.0,65,219.86572012736528,110.02647540973089,190.0,106.9203109741211,63.0,1608.0,5.0,209.0,10.064084957279524,1660.9359150427204,1.2365828965581138,212.7634171034419,63.0,1608.0,5.0,209.0,393.0,0.0,36.0,0.0,5.0,5.0
835,0.0,0.0,74601.77908844364,14,139566.62336049616,139777.15826785588,0.8708216488380778,0.8736437652799673,0.8745859112417276,0.6835688886706967,69,30,0.01083682117755115,0.17428610028806257,0.0702060994752225,210.53490735975578,283069.81471951166,103526.44020633525,141.53490735975583,69.0,6344.0,712.0,0.0,24.0,1.0,0.0,24,232.2416952516604,288.5848869582156,229.34515380859375,288.58489990234375,24.0,283.0,1.0,28.0,3.6210766208683434,303.3789233791316,0.14602170246532986,28.85397829753467,24.0,283.0,1.0,28.0,148.0,0.0,15.0,0.0,1.0,1.0
836,0.0,0.0,79319.807156642,21,157468.9580611958,157788.63290186194,0.9852413124281005,0.9892715143678865,0.9910423856846295,0.8282615636440709,131,53,0.013148176265559393,0.1819092801322353,0.04657655133766388,319.67484066610194,377349.6813322038,113898.10233134349,188.6748406661019,131.0,9210.0,1374.0,0.0,46.0,11.0,0.0,54,198.74284526398188,68.83931683120298,179.81350708007812,70.4302978515625,46.0,898.0,11.0,179.0,7.54657636424343,936.4534236357565,3.213308928731941,186.78669107126805,46.0,898.0,11.0,179.0,267.0,2.0,30.0,0.0,11.0,11.0
837,0.0,0.0,14325.786856602945,9,27888.28615679128,27967.336812035926,0.9467193275975065,0.9522373948447662,0.9544088759965672,0.6808065732815091,52,24,0.007777231720564616,0.1707245110017063,0.10986711930379643,79.05065524465029,54101.31048930061,19866.623139569067,27.050655244650304,52.0,3950.0,586.0,0.0,17.0,2.0,0.0,19,262.2382139840509,78.7093112908529,287.4302673339844,78.70930480957031,17.0,134.0,2.0,18.0,2.3076594691596344,148.6923405308404,0.27255626212466544,19.727443737875333,17.0,134.0,2.0,18.0,131.0,1.0,45.0,0.0,2.0,2.0
838,0.0,0.0,397860.06914270367,26,762830.7410278771,763961.040106458,0.9173342594334755,0.9201752057013843,0.9211277161543083,0.8520101035910922,177,72,0.008707453371980717,0.16282870476962624,0.0379711141063062,1130.2990785808518,1906598.1571617024,559441.1818374228,953.2990785808512,177.0,11010.0,2094.0,0.0,73.0,6.0,0.0,77,217.77357819536854,77.05918630385507,219.43260192871094,78.24142456054688,73.0,1624.0,6.0,299.0,11.96444357888007,1685.03555642112,1.5788536541599594,303.4211463458401,73.0,1624.0,6.0,299.0,447.0,0.0,33.0,0.0,6.0,6.0
839,0.0,0.0,253719.30845971088,24,547864.9776912966,548578.7804548038,1.1593349793411338,1.1621483354386286,1.163435848517071,0.753331936541882,149,68,0.005450307900250855,0.17402526427366033,0.041398441427210414,713.8027635072838,1129605.5270145675,374869.7858874613,564.8027635072838,149.0,10252.0,1844.0,0.0,50.0,7.0,0.0,56,208.7444851226929,75.06830346517407,191.98414611816406,71.54470825195312,50.0,1062.0,7.0,225.0,7.2416548328654375,1104.7583451671346,1.8255288526781583,230.17447114732187,50.0,1062.0,7.0,225.0,385.0,0.0,93.0,0.0,7.0,7.0
840,0.0,0.0,11052.214008117799,22,24007.79279914106,24188.10642487673,1.1722157009905394,1.188530407311212,1.1967734780617336,0.8608295229330504,151,55,0.012828417041959415,0.1769455195281666,0.04452428890123202,180.31362573566827,58627.251471336655,17026.382666215868,29.313625735668328,151.0,9846.0,1242.0,0.0,65.0,9.0,0.0,70,194.22342700117483,78.46375522045926,174.0,77.14112854003906,65.0,1308.0,9.0,158.0,10.691890926393489,1362.3081090736066,2.0691348938598275,164.93086510614017,65.0,1308.0,9.0,158.0,235.0,1.0,155.0,0.0,9.0,9.0
841,0.0,0.0,62817.07299595529,29,126213.04767131245,126538.53209276167,1.009215674207538,1.0143971385121575,1.0167394873308826,0.7900423583202179,184,77,0.00913259491781756,0.17717486216984416,0.03400515301683424,325.4844214492201,282968.84289844043,89542.30109259163,141.4844214492202,184.0,12642.0,1974.0,0.0,67.0,11.0,0.0,70,203.6405733428791,109.70371009261348,192.7562255859375,83.79659271240234,67.0,1688.0,11.0,264.0,10.101134968914959,1744.8988650310846,2.7795405975975473,272.2204594024024,67.0,1688.0,11.0,264.0,413.0,0.0,57.0,0.0,11.0,11.0
842,0.0,0.0,13812.142063824407,19,25110.575048935938,25271.590531390615,0.8180072962544622,0.8296648278459158,0.834209490134947,0.8571252123708891,129,49,0.012175992731312498,0.1691343547660625,0.05160768569949782,161.0154824546783,64030.96490935653,18676.08255631661,32.01548245467826,129.0,7962.0,1614.0,0.0,49.0,12.0,0.0,58,209.70468128785782,74.76234744742072,200.7093048095703,64.07079315185547,49.0,849.0,12.0,192.0,7.876181069036786,890.1238189309632,2.3807266172861072,201.6192733827139,49.0,849.0,12.0,192.0,346.0,3.0,103.0,0.0,12.0,12.0
843,0.0,0.0,68591.93664178971,19,130327.06258116239,130575.29544018676,0.9000347411354541,0.903653721312683,0.9050533674046202,0.7354223754510294,111,49,0.008127570477530951,0.17022255568932015,0.05199014640787873,248.2328590243658,274465.71804873145,93302.06939937187,137.23285902436572,111.0,7844.0,1732.0,0.0,38.0,5.0,0.0,41,217.55080171904447,126.72867981358941,207.86740112304688,105.55039978027344,38.0,614.0,5.0,122.0,5.599876505273137,646.4001234947269,0.9148839915198884,126.08511600848013,38.0,614.0,5.0,122.0,377.0,0.0,37.0,0.0,5.0,5.0
844,0.0,0.0,95291.94216786514,7,181772.13353613773,181983.00676150914,0.9075288990954777,0.9097418167942266,0.9105099767538765,0.6582984509591865,37,18,0.010672643250204374,0.17095707538252713,0.1405732731829373,210.8732253713979,347746.4507427957,132062.61166045014,173.87322537139787,37.0,2863.0,665.0,0.0,11.0,1.0,0.0,11,222.16178258210704,147.24740629362822,198.24740600585938,147.24740600585938,11.0,53.0,1.0,12.0,1.4993208150560062,62.500679184944,0.13475351197151197,12.865246488028488,11.0,53.0,1.0,12.0,141.0,1.0,55.0,0.0,1.0,1.0
845,0.0,0.0,16319.557326483064,14,32418.453467216597,32538.958686201186,0.9864787272512934,0.9938628257641271,0.9970954152892681,0.7228245465276031,87,36,0.0086837311840376,0.18240660463516525,0.07051915818781473,120.50521898459786,67010.43796919574,23176.591847602936,33.505218984597875,87.0,6105.0,951.0,0.0,31.0,6.0,0.0,37,232.0094457164245,83.17552625426121,235.19496154785156,91.03620910644531,31.0,415.0,6.0,66.0,4.260993241960605,441.73900675803935,0.8936368839920072,71.10636311600798,31.0,415.0,6.0,66.0,201.0,1.0,68.0,0.0,6.0,6.0
846,0.0,0.0,481971.5954133621,25,960147.0679461842,961413.9698730748,0.9921237622368924,0.994752344375232,0.9956861756125355,0.8090309143693006,150,62,0.01000206185067903,0.173645677763978,0.0393725599955275,1266.901926890709,2233803.8537814184,690271.476066781,1116.9019268907093,150.0,10861.0,1739.0,0.0,56.0,7.0,0.0,58,222.08161387068412,88.35151333101446,205.13687133789062,66.11925506591797,56.0,1221.0,7.0,166.0,9.769321733354314,1267.2306782666456,1.419837422776879,171.58016257722312,56.0,1221.0,7.0,166.0,346.0,0.0,36.0,0.0,7.0,7.0
847,0.0,0.0,18216.089795977507,16,36933.43324612053,37080.2187239888,1.027517082962349,1.035575095385009,1.039399313031812,0.7642090705197564,107,45,0.008253182513901482,0.17502391503613438,0.061758551424925624,146.78547786827252,79570.95573654506,26030.493096093127,39.78547786827253,107.0,6896.0,1168.0,0.0,40.0,6.0,0.0,45,213.67232327816046,72.37766799753426,193.74050903320312,56.68950653076172,40.0,566.0,6.0,108.0,5.562581826750674,600.4374181732494,1.1000691150101334,112.89993088498987,40.0,566.0,6.0,108.0,245.0,0.0,69.0,0.0,6.0,6.0
848,0.0,0.0,150488.47971591624,21,263515.8401332814,263912.37476613646,0.7510698535245484,0.7537048368375807,0.7544811622956458,0.6897951634610509,118,54,0.006236607970310319,0.16047463573910223,0.04720658582685493,396.5346328549755,557069.2657099508,201896.62642560905,278.5346328549754,118.0,9187.0,1397.0,0.0,41.0,2.0,0.0,42,238.05104249392872,74.44303740704193,262.8335876464844,74.44303894042969,41.0,757.0,2.0,82.0,6.150635212042979,791.8493647879573,0.37997840147774076,83.62002159852226,41.0,757.0,2.0,82.0,274.0,1.0,58.0,0.0,2.0,2.0
849,0.0,0.0,19466.608426143386,20,39065.01338434556,39216.92618886467,1.0067703900532456,1.0145741533587782,1.017875464991317,0.7331934994046013,111,45,0.0067444851964924635,0.1761221712365887,0.049558521765951526,151.912804519108,81825.60903821599,27900.41411464486,40.91280451910799,111.0,8860.0,1220.0,0.0,44.0,2.0,0.0,44,239.4027880097935,52.773715903607396,199.395751953125,52.77371597290039,44.0,742.0,2.0,92.0,6.831825991970116,779.1681740080302,0.2910644324307158,93.70893556756928,44.0,742.0,2.0,92.0,258.0,0.0,67.0,0.0,2.0,2.0
850,0.0,0.0,43436.58663973837,30,81150.73987680413,81447.478389248,0.8682577558376239,0.8750892896988136,0.8777504804653358,0.8245869119937425,199,80,0.006392607061134556,0.17262475712166492,0.03305553290296522,296.73851244389823,195477.0248877966,59265.136895988,97.7385124438983,199.0,12628.0,2492.0,0.0,77.0,12.0,0.0,82,207.71943469132844,110.42578120128239,188.14456176757812,102.53668212890625,77.0,2004.0,12.0,367.0,12.262328188084211,2068.737671811916,2.2919147206133723,376.70808527938664,77.0,2004.0,12.0,367.0,558.0,2.0,42.0,0.0,12.0,12.0
851,0.0,0.0,40614.1754620417,21,82572.58283662154,82772.93086552634,1.0330976044015587,1.038030562577505,1.040164628291162,0.6902123014532997,118,53,0.005166714476717219,0.177908225755516,0.0473725437790003,200.34802890481973,164696.0578096394,59654.130136067586,82.3480289048197,118.0,9132.0,1452.0,0.0,42.0,2.0,0.0,42,215.4340395530249,32.73996141822941,182.88201904296875,32.739959716796875,42.0,723.0,2.0,115.0,6.129363415622549,758.8706365843774,0.3862175122054089,116.6137824877946,42.0,723.0,2.0,115.0,325.0,0.0,200.0,0.0,2.0,2.0
852,0.0,0.0,26921.41152043648,7,55152.87761231545,55224.66339477653,1.048662179932431,1.0513286739387566,1.0524672060976918,0.5830116041220663,26,13,0.007277462174320974,0.20394543755834862,0.14145427239436778,71.7857824610775,91571.56492215498,39266.613337846386,45.785782461077495,26.0,3074.0,454.0,0.0,6.0,0.0,0.0,6,207.33333333333334,,173.0,,6.0,29.0,0.0,7.0,0.8051841500412048,34.19481584995879,0.0,7.0,6.0,29.0,0.0,7.0,99.0,0.0,3.0,0.0,0.0,0.0
853,0.0,0.0,158097.42893785483,18,299345.6381900529,299784.13143250486,0.8934250873094218,0.8961986507088895,0.8971062117239184,0.7618680480568999,104,44,0.012317364887086303,0.1614480347864307,0.05442193932714963,438.49324245197636,668986.4849039526,219521.76843817104,334.4932424519763,104.0,8168.0,904.0,0.0,39.0,3.0,0.0,42,224.24200713907203,63.90103767538176,233.17295837402344,62.42765426635742,39.0,658.0,3.0,56.0,6.204072177726186,690.7959278222737,0.5073562244693093,58.49264377553069,39.0,658.0,3.0,56.0,170.0,0.0,59.0,0.0,3.0,3.0
854,0.0,0.0,488636.5185822153,16,1061390.8884266687,1062535.3819215517,1.172148106134816,1.1744903246374436,1.1753551004013585,0.7133617016207401,84,37,0.010823841816732826,0.18810860444277597,0.06141787266564832,1144.4934948829723,2120986.989765945,743307.0015348158,1060.4934948829725,84.0,7284.0,780.0,0.0,30.0,1.0,0.0,30,241.28187814790647,22.9212714583458,221.0,22.92127227783203,30.0,425.0,1.0,24.0,4.654275813053753,450.3457241869463,0.15970120999437487,24.840298790005626,30.0,425.0,1.0,24.0,149.0,0.0,47.0,0.0,1.0,1.0
855,0.0,0.0,451428.6250568427,17,906030.9624222036,907044.6147479789,1.0070303745317846,1.009275806632258,1.0100668996719118,0.7148570747934616,95,42,0.008410195282563808,0.1722789192281852,0.05809063041211724,1013.6523257755387,1837304.6515510774,642542.655146106,918.6523257755387,95.0,7292.0,1276.0,0.0,35.0,1.0,0.0,36,224.16948776962496,45.49555197126791,217.0,45.49555206298828,35.0,503.0,1.0,73.0,5.148963754713819,532.8510362452863,0.14216676386120708,73.85783323613879,35.0,503.0,1.0,73.0,284.0,0.0,62.0,0.0,1.0,1.0
856,0.0,0.0,28554.34641036444,18,56177.643616491325,56331.50225172493,0.9673937833891513,0.9727820571399297,0.9749670993924526,0.6681961899215835,99,45,0.005131451429172777,0.17009222561177662,0.055227441061529735,153.8586352335954,109717.2704671908,41049.796497667376,54.8586352335954,99.0,8087.0,985.0,0.0,35.0,1.0,0.0,35,242.2937057220129,99.81404285152473,223.0,99.81404113769531,35.0,542.0,1.0,52.0,4.947250785634816,572.0527492143651,0.13388242043816068,52.86611757956184,35.0,542.0,1.0,52.0,208.0,1.0,48.0,0.0,1.0,1.0
857,0.0,0.0,237449.6681253372,20,464688.00390702544,465330.23522759305,0.9569958028399563,0.959700507907089,0.9606949410552377,0.7587925203787905,128,57,0.006699497125973308,0.17831169388808563,0.049563605897567344,642.231320567611,1028462.6411352213,338848.4379833538,514.2313205676107,128.0,8892.0,1188.0,0.0,47.0,4.0,0.0,51,196.07711711269792,86.43433810675961,166.0,90.6363754272461,47.0,866.0,4.0,103.0,7.332767554408196,905.6672324455917,0.7343342875758677,106.26566571242412,47.0,866.0,4.0,103.0,240.0,1.0,54.0,0.0,4.0,4.0
858,0.0,0.0,10256.200599250848,14,21362.986472402226,21464.20026626515,1.0829337595018043,1.092802306132056,1.0974981177230712,0.7547463740408632,79,30,0.015905096502784846,0.1766611975005864,0.06952496765294175,101.21379386292777,44427.58772585555,14716.065308135607,22.213793862927776,79.0,6102.0,954.0,0.0,32.0,3.0,0.0,34,234.30476461143905,95.32504676743719,240.1858367919922,65.86790466308594,32.0,385.0,3.0,56.0,4.74191370390766,412.25808629609236,0.5639852341304664,58.43601476586954,32.0,385.0,3.0,56.0,198.0,0.0,72.0,0.0,3.0,3.0
859,0.0,0.0,438838.04154379683,20,797972.54476832,798993.1802770906,0.818375959297232,0.8207017273759976,0.821417426041211,0.7527730194403408,114,48,0.011093605057152586,0.1643359509888825,0.04910425099294839,1020.6355087710565,1813271.017542113,602197.1333703663,906.6355087710566,114.0,8461.0,1619.0,0.0,39.0,7.0,0.0,46,227.81249367315743,95.13347728865459,224.405517578125,91.16961669921875,39.0,714.0,7.0,160.0,6.235688079518705,746.7643119204814,1.4552916738938384,165.54470832610616,39.0,714.0,7.0,160.0,322.0,0.0,29.0,0.0,7.0,7.0
860,0.0,0.0,28690.489114617976,24,58909.19987248133,59115.00742926328,1.0532657926165063,1.060439164808237,1.0640293471399378,0.7362509293830726,145,61,0.005619212507603517,0.1766070088489954,0.04138411435701708,205.80755678193623,121615.11356387229,41295.40239282868,60.80755678193615,145.0,10405.0,1691.0,0.0,50.0,10.0,0.0,58,222.7628579354561,55.89340591801071,216.66387939453125,49.54804611206055,50.0,1101.0,10.0,231.0,7.362791125466987,1143.637208874533,1.7646573790375073,239.23534262096248,50.0,1101.0,10.0,231.0,358.0,0.0,108.0,0.0,10.0,10.0
861,0.0,0.0,348029.0767025445,30,683497.5200874568,684489.919717372,0.9639092416167065,0.9667607264389457,0.9677785240593517,0.7935048599101542,194,80,0.007196038682088484,0.16939869426293774,0.0330093925496749,992.3996299152614,1596799.259830523,503084.2722284408,798.3996299152616,194.0,13009.0,2111.0,0.0,69.0,15.0,0.0,77,215.8906092459188,91.97620984014337,201.48097229003906,87.6063003540039,69.0,1954.0,15.0,272.0,10.786845051960864,2012.213154948039,3.0922662753652603,283.9077337246348,69.0,1954.0,15.0,272.0,423.0,1.0,44.0,0.0,15.0,15.0
862,0.0,0.0,290342.17420745286,11,611802.8490382733,612504.5428869455,1.107178713214199,1.1095954955868863,1.110537792762325,0.7625569099396177,70,30,0.01048564323507633,0.18317635007866223,0.08939951267775154,701.6938486723456,1263387.6973446913,414194.5607196489,631.6938486723457,70.0,4670.0,874.0,0.0,28.0,1.0,0.0,28,237.9697691188554,117.41206904224768,262.49945068359375,117.41207122802734,28.0,237.0,1.0,42.0,3.9404730692742467,261.0595269307258,0.14889543971259467,42.8511045602874,28.0,237.0,1.0,42.0,203.0,0.0,22.0,0.0,1.0,1.0
863,0.0,0.0,49867.66739298221,16,93072.29700193368,93263.6328693572,0.8663856135174188,0.870222485731948,0.8716103977056713,0.7123997955915163,95,43,0.004162166061363731,0.1610582656302497,0.062263989182226157,191.33586742355857,192671.73484711722,67613.62651962125,96.33586742355861,95.0,6847.0,1217.0,0.0,36.0,0.0,0.0,35,226.57392251197993,,243.74136352539062,,36.0,462.0,0.0,62.0,5.095768237009812,492.9042317629903,0.0,62.0,36.0,462.0,0.0,62.0,279.0,0.0,59.0,0.0,0.0,0.0
864,0.0,0.0,331074.69701357075,9,667347.1010291214,668002.1510488963,1.0156994993844752,1.0176780559630472,1.0183699012598755,0.6370380992516239,42,18,0.013867487741117528,0.17052808220927226,0.10854522969713737,655.0500197749327,1226100.0395498653,481172.17831643677,613.0500197749327,42.0,4183.0,353.0,0.0,15.0,0.0,0.0,15,241.14449161779223,,229.46018981933594,,15.0,114.0,0.0,6.0,2.0919166623779804,126.90808333762202,0.0,6.0,15.0,114.0,0.0,6.0,47.0,0.0,32.0,0.0,0.0,0.0
865,0.0,0.0,40403.81679556491,6,95247.91334421268,95354.23984466892,1.3573989018450345,1.3600304972953907,1.3611793587132723,0.6183838899683722,26,12,0.012389748310492393,0.18959262852704747,0.16334491429510345,106.32650045626032,160653.00091252063,64948.733108464934,80.32650045626032,26.0,2892.0,132.0,0.0,8.0,0.0,0.0,8,275.3027000673802,,314.3223876953125,,8.0,40.0,0.0,0.0,1.0732105521557744,46.92678944784422,0.0,0.0,8.0,40.0,0.0,0.0,18.0,0.0,56.0,0.0,0.0,0.0
866,0.0,0.0,30698.062798235405,17,60972.211723896326,61163.04258658633,0.9861908591639583,0.9924072404367523,0.9950514375883057,0.8610671402333403,117,49,0.010889936838187281,0.1736740398536441,0.057818846604190496,190.8308626899989,147661.72537999775,42871.72233165899,73.83086268999888,117.0,6948.0,1620.0,0.0,46.0,5.0,0.0,50,213.71528095618126,99.69001926628738,200.31187438964844,100.08748626708984,46.0,669.0,5.0,130.0,7.525199458095747,707.4748005419044,1.058588212361685,133.94141178763834,46.0,669.0,5.0,130.0,351.0,2.0,26.0,0.0,5.0,5.0
867,0.0,0.0,198721.89308844673,11,401150.89862316864,401589.41431624704,1.0186547762234994,1.0208614565558132,1.0217323430070895,0.6576898203516778,59,28,0.008681123469747408,0.16728634455822403,0.08968552487517684,438.51569307833375,759031.3861566673,288521.79350700625,379.51569307833364,59.0,4577.0,967.0,0.0,18.0,2.0,0.0,20,188.9440697001454,93.43294433696613,159.08993530273438,93.43293762207031,18.0,152.0,2.0,48.0,2.5563585404350713,167.44364145956493,0.26480067838364774,49.73519932161635,18.0,152.0,2.0,48.0,216.0,1.0,37.0,0.0,2.0,2.0
868,0.0,0.0,224033.55087710984,6,463642.2056309701,464065.85988256894,1.0695213007862998,1.0714123311696522,1.0720680146572508,0.5672282872698498,24,12,0.009993638607397786,0.18465880490986272,0.16401811621373777,423.6542515988208,799308.5031976417,352286.9544486343,399.65425159882085,24.0,2858.0,166.0,0.0,6.0,0.0,0.0,6,229.02761430796963,,250.5828399658203,,6.0,29.0,0.0,1.0,0.8000817539841135,34.19991824601588,0.0,1.0,6.0,29.0,0.0,1.0,32.0,0.0,44.0,0.0,0.0,0.0
869,0.0,0.0,118077.43122952971,24,233806.9136710361,234227.16455110238,0.9801151772732999,0.983674289930903,0.9850055333087435,0.8110599771745453,147,61,0.010282308330524834,0.1722673796998089,0.04100848640563943,420.25088006630375,546501.7601326073,168452.94291195084,273.25088006630364,147.0,10689.0,1407.0,0.0,56.0,6.0,0.0,60,226.40650328717615,79.68225670659956,219.91567993164062,82.82115173339844,56.0,1258.0,6.0,120.0,9.25867493029705,1304.741325069703,1.6212653631212028,124.37873463687879,56.0,1258.0,6.0,120.0,287.0,0.0,43.0,0.0,6.0,6.0
870,0.0,0.0,204552.32253506026,12,416802.7605665177,417253.6754389444,1.0376339676860806,1.0398383663789845,1.0407333983492784,0.6585706414099589,62,28,0.008573416332633478,0.17220847908086906,0.0822438821232735,450.9148724268178,777829.7448536358,295271.94804355025,388.9148724268179,62.0,5301.0,747.0,0.0,18.0,4.0,0.0,22,189.19491470375536,112.4787103876562,166.9482421875,104.91969299316406,18.0,197.0,4.0,45.0,2.473191553719187,212.52680844628082,0.5577428233826446,48.44225717661735,18.0,197.0,4.0,45.0,156.0,1.0,55.0,0.0,4.0,4.0
871,0.0,0.0,28764.782237775074,11,57560.2913235589,57672.73843364906,1.0010682106944095,1.004977404553784,1.0065691850381073,0.6771485129953978,56,25,0.011215246555740702,0.17532202121421708,0.08930354160979279,112.44711009016928,112894.22018033848,41680.00741851506,56.44711009016924,56.0,4568.0,976.0,0.0,17.0,3.0,0.0,20,225.08951640197344,119.62618875315682,216.0,130.00819396972656,17.0,161.0,3.0,39.0,2.5698138194665887,175.43018618053344,0.4195602862151846,41.58043971378482,17.0,161.0,3.0,39.0,236.0,1.0,53.0,0.0,3.0,3.0
872,0.0,0.0,101313.11673157304,24,215844.07635384137,216228.09326337132,1.1304652676485678,1.1342556644098027,1.1359267236707176,0.7418149036476648,156,68,0.005552237570192154,0.17550314057978064,0.04139394753745791,384.01690952997285,456033.8190599455,153688.54710842567,228.01690952997276,156.0,10581.0,1515.0,0.0,58.0,6.0,0.0,60,206.7981206757297,54.40052677437901,202.4581756591797,45.444786071777344,58.0,1180.0,6.0,196.0,8.570069346555849,1229.4299306534438,1.0088520544302753,200.99114794556974,58.0,1180.0,6.0,196.0,327.0,1.0,55.0,0.0,6.0,6.0
873,0.0,0.0,17756.140381746885,29,38469.69010291986,38709.905074603674,1.166556992445626,1.1800855502582657,1.187228201336059,0.898196482350627,192,72,0.011521265346397651,0.17682190386727173,0.033856009555565184,240.214971683812,96429.94336762381,26839.880043635225,48.2149716838119,192.0,12892.0,1724.0,0.0,79.0,12.0,0.0,84,191.22777047236605,72.468024659556,174.0,62.096153259277344,79.0,2087.0,12.0,258.0,14.49622115302441,2151.5037788469763,2.8830707341891744,267.11692926581077,79.0,2087.0,12.0,258.0,355.0,0.0,129.0,0.0,12.0,12.0
874,0.0,0.0,15332.898800839956,29,30859.47900334831,31077.963829591292,1.0126317537332072,1.0268811679555858,1.0335643514505168,0.8498553678326246,182,68,0.008867299099310295,0.1708581415150196,0.0340358221287104,218.48482624298646,72969.65248597301,21465.314937077645,36.48482624298651,182.0,12477.0,2139.0,0.0,72.0,13.0,0.0,78,219.72851322621014,84.13617827108195,220.22119140625,82.10418701171875,72.0,1940.0,13.0,237.0,11.646331261960224,2000.35366873804,3.22119858613281,246.77880141386717,72.0,1940.0,13.0,237.0,435.0,0.0,130.0,0.0,13.0,13.0
875,0.0,0.0,26416.954634036847,26,52283.97785299584,52525.29511959427,0.9791826339297531,0.9883175728332521,0.9922141187074731,0.9170379925431437,172,65,0.014671812053816163,0.17719184184760592,0.03751146666833636,241.31726659843844,138634.53319687684,37794.10840231751,69.31726659843842,172.0,11507.0,1597.0,0.0,70.0,11.0,0.0,75,195.1408257946235,67.91600954873465,174.2335205078125,80.32813262939453,70.0,1633.0,11.0,236.0,13.412872786233983,1689.5871272137663,2.261936815431245,244.73806318456877,70.0,1633.0,11.0,236.0,285.0,0.0,31.0,0.0,11.0,11.0
876,0.0,0.0,14489.418029401944,14,30567.33544072345,30670.103510467954,1.1096316897404837,1.116724318963822,1.1198954296081665,0.6720409963713962,73,31,0.009080969871581449,0.18380502184825584,0.07048000081167717,102.76806974450918,59536.13948901836,22147.510274848006,29.76806974450918,73.0,6418.0,638.0,0.0,27.0,1.0,0.0,28,222.1145736392568,44.03666906763041,189.09608459472656,44.03667068481445,27.0,337.0,1.0,27.0,3.790254295024138,360.2097457049759,0.15957964806780467,27.840420351932195,27.0,337.0,1.0,27.0,136.0,0.0,110.0,0.0,1.0,1.0
877,0.0,0.0,80064.10010782447,6,177779.28613250595,177999.79177768106,1.2204619285433274,1.2232160423706002,1.2244720011946142,0.7122763318043402,42,20,0.007312654594333214,0.19467651301452527,0.1650327791972632,220.50564517515198,357011.2903503039,125306.4556581299,178.50564517515195,42.0,2663.0,361.0,0.0,16.0,0.0,0.0,14,186.112000892305,,180.03515625,,16.0,52.0,0.0,16.0,2.18389852517236,65.81610147482765,0.0,16.0,16.0,52.0,0.0,16.0,103.0,0.0,34.0,0.0,0.0,0.0
878,0.0,0.0,101017.27158933746,18,192657.1561220925,192964.02064678766,0.9071704579915401,0.9102082011404804,0.9113705738070281,0.7357883862707756,104,44,0.00943214987547347,0.1699298756794218,0.05473214058220384,306.8645246951754,405729.0493903508,137855.20978617333,202.86452469517542,104.0,7607.0,1465.0,0.0,38.0,4.0,0.0,41,208.6977606237114,97.31100946318618,211.05514526367188,78.4717025756836,38.0,570.0,4.0,126.0,5.538314311296447,602.4616856887036,0.7841543948485524,129.21584560515146,38.0,570.0,4.0,126.0,341.0,0.0,38.0,0.0,4.0,4.0
879,0.0,0.0,75204.71830169874,10,146195.92447372535,146387.89710492743,0.9439727689322792,0.9465254363118967,0.9474464827769762,0.6559055275128032,53,26,0.007100368553307068,0.16726774385583093,0.09905832043567593,191.9726312020906,277945.2624041812,105939.51824821135,138.97263120209058,53.0,4173.0,867.0,0.0,16.0,1.0,0.0,17,240.08923811157388,161.33335449678373,250.6773223876953,161.33335876464844,16.0,123.0,1.0,30.0,2.1637952824832283,136.83620471751678,0.13220852682714623,30.867791473172854,16.0,123.0,1.0,30.0,211.0,1.0,70.0,0.0,1.0,1.0
880,0.0,0.0,42313.989049459095,11,96315.9450453662,96464.08023940887,1.2762199265303589,1.2797207828043806,1.2813974026767538,0.6875042862895562,59,26,0.009886824896231229,0.16908268694842496,0.08951776082808123,148.13519404268226,178270.38808536442,64825.19150807239,89.13519404268222,59.0,4702.0,842.0,0.0,22.0,0.0,0.0,21,233.24508173273014,,258.7120361328125,,22.0,177.0,0.0,32.0,3.0153195388636673,195.98468046113635,0.0,32.0,22.0,177.0,0.0,32.0,192.0,0.0,28.0,0.0,0.0,0.0
881,0.0,0.0,36707.12997880412,23,71377.23241212073,71590.2352732895,0.9445059434866263,0.9503087088156443,0.9527195769213674,0.7308557991058784,137,59,0.0074322417810008794,0.17654081470003297,0.043021148452203235,213.00286116877805,152005.722337556,51995.79811897172,76.00286116877801,137.0,9998.0,1594.0,0.0,49.0,6.0,0.0,52,217.19959422367893,106.88221703425285,179.1559600830078,84.6267318725586,49.0,968.0,6.0,173.0,7.334383883464902,1009.665616116535,1.157844819221851,177.84215518077812,49.0,968.0,6.0,173.0,320.0,0.0,56.0,0.0,6.0,6.0
882,0.0,0.0,319287.17774092866,23,597197.0549664637,598005.3382243334,0.8704072590444976,0.8729387833718714,0.8737259929855423,0.7432826074348067,137,58,0.006514851234314117,0.16085935703866508,0.0431185067751662,808.2832578697615,1342566.5157395224,451566.6390920088,671.2832578697612,137.0,10086.0,1506.0,0.0,54.0,2.0,0.0,53,216.84605152903436,80.91653956338962,215.0,80.91653442382812,54.0,1008.0,2.0,155.0,8.386705869203592,1053.6132941307965,0.47403503878036335,156.52596496121964,54.0,1008.0,2.0,155.0,300.0,0.0,72.0,0.0,2.0,2.0
883,0.0,0.0,29609.079196626255,30,58926.26236579513,59174.54788309256,0.9901416715623281,0.9985271237288282,1.0024062776541984,0.7682762971238204,184,73,0.006282766396252552,0.1715101027699463,0.03306695685538942,248.28551729743396,128571.03459486787,41837.49878663331,64.28551729743394,184.0,12849.0,2271.0,0.0,67.0,14.0,0.0,76,221.1820261905548,94.45585448961478,209.93580627441406,93.41604614257812,67.0,1867.0,14.0,332.0,9.877140562219157,1924.1228594377812,2.9627903510286666,343.0372096489713,67.0,1867.0,14.0,332.0,462.0,5.0,92.0,0.0,14.0,14.0
884,0.0,0.0,148920.34497215023,8,275784.4027651297,276085.96743381274,0.8518920488446657,0.8539170553589834,0.8545565425704371,0.6367262034685753,39,17,0.01440737208335116,0.18277057580784456,0.12195496039339913,301.56466868308064,525129.3373661614,206183.33849993593,262.5646686830807,39.0,3699.0,333.0,0.0,13.0,1.0,0.0,14,255.5648757763321,126.50572286711916,266.3246154785156,126.50572204589844,13.0,92.0,1.0,6.0,1.8349449981722095,103.16505500182777,0.13970444668955861,6.860295553310442,13.0,92.0,1.0,6.0,66.0,0.0,34.0,0.0,1.0,1.0
885,0.0,0.0,13573.636352632668,26,27177.575694799583,27382.130414587682,1.0022324886822513,1.0173024901523013,1.0248496042857251,0.8458357902999863,172,64,0.009822813926050746,0.1662957204869759,0.03790826473734983,204.55471978808833,65109.43957617662,19244.113432787213,32.55471978808831,172.0,11072.0,2032.0,0.0,64.0,18.0,0.0,78,194.03702313626897,75.13618837316966,191.86083984375,69.18061065673828,64.0,1620.0,18.0,326.0,9.67860877589499,1674.3213912241051,4.540642602985904,339.45935739701423,64.0,1620.0,18.0,326.0,426.0,1.0,137.0,0.0,18.0,18.0
886,0.0,0.0,391259.19599638006,24,769460.9071101275,770561.7142004325,0.9666270211250103,0.9694405194442044,0.9703957342066318,0.8470177438295264,153,63,0.009083897155372044,0.16760947030252568,0.04109865396822051,1100.8070903053376,1895614.1806106758,559496.5968600161,947.807090305338,153.0,10281.0,1815.0,0.0,62.0,4.0,0.0,61,203.83357574430795,88.3921203261458,184.7545623779297,76.29345703125,62.0,1226.0,4.0,172.0,10.945160652430701,1277.054839347569,0.8275491436274031,175.1724508563726,62.0,1226.0,4.0,172.0,412.0,1.0,40.0,0.0,4.0,4.0
887,0.0,0.0,240530.84292550627,18,528901.5512667662,529544.5604935241,1.1988928523007334,1.201566144502836,1.202790342281232,0.749318463054417,108,44,0.0109199904950745,0.18390891501793888,0.054570215307133324,643.009226757941,1070018.4535158817,356997.22690476896,535.0092267579408,108.0,7963.0,1109.0,0.0,42.0,4.0,0.0,44,199.55920770737845,62.56273269800875,179.23141479492188,59.254547119140625,42.0,645.0,4.0,101.0,6.334485100158494,680.6655148998415,0.6187759991419661,104.38122400085804,42.0,645.0,4.0,101.0,282.0,1.0,29.0,0.0,4.0,4.0
888,0.0,0.0,175792.69592066074,14,378407.2645126803,378825.00882497156,1.1525767184517388,1.1549530646935633,1.155984431899455,0.6589756456326289,72,34,0.004496142444298415,0.18226772842866967,0.0711055820209745,417.7443122912458,691488.6245824916,262334.66637399385,345.7443122912458,72.0,5950.0,1106.0,0.0,22.0,2.0,0.0,23,211.9809020020731,50.05652480240266,204.7936553955078,50.05652618408203,22.0,227.0,2.0,71.0,3.0180290078885275,245.98197099211148,0.35691836339252014,72.64308163660749,22.0,227.0,2.0,71.0,257.0,0.0,80.0,0.0,2.0,2.0
889,0.0,0.0,104562.53002382058,22,212623.43392868113,212939.3476691534,1.0334572420946873,1.0364785322298848,1.0377183640069014,0.6735935473560167,115,52,0.005213331585886398,0.17887936163757026,0.04518102349030865,315.91374047228715,401827.48094457434,149135.7371674001,200.91374047228717,115.0,9735.0,1353.0,0.0,38.0,3.0,0.0,41,239.63076517638555,86.62771531768885,214.5,83.12930297851562,38.0,768.0,3.0,93.0,5.395844671086881,800.6041553289131,0.44619877320678125,95.55380122679323,38.0,768.0,3.0,93.0,285.0,0.0,60.0,0.0,3.0,3.0
890,0.0,0.0,169193.41873629208,15,321114.14430544805,321489.608162758,0.8979115541482281,0.9001306939948859,0.900922762704226,0.6507824289073472,73,34,0.006389502196421433,0.18133183100489175,0.06607379648856944,375.463857309957,604927.7146199141,232384.77552151246,302.46385730995706,73.0,6054.0,1506.0,0.0,22.0,2.0,0.0,24,228.69253949884285,110.25885242182889,219.3654022216797,110.25885009765625,22.0,258.0,2.0,78.0,3.0358188506484636,276.96418114935153,0.27876918982617516,79.72123081017382,22.0,258.0,2.0,78.0,375.0,1.0,29.0,0.0,2.0,2.0
891,0.0,0.0,111264.88756444183,6,317719.64926838275,318008.2131749093,1.8555248310871435,1.8581183168924422,1.8593836358457327,0.6302589214518075,27,12,0.011121815573503727,0.21499479620405162,0.1639308956806022,288.563906526555,523127.81305311003,207505.12021633904,261.563906526555,27.0,2990.0,34.0,0.0,9.0,0.0,0.0,9,258.991942874411,,233.0,,9.0,44.0,0.0,1.0,1.2483635459565254,51.75163645404347,0.0,1.0,9.0,44.0,0.0,1.0,0.0,0.0,84.0,0.0,0.0,0.0
892,0.0,0.0,43286.9156541547,30,88785.84568457346,89066.5547699118,1.0511012240728164,1.0575860724639816,1.0604324555974722,0.7839330718541004,182,76,0.005404056110409447,0.17269748286224484,0.033131680039052716,280.7090853383471,197418.17067669443,62957.597327082905,98.70908533834722,182.0,13549.0,1571.0,0.0,67.0,9.0,0.0,70,224.93957684500404,64.2827969219133,227.88088989257812,63.61336898803711,67.0,1822.0,9.0,202.0,11.188775075675961,1877.8112249243247,1.3001848119349801,209.69981518806503,67.0,1822.0,9.0,202.0,347.0,3.0,104.0,0.0,9.0,9.0
893,0.0,0.0,160730.72363998694,7,322027.50286884716,322398.27138775965,1.0035217634566318,1.0058285316370759,1.0066306910598137,0.6958361583305475,43,20,0.014066717757992914,0.169799321348185,0.13943792517609008,370.7685189125208,655537.0378250415,235521.33285147476,327.76851891252073,43.0,3115.0,413.0,0.0,16.0,0.0,0.0,16,206.97836214233814,,198.60935974121094,,16.0,90.0,0.0,6.0,2.1997958763723053,103.8002041236277,0.0,6.0,16.0,90.0,0.0,6.0,77.0,0.0,18.0,0.0,0.0,0.0
894,0.0,0.0,43874.27765873652,15,89820.63974189282,89997.28622568015,1.0472277729684096,1.051253969938792,1.0530183107843007,0.7151382268486955,87,37,0.010352380833690358,0.18316239800926426,0.06557379684420131,176.64648378732346,179292.96757464687,62677.73167598428,89.64648378732343,87.0,6768.0,792.0,0.0,33.0,2.0,0.0,34,214.05168793864271,44.89109656846479,230.5057373046875,44.89109802246094,33.0,424.0,2.0,51.0,4.6024039282332225,452.39759607176677,0.29258929153879953,52.7074107084612,33.0,424.0,2.0,51.0,173.0,0.0,23.0,0.0,2.0,2.0
895,0.0,0.0,24659.918271494513,28,51550.69930159077,51778.7148901537,1.0904651318808507,1.099711536757484,1.104244258954446,0.8062791260785719,170,66,0.00821460489362116,0.17356778958506963,0.035290847142158716,228.01558856295767,116031.17712591548,35977.35987853425,58.01558856295774,170.0,12396.0,1716.0,0.0,66.0,10.0,0.0,75,223.66125543090638,66.67825659225686,216.9473419189453,68.22144317626953,66.0,1802.0,10.0,222.0,10.847481832245252,1857.1525181677553,2.050652744975313,229.9493472550247,66.0,1802.0,10.0,222.0,367.0,0.0,136.0,0.0,10.0,10.0
896,0.0,0.0,86069.2546274682,17,175613.02361034794,175885.34344210132,1.0403688212527253,1.0435327830289953,1.0447967943977008,0.7158630659482977,94,40,0.008829238231663752,0.17803137444310688,0.058055469824862475,272.31983175335165,356639.66350670333,124548.84197519878,178.31983175335168,94.0,7479.0,1089.0,0.0,35.0,2.0,0.0,34,215.38667406867452,78.96158232821851,207.3771209716797,78.96157836914062,35.0,476.0,2.0,65.0,5.156403868870585,505.84359613112946,0.27913919791065456,66.72086080208935,35.0,476.0,2.0,65.0,221.0,0.0,27.0,0.0,2.0,2.0
897,0.0,0.0,61111.70799955148,5,123425.48869172328,123567.95762628851,1.0196700883017233,1.022001375369764,1.0228966974102494,0.6596424513571519,26,12,0.009743740883443394,0.18225211438943228,0.19750320629590723,142.46893456524901,232937.869130498,88281.86718852402,116.468934565249,26.0,2135.0,385.0,0.0,9.0,0.0,0.0,9,224.2145515888665,,192.52879333496094,,9.0,30.0,0.0,6.0,1.2193353950482,37.780664604951795,0.0,6.0,9.0,30.0,0.0,6.0,84.0,0.0,102.0,0.0,0.0,0.0
898,0.0,0.0,91016.77739589139,28,174608.68369625593,174991.02850589372,0.9184230500358057,0.9226238668585627,0.9241036568650947,0.7966368398316533,176,75,0.007868890825985735,0.17684658258114172,0.03531166458351748,382.3448096378673,412689.6192757345,129509.95944492875,206.34480963786726,176.0,12059.0,2053.0,0.0,70.0,3.0,0.0,70,228.08915533414978,95.33568744368343,213.29937744140625,98.0338363647461,70.0,1695.0,3.0,192.0,11.532474942625672,1753.4675250573737,0.8191125329916951,194.18088746700832,70.0,1695.0,3.0,192.0,461.0,0.0,47.0,0.0,3.0,3.0
899,0.0,0.0,418774.33174383716,10,830437.1118533446,831243.6880556534,0.9830181768669628,0.9849442170780474,0.9856099856561624,0.6123016083706538,46,22,0.009003833269639138,0.1840352795557885,0.09858693589775305,806.5762023089978,1521152.404617996,621079.703132665,760.576202308998,46.0,4321.0,719.0,0.0,14.0,0.0,0.0,14,223.4078183244597,,196.3678741455078,,14.0,104.0,0.0,22.0,1.9540416768981914,116.04595832310181,0.0,22.0,14.0,104.0,0.0,22.0,165.0,0.0,63.0,0.0,0.0,0.0
900,0.0,0.0,28694.160542151363,7,54457.82192954655,54556.093933548655,0.8978712358407801,0.9012960443086124,0.9025612534543896,0.7045516839096954,43,21,0.014571224406360495,0.18950323744110112,0.13933812805578139,98.27200400211267,110544.00800422534,39224.94634843358,55.27200400211267,43.0,3076.0,452.0,0.0,15.0,0.0,0.0,15,227.27314878060218,,237.7305145263672,,15.0,78.0,0.0,12.0,2.063894147050698,90.9361058529493,0.0,12.0,15.0,78.0,0.0,12.0,77.0,0.0,15.0,0.0,0.0,0.0
901,0.0,0.0,15938.070266904359,18,32474.388614360327,32608.84254512335,1.0375357913808347,1.045971814595152,1.0499862021944932,0.7244055632878186,101,40,0.009400378284775895,0.1794377102022974,0.054776622478158746,134.45393076301914,66907.86152603824,23090.608671738835,33.453930763019116,101.0,7988.0,1084.0,0.0,37.0,6.0,0.0,41,212.33759549438574,76.04169246807918,206.0,87.93123626708984,37.0,615.0,6.0,80.0,5.40593271045767,646.5940672895423,1.102079875750988,84.89792012424901,37.0,615.0,6.0,80.0,241.0,1.0,155.0,0.0,6.0,6.0
902,0.0,0.0,13977.138271436152,11,30003.107670313042,30085.44667735717,1.1465844500964661,1.1524754275945135,1.1556949728179888,0.6766429162585305,55,24,0.007927943719688796,0.18590579298726265,0.08989506444168303,82.33900704413391,54678.01408826781,20201.945802746177,27.339007044133904,55.0,4713.0,831.0,0.0,17.0,3.0,0.0,20,215.5469233964921,71.87024822047267,209.0,68.79357147216797,17.0,156.0,3.0,44.0,2.442331783903631,170.55766821609637,0.41711589992196574,46.58288410007803,17.0,156.0,3.0,44.0,182.0,0.0,46.0,0.0,3.0,3.0
903,0.0,0.0,56037.685044188875,25,106966.0459645828,107243.7680555956,0.9088234262395749,0.9137794141750832,0.9158284092720019,0.7973042103621002,156,65,0.009066202206114793,0.17194980186845726,0.039432043490966746,277.722091012839,243444.18202567782,76333.53080975085,121.72209101283892,156.0,10683.0,1917.0,0.0,57.0,9.0,0.0,61,200.03543354963458,87.17949607853329,190.24468994140625,74.98817443847656,57.0,1212.0,9.0,247.0,9.118578006814214,1259.881421993186,1.8824374336898777,254.1175625663101,57.0,1212.0,9.0,247.0,414.0,2.0,32.0,0.0,9.0,9.0
904,0.0,0.0,25074.035300185053,10,53077.95443552255,53167.09065964225,1.116849314443249,1.1204042358211828,1.1219244822815533,0.6225164313985296,43,20,0.006598281997959584,0.18541280877285213,0.09905565581571898,89.1362241196971,92272.44823939419,37056.22999865933,46.1362241196971,43.0,4509.0,531.0,0.0,13.0,0.0,0.0,13,259.1820221272964,,254.0,,13.0,108.0,0.0,9.0,1.7551105060482168,119.24488949395176,0.0,9.0,13.0,108.0,0.0,9.0,93.0,0.0,25.0,0.0,0.0,0.0
905,0.0,0.0,15880.381193203973,21,32287.407567221264,32447.370225917603,1.033163258136316,1.0432362316216621,1.04762411423405,0.7826034302613649,124,48,0.010172272784777139,0.17128945451511712,0.046891527308163906,159.96265869633928,71925.31739267864,22976.297640510547,35.96265869633932,124.0,9306.0,1278.0,0.0,50.0,5.0,0.0,51,216.70837150508586,86.94406800496238,206.0842742919922,90.36901092529297,50.0,945.0,5.0,71.0,8.011638311285319,986.9883616887149,0.9851544737014958,75.0148455262985,50.0,945.0,5.0,71.0,277.0,0.0,192.0,0.0,5.0,5.0
906,0.0,0.0,47506.35066214905,12,100724.38513538639,100884.7398958254,1.1202299004549534,1.1236053388585345,1.1250504721500585,0.6807254202809061,64,28,0.008515291437880958,0.17943705979508798,0.08231698989443495,160.3547604390219,192709.52087804378,70773.58768184419,96.35476043902189,64.0,5316.0,732.0,0.0,23.0,1.0,0.0,23,230.86976444910317,23.491701906972565,236.3011016845703,23.491701126098633,23.0,224.0,1.0,28.0,3.2373910530056937,243.7626089469943,0.1527859892025596,28.84721401079744,23.0,224.0,1.0,28.0,174.0,0.0,49.0,0.0,1.0,1.0
907,0.0,0.0,193578.28558295005,17,402948.9651125884,403520.08345140447,1.0815814330575892,1.0845317553889195,1.0858392504252095,0.8341813677422005,113,45,0.013702476096989881,0.17160700836585832,0.05749080506994162,571.1183388161903,916236.6776323807,274591.5675724907,458.1183388161904,113.0,7285.0,1283.0,0.0,44.0,7.0,0.0,48,203.54371749087565,72.50555813955908,191.83248901367188,73.47183990478516,44.0,621.0,7.0,144.0,6.997199601099036,658.002800398901,1.6650036455922888,149.3349963544077,44.0,621.0,7.0,144.0,283.0,0.0,26.0,0.0,7.0,7.0
908,0.0,0.0,137935.44712597632,14,269300.38201155426,269648.26435790106,0.9523653101700715,0.9548873764959891,0.9558619641041879,0.7056274994570215,81,37,0.007214460232192265,0.17721473901854107,0.07071514393017385,347.88234634678207,533764.6926935642,189109.93870855894,266.8823463467821,81.0,5876.0,1180.0,0.0,29.0,1.0,0.0,29,226.89262054493508,23.014255153220596,187.03030395507812,23.01425552368164,29.0,319.0,1.0,57.0,4.042561987507915,343.95743801249205,0.17376377109027008,57.82623622890973,29.0,319.0,1.0,57.0,263.0,0.0,23.0,0.0,1.0,1.0
909,0.0,0.0,66639.9289139898,15,143720.95664510046,143965.9982385298,1.1566793210508504,1.1603564197126093,1.1620503849582864,0.7463090286285997,96,41,0.008162768559578539,0.18298063839610818,0.06586646705260532,245.04159342934202,298083.18685868394,99852.46574278847,149.041593429342,96.0,6739.0,821.0,0.0,35.0,5.0,0.0,40,205.63959871201945,76.9418039157815,172.74087524414062,80.74957275390625,35.0,487.0,5.0,73.0,4.88866201522189,517.1113379847782,0.897999516508525,77.10200048349148,35.0,487.0,5.0,73.0,177.0,3.0,32.0,0.0,5.0,5.0
910,0.0,0.0,52337.85027869104,29,105769.23097598906,106070.39550241664,1.020893682350041,1.0266479218693165,1.029286404174341,0.7948248145966456,181,77,0.007196618856879143,0.17711745839499488,0.03414418196220244,301.1645264275869,240329.05285517388,75591.83119400188,120.16452642758695,181.0,12511.0,2105.0,0.0,66.0,9.0,0.0,69,209.34884416443083,79.18444096355222,189.2615966796875,80.33329772949219,66.0,1629.0,9.0,297.0,10.259025703582216,1684.7409742964178,2.6210680642656716,303.3789319357344,66.0,1629.0,9.0,297.0,479.0,2.0,66.0,0.0,9.0,9.0
911,0.0,0.0,31571.315763712337,13,62468.49348863088,62610.092618436785,0.978647135145104,0.9831321914812312,0.9848486887825219,0.720520069288475,77,35,0.007728498318852243,0.16982125445927346,0.07606549959372172,141.59912980590678,129198.25961181356,44828.12662643765,64.59912980590678,77.0,5543.0,1009.0,0.0,28.0,1.0,0.0,29,242.73578676507958,285.31289524023794,242.71340942382812,285.3128967285156,28.0,307.0,1.0,41.0,4.066896410663786,330.9331035893362,0.13915922953624915,41.86084077046375,28.0,307.0,1.0,41.0,223.0,1.0,23.0,0.0,1.0,1.0
912,0.0,0.0,30082.658229999026,21,63825.28570425162,64035.575159572916,1.1216637577793498,1.1286541458532202,1.131784189257227,0.7757372593266549,140,58,0.007572327490814733,0.1898102401364536,0.04710689216842877,210.28945532128637,140578.9106425727,45304.93699780391,70.28945532128635,140.0,9512.0,1072.0,0.0,55.0,6.0,0.0,60,224.90426832849394,60.508673567462175,233.0,61.31448745727539,55.0,1085.0,6.0,114.0,8.049397860444815,1131.9506021395548,0.9793159075925773,119.02068409240744,55.0,1085.0,6.0,114.0,238.0,1.0,69.0,0.0,6.0,6.0
913,0.0,0.0,31589.483744621946,29,63056.82680981768,63353.08147829079,0.9961335018826634,1.0055117706403336,1.009544611958042,0.9397782402596109,212,82,0.010419012551750928,0.16899479375339962,0.03392874607528449,296.25466847311725,168509.33694623457,44826.88833582814,84.25466847311729,212.0,12703.0,1913.0,0.0,85.0,16.0,0.0,96,211.73490086932352,73.4271852311278,213.9351043701172,60.77510070800781,85.0,2312.0,16.0,371.0,14.747950835499369,2382.2520491645005,3.317660651738914,383.68233934826117,85.0,2312.0,16.0,371.0,371.0,0.0,54.0,0.0,16.0,16.0
914,0.0,0.0,11532.372753106192,14,25573.26027452305,25667.12111463215,1.2175193970932834,1.225658298091243,1.2301038400751456,0.6821957724031779,70,28,0.009762229611833408,0.18508782899230775,0.07034483715870268,93.86084010910197,47721.680218203925,17488.264420818046,23.860840109101964,70.0,5914.0,1142.0,0.0,26.0,2.0,0.0,26,200.22226635849523,118.81049002608708,193.17929077148438,118.81048583984375,26.0,278.0,2.0,58.0,3.6416949885033523,300.35830501149667,0.2919996383683161,59.70800036163168,26.0,278.0,2.0,58.0,269.0,1.0,51.0,0.0,2.0,2.0
915,0.0,0.0,50752.69612461459,10,94829.10703946115,94983.6264558021,0.8684545705044802,0.8714991263239693,0.8724707180201756,0.7063943445710312,55,24,0.011239117603311165,0.18212282940130092,0.09819345652049673,154.5194163409722,199038.83268194454,70441.82693832788,99.51941634097227,55.0,4448.0,592.0,0.0,20.0,1.0,0.0,21,246.22758914499508,298.11051897984316,240.17013549804688,298.1105041503906,20.0,175.0,1.0,14.0,2.8809269898785703,192.1190730101214,0.14009314727377897,14.85990685272622,20.0,175.0,1.0,14.0,138.0,0.0,10.0,0.0,1.0,1.0
916,0.0,0.0,176872.60870855316,22,373549.93548163713,374094.1465340283,1.1119716512869702,1.1150485044886316,1.1162430133066863,0.7516426413786028,143,65,0.006339786927190332,0.18548704985695352,0.04508496319259297,544.2110523912614,802422.1047825227,266889.4966199577,401.2110523912613,143.0,9829.0,1259.0,0.0,55.0,1.0,0.0,52,216.71445224424056,122.18361195363767,210.3695831298828,122.18360900878906,55.0,982.0,1.0,106.0,8.24248177578196,1028.757518224218,0.17176306144028208,106.82823693855971,55.0,982.0,1.0,106.0,287.0,0.0,75.0,0.0,1.0,1.0
917,0.0,0.0,50458.74548007432,11,109399.9364185179,109554.02769619875,1.1681065467971035,1.1711603539461874,1.1725211978978725,0.6600551329286787,54,24,0.010095109519840904,0.18659922379012292,0.08948401272468293,154.09127768086194,200182.55536172382,75820.39187905015,100.09127768086191,54.0,4951.0,593.0,0.0,18.0,1.0,0.0,19,211.56404484640336,105.73910241204537,195.44754028320312,105.73910522460938,18.0,166.0,1.0,24.0,2.5877632586178048,181.4122367413822,0.1425788625873876,24.85742113741261,18.0,166.0,1.0,24.0,122.0,0.0,57.0,0.0,1.0,1.0
918,0.0,0.0,47916.327474321166,16,95901.51663892982,96073.52234564681,1.0014371237095414,1.0050268334344605,1.0065207971945522,0.6397548442368168,82,39,0.004012916451528321,0.1739730793884049,0.06227288417127343,172.00570671701183,180011.41343402365,70343.90401872016,90.00570671701183,82.0,7110.0,954.0,0.0,26.0,1.0,0.0,27,212.28644253557397,42.160312609429,176.5,42.16031265258789,26.0,353.0,1.0,52.0,3.5714628495757954,375.4285371504242,0.14827797175465274,52.85172202824535,26.0,353.0,1.0,52.0,189.0,0.0,99.0,0.0,1.0,1.0
919,0.0,0.0,204390.27768403373,8,324737.9223467775,325096.11334559583,0.5888129612935349,0.5905654467976253,0.5909902329504089,0.6080889965910026,38,18,0.006906590495157726,0.1636916947607103,0.1237771301669668,358.1909988184399,640381.9976368798,263276.42879040504,320.1909988184399,38.0,3531.0,501.0,0.0,12.0,0.0,0.0,12,219.6344217235181,,199.22491455078125,,12.0,73.0,0.0,11.0,1.6392846928043863,83.36071530719562,0.0,11.0,12.0,73.0,0.0,11.0,81.0,0.0,19.0,0.0,0.0,0.0
920,0.0,0.0,308369.2247688408,19,593973.2028489923,594745.7611882301,0.9261753610278245,0.9286806640126373,0.9295362732162635,0.7636265422395815,110,46,0.007846659082263873,0.17544056613188372,0.052038937846527654,772.5583392380097,1325116.6784760198,433823.5397730175,662.5583392380099,110.0,8108.0,1468.0,0.0,39.0,6.0,0.0,45,238.5935652419951,84.12597738601437,232.84616088867188,89.11226654052734,39.0,698.0,6.0,112.0,6.05356189753787,730.946438102462,1.3980665949741826,116.60193340502582,39.0,698.0,6.0,112.0,331.0,1.0,23.0,0.0,6.0,6.0
921,0.0,0.0,270373.0379924691,25,523290.16945298674,524019.09500505845,0.9354376950395562,0.9381336944538619,0.9390575910187247,0.7575965089558306,151,66,0.007479109652368445,0.17200832919912573,0.03957207176849064,728.9255520718809,1155851.1041437616,381420.41656739934,577.9255520718808,151.0,10480.0,2120.0,0.0,52.0,8.0,0.0,54,244.266995017724,93.73173339725724,239.50970458984375,83.20626831054688,52.0,1040.0,8.0,250.0,8.172530675161067,1083.827469324839,1.4167900425866737,256.58320995741326,52.0,1040.0,8.0,250.0,469.0,1.0,46.0,0.0,8.0,8.0
922,0.0,0.0,14610.542932519978,12,30116.457349762954,30215.15536588915,1.0612825607411267,1.0680378207326302,1.0714642574633202,0.7248563131961671,69,28,0.010126054028969511,0.1843475154407028,0.08204416344507767,98.69801612620077,59396.032252401536,20485.45041654595,29.69801612620077,69.0,5185.0,863.0,0.0,24.0,5.0,0.0,28,227.08238474530916,114.48473990669895,221.69393920898438,120.06977081298828,24.0,261.0,5.0,46.0,3.3666333449635517,281.63336665503647,0.699346547847702,50.3006534521523,24.0,261.0,5.0,46.0,174.0,2.0,21.0,0.0,5.0,5.0
923,0.0,0.0,128444.60969867223,16,248358.9551743595,248706.4840927013,0.9335879937430092,0.936293665231732,0.9373032337524541,0.7228073330698935,88,37,0.011808976365523955,0.1723897964100464,0.061297309112116845,347.5289183418224,519057.8366836449,179528.4209690819,259.5289183418225,88.0,6879.0,1185.0,0.0,28.0,7.0,0.0,34,233.02236171421785,111.45502804973135,236.13211059570312,108.63142395019531,28.0,426.0,7.0,83.0,4.2252407886164445,449.7747592113836,1.3889275720825278,88.61107242791746,28.0,426.0,7.0,83.0,239.0,0.0,31.0,0.0,7.0,7.0
924,0.0,0.0,11433.606261848154,26,23299.839797645778,23486.00444003157,1.0378382169231304,1.0541204500280945,1.0624719594692458,0.8580263220485419,158,59,0.01380629239295696,0.17098482985213184,0.03761063441614398,186.16464238578982,56329.28477157955,16412.45825567831,28.164642385789776,158.0,11402.0,1702.0,0.0,62.0,11.0,0.0,69,185.16110785787325,78.17006585120947,169.644775390625,76.61791229248047,62.0,1508.0,11.0,213.0,10.954086696224442,1559.0459133037753,3.2491118335093843,220.75088816649063,62.0,1508.0,11.0,213.0,342.0,0.0,111.0,0.0,11.0,11.0
925,0.0,0.0,229506.44163916243,24,484470.77981237817,485188.2363805107,1.1109245402971264,1.1140506249638933,1.115222298057045,0.8335002530128981,149,61,0.010788025123570244,0.17875083048966,0.04094886260109644,717.4565681327567,1136913.1362655133,341005.6362178213,568.4565681327566,149.0,10643.0,1453.0,0.0,62.0,2.0,0.0,63,214.73309684489777,69.70216564333315,204.67745971679688,69.70216369628906,62.0,1315.0,2.0,133.0,10.908795230070059,1366.0912047699305,0.36434045440213547,134.6356595455979,62.0,1315.0,2.0,133.0,301.0,0.0,37.0,0.0,2.0,2.0
926,0.0,0.0,12562.175807970612,28,24712.90462254203,24947.520636458157,0.9672471552946955,0.9859235388688901,0.9939825050849478,1.0415864102077348,197,73,0.017533992210115406,0.1659262364874906,0.03466362115396184,234.61601391612078,75232.0278322416,18057.07790898435,37.6160139161208,197.0,12332.0,1780.0,0.0,82.0,14.0,0.0,92,188.0788970307496,58.85506799610632,179.83999633789062,48.53065490722656,82.0,2173.0,14.0,307.0,16.332800891353788,2238.667199108647,4.422548246417324,316.5774517535827,82.0,2173.0,14.0,307.0,336.0,1.0,114.0,0.0,14.0,14.0
927,0.0,0.0,273384.7508354153,11,446492.2092292657,446963.1260895465,0.633200856539601,0.634923399069284,0.6353424638512746,0.6210019449875034,45,21,0.006613120608038895,0.1661221412468828,0.09006761923339913,470.91686028079266,851833.7205615853,342927.1548331169,425.91686028079266,45.0,4813.0,731.0,0.0,13.0,0.0,0.0,13,275.6078489994541,,292.0,,13.0,118.0,0.0,12.0,1.7396323285085962,129.26036767149142,0.0,12.0,13.0,118.0,0.0,12.0,141.0,0.0,36.0,0.0,0.0,0.0
928,0.0,0.0,25786.841520424918,9,47681.15156905461,47777.905382608435,0.8490496996806653,0.8528017611139043,0.8539711194101547,0.6582094731721683,49,23,0.006409959021989216,0.1799931531672853,0.1101785943824046,96.75381355383666,95507.62710767332,36275.5441088476,47.753813553836665,49.0,3808.0,728.0,0.0,17.0,0.0,0.0,17,280.94120183230837,,311.0,,17.0,120.0,0.0,16.0,2.3582287749292012,134.6417712250708,0.0,16.0,17.0,120.0,0.0,16.0,179.0,0.0,36.0,0.0,0.0,0.0
929,0.0,0.0,114989.93741382982,7,247759.50378215176,248011.4511943092,1.154618998447718,1.1568100372274914,1.1577111300876601,0.6403651055274179,33,16,0.007685371476326997,0.1894945735994389,0.14131571043698207,251.9474121574549,437894.82431490964,170955.1397066875,218.94741215745483,33.0,3064.0,464.0,0.0,9.0,1.0,0.0,10,232.49726453022004,93.30389855913052,286.30389404296875,93.30390167236328,9.0,45.0,1.0,15.0,1.220664098906205,52.7793359010938,0.16530535895234455,15.834694641047655,9.0,45.0,1.0,15.0,118.0,1.0,48.0,0.0,1.0,1.0
930,0.0,0.0,45435.24310147196,13,91165.06481009506,91342.35829257134,1.0064834825796627,1.0103855962336015,1.0119816823965353,0.7271422714320648,82,36,0.010280140415863436,0.16815142151516863,0.07570069430520866,177.29348247629258,190586.9649525851,65526.02304953165,95.29348247629255,82.0,5511.0,1041.0,0.0,29.0,4.0,0.0,31,230.25367908045067,99.19534857994054,219.51712036132812,52.56539535522461,29.0,308.0,4.0,62.0,4.094546746218746,332.90545325378133,0.6594129980241921,65.3405870019758,29.0,308.0,4.0,62.0,239.0,2.0,21.0,0.0,4.0,4.0
931,0.0,0.0,179603.62456400902,25,338282.52546918066,338898.35698497936,0.8834949811863066,0.8869238179778449,0.8880974409333036,0.8777556702549739,177,70,0.009953784886590803,0.16555112203781752,0.039382657535071246,615.8315157986179,877663.0315972359,249973.61490763395,438.831515798618,177.0,10456.0,2144.0,0.0,71.0,11.0,0.0,76,201.56016746743893,95.59064639238404,193.29356384277344,81.80912780761719,71.0,1522.0,11.0,296.0,11.654905814692958,1581.345094185307,2.4551599742018015,304.54484002579824,71.0,1522.0,11.0,296.0,454.0,0.0,30.0,0.0,11.0,11.0
932,0.0,0.0,321864.9983077527,21,690301.4574139965,691175.0488973976,1.144692529611317,1.14740668457689,1.1485329452640216,0.7861358172092089,127,54,0.009296932439343802,0.17947114372394277,0.04695458326375266,873.5914834011618,1493182.9668023235,474848.9173611056,746.5914834011618,127.0,9194.0,1390.0,0.0,46.0,6.0,0.0,48,216.68935000319402,97.26631205165559,200.92759704589844,91.05606842041016,46.0,838.0,6.0,118.0,7.2549511713476305,876.7450488286522,1.334739525121774,122.66526047487822,46.0,838.0,6.0,118.0,301.0,0.0,82.0,0.0,6.0,6.0
933,0.0,0.0,139240.28181366858,8,288278.17428488436,288583.2878665587,1.0703647718169544,1.0725560456186165,1.073431157486921,0.6613476409704112,41,19,0.008340282295652484,0.1950398180983757,0.12349888227360588,305.1135816743907,528227.1633487814,199678.32748813508,264.11358167439073,41.0,3339.0,693.0,0.0,13.0,1.0,0.0,14,232.82196535293573,160.7236455137839,282.00701904296875,160.72364807128906,13.0,76.0,1.0,22.0,1.797831038799755,87.20216896120024,0.14448194980548412,22.855518050194515,13.0,76.0,1.0,22.0,187.0,1.0,43.0,0.0,1.0,1.0
934,0.0,0.0,12765.256263240703,27,26195.113904555572,26414.680458340008,1.052063300913745,1.0692636257060255,1.0777000593590143,0.8886171201215993,186,68,0.010172970331786579,0.17534170823139042,0.036497196807816656,219.56655378444032,67133.10756888054,18886.96100062026,33.56655378444027,186.0,11930.0,1678.0,0.0,77.0,14.0,0.0,83,183.86261958365904,67.35686550232194,160.77206420898438,63.24811553955078,77.0,1879.0,14.0,271.0,12.607160803139793,1943.39283919686,3.940425644428659,281.0595743555713,77.0,1879.0,14.0,271.0,318.0,1.0,347.0,0.0,14.0,14.0
935,0.0,0.0,59828.887553031636,23,131296.6154823955,131586.98538788714,1.19453546359216,1.199388803130427,1.2015806520680963,0.7833918344806929,149,63,0.005225475211480311,0.18291828294231144,0.04320995501336631,290.36990549162624,282739.8109832526,90229.37134986848,141.3699054916263,149.0,10263.0,1329.0,0.0,62.0,1.0,0.0,62,228.44108599840058,101.48067803763337,238.6009521484375,101.48067474365234,62.0,1239.0,1.0,124.0,9.338139597524727,1291.6618604024748,0.229062867407277,124.77093713259272,62.0,1239.0,1.0,124.0,330.0,0.0,66.0,0.0,1.0,1.0
936,0.0,0.0,46322.41299373333,12,92668.25159816623,92813.47202830846,1.0005057079108282,1.0036407006876913,1.0049180058376712,0.6202274999435016,60,29,0.004695511176161687,0.17987793018401488,0.08292492936521646,145.22043014226,170440.86028452002,68700.94453246833,85.22043014226001,60.0,5278.0,770.0,0.0,17.0,2.0,0.0,19,237.84761972092588,88.9654032442279,178.0,88.96540832519531,17.0,176.0,2.0,33.0,2.3395251050350794,190.66047489496495,0.31288281342345625,34.68711718657654,17.0,176.0,2.0,33.0,158.0,0.0,68.0,0.0,2.0,2.0
937,0.0,0.0,478009.58983158204,25,1002435.5920737418,1003643.4246478401,1.0971035171636028,1.0996303128593206,1.1006054556102716,0.7522694717975286,151,66,0.00549874953077633,0.17541093703399055,0.03973831929042313,1207.8325740985815,2113665.1481971634,702429.5240728747,1056.8325740985817,151.0,11142.0,1458.0,0.0,56.0,4.0,0.0,59,225.0376695773807,72.9626168499713,216.64614868164062,75.36695861816406,56.0,1257.0,4.0,158.0,8.456735106167047,1304.5432648938329,0.8068325674016678,161.19316743259833,56.0,1257.0,4.0,158.0,310.0,0.0,73.0,0.0,4.0,4.0
938,0.0,0.0,69724.77008917546,16,127171.61442987608,127385.40121747952,0.8239086951054577,0.8269748477414582,0.828041546659541,0.6647766179383587,86,40,0.007170431607279166,0.18083620602787787,0.06186546460613604,213.78678760347907,255573.57520695816,96112.57688317799,127.78678760347908,86.0,6874.0,1190.0,0.0,27.0,3.0,0.0,30,219.80758976199797,181.90835260920255,187.0,122.14600372314453,27.0,383.0,3.0,67.0,3.9105881261938156,406.0894118738062,0.439368715207074,69.56063128479292,27.0,383.0,3.0,67.0,267.0,1.0,29.0,0.0,3.0,3.0
939,0.0,0.0,223954.13924020051,28,464614.02757380746,465308.96709231165,1.0745945091708653,1.0776975530389623,1.0790067793696259,0.8115359188894874,168,69,0.009880377458861458,0.1811893309178971,0.03516552402947915,694.9395185041858,1053879.0370083714,324655.6968330214,526.9395185041857,168.0,12285.0,1827.0,0.0,58.0,13.0,0.0,68,204.77191600700692,81.89057853479363,182.5545654296875,84.28350067138672,58.0,1609.0,13.0,224.0,9.380799782757673,1657.6192002172425,3.3612730279508005,233.6387269720492,58.0,1609.0,13.0,224.0,376.0,1.0,41.0,0.0,13.0,13.0
940,0.0,0.0,16626.470790812633,26,31532.838318935548,31728.10227167123,0.8965442946773645,0.9082884558521809,0.9126693478088808,0.8337867780991438,156,59,0.011674642903237394,0.1652500178842806,0.03777255049458593,195.26395273568193,78527.90547136361,23545.55970843964,39.263952735681805,156.0,11681.0,1423.0,0.0,64.0,7.0,0.0,68,215.37639210875804,70.65231187428198,177.67282104492188,73.72198486328125,64.0,1553.0,7.0,144.0,11.461757273670848,1605.538242726329,1.3760728525609176,149.6239271474391,64.0,1553.0,7.0,144.0,264.0,0.0,83.0,0.0,7.0,7.0
941,0.0,0.0,41155.71208011979,5,73905.50007862056,74003.44838144234,0.7957531614261757,0.7981331057369703,0.7988981726594035,0.6643689135198086,26,13,0.009405059095293013,0.16572879604471746,0.19711539504232586,97.94830282179697,143896.60564359394,54147.8547217214,71.94830282179697,26.0,1998.0,522.0,0.0,8.0,0.0,0.0,8,213.3141906863446,,222.8186492919922,,8.0,25.0,0.0,7.0,1.129707806104773,31.870292193895224,0.0,7.0,8.0,25.0,0.0,7.0,120.0,0.0,28.0,0.0,0.0,0.0
942,0.0,0.0,39360.16456051528,17,77534.97229748416,77704.68937177774,0.9698843529547763,0.9741962524650705,0.9759603461435378,0.6750349105872808,93,42,0.005320236851872309,0.16749528625486534,0.05846513182540781,169.71707429360762,153434.1485872153,56824.523510097984,76.71707429360765,93.0,7544.0,1024.0,0.0,32.0,2.0,0.0,34,229.8894430123899,80.92539004357063,228.21571350097656,80.92538452148438,32.0,479.0,2.0,65.0,4.384266125290425,506.61573387470963,0.3858377546000662,66.61416224539994,32.0,479.0,2.0,65.0,210.0,0.0,88.0,0.0,2.0,2.0
943,0.0,0.0,32751.050618532583,11,56809.28085741849,56946.06218774708,0.7345788847846078,0.7387552799763757,0.7401432878265828,0.7206401597264657,74,34,0.006923897000066736,0.17636164536508944,0.09004208413505041,136.78133032858318,125562.66065716633,43559.41691649072,62.78133032858317,74.0,4366.0,1178.0,0.0,25.0,4.0,0.0,29,220.18857187238365,147.50877081605057,238.6099395751953,119.18965148925781,25.0,217.0,4.0,73.0,3.4162808959650994,238.5837191040349,0.5661395234603066,76.43386047653968,25.0,217.0,4.0,73.0,276.0,1.0,34.0,0.0,4.0,4.0
944,0.0,0.0,69204.72682829462,15,140724.77137223058,140960.73738180727,1.0334560632164034,1.036865743745338,1.0382848373095896,0.69907811267134,94,44,0.005704346339361557,0.179683679263807,0.06620377133091745,235.96600957669608,283932.01915339206,101538.0162841967,141.96600957669602,94.0,6601.0,959.0,0.0,33.0,2.0,0.0,34,220.7664355269629,56.143276478645205,222.0,56.14327621459961,33.0,412.0,2.0,63.0,4.552432722064056,440.4475672779359,0.2664397868632553,64.73356021313674,33.0,412.0,2.0,63.0,245.0,0.0,35.0,0.0,2.0,2.0
945,0.0,0.0,23000.05285796818,28,48304.08294818948,48523.33666692745,1.100172692927309,1.1097054413993197,1.114576825989424,0.7966096223857099,166,65,0.007478431657576113,0.17024092108847097,0.03534729530622353,219.25371873799426,106507.43747598832,33425.22939812625,53.25371873799416,166.0,12191.0,1921.0,0.0,61.0,12.0,0.0,69,209.10005541122115,81.65963644048075,192.0,83.01805114746094,61.0,1573.0,12.0,286.0,9.50531087737221,1624.4946891226277,2.724002974545806,295.27599702545416,61.0,1573.0,12.0,286.0,402.0,1.0,51.0,0.0,12.0,12.0
946,0.0,0.0,55551.35571048547,11,98324.65530462672,98479.77019046404,0.769977600853901,0.7727698798874807,0.7736271556518108,0.6781587111748404,57,26,0.009761660713534433,0.1641101233937211,0.08954326708767128,155.1148858373356,196229.77167467127,72339.17681847783,98.11488583733563,57.0,4665.0,879.0,0.0,19.0,1.0,0.0,20,264.2039616361523,91.12837480491632,277.6838073730469,91.12837219238281,19.0,167.0,1.0,33.0,2.640711619509811,183.35928838049017,0.21173477260171147,33.788265227398284,19.0,167.0,1.0,33.0,172.0,0.0,60.0,0.0,1.0,1.0
947,0.0,0.0,247699.1744093614,10,526981.5318916471,527462.7993579975,1.1275062105000324,1.1294491619349656,1.1301754168531088,0.593033060132203,40,19,0.003400922116005847,0.17873883734656765,0.0997778716688667,481.26746635041525,882534.9327008305,372042.889355987,441.26746635041525,40.0,4738.0,302.0,0.0,11.0,0.0,0.0,11,290.4837753424853,,308.02349853515625,,11.0,93.0,0.0,6.0,1.4898371507763608,102.51016284922363,0.0,6.0,11.0,93.0,0.0,6.0,60.0,0.0,88.0,0.0,0.0,0.0
948,0.0,0.0,17352.33766564967,30,33433.138168643374,33666.72316313955,0.9267224285766942,0.9401837269329711,0.9463476970454994,0.8660403420670345,192,73,0.009362310742823973,0.16889419490829427,0.032866934016848655,233.58499449616167,83169.98899232342,24008.693634818508,41.584994496161706,192.0,12609.0,2511.0,0.0,71.0,18.0,0.0,82,206.00987683217488,81.53309193368017,189.01809692382812,76.14743041992188,71.0,1961.0,18.0,410.0,11.722553495983313,2020.277446504017,4.6221924792267135,423.3778075207732,71.0,1961.0,18.0,410.0,537.0,0.0,192.0,0.0,18.0,18.0
949,0.0,0.0,132435.62147100706,19,250241.27990823652,250611.1565075547,0.8895315106972153,0.8923243891932711,0.8932429208877151,0.6898246936890561,111,50,0.00456846040173697,0.17492590421433277,0.0523694109153556,369.8765993182051,517753.1986364103,187639.41164078985,258.87659931820514,111.0,8254.0,1322.0,0.0,40.0,2.0,0.0,40,239.8212720007467,220.98152054174176,243.99755859375,220.98150634765625,40.0,635.0,2.0,83.0,5.486849827228116,669.5131501727719,0.37662233612141505,84.62337766387859,40.0,635.0,2.0,83.0,294.0,1.0,56.0,0.0,2.0,2.0
950,0.0,0.0,89701.90060097168,11,157014.08833221334,157249.88544132625,0.7503986791837554,0.7530273537997128,0.7538449824489433,0.7244776881261694,68,31,0.008118380883206884,0.18503855294416086,0.08984590126905971,235.79710911293262,335594.21822586516,115805.57404530472,167.7971091129326,68.0,4126.0,1418.0,0.0,24.0,2.0,0.0,26,229.54023099236178,153.93616425056285,240.80731201171875,153.9361572265625,24.0,185.0,2.0,75.0,3.312437362585441,205.68756263741457,0.2722710713962774,76.72772892860372,24.0,185.0,2.0,75.0,334.0,2.0,45.0,0.0,2.0,2.0
951,0.0,0.0,202048.347905341,23,383456.14326398785,384054.1888650523,0.8978434975555247,0.9008034108993577,0.9018548856025734,0.7652826957836496,164,74,0.0055854025865711395,0.17145024875441459,0.04319409841591035,598.0456010645445,868091.2021290893,283585.1401422855,434.04560106454466,164.0,9561.0,2031.0,0.0,57.0,10.0,0.0,65,220.25425560482495,96.64989291403019,191.0,95.67251586914062,57.0,1163.0,10.0,265.0,7.985657893404253,1212.0143421065957,1.8814845432818676,273.1185154567181,57.0,1163.0,10.0,265.0,448.0,2.0,104.0,0.0,10.0,10.0
952,0.0,0.0,62096.368000337956,10,131212.81056974057,131417.70629683402,1.113051291003468,1.1163509320886336,1.1176950482455967,0.7303077553193791,67,30,0.01042941615853868,0.17647668901892666,0.09840460453354788,204.89572709342863,275791.4541868572,94409.32681395659,137.8957270934286,67.0,4597.0,443.0,0.0,26.0,1.0,0.0,26,221.7384530667549,94.51978768755714,189.99830627441406,94.51979064941406,26.0,218.0,1.0,15.0,3.776325991602863,240.22367400839713,0.1390144858814497,15.86098551411855,26.0,218.0,1.0,15.0,79.0,0.0,77.0,0.0,1.0,1.0
953,0.0,0.0,197142.27209685874,20,368384.1698037515,368876.73293289397,0.868620899442405,0.8711194154831476,0.8719779527476352,0.6944043842882813,111,50,0.006783585037682867,0.17371173910959709,0.04954230479442537,492.5631291424264,763126.2582848527,274741.30188096623,381.56312914242636,111.0,8608.0,1472.0,0.0,39.0,2.0,0.0,41,217.6558956132194,79.16936633179925,192.0,79.16936492919922,39.0,663.0,2.0,116.0,5.982795572956966,696.0172044270429,0.2727553850116575,117.72724461498834,39.0,663.0,2.0,116.0,336.0,1.0,32.0,0.0,2.0,2.0
954,0.0,0.0,225068.32923863424,15,438672.4860602723,439145.4751835033,0.9490635912401475,0.951165126915251,0.9519425561392765,0.6310550093266025,72,34,0.005962698715604672,0.1717969759511454,0.06614709720549763,472.98912323107993,801978.2464621599,317713.28751432826,400.98912323108,72.0,6647.0,913.0,0.0,22.0,1.0,0.0,22,208.55868826087664,97.72678872625002,178.91612243652344,97.72679138183594,22.0,262.0,1.0,45.0,2.9940769310736446,281.00592306892634,0.13156954673129062,45.86843045326871,22.0,262.0,1.0,45.0,182.0,1.0,46.0,0.0,1.0,1.0
955,0.0,0.0,31694.45639694662,13,58892.052477179444,59015.601187710476,0.8581183958357141,0.8620165131904871,0.8633597555354215,0.6524243476896949,66,31,0.006043373013731609,0.17894581596408937,0.07634972069949258,123.54871053103982,115097.42106207967,44103.74224599835,57.54871053103983,66.0,5372.0,1180.0,0.0,21.0,1.0,0.0,22,257.5816332167908,137.5758820303027,251.0,137.5758819580078,21.0,222.0,1.0,42.0,2.9048673147878947,240.0951326852121,0.13116036355936145,42.86883963644064,21.0,222.0,1.0,42.0,270.0,0.0,40.0,0.0,1.0,1.0
956,0.0,0.0,162006.26172526617,7,309383.5019511209,309723.320068455,0.9097008884494868,0.9117984500728171,0.9124247799242491,0.6623894042109577,36,17,0.010546781991139053,0.18655744036343513,0.1404923173090323,339.81811733419437,607636.2346683886,229334.9768299089,303.8181173341943,36.0,3223.0,305.0,0.0,12.0,0.0,0.0,12,274.67855148840914,,294.90765380859375,,12.0,67.0,0.0,5.0,1.6443157935087305,77.35568420649125,0.0,5.0,12.0,67.0,0.0,5.0,52.0,0.0,63.0,0.0,0.0,0.0
957,0.0,0.0,23842.738640679516,18,47144.1329816861,47313.56087546772,0.97729521311158,0.9844012715361163,0.9872803120230322,0.7868248263171957,116,48,0.007938250855319556,0.17358485066141743,0.05494697642985098,169.4278937816298,106855.78756325951,33951.58108552815,53.427893781629756,116.0,8030.0,1042.0,0.0,43.0,7.0,0.0,49,225.0871132955086,99.36075503145618,221.56271362304688,96.12523651123047,43.0,760.0,7.0,72.0,6.557007208639775,796.4429927913601,1.2708808478673967,77.7291191521326,43.0,760.0,7.0,72.0,228.0,4.0,64.0,0.0,7.0,7.0
958,0.0,0.0,203398.73289865584,6,424561.7293227117,424961.7767774015,1.0873371395791889,1.0893039534771352,1.0899918244178677,0.623782373043684,27,14,0.0017042606895589728,0.18550900473061968,0.16696671682837005,400.04745468988693,746094.9093797739,299020.5164580389,373.04745468988693,27.0,2884.0,140.0,0.0,7.0,0.0,0.0,7,304.78870823677477,,269.793212890625,,7.0,35.0,0.0,0.0,0.9386646795016615,41.06133532049834,0.0,0.0,7.0,35.0,0.0,0.0,23.0,0.0,66.0,0.0,0.0,0.0
959,0.0,0.0,17400.234732872435,23,30590.733491051556,30757.03758233107,0.7580644146862971,0.7676219921461767,0.7708833888584163,0.7462616923729173,132,51,0.008909684397148813,0.15813508719537298,0.042914814227046516,166.30409127951037,68608.18255902082,22983.95564860924,34.30409127951041,132.0,9343.0,2249.0,0.0,49.0,9.0,0.0,56,227.3411560574687,109.40148204381244,221.0,96.8052978515625,49.0,1029.0,9.0,201.0,7.1416773866092065,1070.8583226133903,1.5499237086203288,208.4500762913797,49.0,1029.0,9.0,201.0,517.0,0.0,119.0,0.0,9.0,9.0
960,0.0,0.0,28662.85762245185,17,59711.20541465588,59883.313595714324,1.0832258318822894,1.0892304034894007,1.0918611695363478,0.7476612236235421,108,47,0.006763865961976308,0.17347972483450694,0.058321448633415124,172.1081810584638,128216.36211692754,42872.4795621761,64.10818105846377,108.0,7658.0,910.0,0.0,40.0,4.0,0.0,41,231.2514380731409,52.89226896455664,224.78518676757812,48.60009765625,40.0,575.0,4.0,78.0,5.939386062966979,609.060613937033,0.6278981668434052,81.37210183315659,40.0,575.0,4.0,78.0,168.0,1.0,57.0,0.0,4.0,4.0
961,0.0,0.0,49033.24832315581,25,97333.24662806334,97587.44374099048,0.9850458608531143,0.9902300393772829,0.9923448676441273,0.7979629739922024,142,59,0.010861802359700015,0.17275504122879115,0.039300341259351536,254.1971129271714,224394.22585434272,70302.20485409875,112.19711292717136,142.0,11029.0,1571.0,0.0,56.0,2.0,0.0,54,206.71396409170765,80.437878181971,197.9674072265625,80.43788146972656,56.0,1152.0,2.0,140.0,10.145259685327673,1197.8547403146724,0.5007528762901976,141.4992471237098,56.0,1152.0,2.0,140.0,316.0,0.0,36.0,0.0,2.0,2.0
962,0.0,0.0,90739.19858121594,8,163617.37494793945,163811.01175175497,0.8031608996578699,0.8052948925390413,0.8059296886938703,0.6450921546410595,37,18,0.010248994091890083,0.1739523628633068,0.1228721439422931,193.63680381552484,313273.6076310496,121406.53291829307,156.6368038155248,37.0,3359.0,673.0,0.0,11.0,0.0,0.0,11,268.6531573863382,,316.7169494628906,,11.0,61.0,0.0,16.0,1.5731540361065584,70.42684596389344,0.0,16.0,11.0,61.0,0.0,16.0,159.0,0.0,33.0,0.0,0.0,0.0
963,0.0,0.0,80405.72228067105,19,156189.68675324568,156493.63434779158,0.9425195411843537,0.9462997148576267,0.9475673228844057,0.8349406003359736,115,46,0.014966260317878616,0.1656668128503805,0.05131575860003263,303.94759454591247,377895.18909182487,113150.32139404971,188.94759454591244,115.0,8105.0,1471.0,0.0,46.0,4.0,0.0,50,226.6450129100916,106.25739786232677,222.617919921875,102.71475219726562,46.0,807.0,4.0,93.0,8.08432613057788,844.9156738694221,0.6650632510218819,96.33493674897812,46.0,807.0,4.0,93.0,318.0,1.0,32.0,0.0,4.0,4.0
964,0.0,0.0,26585.544550780873,13,58913.50660734508,59039.81856631954,1.215997738726577,1.2207488905690074,1.2230771889959269,0.6939235851881115,70,31,0.009873267195893176,0.17769211972353585,0.07571718197998048,126.3119589744664,112623.91794893281,40575.043258690464,56.31195897446641,70.0,6091.0,461.0,0.0,24.0,2.0,0.0,25,218.85026119083443,54.67403209960902,238.330322265625,54.674034118652344,24.0,257.0,2.0,42.0,3.471354212153428,277.5286457878466,0.2743814151414572,43.725618584858545,24.0,257.0,2.0,42.0,67.0,1.0,76.0,0.0,2.0,2.0
965,0.0,0.0,144675.8992388415,7,300663.2839993668,300968.4018825153,1.0781850023479724,1.0802939775453186,1.081085561260867,0.6649888478791826,34,17,0.0035047624788321565,0.1800744592267081,0.14261713597869613,305.1178831485206,542235.7662970412,203851.4510530395,271.1178831485206,34.0,3101.0,427.0,0.0,10.0,0.0,0.0,10,245.5269560875426,,261.419677734375,,10.0,56.0,0.0,4.0,1.3753049719915285,64.62469502800846,0.0,4.0,10.0,56.0,0.0,4.0,111.0,0.0,55.0,0.0,0.0,0.0
966,0.0,0.0,373888.5880780457,9,766153.3838207897,766978.9699484879,1.0491488861940406,1.0513569935126994,1.052174425696391,0.6994288658982023,54,24,0.0120609911288886,0.19044102982729522,0.10896630436573297,825.5861276983808,1543172.255396762,551582.9881481334,771.586127698381,54.0,4030.0,506.0,0.0,21.0,0.0,0.0,20,231.151913863709,,199.9703369140625,,21.0,140.0,0.0,19.0,3.103040841017538,157.89695915898244,0.0,19.0,21.0,140.0,0.0,19.0,132.0,0.0,57.0,0.0,0.0,0.0
967,0.0,0.0,38315.31915761538,22,80852.02765791144,81068.55242190749,1.110174975322936,1.1158261030900136,1.1186049176503312,0.7741500471025454,131,56,0.00674637152985517,0.17587835461005322,0.04505437748148462,216.52476399604166,171049.52799208302,55237.84718230001,85.52476399604151,131.0,9339.0,1749.0,0.0,46.0,7.0,0.0,52,208.56471409850414,92.28361095750608,197.2708740234375,93.45893096923828,46.0,943.0,7.0,148.0,7.100991511718297,981.8990084882818,1.631527111472991,153.36847288852698,46.0,943.0,7.0,148.0,374.0,1.0,49.0,0.0,7.0,7.0
968,0.0,0.0,67162.14611883319,26,144976.79223635307,145318.03182632374,1.1586086897794883,1.1636895219102383,1.165917963554595,0.843331625298638,172,70,0.008889133512967447,0.17225069926974318,0.037954109464679815,341.2395899706973,338479.1799413945,100339.88107037172,169.23958997069724,172.0,11870.0,1234.0,0.0,71.0,5.0,0.0,70,219.45465106795885,87.15749847360844,222.7679901123047,50.73381423950195,71.0,1612.0,5.0,132.0,11.843723456408412,1671.1562765435915,1.035981315267278,135.9640186847327,71.0,1612.0,5.0,132.0,229.0,0.0,39.0,0.0,5.0,5.0
969,0.0,0.0,134624.04088502075,13,271070.2087118039,271414.0171359597,1.0135349297925074,1.01608877100761,1.0170297908164372,0.6925022803359395,74,33,0.00876428408634207,0.1815906734916253,0.07591541150985778,343.8084241557616,539616.848311523,194806.88498590564,269.8084241557615,74.0,5767.0,785.0,0.0,27.0,1.0,0.0,27,256.3500572447499,94.74628782893012,229.0,94.74628448486328,27.0,286.0,1.0,37.0,3.948970329426779,309.0510296705732,0.1306238510421196,37.86937614895788,27.0,286.0,1.0,37.0,158.0,1.0,17.0,0.0,1.0,1.0
970,0.0,0.0,112649.07296038487,10,209407.44900292272,209674.94947283642,0.8589362832711878,0.8613109186133514,0.862172333447041,0.6928862801875372,58,28,0.008028110905076477,0.17897022628644746,0.09880265839248449,267.50046991368504,419000.93982737017,151179.5484368528,209.5004699136851,58.0,4145.0,895.0,0.0,19.0,1.0,0.0,20,193.10362881564555,107.67763694192688,170.8730926513672,107.6776351928711,19.0,142.0,1.0,38.0,2.6622614107727234,158.33773858922729,0.2059240869340061,38.794075913065996,19.0,142.0,1.0,38.0,206.0,0.0,54.0,0.0,1.0,1.0
971,0.0,0.0,314165.61651149066,11,588711.7795788071,589388.6501002238,0.8738899123204174,0.8760444145505875,0.8767484289241556,0.7369683834366841,65,29,0.007348007635502767,0.1767289275177674,0.09001296933185514,676.8705214167169,1223741.0428334335,415126.71043186274,611.8705214167168,65.0,4218.0,1326.0,0.0,23.0,2.0,0.0,24,238.82711618634977,188.257020317284,226.8106231689453,188.25701904296875,23.0,192.0,2.0,47.0,3.241501007823621,211.7584989921764,0.2661458866992682,48.73385411330074,23.0,192.0,2.0,47.0,321.0,1.0,36.0,0.0,2.0,2.0
972,0.0,0.0,16569.836123900688,8,37499.976313342726,37568.643363235264,1.2631470844332586,1.2672911839511465,1.269181391215179,0.6361110151304749,36,18,0.0037796346883135837,0.20740609191805418,0.12463432939650129,68.66704989254191,65334.099785083796,25677.160995114547,32.6670498925419,36.0,3391.0,641.0,0.0,10.0,0.0,0.0,10,299.81592495263396,,323.0,,10.0,60.0,0.0,10.0,1.3714279673431287,68.62857203265688,0.0,10.0,10.0,60.0,0.0,10.0,164.0,0.0,77.0,0.0,0.0,0.0
973,0.0,0.0,26648.180704021903,13,61538.55116389375,61670.70645230444,1.3092965274963775,1.3142557886886714,1.3167990901079785,0.7160555594816695,74,34,0.007610235650793309,0.18622364297779334,0.07607701359613245,132.15528841069258,116310.57682138521,40608.08385650229,58.155288410692606,74.0,5894.0,658.0,0.0,27.0,0.0,0.0,27,235.1551774546355,,229.0,,27.0,289.0,0.0,35.0,3.9323502103514913,312.0676497896485,0.0,35.0,27.0,289.0,0.0,35.0,140.0,0.0,61.0,0.0,0.0,0.0
974,0.0,0.0,11002.703812448948,8,20393.71584963923,20452.196243727314,0.8535185711865545,0.8588336641932313,0.8608465057972459,0.6659855955084879,39,17,0.006275150990148546,0.18038841158177207,0.12392369139892148,58.48039408808249,38960.78817616498,14625.236806517547,19.480394088082488,39.0,3214.0,818.0,0.0,13.0,1.0,0.0,14,249.89528902150863,130.9588882796307,263.5218200683594,130.95889282226562,13.0,82.0,1.0,16.0,1.7881989629984865,93.21180103700154,0.1326302991887749,16.867369700811224,13.0,82.0,1.0,16.0,186.0,1.0,11.0,0.0,1.0,1.0
975,0.0,0.0,71111.75786290312,5,139302.53268390303,139449.53340367522,0.9589240495568314,0.960991228377746,0.9616710780933964,0.5976062418599912,22,11,0.01112391651577796,0.19993061027479916,0.19626567160861988,147.00071977217897,250001.43954435794,104584.5165397925,125.00071977217897,22.0,2335.0,185.0,0.0,6.0,0.0,0.0,6,247.5476376662673,,235.772705078125,,6.0,21.0,0.0,3.0,0.8062595447649371,26.193740455235066,0.0,3.0,6.0,21.0,0.0,3.0,28.0,0.0,37.0,0.0,0.0,0.0
976,0.0,0.0,11683.600501469198,24,22640.485753716475,22824.93066785622,0.9378004024418212,0.9535870526372425,0.9595548293634253,0.9812331413696583,152,57,0.018682482918406313,0.15955910292209108,0.0403355300437797,184.44491413974282,64889.828279485606,16532.724370914762,32.44491413974281,152.0,10707.0,1389.0,0.0,65.0,6.0,0.0,67,203.4994931732723,72.55425950247574,172.05950927734375,74.45542907714844,65.0,1429.0,6.0,108.0,13.572759133299183,1480.4272408667005,1.7526921427040507,112.24730785729594,65.0,1429.0,6.0,108.0,257.0,0.0,30.0,0.0,6.0,6.0
977,0.0,0.0,40043.866068136704,6,79879.0285345309,79988.03412715066,0.9947881255674116,0.9975102801274707,0.9984865675343295,0.6646143261418003,32,15,0.007888606666439892,0.19598510289193005,0.1648522596110047,109.00559261977213,154011.18523954425,57932.54041543368,77.00559261977213,32.0,2711.0,313.0,0.0,10.0,1.0,0.0,11,271.8168384977513,134.99592116578293,230.96307373046875,134.9959259033203,10.0,52.0,1.0,3.0,1.3454924416819765,60.65450755831802,0.1457437061372907,3.854256293862709,10.0,52.0,1.0,3.0,61.0,0.0,39.0,0.0,1.0,1.0
978,0.0,0.0,70179.98842933335,6,141507.8164033255,141673.08393869534,1.0163556530906899,1.0187105627888622,1.019634187049618,0.6824975318247171,32,15,0.01328158565982168,0.17993788060131055,0.1630858904473946,165.26753536988736,266535.07073977473,97632.24711859757,133.26753536988736,32.0,2728.0,296.0,0.0,10.0,1.0,0.0,11,217.93715867630323,159.85894762692078,225.5,159.85894775390625,10.0,48.0,1.0,7.0,1.3592122439825445,56.64078775601746,0.13823789800160058,7.8617621019984,10.0,48.0,1.0,7.0,64.0,1.0,20.0,0.0,1.0,1.0
979,0.0,0.0,246374.30446650248,18,503985.38259056554,504593.7564263809,1.0456085454280335,1.0480778525951613,1.0490480677965386,0.7014289777572775,101,45,0.00829433845717557,0.17467233866134874,0.054879050644549024,608.3738358154939,1014747.6716309877,361671.56754611974,507.37383581549386,101.0,8094.0,978.0,0.0,36.0,2.0,0.0,37,219.67961532446978,79.52420034835725,187.6964111328125,79.52420043945312,36.0,571.0,2.0,57.0,5.220553916953895,601.7794460830461,0.6896935779282313,58.31030642207177,36.0,571.0,2.0,57.0,210.0,0.0,95.0,0.0,2.0,2.0
980,0.0,0.0,23809.197225363587,20,45196.78573997964,45373.44409587839,0.8982910390541086,0.9057107917751519,0.9085225749259183,0.7439774016777936,127,54,0.00579065553868747,0.1672833986567781,0.04966626390522884,176.65835589873421,99316.71179746854,33373.56469883787,49.65835589873427,127.0,8448.0,1632.0,0.0,49.0,4.0,0.0,50,218.25098287630826,79.94726163628772,228.7415771484375,81.85531616210938,49.0,778.0,4.0,169.0,7.009218610993806,819.990781389006,0.6734718583170964,172.3265281416829,49.0,778.0,4.0,169.0,352.0,2.0,82.0,0.0,4.0,4.0
981,0.0,0.0,62273.90653956533,21,121090.42354865759,121341.03155473666,0.9444809275249748,0.9485052134579579,0.9500501756792012,0.7079851536739908,123,56,0.005034449092277277,0.18060076572030184,0.04734780118635822,250.60800607905975,255216.0121581194,90120.53813336031,127.6080060790597,123.0,9153.0,1431.0,0.0,42.0,4.0,0.0,45,210.43996002021802,88.1267830263653,194.41787719726562,89.65983581542969,42.0,768.0,4.0,131.0,6.186758489592967,803.8132415104072,0.9037097252168582,134.09629027478314,42.0,768.0,4.0,131.0,295.0,0.0,71.0,0.0,4.0,4.0
982,0.0,0.0,339196.82247789844,21,704287.3423952336,705106.2357042508,1.0763382665270216,1.078752479322516,1.079719568286197,0.689023781978432,126,59,0.004660911921094894,0.17179823830258611,0.04739582675393215,818.8933090171181,1385786.6180342361,502807.97785206727,692.8933090171181,126.0,9064.0,1520.0,0.0,40.0,6.0,0.0,46,215.78806809922395,80.9706392346328,201.3089599609375,68.7356185913086,40.0,771.0,6.0,149.0,5.647121672877189,805.352878327123,0.9188016070260244,154.081198392974,40.0,771.0,6.0,149.0,349.0,0.0,101.0,0.0,6.0,6.0
983,0.0,0.0,159351.6691601925,20,306643.4186239162,307084.65857778356,0.9243188366960546,0.9270878064608066,0.9280686806860425,0.7199248205657486,118,51,0.005660710142075207,0.17739793407799728,0.04965793607632249,441.23995386733395,646479.9077346681,224495.63109472868,323.23995386733407,118.0,8477.0,1603.0,0.0,42.0,5.0,0.0,46,230.81344833394118,72.55931291153627,239.0750732421875,71.95599365234375,42.0,745.0,5.0,128.0,6.005027399857224,780.9949726001428,0.7730478996851623,132.22695210031486,42.0,745.0,5.0,128.0,333.0,0.0,106.0,0.0,5.0,5.0
984,0.0,0.0,15745.50381342513,24,34828.079890295565,35019.34835401514,1.2119381064580486,1.2240856036728722,1.230645741731799,0.7828474586833956,154,57,0.008341474156580125,0.18454378033110666,0.041173723998868816,191.26846371958635,74536.92743917249,23803.14536772266,37.268463719586244,154.0,10427.0,1669.0,0.0,63.0,10.0,0.0,71,215.71832143203514,76.06606245534027,212.75494384765625,78.09169006347656,63.0,1449.0,10.0,182.0,9.182965166066241,1502.8170348339345,1.838356228453319,190.1616437715467,63.0,1449.0,10.0,182.0,373.0,1.0,114.0,0.0,10.0,10.0
985,0.0,0.0,42094.84199906534,9,83624.26039054271,83744.93039231845,0.9865678648324532,0.9894344868708116,0.9905455802629592,0.6519386836412693,44,21,0.004598780852014105,0.1971268744642282,0.11062138866528493,120.6700017757646,153340.00355152923,58801.54353438586,76.67000177576462,44.0,3929.0,607.0,0.0,14.0,0.0,0.0,14,279.1263768613948,,270.0830383300781,,14.0,91.0,0.0,21.0,1.9303377735363094,103.06966222646369,0.0,21.0,14.0,91.0,0.0,21.0,126.0,0.0,19.0,0.0,0.0,0.0
986,0.0,0.0,36600.46700771791,6,77634.57025146256,77738.41053550683,1.1211360564085648,1.1239731864381457,1.1252051262954161,0.6631224879224228,32,15,0.01121183026487111,0.1830512603718015,0.1637006795141885,103.84028404426981,143680.56808853959,54168.18563139592,71.8402840442698,32.0,2738.0,286.0,0.0,11.0,0.0,0.0,11,211.12574508401588,,175.0,,11.0,48.0,0.0,7.0,1.4980309670588494,57.50196903294115,0.0,7.0,11.0,48.0,0.0,7.0,55.0,0.0,6.0,0.0,0.0,0.0
987,0.0,0.0,387230.0403516939,18,764533.1984547132,765358.218047866,0.974364379789185,0.9764949469125503,0.9772343046139942,0.6589600907413992,91,42,0.007182776635121087,0.1872401957888827,0.05496449262013006,825.0195931530178,1468039.1863060356,556952.9956868624,734.0195931530178,91.0,7865.0,1207.0,0.0,29.0,2.0,0.0,31,245.76529684770077,55.199961371548,236.40594482421875,55.19995880126953,29.0,454.0,2.0,73.0,4.0706818310764925,478.9293181689235,0.27887630420472187,74.72112369579528,29.0,454.0,2.0,73.0,242.0,1.0,27.0,0.0,2.0,2.0
988,0.0,0.0,32640.915341667813,28,63586.92627181777,63871.636916649106,0.9480742376928928,0.9567967456817508,0.9603389912114322,0.9785853327806487,195,74,0.013111138617272894,0.16374975833328684,0.034952564140787915,284.7106448313407,179421.2896626811,45836.90447128811,89.71064483134056,195.0,12215.0,1897.0,0.0,82.0,11.0,0.0,87,197.08608812957678,73.23516047563334,173.75167846679688,71.06156158447266,82.0,2067.0,11.0,276.0,15.800748605411595,2133.1992513945884,2.6396766627233257,284.36032333727667,82.0,2067.0,11.0,276.0,411.0,0.0,36.0,0.0,11.0,11.0
989,0.0,0.0,42220.90742666672,15,85287.94530515782,85478.42808927763,1.0200405558145338,1.0245521306652319,1.0263765555660207,0.7636429943865266,97,41,0.010025755715955346,0.1607491400078816,0.06563022310109427,190.4827841198516,186965.56823970325,61208.43431226074,93.48278411985163,97.0,6288.0,1272.0,0.0,37.0,4.0,0.0,41,229.99776435297946,101.89025508802135,233.43606567382812,103.49657440185547,37.0,488.0,4.0,86.0,5.273539576183149,519.7264604238169,0.866106985443458,89.13389301455655,37.0,488.0,4.0,86.0,257.0,0.0,24.0,0.0,4.0,4.0
990,0.0,0.0,107331.22639741286,24,216385.22929630853,216744.4285739695,1.0160510278258066,1.019397670640927,1.0207910505514945,0.6947041796754211,142,64,0.0040333038740562,0.17147823111078242,0.04150899609137527,359.1992776608726,434398.555321745,156325.01143317728,217.1992776608725,142.0,10889.0,1207.0,0.0,46.0,8.0,0.0,51,229.59601525635554,72.36894798305549,211.5,83.2861328125,46.0,1032.0,8.0,138.0,6.486259676649324,1071.5137403233505,1.3173499773186377,144.68265002268134,46.0,1032.0,8.0,138.0,225.0,0.0,61.0,0.0,8.0,8.0
991,0.0,0.0,39632.5426120739,25,86512.03288990431,86735.40990338332,1.1828534630414742,1.1884896649794987,1.1911631581973827,0.7187327834480993,136,59,0.007368211388410588,0.18065168285924907,0.039559849009717894,223.37701347903234,174754.02695806482,60785.46539914582,87.37701347903241,136.0,11632.0,968.0,0.0,47.0,5.0,0.0,50,219.73189060294882,61.93198037039158,220.0,50.772613525390625,47.0,1093.0,5.0,105.0,7.435667242114992,1132.564332757885,0.8020358861486343,109.19796411385136,47.0,1093.0,5.0,105.0,165.0,0.0,52.0,0.0,5.0,5.0
992,0.0,0.0,47907.25216774866,11,100374.14069595984,100535.04407265758,1.0951763283040492,1.09853497171224,1.0998835856123037,0.6905079997452036,62,29,0.010770898523451228,0.16479181024711076,0.08935130356893423,160.90337669774908,197806.7533954981,71616.38730778226,98.90337669774905,62.0,5177.0,367.0,0.0,22.0,0.0,0.0,22,201.65195854147998,,216.16793823242188,,22.0,214.0,0.0,6.0,3.1903501199942887,232.8096498800057,0.0,6.0,22.0,214.0,0.0,6.0,46.0,0.0,61.0,0.0,0.0,0.0
993,0.0,0.0,13133.910884242721,8,26631.34507115976,26705.72042076555,1.0276782221136016,1.033341070770129,1.0359650009987518,0.6813401718198173,48,22,0.015696789852001326,0.18349247083592024,0.1216252896667179,74.3753496057883,52750.69921157662,19355.492818911138,26.37534960578831,48.0,3539.0,493.0,0.0,17.0,1.0,0.0,18,202.55245907549252,76.78396382017746,204.50204467773438,76.78396606445312,17.0,103.0,1.0,23.0,2.3600147915991125,117.63998520840087,0.23937524472689875,23.760624755273103,17.0,103.0,1.0,23.0,122.0,0.0,13.0,0.0,1.0,1.0
994,0.0,0.0,41046.615465193354,23,84202.81433810054,84468.53902727661,1.0513948198604268,1.0578685494521252,1.0608624579318264,0.8687655131774065,164,63,0.011088507595498131,0.16953137372624702,0.042722907945612225,265.72468917609456,203449.37835218906,58545.538256950706,101.72468917609453,164.0,9757.0,1835.0,0.0,68.0,10.0,0.0,72,208.983656789349,82.56654051876248,201.3255157470703,73.52948760986328,68.0,1338.0,10.0,240.0,10.919952114588906,1395.0800478854112,2.165130533761674,247.83486946623833,68.0,1338.0,10.0,240.0,402.0,0.0,28.0,0.0,10.0,10.0
995,0.0,0.0,352953.072976763,25,743260.1620497024,744281.9771867149,1.1058328116571903,1.1087278569627737,1.1100361143309936,0.8305325926763085,172,70,0.009404853477886525,0.1736676154915437,0.03942848796576389,1021.8151370125611,1699630.274025123,511608.5416191296,849.8151370125615,172.0,10795.0,1805.0,0.0,62.0,15.0,0.0,70,195.7483823639707,67.50962747493446,192.0,72.15165710449219,62.0,1383.0,15.0,290.0,9.523160600554007,1435.4768393994452,3.513299644275903,301.48670035572405,62.0,1383.0,15.0,290.0,404.0,1.0,40.0,0.0,15.0,15.0
996,0.0,0.0,32749.549320743932,21,71502.63927645913,71716.60590897161,1.183316740519802,1.1898501627179803,1.1931034857060503,0.7868813405419711,136,58,0.007068214844888517,0.17621736264957416,0.047156588399342315,213.96663251248867,155933.2650249772,49541.54362002563,77.9666325124886,136.0,9189.0,1395.0,0.0,53.0,4.0,0.0,55,203.63338060311935,60.310572704490085,190.46568298339844,58.02912902832031,53.0,955.0,4.0,143.0,8.324293001869872,999.6757069981301,0.7209854906465405,146.27901450935346,53.0,955.0,4.0,143.0,322.0,1.0,56.0,0.0,4.0,4.0
997,0.0,0.0,38142.15032474091,28,73746.3017503622,73978.86543073194,0.9334594699692809,0.9395567580977608,0.9419907321464074,0.7293200870769424,154,65,0.006165584429082804,0.17690425471339583,0.035440526526532706,232.56368036976502,157127.36073953006,53860.90535682494,78.56368036976504,154.0,12052.0,2060.0,0.0,57.0,4.0,0.0,57,220.55899117743843,94.73098693187325,192.0,97.15250396728516,57.0,1319.0,4.0,216.0,9.058518218671374,1366.9414817813288,0.5460939539565918,219.45390604604341,57.0,1319.0,4.0,216.0,439.0,1.0,48.0,0.0,4.0,4.0
998,0.0,0.0,118805.35498076514,14,227826.27032506638,228157.68338729805,0.9176431092853683,0.9204326557859055,0.9214776750540772,0.7457173509337983,86,36,0.011523841780108476,0.18075508490125525,0.0700676623339581,331.4130622317468,490826.12446349347,164548.31171920357,245.41306223174675,86.0,5784.0,1272.0,0.0,32.0,4.0,0.0,36,214.713275749215,79.1633765908202,226.25682067871094,78.57637023925781,32.0,379.0,4.0,89.0,4.640974737992763,406.3590252620073,0.768071121877493,92.2319288781225,32.0,379.0,4.0,89.0,264.0,0.0,25.0,0.0,4.0,4.0
999,0.0,0.0,101349.23949587232,27,217215.4732452085,217592.4777739097,1.1432373279333299,1.1469571834603816,1.1485676614565787,0.7346896055752229,156,73,0.005296898573509741,0.1716846791511676,0.0368285887074974,377.0045287012559,442009.0574025116,150406.7343706469,221.0045287012558,156.0,12013.0,1595.0,0.0,51.0,5.0,0.0,53,230.29987423191096,113.16323810768536,235.0,74.7483139038086,51.0,1221.0,5.0,154.0,7.576433446424624,1264.4235665535753,1.290388081166409,157.7096119188336,51.0,1221.0,5.0,154.0,337.0,0.0,98.0,0.0,5.0,5.0
