agent_id,delta,kappa,initial_wealth,capacity,final_net,final_gross,net_return,gross_return,gross_return_comp,turnover,trade_count,num_lots_opened,mean_cash_weight,portfolio_vol,hhi,costs_paid,volume_mid,mean_portfolio_value,spread_cost,commission_cost,position_days_in_gain,position_days_in_loss,position_days_neutral,sells_from_gain,sells_from_loss,sells_from_neutral,sale_days,mean_holding_winners,mean_holding_losers,median_holding_winners,median_holding_losers,G_r_full,G_p_full,L_r_full,L_p_full,G_r_frac,G_p_frac,L_r_frac,L_p_frac,G_r,G_p,L_r,L_p,cell_A_rebote_bajo_agua_opp,cell_A_rebote_bajo_agua_sell,cell_B_ganadora_infraponderada_opp,cell_B_ganadora_infraponderada_sell,cell_C_perdedora_sobreponderada_opp,cell_C_perdedora_sobreponderada_sell
0,0.0,0.0,278776.2847850419,11,287598.024001519,289526.3593835298,0.031644511021729826,0.03856165386082644,0.03874919109375541,3.139319986293155,181,84,0.0037879743938559716,0.1739048526419189,0.13214796614615776,1928.3353820110055,3494670.7640220122,278298.38781012956,1747.3353820110062,181.0,2350.0,3194.0,0.0,47.0,39.0,0.0,77,87.13060247299892,79.58376218862789,76.9427719116211,79.0,47.0,346.0,39.0,415.0,30.0,363.0,25.75,428.25,47.0,346.0,39.0,415.0,672.0,27.0,1145.0,22.0,894.0,11.0
1,0.0,0.0,204585.73451938495,26,194352.95160812294,196483.4308046688,-0.05001708909617264,-0.039603463720235266,-0.0398047162301004,4.106653527306884,509,225,0.0038704837213710654,0.15910277345246907,0.06318441608695607,2130.479196546091,3242958.393092186,197420.98837462047,1621.4791965460931,509.0,4825.0,8279.0,0.0,149.0,109.0,0.0,199,64.32877550970872,86.6301736416872,45.0,72.0,149.0,1950.0,109.0,2966.0,104.0,1995.0,73.25,3001.75,149.0,1950.0,109.0,2966.0,1713.0,71.0,2439.0,77.0,2115.0,35.0
2,0.0,0.0,479278.3085200643,16,430473.7968145049,433745.60497848777,-0.10182916864370517,-0.09500263778299145,-0.0952110552606209,3.3614170492662807,297,141,0.004055002175680759,0.1567891927852336,0.08633466020490141,3271.808163982978,5949616.327965956,442493.16886048246,2974.808163982978,297.0,3375.0,4689.0,0.0,84.0,56.0,0.0,119,68.05638210496367,95.26411014660178,52.0,99.44160461425781,84.0,791.0,56.0,973.0,53.25,821.75,39.25,989.75,84.0,791.0,56.0,973.0,886.0,35.0,1711.0,47.0,1353.0,21.0
3,0.0,0.0,240329.0129616906,22,219207.75110102745,221400.70807690037,-0.08788477762370694,-0.07875996597966928,-0.07876422341605371,4.060502520251971,432,186,0.004912982591194027,0.1535440612538793,0.06588287951872825,2192.9569758731864,3521913.9517463734,216839.78363396166,1760.9569758731868,432.0,4273.0,6815.0,0.0,115.0,109.0,0.0,162,55.30952129266837,79.96491494735913,43.0,65.0,115.0,1371.0,109.0,1969.0,83.5,1402.5,75.5,2002.5,115.0,1371.0,109.0,1969.0,1363.0,72.0,1963.0,51.0,2073.0,32.0
4,0.0,0.0,206721.824187448,23,199002.30437825472,200883.5096148448,-0.037342548807006826,-0.02824237158099574,-0.02833081990651798,3.6329813421196073,426,196,0.004500698871387463,0.15345398390242465,0.06996179123466995,1881.2052365902848,2910410.4731805692,200277.0038644442,1455.2052365902846,426.0,4459.0,7133.0,0.0,122.0,85.0,0.0,167,59.04554470331256,79.799036182948,46.5,57.9522705078125,122.0,1457.0,85.0,2177.0,80.5,1498.5,62.75,2199.25,122.0,1457.0,85.0,2177.0,1418.0,49.0,2189.0,58.0,2069.0,25.0
5,0.0,0.0,82852.2703300156,29,81459.06281851065,82728.79865843632,-0.016815562276755402,-0.0014902629835907844,-0.001491926526579701,4.374003643605435,557,238,0.005266152996057006,0.15767014817660943,0.04843400907752897,1269.7358399257546,1425471.6798515082,81474.07935607653,712.7358399257541,557.0,4825.0,9789.0,0.0,162.0,128.0,0.0,215,63.839923798940426,91.41940653754807,44.5,76.70599365234375,162.0,2148.0,128.0,3796.0,106.25,2203.75,88.25,3835.75,162.0,2148.0,128.0,3796.0,1939.0,88.0,2091.0,60.0,2910.0,46.0
6,0.0,0.0,63736.82886471233,6,59666.49083479653,60144.37820198832,-0.06386163388447663,-0.05636381236269761,-0.05662364760366123,2.9972222553723813,109,56,0.007929983480710927,0.17435090433790973,0.2670571170971991,477.8873671918316,737774.7343836633,61538.207006607234,368.88736719183163,109.0,1066.0,1958.0,0.0,24.0,23.0,0.0,43,53.32253293006868,97.71091767248487,42.38179016113281,76.0,24.0,79.0,23.0,132.0,14.0,89.0,17.0,138.0,24.0,79.0,23.0,132.0,399.0,16.0,702.0,14.0,500.0,4.0
7,0.0,0.0,45826.941534377984,25,42567.13241315413,43292.47998692164,-0.07113302812884514,-0.05530505555460363,-0.055563854196473916,3.4275777607168076,427,191,0.004762057872883342,0.15810929974185758,0.05391195404662589,725.3475737674937,596695.1475349879,43521.634605468535,298.34757376749394,427.0,5075.0,7524.0,0.0,129.0,82.0,0.0,158,65.27321390773179,88.96495404227458,46.76194381713867,79.87823486328125,129.0,1612.0,82.0,2126.0,86.0,1655.0,57.0,2151.0,129.0,1612.0,82.0,2126.0,1467.0,43.0,2143.0,54.0,2333.0,28.0
8,0.0,0.0,119157.39467948291,20,103293.80226553988,104539.59073241882,-0.133131413762561,-0.12267643134011097,-0.12314712450178644,3.9631402629075585,395,180,0.005643183015510529,0.16283551181416295,0.07927544152528312,1245.7884668789347,1701576.933757871,107337.66791473012,850.7884668789354,395.0,3255.0,6825.0,0.0,98.0,97.0,0.0,156,48.727191029722604,94.05203264186527,37.65943145751953,71.0,98.0,1006.0,97.0,1919.0,70.0,1034.0,67.75,1948.25,98.0,1006.0,97.0,1919.0,1398.0,61.0,1547.0,50.0,1918.0,25.0
9,0.0,0.0,58187.30642137983,24,54604.49841654141,55449.07723316957,-0.06157370438996601,-0.047058875150201906,-0.04709526275423381,3.684047126479196,440,193,0.004110428837341575,0.15426522241755988,0.06877583066838742,844.5788166281939,809157.6332563868,54909.560428838085,404.5788166281934,440.0,4128.0,7948.0,0.0,108.0,115.0,0.0,176,54.10284122210197,99.80377410423831,37.651763916015625,76.0,108.0,1406.0,115.0,2592.0,76.5,1437.5,76.25,2630.75,108.0,1406.0,115.0,2592.0,1539.0,68.0,2053.0,49.0,2106.0,23.0
10,0.0,0.0,442934.1437435664,6,439318.82744302857,443583.36224026454,-0.008162198267178344,0.0014657224011025427,0.0018325108176007188,4.91940170831072,155,77,0.011769986911379145,0.1829303359918958,0.20124270032358416,4264.534797236364,8219069.5944727305,417686.44246858463,4109.534797236365,155.0,987.0,2037.0,0.0,42.0,30.0,0.0,68,67.67569902007183,77.15338578288771,44.422725677490234,62.27799987792969,42.0,122.0,30.0,214.0,26.25,137.75,21.5,222.5,42.0,122.0,30.0,214.0,436.0,21.0,499.0,16.0,768.0,11.0
11,0.0,0.0,29293.631057916595,6,27767.302621741623,28116.393535657473,-0.05210444663405711,-0.040187490582222485,-0.041046557178794574,3.614632580993643,133,65,0.014830839903838967,0.17218007552113015,0.2299180177339731,349.0909139158778,432181.82783175574,29891.131266303648,216.09091391587788,133.0,1211.0,1813.0,0.0,36.0,26.0,0.0,57,55.93869908604765,72.05309651189994,45.98127746582031,60.5,36.0,134.0,26.0,146.0,24.0,146.0,16.25,155.75,36.0,134.0,26.0,146.0,361.0,17.0,536.0,20.0,381.0,7.0
12,0.0,0.0,33410.178638498954,11,29261.520005963765,29721.079837108126,-0.12417349447376613,-0.11041840994947072,-0.11104043514579043,3.840610114814966,224,103,0.013759622228727841,0.17033241637639426,0.1410853638895204,459.5598311443856,471119.66228877095,30666.98051902287,235.55983114438547,224.0,1874.0,3670.0,0.0,53.0,57.0,0.0,92,62.25568388100246,101.56061783189793,48.455780029296875,80.0,53.0,355.0,57.0,547.0,35.75,372.25,36.0,568.0,53.0,355.0,57.0,547.0,766.0,45.0,781.0,21.0,598.0,17.0
13,0.0,0.0,34817.84170884555,26,33406.04232387282,34150.522338745825,-0.040548159095515235,-0.019166017689436377,-0.0185774467732287,3.89013890497544,492,204,0.005641428513645938,0.161419231478908,0.05609918797325476,744.48001487302,504960.02974603977,32451.28529345071,252.48001487301988,492.0,4973.0,8127.0,0.0,139.0,123.0,0.0,186,72.92131892809999,82.3700665720591,50.0,61.735958099365234,139.0,1907.0,123.0,2666.0,88.5,1957.5,84.25,2704.75,139.0,1907.0,123.0,2666.0,1616.0,75.0,2638.0,61.0,2464.0,39.0
14,0.0,0.0,285878.9416822338,17,304287.19484897313,306749.82804498513,0.06439177736708168,0.07300602919521837,0.07347488180832373,3.734137057496111,334,159,0.006340866388723039,0.16270492645938964,0.08035480227435961,2462.6331960121515,4257266.392024306,285023.4422621176,2128.633196012153,334.0,3354.0,5214.0,0.0,84.0,74.0,0.0,130,67.1162947343754,76.27246562657207,55.0,67.2975082397461,84.0,916.0,74.0,1136.0,57.5,942.5,49.5,1160.5,84.0,916.0,74.0,1136.0,1120.0,57.0,1380.0,30.0,1625.0,22.0
15,0.0,0.0,175279.09738114668,9,187642.69533132238,189437.9876493912,0.07053663634113128,0.08077911445114205,0.08143667432072355,4.55375880576711,200,100,0.00445128136702891,0.16934684301635528,0.15011087926070946,1795.292318069072,3190584.636138142,175162.14473730058,1595.2923180690711,200.0,1725.0,2811.0,0.0,55.0,36.0,0.0,82,44.44748648117359,65.78392183715766,37.0,57.16742706298828,55.0,289.0,36.0,358.0,42.25,301.75,26.25,367.75,55.0,289.0,36.0,358.0,534.0,21.0,719.0,20.0,889.0,9.0
16,0.0,0.0,16504.529202278987,6,16195.903709953265,16477.376099408288,-0.018699442349625284,-0.0016451909980534918,-0.00246110372481112,4.532305077245999,127,60,0.005114117986329576,0.19755042457163316,0.23390011665088462,281.47238945503403,308944.778910068,17041.26121502144,154.472389455034,127.0,994.0,2030.0,0.0,29.0,32.0,0.0,53,75.03549981681871,63.83033189627114,57.0,49.18765640258789,29.0,86.0,32.0,171.0,21.75,93.25,22.25,180.75,29.0,86.0,32.0,171.0,420.0,23.0,444.0,9.0,586.0,9.0
17,0.0,0.0,21931.68834251085,14,20513.947398911117,20952.923546531136,-0.06464349307990491,-0.044627881843576356,-0.045582345378174405,3.882495332641574,271,122,0.0071760913801363286,0.1640278766558753,0.10034150661503517,438.97614762002996,335952.29524006014,21632.49833268214,167.97614762003008,271.0,2683.0,4373.0,0.0,80.0,55.0,0.0,114,51.08454705141269,78.53394897224564,41.0,66.20881652832031,80.0,574.0,55.0,887.0,52.25,601.75,35.75,906.25,80.0,574.0,55.0,887.0,836.0,36.0,964.0,33.0,973.0,18.0
18,0.0,0.0,81574.34956885938,23,70883.93236564592,71837.89825398073,-0.13105120984371887,-0.11935677533854949,-0.11986134021918937,3.6485159481172373,414,180,0.004954669337182434,0.16478343311135796,0.0679893273315691,953.9658883348707,1079931.7766697402,73998.01672972151,539.9658883348701,414.0,3791.0,7797.0,0.0,102.0,109.0,0.0,167,63.05704299720312,99.86526264548907,47.39860534667969,76.3724594116211,102.0,1288.0,109.0,2341.0,69.75,1320.25,73.5,2376.5,102.0,1288.0,109.0,2341.0,1638.0,76.0,1658.0,41.0,1967.0,25.0
19,0.0,0.0,14848.223905577086,18,12300.161421706156,12711.3295206855,-0.1716072238723354,-0.14391582444341744,-0.14645881720887344,3.5556264137623628,314,133,0.008219831336488776,0.1663735200989262,0.085974910756801,411.1680989793626,194336.19795872504,13663.991611051277,97.16809897936253,314.0,2658.0,6379.0,0.0,83.0,80.0,0.0,134,60.284122331935976,95.68214588786726,40.70390701293945,77.90834045410156,83.0,729.0,80.0,1510.0,52.75,759.25,55.0,1535.0,83.0,729.0,80.0,1510.0,1362.0,49.0,1560.0,39.0,1863.0,23.0
20,0.0,0.0,13229.453111266355,7,8627.154843767974,8857.53495154258,-0.34788273020741955,-0.33046854794024694,-0.3330867357171948,3.8434909972729354,150,68,0.006033502067520242,0.174275644310136,0.2129889130565852,230.38010777461318,160760.2155492261,10456.6535776518,80.38010777461305,150.0,1086.0,2434.0,0.0,34.0,41.0,0.0,68,45.41491773924247,79.76889951583499,31.5,60.96683883666992,34.0,145.0,41.0,255.0,21.0,158.0,30.5,265.5,34.0,145.0,41.0,255.0,465.0,25.0,670.0,21.0,991.0,13.0
21,0.0,0.0,37442.01598703506,20,34017.03285654364,34685.776702634364,-0.0914743247713311,-0.07361353847386565,-0.07412441574113915,3.924487106657091,394,180,0.0031006209068467866,0.15939870223490193,0.07690059160247274,668.7438460907536,549487.6921815068,35003.79012899629,274.7438460907534,394.0,3254.0,6823.0,0.0,116.0,78.0,0.0,156,57.81615960936024,82.58293891630755,44.0,68.5,116.0,1050.0,78.0,1874.0,84.25,1081.75,53.75,1898.25,116.0,1050.0,78.0,1874.0,1524.0,52.0,1721.0,62.0,2071.0,26.0
22,0.0,0.0,164270.04414838256,20,162366.80388962047,164232.48198108718,-0.011586045822468583,-0.00022866108967156684,-9.38145744163732e-05,4.469739182297798,446,201,0.002998937489395868,0.15987259841828486,0.08035515808148594,1865.678091466899,2839356.1829337957,158809.94769107216,1419.678091466898,446.0,3513.0,6566.0,0.0,121.0,104.0,0.0,175,49.913643866508636,72.10507516863814,32.62101745605469,57.5,121.0,1229.0,104.0,2045.0,83.75,1266.25,74.75,2074.25,121.0,1229.0,104.0,2045.0,1362.0,66.0,1985.0,64.0,2064.0,30.0
23,0.0,0.0,407982.22678597627,13,371437.01552520687,375217.1640887839,-0.0895754982972351,-0.08031002466776727,-0.08100879271235528,4.377730106713467,294,134,0.008420192179450335,0.16258416336411044,0.12615184247597927,3780.148563577409,6972297.127154818,398168.51183119154,3486.148563577409,294.0,2379.0,4173.0,0.0,82.0,65.0,0.0,127,47.34422908935263,71.08342820902978,35.444244384765625,64.0,82.0,598.0,65.0,906.0,61.5,618.5,40.5,930.5,82.0,598.0,65.0,906.0,838.0,39.0,1203.0,40.0,1178.0,19.0
24,0.0,0.0,15294.748230070792,12,12670.044226186992,13032.160127584692,-0.17160818631348285,-0.14793235354065248,-0.15005345822622884,4.3006912396464685,242,112,0.006396348951260643,0.16436361503248847,0.11716008943703786,362.1159013977076,240231.8027954152,13964.72040243251,120.1159013977076,242.0,1932.0,4089.0,0.0,63.0,56.0,0.0,106,38.266950599982756,73.87948979063732,24.226594924926758,60.0,63.0,387.0,56.0,762.0,43.25,406.75,44.5,773.5,63.0,387.0,56.0,762.0,779.0,37.0,741.0,31.0,1002.0,20.0
25,0.0,0.0,10765.067038805493,10,10680.734032392296,10955.534028792696,-0.007833950881048546,0.017693061204413718,0.018275399989443164,4.020244336206781,191,84,0.0113855783515499,0.1596818480734931,0.14001397974525756,274.7999964004074,167599.99280081489,10422.25165839985,83.79999640040745,191.0,1792.0,3235.0,0.0,56.0,41.0,0.0,86,65.83212123442797,107.96343413577827,47.111671447753906,69.0,56.0,301.0,41.0,459.0,37.75,319.25,26.25,473.75,56.0,301.0,41.0,459.0,657.0,23.0,788.0,21.0,1020.0,14.0
26,0.0,0.0,32853.248140111755,25,29267.588560734246,29986.21566851648,-0.10914170690476244,-0.08726785428850203,-0.08786127785571296,3.9718417550861385,479,216,0.0037929296625867333,0.1637423565758537,0.05964192379381303,718.6271077822513,479254.2155645018,30165.74206102202,239.6271077822509,479.0,3861.0,8738.0,0.0,119.0,119.0,0.0,184,55.48435682071631,93.10010400074928,37.0,67.0,119.0,1474.0,119.0,2887.0,80.5,1512.5,82.5,2923.5,119.0,1474.0,119.0,2887.0,1899.0,89.0,1903.0,55.0,2420.0,39.0
27,0.0,0.0,21038.915145125884,25,18042.561087124068,18634.64502402788,-0.1424196084889855,-0.11427728590155017,-0.11522091619171515,3.8327850684493536,447,182,0.006402606353580768,0.15954276941909637,0.06134858381791968,592.0839369038258,290167.8738076513,18926.698772926873,145.08393690382565,447.0,4602.0,7980.0,0.0,128.0,112.0,0.0,184,62.778843520141606,80.75643357881667,40.266929626464844,62.0,128.0,1658.0,112.0,2696.0,83.0,1703.0,79.75,2728.25,128.0,1658.0,112.0,2696.0,1496.0,74.0,2618.0,59.0,2469.0,36.0
28,0.0,0.0,253023.973722921,6,187172.27932847216,189005.9742926043,-0.26025871551033763,-0.25301159604907986,-0.2541419624780017,3.8700348712436794,125,64,0.005759958363421928,0.18254148642467644,0.22630828722817323,1833.6949641323192,3417389.9282646384,220759.63408350514,1708.6949641323192,125.0,822.0,2202.0,0.0,18.0,37.0,0.0,52,54.90005311080434,73.6434507626583,38.5,55.0,18.0,91.0,37.0,166.0,15.25,93.75,24.75,178.25,18.0,91.0,37.0,166.0,430.0,22.0,341.0,11.0,601.0,12.0
29,0.0,0.0,104535.62923435812,14,96175.14980393133,97171.73447033837,-0.07997731961495591,-0.07044387466698698,-0.0706968926336925,3.6644090603272477,274,117,0.008902441338508324,0.16902442736504691,0.11972698880544111,996.5846664071406,1445169.33281428,98594.97868704238,722.5846664071399,274.0,2656.0,4400.0,0.0,88.0,55.0,0.0,122,64.08578338102647,88.47550158498889,50.0,79.0,88.0,624.0,55.0,941.0,52.5,659.5,34.5,961.5,88.0,624.0,55.0,941.0,983.0,40.0,1561.0,51.0,1533.0,21.0
30,0.0,0.0,91534.01673419679,12,71126.11056319028,72081.98375536708,-0.22295433871615722,-0.2125115194640257,-0.21359229234676824,4.3503484319089285,270,128,0.003794421680364128,0.16727333556834784,0.10958555011731941,955.873192176875,1371746.3843537492,78829.68489904545,685.8731921768747,270.0,2111.0,3928.0,0.0,71.0,59.0,0.0,106,48.209177871959874,74.8175188362336,34.0,66.87106323242188,71.0,452.0,59.0,689.0,51.25,471.75,44.75,703.25,71.0,452.0,59.0,689.0,668.0,34.0,1093.0,37.0,1461.0,19.0
31,0.0,0.0,45627.65228505502,9,49202.694328531616,49806.81848737281,0.07835253107352136,0.09159283883836045,0.09204267042221148,4.086364249917624,216,110,0.002636716005407864,0.173742387523193,0.1693283990475236,604.1241588412416,776248.3176824831,47490.15691015132,388.1241588412416,216.0,1869.0,2667.0,0.0,53.0,44.0,0.0,87,53.543315008206065,65.47446585954859,41.881919860839844,34.53822708129883,53.0,306.0,44.0,380.0,36.75,322.25,36.5,387.5,53.0,306.0,44.0,380.0,525.0,25.0,898.0,30.0,616.0,11.0
32,0.0,0.0,35259.345221070034,28,32361.56245671394,33135.649350673775,-0.08218481500968033,-0.06023072343178948,-0.060602878253801284,3.9352634759300575,514,228,0.003507721765358501,0.15908726562677136,0.04675421291611619,774.086893959846,520173.7879196907,33045.67731622806,260.0868939598454,514.0,5132.0,8971.0,0.0,140.0,119.0,0.0,191,58.128890693682834,85.64732359580631,43.685630798339844,71.0,140.0,1893.0,119.0,3193.0,97.75,1935.25,78.75,3233.25,140.0,1893.0,119.0,3193.0,1922.0,74.0,2149.0,57.0,2724.0,38.0
33,0.0,0.0,267267.9972027493,27,217963.28858864994,220323.5105834465,-0.18447666435984422,-0.1756457455087328,-0.17630281164021155,3.91998737770759,518,234,0.0037024850465505084,0.16261278454544667,0.06011289585020044,2360.2219947966883,3684443.989593372,234978.0518775571,1842.2219947966862,518.0,4389.0,9219.0,0.0,125.0,132.0,0.0,200,60.46423993070283,88.42777948303777,41.09319305419922,68.31652069091797,125.0,1808.0,132.0,3335.0,90.5,1842.5,95.25,3371.75,125.0,1808.0,132.0,3335.0,1902.0,87.0,2274.0,61.0,2502.0,38.0
34,0.0,0.0,166197.1431295794,24,154207.20048310098,156088.59513111066,-0.07214289259551343,-0.06082263394014775,-0.06084738663906919,4.4508339661387675,508,233,0.0038173303475254336,0.1538242605318869,0.05694277237098078,1881.394648009772,2746789.296019544,154285.09111532115,1373.394648009772,508.0,4158.0,7938.0,0.0,137.0,114.0,0.0,192,55.04500134946526,71.780693566078,33.0,57.349464416503906,137.0,1635.0,114.0,2722.0,97.5,1674.5,81.0,2755.0,137.0,1635.0,114.0,2722.0,1642.0,78.0,1910.0,61.0,2540.0,37.0
35,0.0,0.0,138099.92654478105,29,116057.44622913562,117626.8418252251,-0.1596125419262827,-0.1482483389512682,-0.1491238102766742,3.9415830842524255,579,256,0.002956542340218342,0.15435825719559365,0.057455091125125916,1569.3955960894405,1980791.1921788785,125634.2407250412,990.3955960894392,579.0,5054.0,9561.0,0.0,159.0,135.0,0.0,200,51.25998347921345,85.67754520465807,37.0,67.07125854492188,159.0,2038.0,135.0,3467.0,112.75,2084.25,94.75,3507.25,159.0,2038.0,135.0,3467.0,1937.0,93.0,2588.0,80.0,2650.0,33.0
36,0.0,0.0,301702.9261048804,22,267273.7501158934,269585.2831094783,-0.11411614873439602,-0.10645452932808852,-0.10653019432618271,3.599587106901763,395,180,0.0030823990164649618,0.16044263677654866,0.06668106100362016,2311.5329935851873,3833065.9871703773,266215.67094604735,1916.5329935851887,395.0,3359.0,7729.0,0.0,98.0,95.0,0.0,156,58.93776042176153,94.36658413718187,28.80086898803711,83.16998291015625,98.0,1101.0,95.0,2138.0,65.0,1134.0,65.0,2168.0,98.0,1101.0,95.0,2138.0,1631.0,57.0,1412.0,39.0,1763.0,26.0
37,0.0,0.0,17454.23268979363,16,15057.387125595824,15453.71233846096,-0.13732173775816348,-0.11461519889685401,-0.11495161645722762,3.9126731150150404,277,119,0.006542090657367221,0.16497511467799678,0.08993838510519453,396.32521286514685,238650.42573029434,15248.553783758713,119.32521286514718,277.0,2760.0,5294.0,0.0,69.0,73.0,0.0,121,72.30796011632931,86.504876737588,44.0,79.0,69.0,658.0,73.0,1132.0,46.5,680.5,49.0,1156.0,69.0,658.0,73.0,1132.0,1089.0,52.0,1317.0,30.0,1795.0,25.0
38,0.0,0.0,13444.765275669608,19,13724.99445693922,14180.880219539278,0.020842995435311096,0.05475104464648295,0.0577902485016899,3.9911654495614153,355,148,0.006674417884666826,0.1527192276529525,0.08228710572204906,455.88576260006516,201771.5252001303,12638.63448847396,100.88576260006515,355.0,3515.0,6019.0,0.0,113.0,75.0,0.0,151,57.404681537224384,87.5470311813563,40.0,73.0,113.0,1054.0,75.0,1618.0,75.5,1091.5,55.25,1637.75,113.0,1054.0,75.0,1618.0,1186.0,48.0,1795.0,60.0,1774.0,17.0
39,0.0,0.0,71587.81684368655,25,66427.04423860535,67468.10988467626,-0.07209009622894158,-0.05754759874862159,-0.05778670417325493,3.997982034613248,502,234,0.002727051150259432,0.1540987287931191,0.057646010860920686,1041.0656460709247,1078131.2921418487,67417.21716154132,539.0656460709243,502.0,4794.0,7805.0,0.0,137.0,106.0,0.0,186,50.71401285397314,80.60847137590788,34.0,64.54127502441406,137.0,1842.0,106.0,2564.0,99.5,1879.5,73.25,2596.75,137.0,1842.0,106.0,2564.0,1462.0,66.0,2248.0,63.0,2023.0,30.0
40,0.0,0.0,12274.353200924459,7,12204.993851333216,12424.114855148455,-0.005650753930237173,0.012201185005228377,0.010971479651055382,3.357432010915488,131,67,0.003305794488599979,0.1730035691935258,0.19201448178584124,219.1210038152504,176242.00763050077,13123.274503959648,88.12100381525039,131.0,1667.0,1861.0,0.0,41.0,16.0,0.0,54,63.035491614045426,67.53937504916243,62.01155471801758,50.0,41.0,159.0,16.0,162.0,30.75,169.25,12.75,165.25,41.0,159.0,16.0,162.0,366.0,13.0,847.0,15.0,540.0,3.0
41,0.0,0.0,361457.62567860377,6,397707.26024010364,400435.27810082235,0.1002873697669111,0.10783463856666908,0.10878453329148252,3.705616537243007,141,72,0.0029990510772031857,0.17903633690794646,0.23373632930258736,2728.017860718976,5174035.721437954,349067.1302222394,2587.0178607189773,141.0,1276.0,1748.0,0.0,40.0,23.0,0.0,59,65.19629652176566,77.56950395819541,56.10450744628906,70.0,40.0,128.0,23.0,163.0,26.0,142.0,15.5,170.5,40.0,128.0,23.0,163.0,312.0,15.0,618.0,19.0,543.0,6.0
42,0.0,0.0,78022.19466533016,23,70517.26770699938,71541.54771729127,-0.09618964181310907,-0.08306158235918759,-0.08397184264738888,3.7884975935547973,450,202,0.003429468082256498,0.16341807769808314,0.06403649118604551,1024.280010291954,1148560.020583907,75792.57952663749,574.2800102919534,450.0,3832.0,7760.0,0.0,129.0,96.0,0.0,172,51.664106286497436,95.09286895016307,34.0,73.04064178466797,129.0,1381.0,96.0,2350.0,88.75,1421.25,63.5,2382.5,129.0,1381.0,96.0,2350.0,1574.0,61.0,2234.0,70.0,2430.0,29.0
43,0.0,0.0,21582.011242607805,18,17029.422393399756,17478.186866731157,-0.21094367888291155,-0.19015022880605137,-0.19202270596874738,3.4998309437935706,317,130,0.006471900830014369,0.16370549936530734,0.08670039992647251,448.76447333141726,263528.94666283426,18824.405442365984,131.76447333141712,317.0,3498.0,5556.0,0.0,93.0,76.0,0.0,137,69.42535554096536,96.73786030448417,42.0,80.71410369873047,93.0,934.0,76.0,1358.0,60.5,966.5,48.0,1386.0,93.0,934.0,76.0,1358.0,1255.0,44.0,2259.0,58.0,1885.0,30.0
44,0.0,0.0,233860.62685003798,9,218909.55863370444,220968.33434995104,-0.06393153228790771,-0.05512810203982765,-0.05468232192234235,4.546640378103247,188,89,0.0075528044673149565,0.16133574666770611,0.16920541225637323,2058.77571624675,3741551.4324934995,205731.65685771633,1870.7757162467499,188.0,1275.0,3261.0,0.0,53.0,37.0,0.0,82,40.429508229336655,90.28822680148797,27.0,72.56051635742188,53.0,190.0,37.0,458.0,38.5,204.5,22.25,472.75,53.0,190.0,37.0,458.0,692.0,25.0,491.0,19.0,799.0,15.0
45,0.0,0.0,159466.8387277669,22,139237.31901266638,140884.9833825802,-0.1268572191967463,-0.1165248868882931,-0.11701496367034991,4.164972653068425,441,200,0.004568140868536531,0.1564278467069051,0.06340449765133413,1647.664369913998,2413328.7398279933,144858.6185824079,1206.6643699139968,441.0,3678.0,7410.0,0.0,116.0,103.0,0.0,164,60.670230267482154,73.58363837726063,39.826812744140625,59.0,116.0,1246.0,103.0,2143.0,83.5,1278.5,71.25,2174.75,116.0,1246.0,103.0,2143.0,1508.0,72.0,1802.0,50.0,2355.0,35.0
46,0.0,0.0,42314.649216746395,17,39677.03022068975,40366.01752185461,-0.06233347185619076,-0.04605099489092779,-0.04629703922582884,4.119962128983223,354,169,0.003741937540636668,0.1768847816316835,0.0883519295215902,688.9873011648941,669974.6023297864,40654.172377983195,334.9873011648932,354.0,3041.0,5517.0,0.0,91.0,77.0,0.0,144,50.66629416138326,88.36364875223217,37.0,73.46765899658203,91.0,863.0,77.0,1415.0,65.0,889.0,54.75,1437.25,91.0,863.0,77.0,1415.0,1042.0,40.0,1358.0,37.0,1598.0,25.0
47,0.0,0.0,49648.2275358393,12,53823.65565346305,54589.575156012645,0.08410024536343519,0.09952717076569062,0.09960799641942164,4.64575606975903,270,131,0.002955266296281325,0.16729342027078464,0.12294469872079604,765.9195025496579,991839.0050993162,53373.390154703164,495.91950254965815,270.0,2113.0,3935.0,0.0,64.0,63.0,0.0,111,50.71105784895735,65.47142041540431,39.844329833984375,53.0,64.0,473.0,63.0,732.0,44.75,492.25,46.0,749.0,64.0,473.0,63.0,732.0,731.0,38.0,776.0,25.0,743.0,19.0
48,0.0,0.0,95560.55146451105,21,75897.14632084536,76901.84964610974,-0.205769063094704,-0.1952552756597551,-0.19649133724776524,3.5265124186783843,391,179,0.004953710627064603,0.16047403767620472,0.07441950739988852,1004.7033252644702,1227406.650528941,87012.7837936929,613.7033252644705,391.0,3488.0,7095.0,0.0,97.0,94.0,0.0,144,56.41559846279909,100.97265978697826,34.0,82.0,97.0,952.0,94.0,1880.0,68.0,981.0,65.25,1908.75,97.0,952.0,94.0,1880.0,1472.0,71.0,1692.0,51.0,1797.0,26.0
49,0.0,0.0,86643.44871348297,29,68517.9082870112,69590.9203128565,-0.2091968948097881,-0.19681266909188544,-0.1978006009899529,3.5868889988694534,535,230,0.0033163413657828988,0.1610890490965417,0.05190035391593007,1073.012025845328,1076024.0516906525,74997.02750975867,538.0120258453262,535.0,4734.0,9881.0,0.0,142.0,134.0,0.0,207,63.612394752096826,94.57191297116377,48.5,72.0,142.0,2021.0,134.0,3705.0,95.75,2067.25,91.75,3747.25,142.0,2021.0,134.0,3705.0,2058.0,85.0,2269.0,73.0,2722.0,29.0
50,0.0,0.0,145979.52103396633,6,150186.60939975994,151307.10253322558,0.028819716190291667,0.03649540333825074,0.03708506247115717,3.6612189563443955,111,56,0.0043977356484078125,0.1780080557296057,0.24068095903930276,1120.4931334658056,2018986.2669316104,137862.9829986664,1009.4931334658053,111.0,1204.0,1820.0,0.0,31.0,18.0,0.0,49,68.1555927523316,93.51537275356353,58.0,91.50457763671875,31.0,100.0,18.0,145.0,20.0,111.0,12.5,150.5,31.0,100.0,18.0,145.0,351.0,13.0,671.0,12.0,685.0,6.0
51,0.0,0.0,96944.54043512845,5,98712.42810027143,99450.54350716663,0.018236072472033404,0.025849862826623937,0.026081598632995195,3.4173172363839006,95,45,0.004340126683615066,0.18075962894798597,0.2747418409224882,738.115406895295,1286230.8137905905,94096.53280767988,643.1154068952952,95.0,988.0,1532.0,0.0,32.0,13.0,0.0,43,62.79653212908236,107.27054641891996,44.5,82.48516082763672,32.0,80.0,13.0,90.0,20.75,91.25,8.25,94.75,32.0,80.0,13.0,90.0,346.0,8.0,577.0,15.0,632.0,5.0
52,0.0,0.0,74274.0391318718,26,68915.4124417634,69931.09444970173,-0.0721466982641712,-0.05847190664370994,-0.057985116163049466,3.8495255472879633,507,228,0.0046033763990808415,0.1609897765505042,0.05910663723675186,1015.6820079384133,1017364.0158768257,66070.74062630723,508.6820079384128,507.0,4491.0,8605.0,0.0,153.0,100.0,0.0,188,55.83961449520128,74.89359585240574,32.77348709106445,69.36567687988281,153.0,1755.0,100.0,2877.0,102.25,1805.75,72.5,2904.5,153.0,1755.0,100.0,2877.0,1751.0,64.0,2251.0,80.0,2687.0,26.0
53,0.0,0.0,72324.5247222543,23,72698.2402817611,73743.58531549819,0.0051672038073111715,0.01962073859031177,0.02008940706809148,3.9567242108780967,488,226,0.004736549897050442,0.16055665693369015,0.06384859485409904,1045.3450337371892,1114690.0674743804,70430.10885177429,557.3450337371902,488.0,4693.0,6891.0,0.0,146.0,93.0,0.0,182,59.81007335810207,80.71547279937754,42.21338653564453,65.0,146.0,1664.0,93.0,2282.0,95.5,1714.5,72.25,2302.75,146.0,1664.0,93.0,2282.0,1343.0,55.0,2350.0,70.0,1930.0,26.0
54,0.0,0.0,219519.73065939915,26,201719.69797525936,203742.8311654191,-0.0810862542090025,-0.0718700749430996,-0.07216382472297544,3.6842119200866144,493,212,0.004971624714115714,0.15312985790446787,0.0546975580535779,2023.133190159897,3060266.380319796,207660.8543902552,1530.133190159898,493.0,4430.0,8674.0,0.0,150.0,105.0,0.0,191,58.75255712376756,96.40895908987834,43.5,77.0,150.0,1789.0,105.0,2922.0,98.0,1841.0,68.0,2959.0,150.0,1789.0,105.0,2922.0,1829.0,74.0,2214.0,66.0,2924.0,32.0
55,0.0,0.0,153103.62735982414,20,140681.8832621476,142435.2741214489,-0.08113291835002023,-0.06968060406108134,-0.07017484764687043,4.4597908156108375,447,204,0.003492586141255809,0.17033652181177852,0.07902578886517135,1753.3908593015576,2612781.7186031127,146463.24382846933,1306.3908593015565,447.0,3233.0,6847.0,0.0,109.0,114.0,0.0,173,42.226924305035844,85.21482606939367,28.0,70.08280944824219,109.0,1156.0,114.0,2081.0,73.5,1191.5,82.5,2112.5,109.0,1156.0,114.0,2081.0,1412.0,71.0,1678.0,65.0,2122.0,36.0
56,0.0,0.0,455019.41595174914,10,364525.07206284866,367943.8597092196,-0.19888018118878825,-0.19136668280494462,-0.1920901406963983,4.041308174043881,209,98,0.007931631162574488,0.1652589634789791,0.13143161698308023,3418.787646371486,6419575.29274297,397122.3559473879,3209.787646371485,209.0,1302.0,3738.0,0.0,50.0,51.0,0.0,94,47.581351884107974,76.34259734780805,34.0,67.32112884521484,50.0,229.0,51.0,610.0,33.75,245.25,34.25,626.75,50.0,229.0,51.0,610.0,795.0,27.0,601.0,20.0,1136.0,18.0
57,0.0,0.0,332911.4793553295,17,309018.72865329357,311667.96768976614,-0.07176908032220253,-0.06381129213898118,-0.06378600569102555,3.8044765160370373,336,157,0.0034600638689924468,0.16276937405365918,0.10376486384914427,2649.2390364727003,4626478.0729454,304015.41798479855,2313.2390364727003,336.0,3279.0,5289.0,0.0,82.0,80.0,0.0,127,55.823553865951,89.34494828883506,33.5,66.5,82.0,843.0,80.0,1154.0,59.5,865.5,55.0,1179.0,82.0,843.0,80.0,1154.0,1132.0,50.0,1771.0,44.0,1676.0,19.0
58,0.0,0.0,169893.79102682436,18,157172.9776779931,158645.2967135132,-0.07487509267965409,-0.06620897824061822,-0.06626536143964745,3.557406940254362,346,165,0.004480784809623866,0.16124786695182183,0.07818559700681421,1472.3190355202541,2252638.0710405083,158306.18403186114,1126.3190355202541,346.0,3047.0,6025.0,0.0,80.0,83.0,0.0,142,58.03366539309117,85.87073553838258,38.415287017822266,68.0,80.0,829.0,83.0,1564.0,55.0,854.0,55.75,1591.25,80.0,829.0,83.0,1564.0,1265.0,59.0,1394.0,39.0,1836.0,24.0
59,0.0,0.0,289380.2484597157,11,273440.28975222865,275604.582859771,-0.05508309151136148,-0.04760402851704093,-0.04785782429962104,3.4567334559785126,214,107,0.005169373383233825,0.1642002176416787,0.13142326201325275,2164.2931075425217,3900586.2150850426,282100.5918419075,1950.2931075425213,214.0,2257.0,3287.0,0.0,57.0,39.0,0.0,85,58.60876859591969,84.05020950856188,49.963096618652344,59.0,57.0,355.0,39.0,484.0,41.25,370.75,26.5,496.5,57.0,355.0,39.0,484.0,632.0,25.0,1032.0,29.0,1165.0,18.0
60,0.0,0.0,261679.71352757403,18,218879.05904163606,221009.15766463082,-0.16356122493778225,-0.1554211265163955,-0.15567832191525166,3.952261521768927,349,162,0.0050696703761112195,0.16671326345144877,0.09162215252262092,2130.098622994932,3562197.2459898647,225326.51409638498,1781.0986229949324,349.0,2466.0,6606.0,0.0,87.0,82.0,0.0,144,55.674317866011485,90.81377251166136,42.29237365722656,80.50277709960938,87.0,762.0,82.0,1661.0,60.25,788.75,54.0,1689.0,87.0,762.0,82.0,1661.0,1320.0,52.0,1275.0,46.0,2040.0,25.0
61,0.0,0.0,160732.24877577665,29,151713.0397353214,153647.83203987498,-0.05611325113130938,-0.04407588887644143,-0.04414449176879209,4.420263089104673,587,258,0.00432781206964677,0.16065916914545278,0.05175394202803815,1934.7923045537327,2695584.6091074664,152456.11826543216,1347.7923045537332,587.0,5625.0,8990.0,0.0,173.0,127.0,0.0,212,61.77626582802815,75.61997740959042,54.0,71.0,173.0,2385.0,127.0,3462.0,114.0,2444.0,88.5,3500.5,173.0,2385.0,127.0,3462.0,1772.0,64.0,3257.0,80.0,2746.0,41.0
62,0.0,0.0,155009.05260343122,19,132326.67268878384,133795.71960908614,-0.14632938872723156,-0.13685222016430487,-0.1373779196857834,3.963126263112054,362,170,0.004008588707452488,0.16187348589936815,0.08187636417332962,1469.0469203023613,2214093.8406047197,139668.38889370242,1107.04692030236,362.0,3311.0,6264.0,0.0,91.0,82.0,0.0,147,75.34718298843865,80.11830704161164,42.0,60.97858428955078,91.0,967.0,82.0,1652.0,64.25,993.75,59.0,1675.0,91.0,967.0,82.0,1652.0,1297.0,44.0,1404.0,39.0,2061.0,25.0
63,0.0,0.0,56176.08350884762,15,60060.51084823705,60897.557854336024,0.0691473505584923,0.08404776642616563,0.08452991123194753,4.412550399733353,326,152,0.0043328783927233825,0.16077503960135328,0.09265879314233871,837.0470060990224,1022094.0121980448,57908.34775846465,511.04700609902244,326.0,2924.0,4636.0,0.0,100.0,59.0,0.0,131,60.15626094627542,68.08501812943526,57.5,48.0,100.0,810.0,59.0,996.0,68.75,841.25,42.5,1012.5,100.0,810.0,59.0,996.0,961.0,42.0,1477.0,45.0,1602.0,17.0
64,0.0,0.0,29323.48456088409,21,24467.366822458556,25122.378379016784,-0.16560507085516463,-0.1432676315512431,-0.14423925841665608,4.152733293825066,440,202,0.004252890888450256,0.15606776648180243,0.06719072113932517,655.0115565582496,430023.113116498,25887.95635852197,215.011556558249,440.0,3741.0,6832.0,0.0,121.0,96.0,0.0,176,49.2235663623067,86.5906955676677,29.0,72.0,121.0,1313.0,96.0,2162.0,85.5,1348.5,72.25,2185.75,121.0,1313.0,96.0,2162.0,1325.0,51.0,1619.0,60.0,1882.0,24.0
65,0.0,0.0,456353.5901429072,16,497244.09622165293,501694.8901158846,0.08960268301152374,0.09935563333418451,0.09996306552031964,4.424919739422932,340,158,0.006349246801550065,0.165497061267584,0.09550868893121649,4450.79389423214,8221587.788464283,464504.91040637984,4110.793894232142,340.0,3408.0,4656.0,0.0,107.0,59.0,0.0,135,52.55924672107387,92.91189819820296,43.0,82.0,107.0,908.0,59.0,1086.0,74.75,940.25,38.5,1106.5,107.0,908.0,59.0,1086.0,934.0,42.0,1580.0,47.0,1134.0,18.0
66,0.0,0.0,21933.45416604394,9,19627.064213035203,19984.931422986363,-0.10515397782531455,-0.08883793351957137,-0.08945132862962535,4.21773541611902,186,86,0.003246308119219178,0.16941573481230002,0.17346864213020668,357.8672099511809,343734.4199023618,20374.34701265896,171.8672099511809,186.0,1204.0,3320.0,0.0,51.0,40.0,0.0,84,49.70088791881049,76.64021813385375,50.0,69.0,51.0,201.0,40.0,462.0,40.75,211.25,25.25,476.75,51.0,201.0,40.0,462.0,688.0,23.0,615.0,24.0,962.0,9.0
67,0.0,0.0,11252.131325267803,30,10169.392770038226,10819.128656736953,-0.0962251971587087,-0.03848183566419083,-0.03829535622414415,4.450672903841426,558,209,0.007016466361067692,0.1596462823460848,0.0474319280760676,649.7358866987491,183471.77339749766,10305.844608303,91.73588669874883,558.0,4912.0,10077.0,0.0,161.0,158.0,0.0,226,61.37598714123826,85.43971166760318,42.0,66.5,161.0,2298.0,158.0,4116.0,106.25,2352.75,107.25,4166.75,161.0,2298.0,158.0,4116.0,2065.0,92.0,1903.0,58.0,2654.0,46.0
68,0.0,0.0,26688.042463985046,6,24289.49994764138,24604.68516769256,-0.08987330260660553,-0.0780633236440601,-0.07786817730528561,3.8018057359885047,131,66,0.007396401576707367,0.1816924735470974,0.21389885108336124,315.1852200512002,368370.44010240026,24223.386574920598,184.18522005120013,131.0,1266.0,1758.0,0.0,31.0,28.0,0.0,57,55.21815972858877,74.81615572043891,37.94051742553711,58.727439880371094,31.0,117.0,28.0,166.0,20.25,127.75,19.5,174.5,31.0,117.0,28.0,166.0,335.0,17.0,421.0,10.0,489.0,6.0
69,0.0,0.0,161406.69463520573,22,144317.02647689907,145889.7855134419,-0.10587954977289449,-0.0961354741625402,-0.09659261957926302,3.8015280237696767,424,193,0.0049023093371943546,0.1583754658838424,0.06291902997088171,1572.7590365428614,2297518.073085724,151091.74907564247,1148.759036542862,424.0,3912.0,7168.0,0.0,104.0,105.0,0.0,170,56.54102781259617,83.23023592288719,41.5,63.0,104.0,1314.0,105.0,2216.0,70.5,1347.5,70.0,2251.0,104.0,1314.0,105.0,2216.0,1462.0,67.0,1376.0,36.0,2205.0,29.0
70,0.0,0.0,36255.66834502335,14,39551.34559054212,40202.97639480296,0.09090102033579406,0.10887423208463454,0.11027510414862296,4.476748614850184,323,149,0.005975276901176463,0.17099110360707462,0.12230992044361619,651.6308042608669,657261.6085217347,36704.18338554231,328.63080426086736,323.0,2547.0,4500.0,0.0,94.0,66.0,0.0,135,48.47806524674361,70.0427139939234,32.12364959716797,53.0,94.0,690.0,66.0,1039.0,67.25,716.75,43.5,1061.5,94.0,690.0,66.0,1039.0,865.0,35.0,1448.0,43.0,1460.0,20.0
71,0.0,0.0,28716.679822948132,21,25728.91061848818,26353.944950794714,-0.10404298905308551,-0.08227743899088591,-0.08262947376352059,4.132498827318229,408,181,0.005618675502452398,0.159888622120375,0.06842910291005631,625.034332306556,434068.6646131118,26259.4547966756,217.0343323065559,408.0,3242.0,7341.0,0.0,98.0,108.0,0.0,163,55.35738069298141,85.7199754315706,49.414974212646484,65.0,98.0,1084.0,108.0,2132.0,69.25,1112.75,73.5,2166.5,98.0,1084.0,108.0,2132.0,1557.0,68.0,1497.0,45.0,2081.0,36.0
72,0.0,0.0,373527.00960197556,26,353216.1780169125,356539.879372815,-0.05437580432725864,-0.04547764898517448,-0.04555846598216062,3.950651761991589,515,236,0.002873495350926572,0.16237679446966627,0.0567760827947546,3323.7013559025713,5617402.71180514,355473.16305179184,2808.70135590257,515.0,4588.0,8516.0,0.0,143.0,110.0,0.0,195,56.299447046151734,89.14420691913975,33.0,58.714271545410156,143.0,1818.0,110.0,2999.0,96.0,1865.0,78.5,3030.5,143.0,1818.0,110.0,2999.0,1668.0,68.0,2404.0,76.0,2498.0,38.0
73,0.0,0.0,42071.55103345618,14,42517.417116661585,43092.78762276879,0.01059780474579708,0.02427380413192992,0.024680681549017702,3.644403773933152,276,131,0.004947319072222295,0.1538966647778439,0.09451199403274588,575.3705061072384,598741.0122144769,41072.63144777022,299.3705061072385,276.0,2649.0,4407.0,0.0,81.0,50.0,0.0,117,75.58569505133656,92.25891065501175,39.6114387512207,69.5,81.0,594.0,50.0,913.0,52.0,623.0,35.5,927.5,81.0,594.0,50.0,913.0,967.0,29.0,1122.0,40.0,1179.0,19.0
74,0.0,0.0,78793.15775111112,18,71993.152426697,73008.54157312022,-0.08630197746222756,-0.0734152094305337,-0.07411724454023416,4.240953881941315,371,169,0.003651272195064764,0.160497708536917,0.08442598679800425,1015.3891464232989,1288778.292846597,75972.19450643101,644.3891464232985,371.0,3045.0,6027.0,0.0,107.0,77.0,0.0,155,49.223217675949954,78.41099761505549,33.743167877197266,57.0,107.0,953.0,77.0,1653.0,72.0,988.0,57.0,1673.0,107.0,953.0,77.0,1653.0,1260.0,50.0,1359.0,47.0,1579.0,18.0
75,0.0,0.0,26476.416920685955,10,22512.25008225725,22944.223865481752,-0.14972444535467,-0.13340902833587387,-0.13452207107442238,4.703300699827266,207,99,0.0034620348213503303,0.16590550897253104,0.15460423581577165,431.97378322452835,449947.56644905685,23916.58513698591,224.97378322452843,207.0,1833.0,3207.0,0.0,58.0,40.0,0.0,89,53.892858890053105,73.61032817533913,39.5,51.32987976074219,58.0,309.0,40.0,483.0,44.75,322.25,29.75,493.25,58.0,309.0,40.0,483.0,629.0,27.0,979.0,32.0,825.0,10.0
76,0.0,0.0,157737.4333437209,10,140021.73351650464,141264.41622701674,-0.11231132301114932,-0.10443315050529767,-0.1047703213200617,3.6158730265705863,185,89,0.0037823284787340673,0.17484457233979273,0.14080760001510503,1242.682710512286,2115365.421024572,146255.51045903668,1057.6827105122861,185.0,2109.0,2931.0,0.0,46.0,40.0,0.0,73,65.88940196498626,91.526725227777,47.10655975341797,94.49861907958984,46.0,290.0,40.0,354.0,33.0,303.0,28.75,365.25,46.0,290.0,40.0,354.0,551.0,25.0,1012.0,23.0,659.0,11.0
77,0.0,0.0,43385.06511128061,14,45189.31716237292,45821.71510913541,0.04158693888010756,0.05616333619887204,0.0565234178653542,3.8797738924021283,289,131,0.005965944806692435,0.163327862168989,0.1109263173756989,632.3979467625255,686795.8935250512,44254.891687761956,343.3979467625256,289.0,2647.0,4408.0,0.0,86.0,58.0,0.0,123,59.75217183988073,85.57312930720632,42.0,70.5,86.0,593.0,58.0,984.0,59.5,619.5,37.5,1004.5,86.0,593.0,58.0,984.0,923.0,38.0,1262.0,48.0,1432.0,15.0
78,0.0,0.0,19263.932529508067,29,17359.14971269542,18028.4195858563,-0.09887819186944014,-0.06413607095847307,-0.06525791663539848,3.8704926129410255,529,207,0.004715287565166609,0.15464997044134643,0.05320639124573691,669.2698731608975,280539.7463217957,18120.416079842693,140.26987316089784,529.0,4665.0,9901.0,0.0,157.0,137.0,0.0,209,60.0486209076111,91.75023607439768,42.0,74.0,157.0,1950.0,137.0,3798.0,106.25,2000.75,84.5,3850.5,157.0,1950.0,137.0,3798.0,2198.0,91.0,2550.0,72.0,2995.0,41.0
79,0.0,0.0,228796.01422987375,10,215429.05243483058,217495.9093436742,-0.05842305356601729,-0.049389430686699876,-0.04980443872214202,4.105704524487542,214,104,0.0069791550555128486,0.1841026000259675,0.14538478276073719,2066.856908843791,3705713.817687584,225644.21012189848,1852.856908843792,214.0,1939.0,3101.0,0.0,61.0,39.0,0.0,89,60.691547694227765,75.20780920463123,38.859920501708984,45.0,61.0,334.0,39.0,456.0,44.75,350.25,28.0,467.0,61.0,334.0,39.0,456.0,540.0,22.0,1076.0,36.0,1070.0,11.0
80,0.0,0.0,64804.169005911404,27,60720.11599565636,61801.48057321979,-0.06302145483699517,-0.04633480343552754,-0.0468859598453234,4.368653289103946,531,235,0.004586974217087807,0.15671678780753076,0.05549653711500771,1081.3645775635418,1100729.1551270853,62990.187266203015,550.3645775635426,531.0,4822.0,8786.0,0.0,143.0,126.0,0.0,200,44.60911079478656,86.62392919554117,33.0,69.47584533691406,143.0,1962.0,126.0,3169.0,99.0,2006.0,88.5,3206.5,143.0,1962.0,126.0,3169.0,1826.0,93.0,2163.0,58.0,2375.0,32.0
81,0.0,0.0,181173.00174278946,28,168266.64727006797,170261.93652351946,-0.07123773602340921,-0.06022456499760598,-0.060405448860843425,4.209575276872757,558,246,0.003950660103486123,0.1559725189635274,0.05261618983602841,1995.2892534516789,2874578.5069033597,170716.65891664787,1437.2892534516798,558.0,4797.0,9315.0,0.0,149.0,135.0,0.0,210,51.31683880656136,83.39851664426622,45.0,65.0,149.0,2041.0,135.0,3555.0,97.0,2093.0,95.0,3595.0,149.0,2041.0,135.0,3555.0,1879.0,78.0,1954.0,62.0,2583.0,39.0
82,0.0,0.0,381793.79988184164,13,361300.67726783606,364798.6685859007,-0.0536758915947505,-0.04451390070032735,-0.04486911640752478,4.3095669456037475,281,128,0.007961005801127064,0.1574498313044232,0.11953969761428632,3497.9913180650747,6433982.636130153,373238.3507056059,3216.9913180650765,281.0,2188.0,4364.0,0.0,70.0,70.0,0.0,123,53.0191141067266,91.69384103621944,41.39493942260742,58.491207122802734,70.0,553.0,70.0,906.0,48.25,574.75,45.5,930.5,70.0,553.0,70.0,906.0,986.0,36.0,1080.0,29.0,1451.0,20.0
83,0.0,0.0,291341.1876729818,23,300497.1881186955,302990.68761995394,0.031427071876946266,0.03998576390801367,0.040322610145199445,3.5745718810462206,432,191,0.00545609662762049,0.16004973983968745,0.07293351967671478,2493.499501258508,4122999.0025170147,288356.14024009206,2061.4995012585073,432.0,4400.0,7192.0,0.0,124.0,94.0,0.0,188,65.82959964557725,96.91491952344103,55.058929443359375,78.16078186035156,124.0,1613.0,94.0,2493.0,88.0,1649.0,57.75,2529.25,124.0,1613.0,94.0,2493.0,1519.0,53.0,1965.0,67.0,1763.0,22.0
84,0.0,0.0,173886.87539615794,17,162015.37816199465,163614.4563214899,-0.0682713816503806,-0.05907529853109894,-0.05903260426025003,3.9041226882328264,343,159,0.0034812478443081427,0.1664233427497197,0.07997605311842672,1599.0781594954206,2512156.31899084,160865.61050979357,1256.07815949542,343.0,3013.0,5555.0,0.0,92.0,75.0,0.0,137,55.15284450820667,84.32477031419319,37.0,59.65312957763672,92.0,813.0,75.0,1349.0,63.0,842.0,53.5,1370.5,92.0,813.0,75.0,1349.0,1036.0,48.0,1244.0,44.0,1836.0,19.0
85,0.0,0.0,11567.732166995107,14,10532.87551666389,10896.86831678698,-0.08946063371728608,-0.057994414162027885,-0.05720118160927923,4.187932306362325,277,124,0.006490874762099588,0.16098873496406388,0.09494709974415777,363.9928001231,173985.60024619938,10386.127778491053,86.99280012309968,277.0,2450.0,4595.0,0.0,69.0,70.0,0.0,120,45.15978670516233,86.66337638815389,27.0,76.83441162109375,69.0,581.0,70.0,957.0,52.25,597.75,49.0,978.0,69.0,581.0,70.0,957.0,972.0,45.0,1138.0,33.0,1151.0,20.0
86,0.0,0.0,87460.7160006643,9,82341.29538111154,83337.54283623683,-0.05853394362234432,-0.047143144407783666,-0.04704488472404067,4.710539566732641,231,112,0.0065500640018697045,0.1765142002881894,0.18734911344775612,996.247455125393,1530494.9102507837,81227.15500893121,765.2474551253919,231.0,1583.0,2953.0,0.0,66.0,44.0,0.0,100,46.262375445777955,73.78002576839724,40.0,50.14716339111328,66.0,302.0,44.0,488.0,47.25,320.75,34.25,497.75,66.0,302.0,44.0,488.0,503.0,26.0,841.0,38.0,828.0,15.0
87,0.0,0.0,147056.87992034,10,114993.80930038683,116155.90269648611,-0.21803176184155126,-0.21012942230647624,-0.21114628310607564,3.71050778187328,185,93,0.003785961494818316,0.163825064574127,0.14357769534429987,1162.093396099414,1954186.792198828,131665.72522401778,977.093396099414,185.0,2017.0,3023.0,0.0,48.0,34.0,0.0,80,61.44019122005872,82.37161654516842,55.77629089355469,70.1951904296875,48.0,310.0,34.0,408.0,31.0,327.0,25.75,416.25,48.0,310.0,34.0,408.0,594.0,25.0,1003.0,21.0,1072.0,13.0
88,0.0,0.0,329794.37074035674,9,300527.0497964991,303569.6234848803,-0.0887441495079353,-0.07951848055078803,-0.0801027987920857,4.462588003654451,190,91,0.009014400443585407,0.17296673671681495,0.1603146427640895,3042.5736883816016,5705147.376763203,319609.79660744,2852.5736883816016,190.0,1565.0,2971.0,0.0,49.0,41.0,0.0,86,49.64266487466478,68.85402782192733,40.838558197021484,70.0,49.0,245.0,41.0,439.0,33.5,260.5,27.75,452.25,49.0,245.0,41.0,439.0,636.0,28.0,704.0,16.0,1000.0,14.0
89,0.0,0.0,46699.89348879289,14,46763.334442291096,47315.26153252248,0.0013584817599943122,0.013177075957941264,0.013595400486459797,3.2317571866013646,260,123,0.004764873199985409,0.15780183206561582,0.1105683155823333,551.9270902314267,583854.1804628536,45165.38114957023,291.9270902314268,260.0,2783.0,4273.0,0.0,65.0,58.0,0.0,108,47.046823192009846,104.54676187496504,39.15550994873047,71.79818725585938,65.0,586.0,58.0,803.0,42.5,608.5,40.75,820.25,65.0,586.0,58.0,803.0,857.0,38.0,998.0,36.0,1106.0,17.0
90,0.0,0.0,12704.507312410815,18,11225.843186934071,11628.039217194582,-0.116388938910859,-0.0847311956886867,-0.08615288400414511,3.561562716447183,317,133,0.005147881050512475,0.1593728484049741,0.08596654280234282,402.1960302605213,170392.06052104264,11960.484349621134,85.19603026052133,317.0,3358.0,5674.0,0.0,87.0,79.0,0.0,136,75.9121434370236,96.46009585597584,49.0,74.0,87.0,855.0,79.0,1418.0,60.0,882.0,55.25,1441.75,87.0,855.0,79.0,1418.0,1226.0,57.0,1508.0,41.0,1693.0,23.0
91,0.0,0.0,12690.188526703163,17,12788.69321292788,13236.974552011545,0.007762271302545143,0.04308730513796655,0.04584621101347963,4.3193019072293,345,149,0.0076920080477757575,0.1617904303485391,0.08294340360512285,448.28133908367784,206562.67816735522,11955.790692798484,103.28133908367761,345.0,2901.0,5653.0,0.0,97.0,82.0,0.0,143,48.29411584272496,76.35894707920947,41.0,64.5,97.0,845.0,82.0,1402.0,70.75,871.25,63.75,1420.25,97.0,845.0,82.0,1402.0,1062.0,55.0,1265.0,49.0,1383.0,15.0
92,0.0,0.0,24921.15397672545,29,22093.685147075434,22779.777610624427,-0.11345657718300961,-0.08592605174306589,-0.08612308642321409,3.7354172837786837,519,222,0.004487626764289499,0.1578586208142491,0.0463667745112362,686.0924635489881,334184.9270979777,22365.97023237535,167.09246354898886,519.0,4898.0,9703.0,0.0,136.0,132.0,0.0,207,53.6598449728997,95.07128696325218,37.741554260253906,81.13687133789062,136.0,2116.0,132.0,3612.0,93.5,2158.5,90.75,3653.25,136.0,2116.0,132.0,3612.0,1910.0,90.0,2044.0,57.0,2825.0,29.0
93,0.0,0.0,49822.398585835406,30,42306.481608151335,43208.56087156468,-0.15085417786009325,-0.13274827993028526,-0.13348847989009882,3.9370232031217647,553,228,0.0036977372918590946,0.15674327795120663,0.05221982310236049,902.0792634133712,698158.5268267418,44332.89383925616,349.0792634133709,553.0,5590.0,9528.0,0.0,163.0,132.0,0.0,208,60.40496878198066,92.0875904205459,38.0,72.76223754882812,163.0,2305.0,132.0,3639.0,110.75,2357.25,90.0,3681.0,163.0,2305.0,132.0,3639.0,1920.0,78.0,3247.0,83.0,3091.0,48.0
94,0.0,0.0,172672.7922697037,8,125488.33303814112,126614.91458103845,-0.2732593746318963,-0.2667350025632633,-0.26761850727084735,3.4308175456785084,143,67,0.00819473009382233,0.17353419959608163,0.17857823956263155,1126.5815428973963,1967163.0857947923,143345.0671453405,983.5815428973962,143.0,1186.0,2846.0,0.0,33.0,35.0,0.0,61,73.62169952973154,97.03261836384868,60.0,106.0,33.0,150.0,35.0,270.0,24.5,158.5,23.5,281.5,33.0,150.0,35.0,270.0,541.0,24.0,787.0,20.0,1070.0,13.0
95,0.0,0.0,48487.784689093685,25,39890.4926708114,40721.89091418682,-0.1773084102193695,-0.160161859831341,-0.16121661461750814,4.067468339233291,485,210,0.005019372414534038,0.16232284253540874,0.058186524132536714,831.3982433754583,692796.4867509166,42581.55374366769,346.3982433754583,485.0,4085.0,8513.0,0.0,132.0,118.0,0.0,187,56.785640814648374,83.30166026561608,36.0,62.0,132.0,1569.0,118.0,2854.0,91.5,1609.5,83.25,2888.75,132.0,1569.0,118.0,2854.0,1720.0,70.0,1932.0,65.0,2416.0,26.0
96,0.0,0.0,15160.219182010705,12,15601.392577579825,15974.478523455202,0.029100726729111015,0.05371026181539018,0.05428299723376262,3.9710167065590913,251,109,0.008087554708857846,0.16277988623430756,0.128854683162035,373.0859458753828,244171.89175076535,15372.126950980628,122.08594587538268,251.0,2478.0,3570.0,0.0,82.0,48.0,0.0,108,49.42276661513651,76.79160918962987,41.93115234375,51.95653533935547,82.0,520.0,48.0,646.0,54.75,547.25,31.75,662.25,82.0,520.0,48.0,646.0,684.0,28.0,1149.0,45.0,799.0,14.0
97,0.0,0.0,97330.73814284382,25,83400.34893043381,84588.53803856575,-0.143124253223741,-0.13091650538576483,-0.1316908768411692,3.956499589932858,481,212,0.005034481346217678,0.16242427472772758,0.057926117383519486,1188.189108131987,1414378.2162639739,89370.55243622405,707.1891081319869,481.0,4606.0,7994.0,0.0,124.0,120.0,0.0,189,69.47795632053233,74.40973363543951,46.27442169189453,65.5,124.0,1799.0,120.0,2682.0,81.0,1842.0,79.75,2722.25,124.0,1799.0,120.0,2682.0,1557.0,71.0,2112.0,56.0,2242.0,40.0
98,0.0,0.0,136941.83493580113,21,121033.37439343063,122372.76032328261,-0.11616947114684462,-0.10638877899765664,-0.10670719994358768,3.719812455101099,414,187,0.005396862135017078,0.1621182452948228,0.06839559261366182,1339.385929851997,1850771.8597039948,124386.1002431703,925.3859298519974,414.0,3480.0,7104.0,0.0,100.0,106.0,0.0,161,60.01035165702436,76.7028232433894,40.87194061279297,58.671226501464844,100.0,1098.0,106.0,2077.0,69.5,1128.5,72.25,2110.75,100.0,1098.0,106.0,2077.0,1447.0,71.0,1591.0,52.0,1690.0,26.0
99,0.0,0.0,20222.339014386416,27,18207.79564320613,18835.49812007904,-0.09961970124954966,-0.06857964814657502,-0.06911658540893995,3.9096297951457037,482,201,0.0042272111762702725,0.1556008623391286,0.05907567435487649,627.7024768729199,291404.95374584175,18633.79456717728,145.70247687292087,482.0,4266.0,9307.0,0.0,126.0,128.0,0.0,190,56.019176559315,86.84547691338118,43.906742095947266,69.5,126.0,1720.0,128.0,3144.0,88.0,1758.0,84.25,3187.75,126.0,1720.0,128.0,3144.0,1959.0,92.0,2331.0,59.0,2574.0,28.0
100,0.0,0.0,58100.13293854341,23,48182.64060590306,49083.15422544955,-0.1706965514714187,-0.15519721310503276,-0.15605626000176298,4.189960902254958,473,215,0.0036475076220716294,0.15430562628569766,0.07159018366822091,900.5136195465809,855027.2390931619,51016.421097927334,427.51361954658097,473.0,3669.0,7922.0,0.0,128.0,107.0,0.0,182,46.74653222804959,76.83446390604557,36.5,65.0,128.0,1308.0,107.0,2642.0,86.75,1349.25,77.25,2671.75,128.0,1308.0,107.0,2642.0,1624.0,72.0,2083.0,72.0,2304.0,31.0
101,0.0,0.0,33290.4519296779,23,33482.1917291329,34181.5156033941,0.005759603379972944,0.026766343562967032,0.027509576219336918,3.9680771122382867,443,199,0.004151785161107236,0.1619525758847214,0.06177008042648438,699.3238742612389,512647.74852247804,32298.247616041608,256.32387426123904,443.0,4275.0,7310.0,0.0,108.0,113.0,0.0,174,54.87934847475852,92.1497831487541,40.5,80.0,108.0,1529.0,113.0,2250.0,78.0,1559.0,73.5,2289.5,108.0,1529.0,113.0,2250.0,1460.0,81.0,1800.0,39.0,2095.0,31.0
102,0.0,0.0,113294.7455690872,7,143908.29341028832,145201.97035377918,0.2702115414746482,0.28163022587163966,0.2830022569343038,4.2718821000851905,174,86,0.005071061103306021,0.17329621161810307,0.19555116623663768,1293.6769434909952,2239353.8869819907,131051.94821138281,1119.6769434909954,174.0,1780.0,1748.0,0.0,59.0,22.0,0.0,77,50.27614864118737,69.17164667122726,37.11190414428711,53.572418212890625,59.0,243.0,22.0,215.0,42.0,260.0,14.0,223.0,59.0,243.0,22.0,215.0,299.0,13.0,988.0,29.0,615.0,6.0
103,0.0,0.0,13540.08510201191,21,11911.907921155544,12409.278826226659,-0.120248666724734,-0.0835154481870447,-0.083372246281186,3.8831917810114236,404,171,0.006218274893541887,0.15423157906758983,0.06607193624217998,497.3709050711316,186741.81014226287,12022.44317776289,93.37090507113143,404.0,3406.0,7124.0,0.0,98.0,114.0,0.0,169,49.17924752031063,99.43052298158483,35.5,84.35395050048828,98.0,1137.0,114.0,2185.0,67.5,1167.5,75.0,2224.0,98.0,1137.0,114.0,2185.0,1558.0,85.0,1591.0,47.0,2100.0,30.0
104,0.0,0.0,34244.6798713761,8,35616.267093733964,36014.43430860934,0.040052563712365874,0.05167968992206928,0.0520535382507068,3.397332012435418,165,82,0.006830394381275283,0.1539176156170135,0.168991889380526,398.1672148753958,466334.4297507915,34316.22432278073,233.16721487539576,165.0,1720.0,2312.0,0.0,48.0,27.0,0.0,71,77.68709660920477,86.58203015976021,76.5,61.10554885864258,48.0,244.0,27.0,249.0,30.5,261.5,17.75,258.25,48.0,244.0,27.0,249.0,478.0,17.0,766.0,21.0,776.0,7.0
105,0.0,0.0,343789.9696835968,26,320591.13902463205,323744.5156174841,-0.06747966114402792,-0.058307268488843045,-0.058354989412850666,4.134729744285684,514,235,0.002932889856312999,0.15838915112944432,0.0527067201508162,3153.376592852305,5278753.185704611,319171.5971884257,2639.3765928523057,514.0,4900.0,8204.0,0.0,137.0,116.0,0.0,172,51.511097319336606,81.1447563075227,38.52052307128906,75.87247467041016,137.0,1651.0,116.0,2568.0,101.5,1686.5,82.5,2601.5,137.0,1651.0,116.0,2568.0,1699.0,75.0,2216.0,57.0,2170.0,38.0
106,0.0,0.0,293240.79987922986,8,322924.87494972785,325262.751464537,0.10122764322946631,0.10920019178264173,0.10958320851884151,3.5668253603130156,157,77,0.0061338903255262036,0.17996033718422516,0.16227548117859775,2337.8765148093553,4361753.029618713,305716.75012117333,2180.8765148093566,157.0,1993.0,2039.0,0.0,46.0,26.0,0.0,64,80.12156680856994,71.67494394267679,43.5,57.46702575683594,46.0,230.0,26.0,210.0,29.25,246.75,19.75,216.25,46.0,230.0,26.0,210.0,422.0,18.0,602.0,18.0,428.0,7.0
107,0.0,0.0,267990.5414752572,11,234842.71249050574,236805.48884439404,-0.12369029444948487,-0.11636624359648295,-0.11683335145877527,3.4681097043683207,225,106,0.005003941821391881,0.16493799998121947,0.1178584109887582,1962.7763538885076,3475552.7077770126,250536.53171634948,1737.7763538885063,225.0,2301.0,3243.0,0.0,61.0,47.0,0.0,98,55.148018177050055,91.19606651086617,45.0,83.0,61.0,451.0,47.0,519.0,39.5,472.5,31.25,534.75,61.0,451.0,47.0,519.0,658.0,32.0,1170.0,38.0,1202.0,17.0
108,0.0,0.0,224658.16302403162,17,217194.7826718452,219430.9724616822,-0.0332210512706278,-0.023267307503935575,-0.023240324168388615,4.378451396013874,347,162,0.006168697121971816,0.16545209157115331,0.086811958298423,2236.1897898372085,3778379.579674417,215737.21151239908,1889.1897898372085,347.0,2677.0,5891.0,0.0,76.0,92.0,0.0,146,45.757798381755286,87.83217816030756,33.5,76.93144989013672,76.0,775.0,92.0,1539.0,57.25,793.75,60.0,1571.0,76.0,775.0,92.0,1539.0,1249.0,62.0,1064.0,24.0,1744.0,26.0
109,0.0,0.0,58267.59206477983,23,51032.58842529285,51861.36284422078,-0.1241685709518141,-0.10994497959409122,-0.11052268528917897,3.711481972848287,435,191,0.004814173545746524,0.16386610061339382,0.06621945912963005,828.7744189279238,787548.8378558471,53048.13842672809,393.77441892792353,435.0,3710.0,7875.0,0.0,117.0,104.0,0.0,166,54.94076818783094,98.25187837961991,36.0,89.31047058105469,117.0,1217.0,104.0,2376.0,83.5,1250.5,66.25,2413.75,117.0,1217.0,104.0,2376.0,1647.0,74.0,1893.0,64.0,2391.0,39.0
110,0.0,0.0,237653.05891689565,7,203314.77393062715,205249.05189926474,-0.1444891353082738,-0.13635005232127984,-0.13654455273695365,4.35178018429028,158,77,0.0028290391833174044,0.1810810586600165,0.213197094721663,1934.2779686377548,3552555.9372755107,204086.3616055373,1776.2779686377555,158.0,1152.0,2376.0,0.0,36.0,38.0,0.0,69,43.37226232924833,86.99417025535138,39.0,66.81657409667969,36.0,145.0,38.0,264.0,28.5,152.5,27.0,275.0,36.0,145.0,38.0,264.0,455.0,29.0,527.0,20.0,762.0,12.0
111,0.0,0.0,226736.58819081556,21,175231.18556016713,176991.3314914912,-0.2271596438917165,-0.21939668889019381,-0.22043637198729094,3.4259098961874854,372,173,0.0057637417478409855,0.15942904030269997,0.07913021615140456,1760.1459313242203,2776291.8626484415,202595.21899116717,1388.1459313242208,372.0,3101.0,7483.0,0.0,87.0,91.0,0.0,150,64.18672779712475,85.12271712863843,48.684566497802734,79.70540618896484,87.0,926.0,91.0,2046.0,58.25,954.75,63.5,2073.5,87.0,926.0,91.0,2046.0,1637.0,56.0,1563.0,49.0,1930.0,34.0
112,0.0,0.0,453748.60119413055,20,400539.82185078517,403473.8262605983,-0.11726488897886578,-0.11079874362416564,-0.11101124756987768,3.144992405746861,367,170,0.005619372850568111,0.16651792614323796,0.07657908699041135,2934.0044098134576,5134008.819626914,408109.7946568578,2567.004409813457,367.0,3739.0,6341.0,0.0,92.0,85.0,0.0,148,64.33783961987741,89.17425914208813,39.42373275756836,67.0,92.0,1124.0,85.0,1659.0,62.5,1153.5,55.75,1688.25,92.0,1124.0,85.0,1659.0,1240.0,53.0,1540.0,49.0,2027.0,23.0
113,0.0,0.0,38761.693769650745,23,36092.34960583922,36829.50816352124,-0.06886551913016614,-0.04984781154332185,-0.05040225831274059,4.066204460278825,434,188,0.003807230331989642,0.16169425926329134,0.06407968821984648,737.1585576820589,606317.1153641185,37277.83005546052,303.15855768205927,434.0,4212.0,7379.0,0.0,120.0,103.0,0.0,167,54.45928550938977,89.21003542291238,41.86500930786133,61.160133361816406,120.0,1418.0,103.0,2199.0,79.75,1458.25,70.0,2232.0,120.0,1418.0,103.0,2199.0,1462.0,74.0,1958.0,51.0,2079.0,28.0
114,0.0,0.0,140812.21218640867,11,155246.16674579584,156793.7832157655,0.1025049911173852,0.11349563209901326,0.11410090238176007,4.546343232309742,226,107,0.007163046915372477,0.17803439321562237,0.15275573516974944,1547.6164699698286,2643232.9399396563,145349.39427553833,1321.6164699698281,226.0,1930.0,3614.0,0.0,70.0,38.0,0.0,90,72.94226581673071,84.69117112233907,52.00773620605469,79.09114074707031,70.0,316.0,38.0,566.0,48.75,337.25,27.25,576.75,70.0,316.0,38.0,566.0,721.0,28.0,1134.0,29.0,950.0,9.0
115,0.0,0.0,105924.27283323187,10,95622.58017994736,96543.22313090043,-0.09725525960894332,-0.08856373946603391,-0.08853729781136954,3.7256808851091274,217,108,0.007019644036417653,0.16604645988479838,0.1594130641129764,920.6429509531793,1407285.9019063592,94431.45731636776,703.6429509531796,217.0,1688.0,3352.0,0.0,50.0,49.0,0.0,88,62.36523066701725,112.24905434077021,43.754234313964844,85.0,50.0,300.0,49.0,481.0,35.75,314.25,32.75,497.25,50.0,300.0,49.0,481.0,760.0,31.0,807.0,20.0,1072.0,13.0
116,0.0,0.0,286366.331317729,14,280521.75164870353,283129.16254158935,-0.020409451216319208,-0.011304292516664538,-0.01124580324352853,4.103726093585828,327,154,0.003906331184709559,0.16399143750345788,0.10383555330594045,2607.4108928861574,4560821.785772314,277846.381664028,2280.4108928861574,327.0,2617.0,4439.0,0.0,94.0,65.0,0.0,135,46.61492430372522,74.3320297372299,31.5,48.16050720214844,94.0,698.0,65.0,1033.0,66.75,725.25,45.75,1052.25,94.0,698.0,65.0,1033.0,926.0,40.0,1401.0,57.0,1614.0,19.0
117,0.0,0.0,227412.9925728685,10,227720.77625706332,229578.94681474383,0.0013534129282266605,0.009524320564847644,0.009164197566747356,3.488003189515825,194,97,0.007685765090670731,0.1824416868470239,0.15990667617841045,1858.1705576807037,3328341.1153614065,238556.34115857977,1664.1705576807033,194.0,2252.0,2788.0,0.0,49.0,38.0,0.0,78,76.19677016755837,67.37883340865865,50.0,53.2482795715332,49.0,315.0,38.0,378.0,35.75,328.25,26.0,390.0,49.0,315.0,38.0,378.0,537.0,26.0,1101.0,23.0,803.0,13.0
118,0.0,0.0,46862.74589775026,18,48791.728010634266,49604.81688748508,0.04116237911224507,0.05851281091632443,0.05928845267471994,4.480043594043841,395,176,0.00594011172636371,0.16125573412494706,0.08908581959233362,813.0888768508488,836177.7537016984,46661.25095375108,418.0888768508492,395.0,3771.0,5300.0,0.0,127.0,74.0,0.0,165,55.13254512121248,66.57660844799287,44.75550079345703,56.25251007080078,127.0,1239.0,74.0,1529.0,87.5,1278.5,52.5,1550.5,127.0,1239.0,74.0,1529.0,1050.0,43.0,1857.0,65.0,1352.0,13.0
119,0.0,0.0,346151.629613403,9,319031.4466317318,321671.57790443907,-0.07834769696725152,-0.07072060222944587,-0.07063718540805819,3.9125136918127845,212,103,0.004367580830528655,0.16797946006815306,0.16295055507858544,2640.1312727075747,4856262.54541515,310303.2300933047,2428.131272707575,212.0,1764.0,2772.0,0.0,58.0,42.0,0.0,87,47.569880709622666,77.16426897369979,39.5,66.0,58.0,277.0,42.0,406.0,39.75,295.25,31.5,416.5,58.0,277.0,42.0,406.0,524.0,24.0,854.0,35.0,874.0,12.0
120,0.0,0.0,315103.6252023582,16,284851.75253278896,287766.11175618443,-0.09600610799111431,-0.08675721654620039,-0.08716946199476239,4.308758886484216,348,157,0.006214564630000865,0.16893628403237013,0.09955306145016783,2914.359223395814,5132718.446791627,297807.24461584643,2566.359223395814,348.0,3041.0,5023.0,0.0,101.0,74.0,0.0,143,54.53441287450378,75.19382401390844,42.02714538574219,57.18414306640625,101.0,856.0,74.0,1257.0,68.75,888.25,51.5,1279.5,101.0,856.0,74.0,1257.0,1041.0,46.0,1807.0,53.0,1548.0,27.0
121,0.0,0.0,16278.787100173095,25,15139.641235420706,15740.008981563204,-0.06997731819591624,-0.03309694483344905,-0.03314956061309604,4.224679549568088,471,201,0.004343233020562502,0.15754176284476368,0.058264244112409845,600.3677461425236,258735.492285047,15310.953721418877,129.3677461425235,471.0,4151.0,8416.0,0.0,130.0,115.0,0.0,182,45.367887367756275,81.70668836118594,30.0,65.0,130.0,1543.0,115.0,2751.0,94.0,1579.0,79.25,2786.75,130.0,1543.0,115.0,2751.0,1691.0,84.0,1921.0,54.0,2217.0,28.0
122,0.0,0.0,78174.60999373406,11,76945.74347758798,77690.05521682074,-0.015719509393709474,-0.006198365133540995,-0.006145363750701183,3.5407280896904996,207,95,0.0071816448339393005,0.15383662224679362,0.12781891014722016,744.3117392328102,1074623.4784656202,75875.88281592351,537.31173923281,207.0,2122.0,3422.0,0.0,58.0,43.0,0.0,91,72.96336441019227,92.27059989794303,63.350929260253906,74.0,58.0,386.0,43.0,514.0,37.25,406.75,30.0,527.0,58.0,386.0,43.0,514.0,643.0,34.0,813.0,24.0,1085.0,13.0
123,0.0,0.0,77250.12133181938,20,74493.6018855265,75456.8467039532,-0.03568304358322694,-0.023213874579735227,-0.023098784307759357,3.905681463660525,386,174,0.005762045875546416,0.1679722493438669,0.0849279938537677,963.2448184267662,1154489.6368535329,73898.09227885098,577.2448184267664,386.0,3369.0,6711.0,0.0,99.0,93.0,0.0,162,61.72998084559277,92.29613992902725,44.0,64.0,99.0,1075.0,93.0,1973.0,72.5,1101.5,60.75,2005.25,99.0,1075.0,93.0,1973.0,1461.0,61.0,1806.0,51.0,1599.0,19.0
124,0.0,0.0,243481.6612563265,9,211940.99820845213,213971.98689789016,-0.12954019980449283,-0.12119875561128968,-0.12133303030027198,4.205415641323204,200,93,0.004621969951523564,0.1702476751738794,0.14683253841207566,2030.9886894382369,3661977.378876474,217694.1407939085,1830.988689438237,200.0,1742.0,2794.0,0.0,62.0,36.0,0.0,87,52.23074677331346,103.41081208115808,33.5,89.87123107910156,62.0,298.0,36.0,387.0,41.5,318.5,25.75,397.25,62.0,298.0,36.0,387.0,543.0,24.0,934.0,28.0,912.0,11.0
125,0.0,0.0,361050.90902813815,10,340356.5826854602,343034.0974676876,-0.05731692075885386,-0.049901028109712975,-0.049980792231196336,3.6303639405947483,182,83,0.005839873463920627,0.191528944683802,0.2061215924050089,2677.5147822275367,4991029.56445507,343700.3593940921,2495.514782227535,182.0,1301.0,3739.0,0.0,44.0,45.0,0.0,81,53.155563683575195,84.22977264570058,39.61347961425781,70.0,44.0,195.0,45.0,526.0,30.5,208.5,28.75,542.25,44.0,195.0,45.0,526.0,772.0,30.0,574.0,21.0,586.0,9.0
126,0.0,0.0,363509.4670723372,7,348306.44563214487,350662.99582432106,-0.041822903713170656,-0.03534012841943335,-0.035253500397689375,3.268717131316899,134,63,0.006150128274673462,0.17888975560998807,0.1916230880605162,2356.550192176431,4445100.384352863,339972.85523464857,2222.5501921764317,134.0,1404.0,2124.0,0.0,40.0,24.0,0.0,58,56.84295573108049,81.17506539901474,47.01103591918945,62.5,40.0,149.0,24.0,193.0,25.5,163.5,16.0,201.0,40.0,149.0,24.0,193.0,401.0,12.0,653.0,22.0,760.0,7.0
127,0.0,0.0,30467.86178243771,15,26647.697420143584,27195.41543129731,-0.1253834085756601,-0.10740649851006945,-0.10823657709643975,4.255592265824627,309,143,0.003473095042682638,0.17112271959017572,0.10107795853917366,547.718011153739,477436.02230747713,28047.56614852539,238.71801115373856,309.0,2550.0,5010.0,0.0,73.0,78.0,0.0,122,59.84001596265446,87.51645037649867,36.15567398071289,63.97801208496094,73.0,643.0,78.0,1036.0,51.5,664.5,52.5,1061.5,73.0,643.0,78.0,1036.0,1036.0,44.0,1217.0,36.0,1699.0,27.0
128,0.0,0.0,347451.8886993916,24,311416.6265009327,314602.7394386537,-0.10371295529101565,-0.09454301539042242,-0.09474261632857062,4.283330581854196,471,206,0.00458022555787748,0.1591813071271437,0.0677020608588617,3186.112937721148,5430225.875442297,316939.4570224618,2715.1129377211487,471.0,4022.0,8074.0,0.0,136.0,105.0,0.0,176,54.25573040649742,97.38193758008217,37.15351867675781,84.46538543701172,136.0,1429.0,105.0,2554.0,92.5,1472.5,71.75,2587.25,136.0,1429.0,105.0,2554.0,1668.0,74.0,2078.0,61.0,2304.0,33.0
129,0.0,0.0,11994.299015392577,27,10098.394949476953,10680.293684731789,-0.15806710033513116,-0.1095524906436377,-0.11199546410577654,3.89552612482366,497,201,0.00532290979778153,0.1513597282440974,0.044767680979055015,581.898735254837,169797.47050967405,10896.953650731859,84.89873525483702,497.0,4232.0,9309.0,0.0,140.0,129.0,0.0,191,55.52557510990588,91.04205154220475,42.5,71.0,140.0,1614.0,129.0,3247.0,99.5,1654.5,95.5,3280.5,140.0,1614.0,129.0,3247.0,1854.0,83.0,1827.0,63.0,2429.0,31.0
130,0.0,0.0,58487.167208351966,27,52069.35355880635,53046.26121352858,-0.10973028710183708,-0.09302734692964276,-0.0936150802675384,3.999688215770227,545,239,0.004444634335018714,0.16132862737503637,0.0560026731507508,976.9076547222719,863815.3094445455,53992.665355679426,431.90765472227275,545.0,4224.0,9381.0,0.0,149.0,130.0,0.0,203,47.36207538704807,86.63587438569066,34.0,65.00859832763672,149.0,1817.0,130.0,3384.0,101.5,1864.5,89.0,3425.0,149.0,1817.0,130.0,3384.0,1911.0,75.0,1673.0,63.0,2263.0,33.0
131,0.0,0.0,255136.40877513814,9,253515.06694305644,255697.7371924597,-0.00635480384734366,0.002200110991670723,0.002313901389382922,4.0137360851390165,187,91,0.007101636347713012,0.17838892401077622,0.13873051155737423,2182.670249403458,3991340.4988069157,248605.0660869918,1995.670249403458,187.0,1818.0,2718.0,0.0,58.0,29.0,0.0,77,54.91775891559329,78.40688979083424,50.62579345703125,64.83106231689453,58.0,262.0,29.0,344.0,33.5,286.5,21.0,352.0,58.0,262.0,29.0,344.0,516.0,19.0,858.0,21.0,854.0,11.0
132,0.0,0.0,21058.87879506847,24,18448.14025085806,19034.96164757393,-0.12397329267224744,-0.09610754528719245,-0.09807480266955892,3.655983334553464,440,186,0.005025674534246573,0.16086621164520004,0.05800137489900586,586.8213967158916,293642.79343178275,20079.60421048034,146.82139671589138,440.0,4308.0,7779.0,0.0,129.0,101.0,0.0,175,56.01183930829961,95.81536433412971,37.814273834228516,74.0,129.0,1463.0,101.0,2502.0,89.5,1502.5,67.25,2535.75,129.0,1463.0,101.0,2502.0,1562.0,67.0,2191.0,71.0,2272.0,26.0
133,0.0,0.0,13327.068648516431,10,12972.128010502887,13237.28218247784,-0.026633061431183935,-0.006737150412186588,-0.00633110035082074,3.7523295603793896,169,76,0.0052652335417711985,0.1698231108259466,0.1333588997079535,265.1541719749618,192308.34394992332,12812.596871853619,96.15417197496166,169.0,1791.0,3246.0,0.0,43.0,40.0,0.0,73,70.6149864280764,109.19928862693993,35.0,98.80656433105469,43.0,229.0,40.0,417.0,33.25,238.75,25.0,432.0,43.0,229.0,40.0,417.0,713.0,23.0,849.0,14.0,987.0,13.0
134,0.0,0.0,146368.54403560396,14,138183.29259067486,139687.24804143066,-0.055922203085780886,-0.045647075593975184,-0.04571667034399496,4.3333228775389925,304,144,0.004752838745493172,0.16257128390121386,0.09836378667345116,1503.9554507559524,2399910.9015119057,138456.73224302166,1199.9554507559528,304.0,2363.0,4693.0,0.0,83.0,63.0,0.0,122,41.90002691311455,90.66112880575979,38.0,67.61157989501953,83.0,552.0,63.0,1010.0,56.75,578.25,42.25,1030.75,83.0,552.0,63.0,1010.0,942.0,36.0,974.0,38.0,1267.0,22.0
135,0.0,0.0,45809.073036700545,7,42315.79244996654,42852.5250547617,-0.0762573952093577,-0.06454066380191026,-0.06440018045582896,4.486111029497389,162,80,0.009027763453885566,0.18280640606265783,0.2268057989820522,536.7326047952081,749465.209590416,41765.86383297696,374.73260479520803,162.0,1292.0,2236.0,0.0,42.0,33.0,0.0,69,43.04237034621475,71.32236151086092,33.5,58.0,42.0,161.0,33.0,247.0,28.5,174.5,25.0,255.0,42.0,161.0,33.0,247.0,428.0,17.0,662.0,23.0,556.0,10.0
136,0.0,0.0,320098.3920073719,19,253318.56736098585,256051.3720435989,-0.2086228057179621,-0.20008541611886,-0.2008412870645565,4.227807643672676,389,181,0.004365596763113543,0.15973937363826832,0.07583542763263278,2732.8046826132227,4687609.365226447,277189.13443483575,2343.8046826132236,389.0,3289.0,6287.0,0.0,102.0,87.0,0.0,150,54.90035672233016,86.66613917519608,41.39881134033203,77.25752258300781,102.0,1008.0,87.0,1653.0,69.25,1040.75,60.25,1679.75,102.0,1008.0,87.0,1653.0,1205.0,58.0,1760.0,51.0,1986.0,28.0
137,0.0,0.0,13991.901231807346,17,12872.970327430912,13356.756662809237,-0.07996989728835446,-0.04539372873460934,-0.04626356976301638,4.440430493125573,365,164,0.005709709093439722,0.17019540918760792,0.07893318150566095,483.78633537833883,237572.670756677,13375.542704951342,118.78633537833849,365.0,2754.0,5806.0,0.0,103.0,81.0,0.0,146,48.65856032706112,82.06791443543904,38.0,64.0,103.0,820.0,81.0,1476.0,77.25,845.75,55.25,1501.75,103.0,820.0,81.0,1476.0,1218.0,49.0,1048.0,36.0,1506.0,21.0
138,0.0,0.0,151166.45348539326,6,118287.06725642712,119400.83888090354,-0.2175045155249552,-0.2101366663838491,-0.210813562008488,3.699536788913906,133,69,0.004790538992915232,0.19080653437256856,0.25870315453821996,1113.7716244765327,1961543.2489530654,132553.3006477364,980.7716244765327,133.0,809.0,2215.0,0.0,21.0,37.0,0.0,54,53.53075924408373,72.23633683194006,53.1734619140625,47.0,21.0,85.0,37.0,181.0,16.5,89.5,27.5,190.5,21.0,85.0,37.0,181.0,472.0,25.0,328.0,10.0,748.0,8.0
139,0.0,0.0,140548.8034110698,18,132704.285995734,134021.64027451602,-0.05581347706243034,-0.04644054576162748,-0.046766775029705165,3.5687504563417427,342,158,0.005401007208203919,0.16097340118180672,0.08096363861319308,1317.3542787820088,1950708.5575640192,136652.07062163524,975.3542787820096,342.0,3436.0,5636.0,0.0,95.0,71.0,0.0,137,67.08213791307217,86.80415944035441,53.19136047363281,82.0,95.0,931.0,71.0,1369.0,63.25,962.75,50.25,1389.75,95.0,931.0,71.0,1369.0,1211.0,44.0,1452.0,40.0,1805.0,21.0
140,0.0,0.0,13773.218730650635,16,12123.344807520443,12500.393117965366,-0.11978855163743218,-0.09241308350478372,-0.09340665620122568,3.4575556769520572,290,127,0.005948857867308935,0.1559334986812921,0.09704295817580602,377.0483104449248,174096.6208898491,12588.128518824074,87.04831044492454,290.0,2282.0,5758.0,0.0,76.0,71.0,0.0,126,59.49571626287079,94.46587160554274,42.0,74.0,76.0,610.0,71.0,1253.0,52.25,633.75,48.75,1275.25,76.0,610.0,71.0,1253.0,1201.0,45.0,1149.0,34.0,1518.0,18.0
141,0.0,0.0,268741.29150530486,20,233680.72482616865,236506.6766600394,-0.13046214998354333,-0.11994663962768504,-0.12070653737218118,4.753116201462351,447,201,0.007457678234279969,0.16281204963060392,0.08177714459963004,2825.951833870853,4757903.6677417075,250251.8067135558,2378.951833870854,447.0,3353.0,6727.0,0.0,120.0,106.0,0.0,179,46.89044475140064,81.14136759242147,39.72386932373047,55.297401428222656,120.0,1206.0,106.0,2148.0,83.75,1242.25,68.75,2185.25,120.0,1206.0,106.0,2148.0,1389.0,72.0,1874.0,62.0,1893.0,32.0
142,0.0,0.0,230033.57740455563,9,176903.67843901628,178101.2155785606,-0.23096584231310202,-0.22575991910373405,-0.22627721492658304,2.6764746194400924,152,75,0.004298147087022302,0.17690530926309542,0.15303754713536163,1197.537139544449,2091074.2790888972,195319.83078606043,1045.5371395444486,152.0,1398.0,3138.0,0.0,30.0,38.0,0.0,65,73.14473479913359,86.39377725938726,74.50431060791016,64.27491760253906,30.0,157.0,38.0,360.0,18.75,168.25,25.0,373.0,30.0,157.0,38.0,360.0,659.0,22.0,707.0,19.0,1088.0,11.0
143,0.0,0.0,98706.67780192125,7,94681.34750372975,95600.30413451504,-0.0407807292052651,-0.03147075493352025,-0.03126411658774164,4.196690214726127,152,75,0.007360376068243653,0.16636101733822992,0.20469317901102635,918.9566307853457,1533913.2615706911,91376.3694177504,766.9566307853456,152.0,1260.0,2268.0,0.0,38.0,32.0,0.0,66,69.504805507904,95.23137897044238,46.0,50.47267150878906,38.0,164.0,32.0,228.0,25.5,176.5,20.0,240.0,38.0,164.0,32.0,228.0,525.0,22.0,658.0,18.0,787.0,9.0
144,0.0,0.0,30017.35229269225,11,28776.221128646677,29276.419657535997,-0.04134712322204803,-0.02468347734109222,-0.024572585257629953,4.351887599675638,252,118,0.0061029510804990915,0.1698364461821021,0.14596105165887807,500.19852888934605,496397.0577786917,28516.192480229154,248.19852888934585,252.0,1743.0,3801.0,0.0,68.0,55.0,0.0,109,43.12177836924326,76.9792202504352,33.75142288208008,76.0,68.0,385.0,55.0,691.0,47.75,405.25,35.0,711.0,68.0,385.0,55.0,691.0,810.0,34.0,903.0,34.0,1169.0,14.0
145,0.0,0.0,59168.80440857266,5,49890.644142020334,50368.467566980944,-0.15680831071868107,-0.14873271362428742,-0.14888270224100297,3.7242493941393744,105,52,0.004259917017641935,0.18399001293723585,0.30690525130654134,477.8234249606514,745646.8499213024,50053.49877311396,372.8234249606512,105.0,1055.0,1459.0,0.0,28.0,20.0,0.0,46,69.00973623940011,67.53424361498375,61.730648040771484,57.089324951171875,28.0,85.0,20.0,96.0,17.5,95.5,14.75,101.25,28.0,85.0,20.0,96.0,270.0,12.0,619.0,14.0,599.0,7.0
146,0.0,0.0,28780.359543188777,23,24744.67070977333,25456.96515171162,-0.14022371149878643,-0.11547438754161354,-0.11632253730975783,4.2502530025262395,493,210,0.004125020580119413,0.1574982905438053,0.07624479626985815,712.2944419383128,438588.88387662504,25797.81036657931,219.29444193831253,493.0,3890.0,7695.0,0.0,137.0,123.0,0.0,197,46.12854650991174,77.65407224113234,35.0,67.0,137.0,1514.0,123.0,2752.0,91.5,1559.5,88.75,2786.25,137.0,1514.0,123.0,2752.0,1497.0,82.0,2190.0,73.0,2099.0,33.0
147,0.0,0.0,31642.025700469338,15,29464.850744887604,30060.436769754466,-0.06880643408204545,-0.049983807790517476,-0.0500133603916485,4.202605173310196,348,163,0.006445269238638871,0.16215864250963327,0.09273165770284067,595.5860248668864,495172.04973377346,29456.25566246981,247.58602486688673,348.0,2453.0,5102.0,0.0,88.0,82.0,0.0,143,46.21127719392659,72.66264547864746,30.337623596191406,61.51228332519531,88.0,709.0,82.0,1265.0,60.5,736.5,54.75,1292.25,88.0,709.0,82.0,1265.0,979.0,40.0,1377.0,54.0,1836.0,26.0
148,0.0,0.0,67690.57381344869,18,65778.48772341346,66731.87327009343,-0.028247449863622487,-0.014162984435578507,-0.013883371060440686,4.472981046896406,378,170,0.007292652311170536,0.16835489314554655,0.08505558953036944,953.385546680057,1150771.0933601127,64317.90573752707,575.3855466800563,378.0,3437.0,5635.0,0.0,97.0,93.0,0.0,152,48.52417598622386,78.39894192289236,34.0,62.41510772705078,97.0,1052.0,93.0,1494.0,62.75,1086.25,60.75,1526.25,97.0,1052.0,93.0,1494.0,1228.0,60.0,1891.0,37.0,1733.0,28.0
149,0.0,0.0,11448.163416816911,18,9667.426722937711,10110.393493080725,-0.15554780527183654,-0.11685454470112244,-0.11844636328511338,4.197599642620491,357,153,0.005808515515343391,0.15949619069880142,0.07242987934458096,442.96677014302173,171933.54028604378,10239.991597835457,85.96677014302189,357.0,3064.0,5993.0,0.0,98.0,88.0,0.0,142,46.96638358419799,79.72710613644358,34.0,72.67303466796875,98.0,886.0,88.0,1480.0,69.75,914.25,60.25,1507.75,98.0,886.0,88.0,1480.0,1218.0,57.0,1362.0,40.0,1707.0,26.0
150,0.0,0.0,442839.7950325884,7,390672.6647083769,393320.05948312173,-0.11780136046800527,-0.1118231380850101,-0.11209878725955158,3.2051007418733684,148,77,0.00595938858132454,0.1816613718769705,0.27605713930818415,2647.3947747451493,4998789.549490302,389908.92580871965,2499.394774745151,148.0,949.0,2579.0,0.0,30.0,34.0,0.0,61,49.36089785571973,90.28267980978298,36.385528564453125,71.5,30.0,113.0,34.0,250.0,19.75,123.25,23.0,261.0,30.0,113.0,34.0,250.0,490.0,22.0,532.0,17.0,730.0,10.0
151,0.0,0.0,21002.51034288027,27,18250.073636892565,18935.133087531445,-0.13105274850731186,-0.09843476906319693,-0.09907218317645461,4.201772462474292,527,223,0.005268757907858719,0.15478171832918514,0.04959094029492384,685.0594506389061,316118.9012778126,18808.663730666423,158.0594506389063,527.0,4659.0,8906.0,0.0,142.0,135.0,0.0,205,55.299548276089,86.38865158518729,50.0914306640625,69.0,142.0,1881.0,135.0,3368.0,96.0,1927.0,94.25,3408.75,142.0,1881.0,135.0,3368.0,1800.0,87.0,2214.0,62.0,2817.0,38.0
152,0.0,0.0,174340.7020271432,8,179978.4487299448,181561.47764659277,0.032337524383283967,0.041417612384773816,0.04221746390262027,4.219239073566996,197,96,0.006101640504684803,0.17877851584441495,0.194367219758308,1583.0289166480854,2772057.83329617,164251.05243874213,1386.028916648085,197.0,1628.0,2404.0,0.0,52.0,41.0,0.0,88,44.09115313879578,77.63974061828776,27.13689422607422,73.27378845214844,52.0,251.0,41.0,360.0,34.75,268.25,28.75,372.25,52.0,251.0,41.0,360.0,414.0,28.0,845.0,29.0,667.0,8.0
153,0.0,0.0,12668.089729501542,15,10292.539855472525,10661.789779608354,-0.18752234352246644,-0.15837430841849043,-0.16133281357147355,3.6989023671208265,283,121,0.007503570641055793,0.16110894507302873,0.08916114549790782,369.24992413584243,172499.84827168513,11658.853840332407,86.24992413584256,283.0,2361.0,5186.0,0.0,65.0,82.0,0.0,125,60.73039805794501,84.78882944807408,47.0,70.5,65.0,597.0,82.0,1128.0,46.75,615.25,55.0,1155.0,65.0,597.0,82.0,1128.0,1073.0,59.0,1070.0,34.0,1455.0,21.0
154,0.0,0.0,92097.20463553176,21,84092.729265447,85203.21351301581,-0.08691333685709479,-0.07485559577837819,-0.07531458905485067,3.908861164784704,429,197,0.004322259822980267,0.15910432133413951,0.06372616089138994,1110.4842475689213,1362968.4951378424,87171.71304374744,681.4842475689212,429.0,3818.0,6764.0,0.0,133.0,78.0,0.0,167,56.52846523400032,83.71753028504794,38.0,63.427452087402344,133.0,1335.0,78.0,1960.0,90.25,1377.75,55.25,1982.75,133.0,1335.0,78.0,1960.0,1370.0,55.0,1799.0,71.0,1967.0,24.0
155,0.0,0.0,46045.442553500616,10,40365.85547901677,40826.305545979645,-0.12334743157012085,-0.1133475262281779,-0.11370077795111044,3.268865892029443,188,92,0.007331702679683748,0.17505703948335063,0.13230673210506094,460.4500669629066,544900.133925813,41673.4849274833,272.45006696290653,188.0,1649.0,3391.0,0.0,47.0,39.0,0.0,81,59.08695440093764,89.16659502574343,44.0,75.0467300415039,47.0,282.0,39.0,442.0,32.0,297.0,27.75,453.25,47.0,282.0,39.0,442.0,632.0,29.0,848.0,23.0,910.0,7.0
156,0.0,0.0,89522.64353325301,18,89232.58955752796,90369.15970848188,-0.003240006821484398,0.009455888944057245,0.009458914579951738,4.4083195169918605,353,164,0.004363337550426508,0.15819741538549054,0.07545954130991067,1136.570150953974,1567140.301907949,88874.01967276924,783.5701509539745,353.0,3359.0,5713.0,0.0,93.0,78.0,0.0,135,55.09074683992839,80.6437536317759,36.0,65.5,93.0,922.0,78.0,1337.0,69.0,946.0,57.0,1358.0,93.0,922.0,78.0,1337.0,1225.0,54.0,1211.0,26.0,1774.0,29.0
157,0.0,0.0,17139.336289056977,15,16464.474695629207,16898.978227670053,-0.03937501324707959,-0.014023767159547784,-0.013057299464710459,4.328411520782788,297,128,0.009103025479626525,0.1653092500139304,0.11247603640776453,434.50353204086554,275007.0640817312,15883.833062157439,137.5035320408656,297.0,2688.0,4871.0,0.0,82.0,72.0,0.0,128,49.80639543179281,88.79406046371392,38.20172119140625,75.0,82.0,705.0,72.0,1060.0,56.25,730.75,50.0,1082.0,82.0,705.0,72.0,1060.0,999.0,50.0,1541.0,35.0,1070.0,13.0
158,0.0,0.0,354062.3241250716,29,289611.3705089745,292280.17982175836,-0.18203279260328753,-0.17449511030574616,-0.17504623141184916,3.4612855065877697,516,230,0.002705256841959269,0.15803906273493365,0.04694183465173535,2668.80931278422,4305618.625568441,310984.07061290345,2152.8093127842208,516.0,4639.0,9977.0,0.0,117.0,140.0,0.0,186,60.45855282111569,101.19104814297424,41.0,89.5,117.0,1789.0,140.0,3348.0,82.5,1823.5,94.5,3393.5,117.0,1789.0,140.0,3348.0,1926.0,89.0,1918.0,53.0,2961.0,35.0
159,0.0,0.0,172222.1268914979,9,156715.1570962984,158272.45980803957,-0.09004051961899806,-0.08099811177135674,-0.08059416788035378,4.533144535219838,213,105,0.005943469132694431,0.17296303890587905,0.16225146430258708,1557.3027117413362,2688605.4234826746,148274.85659203058,1344.3027117413374,213.0,1416.0,3120.0,0.0,51.0,48.0,0.0,87,43.76805055288171,64.38834421701263,41.0,52.485416412353516,51.0,233.0,48.0,451.0,34.25,249.75,38.0,461.0,51.0,233.0,48.0,451.0,607.0,24.0,693.0,29.0,971.0,11.0
160,0.0,0.0,56553.425609661506,28,54293.32712331573,55265.888288667906,-0.039963953765510984,-0.022766743254075128,-0.022654466490622638,3.9213345652301697,551,237,0.004192749603594854,0.1621538943898972,0.05023486185594751,972.5611653521735,843122.3307043494,53752.25683241726,421.5611653521747,551.0,4551.0,9554.0,0.0,158.0,128.0,0.0,201,51.90573241922164,86.6635754495831,41.5,66.5,158.0,1837.0,128.0,3503.0,103.25,1891.75,90.5,3540.5,158.0,1837.0,128.0,3503.0,1988.0,83.0,2032.0,75.0,2394.0,30.0
161,0.0,0.0,176371.93741164933,5,175949.24160321886,177762.78215643577,-0.002396616007250052,0.007885861918839332,0.007899316924292243,4.797088617118277,120,61,0.01693911840276001,0.19637936519864396,0.2763288167375161,1813.5405532171092,3387081.1064342177,176517.53890617704,1693.540553217109,120.0,967.0,1553.0,0.0,30.0,24.0,0.0,51,53.02151042318269,63.53543330379626,37.92341613769531,50.0943717956543,30.0,74.0,24.0,127.0,21.0,83.0,16.5,134.5,30.0,74.0,24.0,127.0,287.0,15.0,503.0,11.0,545.0,10.0
162,0.0,0.0,22178.21974865932,30,18596.739608670945,19260.90510941233,-0.16148636728179577,-0.1315396218591144,-0.1337193634655902,3.571704994875185,520,219,0.0036053476158202685,0.15076628808974085,0.04827859678449196,664.1655007414038,288331.00148280774,20181.608076291,144.16550074140386,520.0,4878.0,10222.0,0.0,159.0,112.0,0.0,194,50.925879800958135,99.58949779568205,35.0,73.4920654296875,159.0,1986.0,112.0,3557.0,106.0,2039.0,77.25,3591.75,159.0,1986.0,112.0,3557.0,2169.0,81.0,2605.0,87.0,2905.0,33.0
163,0.0,0.0,25686.398987248016,16,21544.586230654277,21993.760917349555,-0.1612453640796414,-0.14375849537070828,-0.14455491032113776,3.521949859688684,290,130,0.006293763487905341,0.16043543474940497,0.0856225524261796,449.1746866953023,318349.3733906046,22597.52311030519,159.1746866953023,290.0,2574.0,5488.0,0.0,67.0,77.0,0.0,123,60.97155114426452,81.94984731046526,53.0,69.0,67.0,632.0,77.0,1191.0,44.25,654.75,52.25,1215.75,67.0,632.0,77.0,1191.0,1153.0,50.0,1104.0,26.0,1417.0,19.0
164,0.0,0.0,121928.46634752401,23,113629.16639041364,115044.10114090992,-0.06806695930592177,-0.0564623292069637,-0.05658639998184223,4.151136747139059,461,210,0.004620420900580327,0.16014785453108318,0.0754752550812512,1414.934750496389,1907869.5009927794,114900.42470340639,953.9347504963897,461.0,3939.0,7653.0,0.0,122.0,106.0,0.0,184,53.50190326483911,93.54369307805483,34.5,74.90996551513672,122.0,1453.0,106.0,2551.0,85.75,1489.25,71.0,2586.0,122.0,1453.0,106.0,2551.0,1624.0,71.0,2074.0,57.0,2117.0,24.0
165,0.0,0.0,80755.9438663351,28,72391.06659876042,73528.83524045568,-0.10358218685945875,-0.08949320978579023,-0.09007180248880953,4.033264639450081,529,244,0.004096827504545186,0.15656032285811816,0.05311888001634345,1137.7686416953711,1217537.283390741,75468.47233143293,608.7686416953705,529.0,4731.0,9381.0,0.0,144.0,113.0,0.0,191,47.612569051433944,100.58111102420085,37.043556213378906,75.0,144.0,1846.0,113.0,3245.0,106.0,1884.0,83.25,3274.75,144.0,1846.0,113.0,3245.0,1870.0,75.0,2164.0,70.0,2796.0,30.0
166,0.0,0.0,437244.98026913276,21,385313.0486747949,388848.5855962351,-0.11877078968950716,-0.11068484912761889,-0.11113373482604683,3.8131809579329508,445,201,0.0032276652783565433,0.15833055528548837,0.066847934225991,3535.53692144067,6181073.842881338,405243.93616976246,3090.5369214406687,445.0,3891.0,6693.0,0.0,121.0,102.0,0.0,172,57.80786344862462,75.41338398952155,49.0,62.37171173095703,121.0,1376.0,102.0,2013.0,74.5,1422.5,71.75,2043.25,121.0,1376.0,102.0,2013.0,1393.0,67.0,1890.0,64.0,2428.0,39.0
167,0.0,0.0,97508.46011767029,16,80157.14948943046,81007.19449186375,-0.17794671977488707,-0.16922906592815956,-0.1699351339872862,3.131944860754933,306,142,0.006018910445967026,0.16504355304563484,0.0954502434246563,850.0450024333337,1088090.0048666669,86854.17953082918,544.0450024333335,306.0,2091.0,5973.0,0.0,58.0,90.0,0.0,123,54.547041590513565,111.46019831627974,38.083961486816406,76.04716491699219,58.0,537.0,90.0,1283.0,36.75,558.25,53.25,1319.75,58.0,537.0,90.0,1283.0,1301.0,56.0,1032.0,27.0,1843.0,23.0
168,0.0,0.0,255254.11477301814,18,245020.6876995766,247400.76140458483,-0.04009113460341862,-0.030766804192037478,-0.030973991147916435,4.034608399651796,357,164,0.0035993503480125483,0.16061206774749204,0.0986926985673743,2380.073705008413,4046147.4100168236,250715.0018801096,2023.073705008412,357.0,3130.0,5942.0,0.0,108.0,67.0,0.0,146,65.39167955893639,90.46613757786012,53.0,72.0,108.0,893.0,67.0,1560.0,72.25,928.75,47.5,1579.5,108.0,893.0,67.0,1560.0,1274.0,39.0,1734.0,59.0,1410.0,18.0
169,0.0,0.0,12825.67668022204,14,11095.10197123665,11461.621646348382,-0.134930479859518,-0.10635345548489572,-0.10699201398552183,4.165860931054554,271,122,0.006020831819374908,0.16266113961589296,0.0962965048633808,366.5196751117428,191039.35022348535,11464.577993913332,95.51967511174267,271.0,2685.0,4349.0,0.0,69.0,66.0,0.0,116,57.03409386420244,84.52846842185345,40.0,63.0,69.0,638.0,66.0,847.0,49.5,657.5,46.5,866.5,69.0,638.0,66.0,847.0,785.0,49.0,1156.0,29.0,1188.0,28.0
170,0.0,0.0,91388.09712423952,23,80149.71319938348,81347.87090246104,-0.12297426337237083,-0.10986360956973507,-0.11042318217028957,4.313475197643634,476,224,0.0028139702314849747,0.1607877845029429,0.056876701590963814,1198.1577030776134,1444315.4061552254,83709.4998798316,722.1577030776127,476.0,3980.0,7611.0,0.0,127.0,102.0,0.0,176,49.32265077968631,69.38314278790871,33.0,54.514522552490234,127.0,1430.0,102.0,2388.0,93.75,1463.25,75.25,2414.75,127.0,1430.0,102.0,2388.0,1461.0,67.0,1669.0,51.0,2226.0,33.0
171,0.0,0.0,17713.2503578067,15,16222.776510205154,16645.663923111424,-0.08414457073061443,-0.06027049881473412,-0.061366824541576714,3.8771750341477706,291,130,0.008619847262641159,0.17600754819528394,0.10530552640710951,422.88741290628576,263774.82581257157,17008.184018609252,131.8874129062858,291.0,2890.0,4634.0,0.0,81.0,65.0,0.0,118,58.91451388882613,91.22895980597092,45.88530731201172,81.01477813720703,81.0,707.0,65.0,913.0,59.75,728.25,40.0,938.0,81.0,707.0,65.0,913.0,1006.0,40.0,1658.0,45.0,1393.0,22.0
172,0.0,0.0,18136.707530573873,28,16762.335559566032,17417.60465502299,-0.07577847129590631,-0.03964903080333937,-0.03935932276290799,4.132977180485898,516,217,0.0038194977384457315,0.15470434823972573,0.05023912031405293,655.2690954569778,278538.1909139547,16848.519768575643,139.26909545697734,516.0,5197.0,8891.0,0.0,148.0,123.0,0.0,210,53.45092166970776,87.33880224983908,35.942630767822266,74.0,148.0,2132.0,123.0,3466.0,103.75,2176.25,82.5,3506.5,148.0,2132.0,123.0,3466.0,1726.0,80.0,2639.0,66.0,2713.0,49.0
173,0.0,0.0,12880.353742366518,18,12357.880086127561,12806.886057269423,-0.040563610805223305,-0.005703856164714138,-0.006392953912797372,3.9431470534278645,349,149,0.005643498241960911,0.16430727879490514,0.07986350227350751,449.00597114187525,200011.94228375005,12680.984222353263,100.00597114187502,349.0,3066.0,5964.0,0.0,105.0,77.0,0.0,151,50.47589456852396,89.15699888758739,40.0,67.96631622314453,105.0,997.0,77.0,1531.0,70.75,1031.25,54.25,1553.75,105.0,997.0,77.0,1531.0,1195.0,55.0,1444.0,52.0,1661.0,21.0
174,0.0,0.0,18372.48199773859,28,15027.531407341412,15725.818268088975,-0.18206307622502482,-0.1440558619121457,-0.14687941467396148,4.252925708761081,559,233,0.004459620541025364,0.15931480599924747,0.04903920248625337,698.2868607475689,278573.7214951393,16375.416629149779,139.28686074756965,559.0,4003.0,10073.0,0.0,141.0,157.0,0.0,220,52.91749378090898,78.88314600304479,38.44226837158203,59.0,141.0,1824.0,157.0,4019.0,100.0,1865.0,105.5,4070.5,141.0,1824.0,157.0,4019.0,2043.0,102.0,2028.0,66.0,2681.0,37.0
175,0.0,0.0,394404.1716503026,5,360481.5156158638,363482.8148961975,-0.08600988141808052,-0.07840017671395583,-0.07856600491819454,4.022576217194423,102,47,0.008520505812186208,0.19097427977009188,0.29066388471056936,3001.2992803339826,5798598.560667965,360378.41470112914,2899.2992803339826,102.0,1042.0,1478.0,0.0,32.0,18.0,0.0,49,65.62033760785881,70.64932226427243,46.163604736328125,68.5,32.0,88.0,18.0,107.0,21.0,99.0,12.5,112.5,32.0,88.0,18.0,107.0,273.0,12.0,632.0,15.0,463.0,6.0
176,0.0,0.0,381613.1349919526,20,333267.23594987456,336423.76048166584,-0.12668824683693758,-0.11841671673916498,-0.11865548069486498,4.006778554603607,420,188,0.004703327881408998,0.16857908912136663,0.08409845443977414,3156.5245317914346,5473049.063582867,341486.86962588574,2736.5245317914337,420.0,3323.0,6757.0,0.0,116.0,96.0,0.0,175,57.415930047678785,68.84875748338412,44.977378845214844,64.5,116.0,1182.0,96.0,2106.0,77.25,1220.75,65.25,2136.75,116.0,1182.0,96.0,2106.0,1420.0,75.0,1957.0,63.0,1873.0,26.0
177,0.0,0.0,55138.883324642986,15,57763.924069744,58530.34001238122,0.04760779665495707,0.06150753303744372,0.06211317698212793,3.7843333811268116,348,156,0.006911765666652078,0.16685751354507586,0.0975087971428226,766.4159426372524,836831.8852745043,55282.64828938854,418.41594263725216,348.0,2977.0,4578.0,0.0,106.0,71.0,0.0,147,56.932919428979694,71.650104190431,45.08979034423828,60.0,106.0,899.0,71.0,1126.0,74.0,931.0,44.5,1152.5,106.0,899.0,71.0,1126.0,922.0,46.0,1309.0,60.0,1127.0,16.0
178,0.0,0.0,261480.0849498502,17,250474.95953463195,252668.87408517854,-0.04208781489928359,-0.03369744531925467,-0.03378108358288345,3.6904607791804516,349,164,0.0031114616971454337,0.15426659348498825,0.0826759793858669,2193.91455054694,3689829.1010938818,249957.2087251182,1844.914550546941,349.0,2987.0,5581.0,0.0,98.0,70.0,0.0,139,57.06109807404136,99.42249700265633,42.17189407348633,66.0,98.0,838.0,70.0,1357.0,72.0,864.0,48.0,1379.0,98.0,838.0,70.0,1357.0,1153.0,49.0,1198.0,52.0,1701.0,19.0
179,0.0,0.0,257392.71171057268,6,293625.08574873465,296189.84124048497,0.14076689972054757,0.15073126691146577,0.15120776386121348,4.27268465554239,139,69,0.005243193025159615,0.18640868167757307,0.2525746557724558,2564.7554917506486,4851510.983501297,283867.83571823355,2425.7554917506486,139.0,988.0,2036.0,0.0,38.0,26.0,0.0,59,44.39948729327748,82.04351548765516,31.387298583984375,60.18928146362305,38.0,115.0,26.0,175.0,26.25,126.75,17.5,183.5,38.0,115.0,26.0,175.0,385.0,15.0,490.0,14.0,637.0,8.0
180,0.0,0.0,105053.27580586016,12,87663.93123848324,88617.92564054494,-0.16552881796387442,-0.15644776461505083,-0.1574766478527181,3.639550098813648,243,105,0.009118619013330326,0.1697239727657837,0.14055698437284142,953.9944020617313,1421988.8041234624,97676.13891253863,710.9944020617312,243.0,1746.0,4302.0,0.0,63.0,63.0,0.0,111,65.90130513879356,75.42393977084411,41.0,63.0,63.0,395.0,63.0,811.0,37.5,420.5,38.25,835.75,63.0,395.0,63.0,811.0,953.0,45.0,819.0,29.0,1105.0,18.0
181,0.0,0.0,206441.60956530587,15,167904.20371480484,169704.41134266587,-0.1866746046576918,-0.17795442643561898,-0.17883674572203867,4.016878445430896,304,142,0.003624342608755735,0.16087995325177032,0.10118081765511294,1800.2076278612578,2992415.2557225153,186240.09267235338,1496.2076278612576,304.0,2164.0,5396.0,0.0,72.0,75.0,0.0,113,50.19861287215672,74.19890936613216,40.5,56.356773376464844,72.0,482.0,75.0,1066.0,50.0,504.0,52.5,1088.5,72.0,482.0,75.0,1066.0,1146.0,53.0,1300.0,40.0,1719.0,29.0
182,0.0,0.0,64669.10945794599,6,63548.92432342191,64215.912598654606,-0.017321796200897577,-0.007007934129448556,-0.007551281886602035,4.064291915284743,124,59,0.008206802466072156,0.19100145261770785,0.22543323524528286,666.9882752327574,1085976.550465515,66799.86164265417,542.9882752327576,124.0,1511.0,1513.0,0.0,40.0,19.0,0.0,55,62.64234531911217,71.5297617704056,49.19709014892578,60.0,40.0,136.0,19.0,135.0,24.5,151.5,13.75,140.25,40.0,136.0,19.0,135.0,276.0,11.0,858.0,17.0,540.0,10.0
183,0.0,0.0,15151.553428562578,5,11509.492943903504,11692.215078952653,-0.24037538473073883,-0.22831575428356,-0.22925861188292196,3.4386191754814677,96,44,0.006040710955443899,0.1885790910183088,0.2985994092504085,182.72213504916115,173444.2700983224,12610.023184236235,86.7221350491612,96.0,948.0,1571.0,0.0,28.0,19.0,0.0,47,56.02498779232638,90.52203894845418,39.5,71.0,28.0,77.0,19.0,110.0,17.75,87.25,13.75,115.25,28.0,77.0,19.0,110.0,284.0,12.0,626.0,20.0,659.0,7.0
184,0.0,0.0,11669.267775083617,27,9537.784698065714,10108.214498733567,-0.18265782550376264,-0.13377474117812538,-0.1364286387452085,3.877091753216137,491,195,0.006933565189470595,0.15658459810498004,0.05062685397846386,570.4298006678611,158859.60133572193,10243.477034296662,79.42980066786097,491.0,3993.0,9537.0,0.0,132.0,137.0,0.0,208,55.606337171896634,94.30514652331111,39.5,74.41744995117188,132.0,1764.0,137.0,3550.0,96.5,1799.5,87.0,3600.0,132.0,1764.0,137.0,3550.0,1959.0,88.0,1641.0,48.0,2644.0,41.0
185,0.0,0.0,341401.1472037809,6,234700.57488123566,237127.77946652172,-0.31253724012490247,-0.3054277016679702,-0.3065585769005583,4.186875828962829,126,62,0.009425409683045503,0.17364487340679063,0.21046164211444143,2427.204585286225,4602409.170572452,274811.65901405294,2301.204585286226,126.0,750.0,2274.0,0.0,24.0,34.0,0.0,56,44.56132490191889,86.35722260062232,25.168392181396484,72.3131103515625,24.0,79.0,34.0,199.0,18.0,85.0,22.75,210.25,24.0,79.0,34.0,199.0,411.0,20.0,414.0,8.0,998.0,16.0
186,0.0,0.0,10108.406923945562,9,9049.89869372945,9285.300623703406,-0.10471563305476328,-0.08142789525937255,-0.08216346344804226,3.744475686777179,165,77,0.007224937815986724,0.1773760594939444,0.16102154592362503,235.40192997396346,140803.85994792703,9400.772746712308,70.40192997396352,165.0,1879.0,2657.0,0.0,45.0,34.0,0.0,71,61.30794473789368,79.07311951424768,61.40503692626953,80.5,45.0,254.0,34.0,306.0,30.0,269.0,26.5,313.5,45.0,254.0,34.0,306.0,470.0,23.0,896.0,23.0,763.0,9.0
187,0.0,0.0,23419.10828274477,8,17349.009768048974,17643.35459597201,-0.2591942631380313,-0.24662568775209703,-0.24755118607415183,3.497922566106489,163,80,0.003206995251259313,0.18429641794149254,0.19103689221689296,294.3448279230515,262689.6558461028,18774.690611469185,131.3448279230514,163.0,930.0,3092.0,0.0,34.0,41.0,0.0,70,47.654237902279725,76.36374829714977,35.22569274902344,65.0,34.0,113.0,41.0,371.0,22.25,124.75,26.75,385.25,34.0,113.0,41.0,371.0,654.0,19.0,597.0,20.0,944.0,14.0
188,0.0,0.0,105736.06562921687,26,96783.6078324312,97995.02488035476,-0.08466796776966456,-0.07321097775670515,-0.07341670501435338,3.7239138966800414,480,210,0.004879924731523411,0.16217445383169507,0.054386476653379465,1211.417047923556,1462834.0958471107,98205.41884381796,731.4170479235554,480.0,4210.0,8894.0,0.0,118.0,126.0,0.0,191,58.2767156534233,92.32380814742424,35.602176666259766,74.5,118.0,1651.0,126.0,3071.0,83.75,1685.25,83.5,3113.5,118.0,1651.0,126.0,3071.0,1930.0,82.0,1699.0,57.0,2630.0,33.0
189,0.0,0.0,10422.67817989328,30,9933.458106203108,10536.468251114678,-0.04693803888466419,0.010917546263772504,0.012101837372285873,3.8721688865186,526,195,0.007576467337543786,0.15268040080141576,0.0427515528174437,603.01014491158,154020.28982315946,9944.058119430092,77.01014491157973,526.0,6219.0,8776.0,0.0,171.0,130.0,0.0,224,72.1436052481173,82.41113514965446,47.0,60.89169692993164,171.0,2803.0,130.0,3560.0,113.5,2860.5,90.0,3600.0,171.0,2803.0,130.0,3560.0,1710.0,84.0,2217.0,65.0,2219.0,34.0
190,0.0,0.0,489384.91945371585,16,445639.5970576947,449433.8153087929,-0.08938837437993108,-0.08163533970257808,-0.08190024320424216,3.7948319333065443,310,144,0.0039825963755592015,0.16384614595066338,0.08478414905402619,3794.218251098448,6968436.502196897,459074.1187400295,3484.2182510984485,310.0,3260.0,4804.0,0.0,86.0,64.0,0.0,120,62.19134589129816,77.59591982333818,42.0,69.0,86.0,802.0,64.0,968.0,60.5,827.5,45.75,986.25,86.0,802.0,64.0,968.0,976.0,42.0,1587.0,49.0,1542.0,18.0
191,0.0,0.0,128190.21359634433,29,117038.68510027767,118652.68253389477,-0.08699204239710134,-0.07440139769547549,-0.07468387451815717,4.354094515621166,574,254,0.003607759023248672,0.16236841187933518,0.05541586702277966,1613.9974336172197,2079994.8672344391,119427.52159904032,1039.9974336172195,574.0,4764.0,9852.0,0.0,150.0,141.0,0.0,208,49.99490078916304,85.35163048678672,40.5,72.0,150.0,2011.0,141.0,3730.0,103.0,2058.0,101.75,3769.25,150.0,2011.0,141.0,3730.0,2083.0,95.0,2278.0,56.0,2696.0,35.0
192,0.0,0.0,10233.405700826708,13,10727.903665810496,11075.31545583098,0.0483219349882551,0.08227072976655836,0.08477420784602718,4.26311437594324,262,109,0.006992755838708784,0.1625782092218339,0.11423667935539715,347.41179002049637,170823.5800409928,10017.534423011875,85.4117900204964,262.0,2340.0,4189.0,0.0,73.0,67.0,0.0,112,54.354717490626186,84.6343370472399,34.0,68.4765396118164,73.0,507.0,67.0,806.0,49.25,530.75,47.25,825.75,73.0,507.0,67.0,806.0,856.0,47.0,1157.0,36.0,869.0,16.0
193,0.0,0.0,163925.68908411742,20,140521.6647741618,142088.89882872076,-0.1427721575594293,-0.133211520277284,-0.13396543977150743,3.7778038429386886,415,192,0.0054467672452969745,0.16079359514496674,0.06796342247315709,1567.2340545591164,2304468.1091182306,152500.51385182724,1152.2340545591153,415.0,3890.0,6189.0,0.0,121.0,82.0,0.0,174,55.76184379837022,85.77932060493171,40.0,64.25918579101562,121.0,1368.0,82.0,1908.0,84.5,1404.5,55.75,1934.25,121.0,1368.0,82.0,1908.0,1291.0,53.0,2157.0,70.0,2263.0,33.0
194,0.0,0.0,401432.9213728743,27,360894.4494088509,364594.51652548014,-0.10098442306471633,-0.09176727389823736,-0.09205200156466675,4.290715361937989,524,228,0.003659457215793137,0.15343749250968877,0.05123334196289326,3700.067116629651,6352134.233259303,370109.2765094438,3176.0671166296515,524.0,4489.0,9119.0,0.0,149.0,120.0,0.0,190,51.67734794509153,104.44911964270545,40.28315734863281,84.72305297851562,149.0,1750.0,120.0,3111.0,94.25,1804.75,86.25,3144.75,149.0,1750.0,120.0,3111.0,1903.0,85.0,2038.0,65.0,2725.0,42.0
195,0.0,0.0,41019.016624490876,5,33736.98609152348,34054.11229495715,-0.17752815967361768,-0.16979696010984446,-0.16999930565024002,3.2501540233454254,98,48,0.006677162852912966,0.18454887623019528,0.258577335380337,317.12620343370406,438252.4068674082,33710.1260216823,219.1262034337041,98.0,854.0,1666.0,0.0,17.0,28.0,0.0,42,79.41764888350217,102.91497818408628,73.282470703125,80.25,17.0,48.0,28.0,117.0,11.75,53.25,18.25,126.75,17.0,48.0,28.0,117.0,368.0,21.0,345.0,8.0,499.0,7.0
196,0.0,0.0,167421.13117348365,26,160470.70680234535,162268.35498612025,-0.04151461839029269,-0.03077733468437771,-0.030684944204057985,4.122867409330853,488,213,0.002967351580189901,0.16270050089709287,0.07163365123602604,1797.6481837751023,2619296.3675502045,158827.34681342324,1309.6481837751023,488.0,4402.0,8696.0,0.0,132.0,117.0,0.0,188,57.29966392547229,86.58371143613155,40.08095169067383,65.0,132.0,1657.0,117.0,2981.0,91.0,1698.0,83.25,3014.75,132.0,1657.0,117.0,2981.0,1810.0,81.0,2494.0,72.0,2129.0,29.0
197,0.0,0.0,177004.17331133515,5,133601.613886267,134708.35680456477,-0.24520641865729775,-0.23895378123303157,-0.23944535637271103,3.511319852181378,91,47,0.006400014198163306,0.18413095687023162,0.26845295523579776,1106.7429182978854,2031485.8365957711,144638.33559151037,1015.7429182978856,91.0,489.0,2031.0,0.0,17.0,22.0,0.0,38,55.204384388015065,130.6459321825854,31.561119079589844,106.19493865966797,17.0,32.0,22.0,119.0,12.0,37.0,13.25,127.75,17.0,32.0,22.0,119.0,453.0,12.0,183.0,5.0,405.0,6.0
198,0.0,0.0,276723.688505039,20,258109.70431710384,260261.94678467308,-0.06726559727681658,-0.0594880106191783,-0.059613104989110766,3.4335331759495467,366,157,0.005906934165228752,0.15082471340596465,0.08460894722745911,2152.2424675691614,3572484.935138323,260117.25765183184,1786.2424675691614,366.0,3645.0,6435.0,0.0,101.0,88.0,0.0,146,59.55998381008053,97.12010240091418,44.0,84.6599349975586,101.0,1064.0,88.0,1667.0,67.5,1097.5,58.0,1697.0,101.0,1064.0,88.0,1667.0,1292.0,67.0,1607.0,50.0,1513.0,21.0
199,0.0,0.0,66910.73462157045,10,62749.45616969116,63355.633777892544,-0.06219149252230427,-0.05313199539333435,-0.05307107198817951,3.3496048382121977,193,94,0.004381933920623556,0.17740379488335056,0.16945661694841443,606.1776082014287,826355.2164028576,61675.57490482314,413.17760820142877,193.0,2147.0,2872.0,0.0,54.0,35.0,0.0,83,74.18950056168453,97.98802766225624,57.08880615234375,89.10973358154297,54.0,362.0,35.0,378.0,36.5,379.5,23.0,390.0,54.0,362.0,35.0,378.0,537.0,21.0,1289.0,29.0,796.0,7.0
200,0.0,0.0,153438.11277120363,10,178354.88484900427,180005.44478303916,0.162389719397519,0.17314688985683047,0.17401305820355817,4.313864064600908,224,106,0.0068719711671352815,0.1681474829352726,0.12913976323937004,1650.559934035041,2853119.8680700795,165345.95349691625,1426.5599340350398,224.0,2282.0,2758.0,0.0,65.0,43.0,0.0,100,56.53053407301852,74.12760541800372,43.203857421875,64.0,65.0,413.0,43.0,479.0,43.25,434.75,27.75,494.25,65.0,413.0,43.0,479.0,523.0,31.0,860.0,26.0,792.0,14.0
201,0.0,0.0,22951.870916171887,10,20247.450925897345,20591.276544517827,-0.11783004532188301,-0.10284975809927488,-0.10308931768341278,3.7155334109864757,192,86,0.01050761303533121,0.17268203947182023,0.1464737198953193,343.82561862050153,303651.2372410032,20431.200829949183,151.82561862050161,192.0,1653.0,3366.0,0.0,46.0,50.0,0.0,82,57.64733472271064,107.34578636043558,50.950984954833984,71.04278564453125,46.0,267.0,50.0,455.0,28.5,284.5,32.25,472.75,46.0,267.0,50.0,455.0,658.0,31.0,516.0,17.0,677.0,13.0
202,0.0,0.0,89010.8449695947,30,87650.6071414135,88986.12583911179,-0.015281708972045616,-0.0002777091992707259,-4.789285063466764e-05,4.251217860145159,600,257,0.0052751586370938025,0.15940671374629944,0.05050527455483093,1335.5186976983864,1471037.395396772,86506.82250300758,735.5186976983861,600.0,5709.0,9411.0,0.0,172.0,141.0,0.0,228,52.739845056449184,72.70223229371894,42.346527099609375,64.0,172.0,2648.0,141.0,3879.0,122.0,2698.0,95.75,3924.25,172.0,2648.0,141.0,3879.0,1864.0,83.0,2931.0,82.0,2467.0,40.0
203,0.0,0.0,32629.266666050225,11,31481.30166780413,31939.86732479677,-0.035182065536290996,-0.02112825115897421,-0.020936074263805282,3.6763907131000493,230,108,0.004717111964674744,0.17513019623143247,0.13906799742165635,458.56565699267645,457131.31398535287,31085.604717995633,228.56565699267645,230.0,2308.0,3230.0,0.0,58.0,53.0,0.0,98,55.182458524367924,73.80387861712235,40.416297912597656,66.0,58.0,423.0,53.0,543.0,39.0,442.0,35.75,560.25,58.0,423.0,53.0,543.0,626.0,34.0,1109.0,31.0,704.0,13.0
204,0.0,0.0,77068.81820044166,7,70547.64779640411,71183.97636510733,-0.08461490076410927,-0.07635827268077411,-0.07656282466908382,3.5050529514054927,131,66,0.007165079938462558,0.16730465087881763,0.18380517332176538,636.3285687032889,1010657.1374065771,72085.72533842272,505.32856870328857,131.0,1198.0,2330.0,0.0,31.0,27.0,0.0,57,55.7947723489443,105.8417512940057,43.0,97.0,31.0,115.0,27.0,226.0,25.0,121.0,15.0,238.0,31.0,115.0,27.0,226.0,491.0,17.0,370.0,6.0,587.0,11.0
205,0.0,0.0,436722.0131510761,23,397136.20253226184,400785.0572248378,-0.09064303934026852,-0.08228794254483018,-0.08245660692847434,3.94001512088995,468,217,0.004074497440961182,0.158099927534677,0.06205434000228899,3648.8546925763144,6361709.385152626,403660.213854438,3180.854692576313,468.0,4095.0,7497.0,0.0,126.0,102.0,0.0,185,47.19495783795918,89.67580989220522,34.5,86.23432159423828,126.0,1539.0,102.0,2488.0,89.5,1575.5,71.75,2518.25,126.0,1539.0,102.0,2488.0,1449.0,67.0,2006.0,64.0,2303.0,32.0
206,0.0,0.0,138261.22046234086,23,119800.73320141542,121154.9728502461,-0.13351890862234683,-0.1237241184107305,-0.1241634177494293,3.699393051433608,426,194,0.00340920551283954,0.15595052277976326,0.06333542156277346,1354.2396488308666,1856479.2976617322,125458.37059286654,928.2396488308661,426.0,3616.0,7976.0,0.0,109.0,100.0,0.0,159,61.72014238598785,85.76040849737495,38.0,68.93167877197266,109.0,1182.0,100.0,2266.0,78.0,1213.0,69.0,2297.0,109.0,1182.0,100.0,2266.0,1640.0,62.0,1794.0,54.0,2641.0,31.0
207,0.0,0.0,204278.91998655102,27,182514.17906092032,184341.7544316925,-0.10654423337984953,-0.0975977626872665,-0.09788035352984115,3.4840860961256306,520,230,0.004808869979076572,0.16119218577607086,0.06458115125431924,1827.575370772247,2615150.7415444935,187649.69273094245,1307.5753707722467,520.0,4506.0,9102.0,0.0,144.0,119.0,0.0,194,56.137247227519495,95.93442068517254,40.74884033203125,76.0,144.0,1806.0,119.0,3169.0,97.25,1852.75,81.75,3206.25,144.0,1806.0,119.0,3169.0,1869.0,90.0,2684.0,91.0,2485.0,29.0
208,0.0,0.0,211325.43934610125,13,185735.722961738,187599.35878095106,-0.12109150920752765,-0.11227271377532766,-0.11304483315703795,3.9348645252589587,263,120,0.009898522394671067,0.16065204363706997,0.10513794489006252,1863.635819213237,3201271.6384264748,203391.47751318038,1600.6358192132375,263.0,2223.0,4329.0,0.0,67.0,63.0,0.0,109,56.08796936506589,86.44505736368004,45.174774169921875,74.0,67.0,458.0,63.0,829.0,43.5,481.5,42.0,850.0,67.0,458.0,63.0,829.0,920.0,43.0,745.0,22.0,1246.0,18.0
209,0.0,0.0,124652.31994901579,21,99435.63868408215,100743.57632135513,-0.20229612473516367,-0.19180343885648987,-0.192595967289248,4.173269605080731,404,193,0.0036355219434405207,0.16393688843027643,0.06557595591533473,1307.9376372731322,1807875.2745462663,108300.89148477705,903.9376372731332,404.0,3486.0,7098.0,0.0,92.0,98.0,0.0,158,54.34963712916193,72.81851879490405,43.07545471191406,58.3508186340332,92.0,1095.0,98.0,2033.0,66.0,1121.0,72.0,2059.0,92.0,1095.0,98.0,2033.0,1380.0,60.0,1598.0,34.0,2046.0,29.0
210,0.0,0.0,66024.23461592021,8,52340.28882291587,52864.957435780205,-0.20725640929587963,-0.19930980278212806,-0.20016903311502665,3.265142930350492,143,71,0.005544217723328241,0.16332564554171847,0.1757463342633668,524.6686128643871,763337.2257287744,58445.9273308776,381.6686128643872,143.0,1493.0,2539.0,0.0,35.0,29.0,0.0,61,72.0572284862501,83.7200446414374,54.0,71.38056182861328,35.0,168.0,29.0,256.0,22.75,180.25,19.0,266.0,35.0,168.0,29.0,256.0,526.0,17.0,732.0,15.0,750.0,7.0
211,0.0,0.0,20995.39847922603,19,17003.83221057932,17517.47270486179,-0.19011624249933523,-0.1656518106958288,-0.16676681633697943,3.794513809478285,377,168,0.006246242628550265,0.158631147946636,0.08245524752049171,513.64049428249,273280.98856497987,18005.006852416343,136.64049428248993,377.0,2908.0,6589.0,0.0,92.0,98.0,0.0,154,52.04457484345899,92.09974614269073,32.0,59.50021743774414,92.0,916.0,98.0,1811.0,69.75,938.25,64.75,1844.25,92.0,916.0,98.0,1811.0,1462.0,61.0,1509.0,61.0,1943.0,30.0
212,0.0,0.0,82623.18765530977,13,78363.87473856744,79162.56222399624,-0.051551060151678985,-0.04188443377119122,-0.04168507948134392,3.595995648677111,254,125,0.0036847749605508,0.1642041948006205,0.1157686255178709,798.6874854288544,1089374.9708577096,75735.28149696643,544.6874854288549,254.0,2178.0,4374.0,0.0,64.0,52.0,0.0,103,76.438196512732,90.25869436363162,45.86077880859375,80.0,64.0,485.0,52.0,738.0,46.5,502.5,33.5,756.5,64.0,485.0,52.0,738.0,855.0,35.0,1175.0,30.0,1391.0,17.0
213,0.0,0.0,91437.96767302271,14,84503.19553226941,85368.423257408,-0.07584127597358326,-0.06637882019993135,-0.06643495900500085,3.516491896821195,269,128,0.003541279131186018,0.1597872082925171,0.09969219414718618,865.2277251386607,1192455.450277321,84775.92763367844,596.2277251386605,269.0,2388.0,4668.0,0.0,63.0,64.0,0.0,112,65.3565000425106,94.29931647657088,42.0,80.82227325439453,63.0,519.0,64.0,922.0,43.75,538.25,40.75,945.25,63.0,519.0,64.0,922.0,1006.0,38.0,1152.0,24.0,1253.0,13.0
214,0.0,0.0,67942.39244355157,22,71723.54443969986,72739.82848023073,0.05565232338984516,0.0706103489167682,0.07096375066942362,4.162327232678654,434,186,0.004533424314901357,0.1550373280825532,0.06826644855513538,1016.2840405310079,1164568.0810620147,69946.93208638958,582.2840405310073,434.0,4912.0,6174.0,0.0,137.0,89.0,0.0,161,60.17553269871913,83.04185757970966,46.0,68.0,137.0,1587.0,89.0,1728.0,95.75,1628.25,57.0,1760.0,137.0,1587.0,89.0,1728.0,1179.0,48.0,2344.0,67.0,1755.0,23.0
215,0.0,0.0,155221.5905071148,15,124726.49804895054,125805.1397119255,-0.19646166721095715,-0.18951262320586104,-0.19000132593986419,3.073421205813392,255,117,0.006098176132985275,0.1687473135122703,0.08221746614117034,1078.6416629750684,1647283.3259501364,133994.27019914254,823.6416629750682,255.0,1905.0,5655.0,0.0,58.0,65.0,0.0,111,57.102182199191255,119.24106122580983,47.0,104.0010757446289,58.0,395.0,65.0,1147.0,38.25,414.75,42.0,1170.0,58.0,395.0,65.0,1147.0,1212.0,39.0,825.0,32.0,1658.0,25.0
216,0.0,0.0,244310.21127035317,16,229336.2944006328,231414.65796776142,-0.06129058950037203,-0.05278352155457622,-0.05278264786389408,3.841735750017316,337,158,0.004072223809319768,0.16207722343008377,0.09535094795200366,2078.3635671287357,3482727.1342574744,226637.6034740141,1741.3635671287373,337.0,2643.0,5421.0,0.0,91.0,72.0,0.0,135,51.837846144852904,83.74117092996593,36.0,51.67028045654297,91.0,760.0,72.0,1237.0,59.25,791.75,48.25,1260.75,91.0,760.0,72.0,1237.0,1091.0,45.0,1344.0,53.0,1564.0,22.0
217,0.0,0.0,109862.39417904141,5,103478.57716411643,104354.16453735498,-0.05810739027333911,-0.05013753507601271,-0.04984321180298823,3.8191239496354843,116,62,0.005638229514120069,0.19064725674899988,0.26368054465662827,875.5873732385996,1519174.7464771995,99445.23708259042,759.5873732385998,116.0,994.0,1526.0,0.0,27.0,22.0,0.0,46,47.8904375935098,67.26861320347668,54.643280029296875,59.53541946411133,27.0,72.0,22.0,109.0,19.0,80.0,15.75,115.25,27.0,72.0,22.0,109.0,289.0,18.0,570.0,14.0,577.0,10.0
218,0.0,0.0,92420.1081634543,15,83096.69158295974,84037.08264330626,-0.1008808230780811,-0.09070564498065514,-0.09051948178444758,3.957179096047245,294,137,0.00510329548023133,0.16925833338002036,0.10147636967654287,940.3910603465364,1292782.120693072,81673.21274291129,646.391060346536,294.0,2835.0,4725.0,0.0,78.0,64.0,0.0,124,63.40171625904922,81.6234292883722,49.5,73.00664520263672,78.0,699.0,64.0,1019.0,49.75,727.25,42.0,1041.0,78.0,699.0,64.0,1019.0,936.0,41.0,1473.0,45.0,1634.0,22.0
219,0.0,0.0,11388.879123667522,6,9358.65512121134,9570.442884363862,-0.17826372379676247,-0.15966770913607486,-0.16102012444692793,4.011620390301908,131,63,0.009882439947900131,0.1741549794088749,0.21057338228728903,211.7877631525314,161575.5263050628,10069.218332302305,80.78776315253141,131.0,828.0,2196.0,0.0,23.0,39.0,0.0,59,58.20283802948122,78.95531556353048,51.77544021606445,57.53868103027344,23.0,85.0,39.0,207.0,14.75,93.25,24.25,221.75,23.0,85.0,39.0,207.0,448.0,22.0,461.0,13.0,776.0,16.0
220,0.0,0.0,320828.6982662141,28,302282.05137038016,305308.40498214716,-0.057808565742596074,-0.048375638987222636,-0.0486006939413588,4.006216005149462,555,257,0.004118978186956495,0.15394794264605854,0.059392017412312884,3026.3536117673184,4942707.223534631,308439.8854917853,2471.353611767315,555.0,4872.0,9240.0,0.0,138.0,132.0,0.0,202,55.033567364327396,75.28162880919558,39.22570037841797,60.0,138.0,2078.0,132.0,3308.0,94.25,2121.75,93.75,3346.25,138.0,2078.0,132.0,3308.0,1903.0,78.0,2214.0,57.0,2066.0,32.0
221,0.0,0.0,40395.14678196589,26,35017.10175387203,35808.619790679375,-0.1331359199440969,-0.11354153547312107,-0.11499872766287822,4.013294326263877,486,211,0.003959095633138966,0.1623798070577096,0.05719414456911554,791.5180368073825,611036.0736147643,38063.24829056334,305.51803680738215,486.0,4200.0,8896.0,0.0,129.0,120.0,0.0,190,54.59321802591956,94.68666341193489,43.535499572753906,70.03334045410156,129.0,1625.0,120.0,3063.0,84.75,1669.25,84.25,3098.75,129.0,1625.0,120.0,3063.0,1816.0,82.0,1642.0,47.0,2286.0,32.0
222,0.0,0.0,129155.01322476358,30,116584.66990833014,118153.19359940848,-0.09732756787812602,-0.08518306297726941,-0.08557674550068506,3.9767968889623653,610,273,0.0033279325855333705,0.1550995359965803,0.05424132721912043,1568.5236910784286,1917047.3821568547,120514.53944490079,958.5236910784274,610.0,5459.0,9661.0,0.0,173.0,134.0,0.0,221,49.27900525148887,90.28265642384406,32.12526321411133,80.5,173.0,2415.0,134.0,3908.0,123.0,2465.0,93.25,3948.75,173.0,2415.0,134.0,3908.0,1872.0,89.0,2885.0,87.0,2785.0,39.0
223,0.0,0.0,14638.58835349263,13,15171.641711358692,15518.863816255642,0.0364142596945749,0.06013390372801797,0.06144756744241042,3.6216446272838145,242,105,0.0072756684003504124,0.15972309425097872,0.12087422506435297,347.22210489695334,210444.20979390666,14526.840113502318,105.22210489695333,242.0,2786.0,3759.0,0.0,79.0,45.0,0.0,109,65.72908680181986,90.79101955615378,44.53958511352539,74.34992980957031,79.0,549.0,45.0,742.0,50.75,577.25,31.75,755.25,79.0,549.0,45.0,742.0,722.0,28.0,1109.0,35.0,968.0,13.0
224,0.0,0.0,42745.8575794281,6,45508.637779754616,46064.681840894824,0.06463270026090506,0.07764083935618471,0.07884796009720163,4.870707460875013,152,75,0.0027850539044514877,0.19739956584571763,0.28761942198485024,556.044061140266,808088.1222805316,41476.93783560551,404.0440611402658,152.0,1007.0,2017.0,0.0,31.0,40.0,0.0,66,37.98111971721875,73.3296005845926,22.0,65.39892578125,31.0,113.0,40.0,212.0,23.5,120.5,27.75,224.25,31.0,113.0,40.0,212.0,417.0,26.0,410.0,15.0,466.0,7.0
225,0.0,0.0,468172.7255533552,17,469381.1991182694,472839.0947267008,0.002581255803583593,0.009967195692210051,0.010166804124202677,3.448311560644014,331,143,0.008845425516361013,0.16847595433027338,0.09381897332548189,3457.895608431484,6253791.216862963,453395.16940973507,3126.8956084314814,331.0,2851.0,5717.0,0.0,89.0,82.0,0.0,137,62.93016849301535,91.24082698274007,57.0,92.540771484375,89.0,774.0,82.0,1384.0,56.25,806.75,49.5,1416.5,89.0,774.0,82.0,1384.0,1265.0,61.0,1245.0,47.0,1252.0,21.0
226,0.0,0.0,15961.564373227871,16,13800.62022569772,14170.984648805463,-0.1353842328358914,-0.11218071628528625,-0.11320858551172286,3.128081808739972,279,119,0.005259792875095909,0.1573521643410961,0.08533769387024517,370.36442310775203,182728.84621550344,14603.905635152549,91.36442310775172,279.0,2762.0,5296.0,0.0,77.0,68.0,0.0,129,71.80146806598265,103.53053546916523,53.0,84.75180053710938,77.0,686.0,68.0,1230.0,51.5,711.5,41.75,1256.25,77.0,686.0,68.0,1230.0,1124.0,49.0,1303.0,37.0,1702.0,15.0
227,0.0,0.0,414086.0740879164,12,397255.2448176114,400631.9012371712,-0.040645726392459114,-0.0324912468509837,-0.03257977122399469,3.9234732211809997,240,117,0.002649890895757004,0.16918464896747615,0.11190356002505798,3376.6564195601736,6273312.839120349,399729.5562802406,3136.6564195601745,240.0,2464.0,3584.0,0.0,64.0,47.0,0.0,94,57.42570793289055,73.91207362163442,43.8184814453125,65.0,64.0,448.0,47.0,569.0,44.5,467.5,33.75,582.25,64.0,448.0,47.0,569.0,718.0,35.0,1039.0,24.0,1086.0,15.0
228,0.0,0.0,40378.42036805256,16,34816.00608320112,35422.965885132544,-0.13775710476411862,-0.1227253180721447,-0.1244715141518209,3.725687637727646,311,144,0.005601931449634064,0.16821775263271563,0.11347291233424851,606.9598019314661,591919.6038629313,39718.815787785155,295.9598019314656,311.0,3188.0,4876.0,0.0,84.0,67.0,0.0,133,49.30785705814893,94.45084335283157,41.78562545776367,80.09562683105469,84.0,799.0,67.0,1178.0,57.0,826.0,48.0,1197.0,84.0,799.0,67.0,1178.0,960.0,41.0,1870.0,45.0,1181.0,14.0
229,0.0,0.0,51004.182710050925,20,47785.009521058346,48612.670502710425,-0.06311586654163182,-0.046888550708395704,-0.04775608472069004,4.320738543549696,391,167,0.006527741868140925,0.15703085020207574,0.07033484549951798,827.6609816520884,873321.9633041759,50530.826761545926,436.66098165208797,391.0,3502.0,6576.0,0.0,113.0,91.0,0.0,165,59.57673198283466,86.65106457891352,38.0,68.0,113.0,1171.0,91.0,1924.0,77.0,1207.0,57.75,1957.25,113.0,1171.0,91.0,1924.0,1320.0,66.0,1289.0,43.0,1958.0,30.0
230,0.0,0.0,12471.052881249398,21,10711.699918376227,11148.331322507644,-0.14107493405936966,-0.10606334295402642,-0.10768539794018672,3.4458128891612883,358,143,0.006992894658304539,0.16527643665730632,0.06374370809197295,436.6314041314256,157262.80826285054,11409.703118059346,78.63140413142527,358.0,3479.0,7076.0,0.0,102.0,92.0,0.0,158,62.41587587997058,90.26851215571767,40.78573989868164,72.78591918945312,102.0,1112.0,92.0,2008.0,67.75,1146.25,61.75,2038.25,102.0,1112.0,92.0,2008.0,1461.0,59.0,1498.0,53.0,2065.0,27.0
231,0.0,0.0,183009.9358781759,5,198375.8375157401,200087.17917821952,0.08396211694097766,0.0933132030132584,0.0946069596599517,4.644336880062037,133,63,0.012434094495914242,0.1842896382097365,0.2615475636222541,1711.3416624796234,3156683.324959246,169921.09995889664,1578.341662479623,133.0,1029.0,1491.0,0.0,37.0,28.0,0.0,62,55.12229545056326,87.06684614165688,45.80093002319336,83.28650665283203,37.0,107.0,28.0,138.0,24.0,120.0,14.75,151.25,37.0,107.0,28.0,138.0,320.0,22.0,645.0,15.0,409.0,7.0
232,0.0,0.0,92135.64488365068,24,81265.4263617206,82429.3965290554,-0.11798059844978603,-0.10534737524062887,-0.10580040358930287,3.9040302113661163,508,225,0.003947529696331383,0.16420701505888208,0.06896732680876191,1163.970167334896,1311940.3346697923,84011.9225288162,655.9701673348961,508.0,4342.0,7754.0,0.0,139.0,120.0,0.0,199,49.9344478853459,89.14140476221489,37.0,78.0,139.0,1711.0,120.0,2806.0,90.5,1759.5,80.0,2846.0,139.0,1711.0,120.0,2806.0,1648.0,75.0,2286.0,76.0,1896.0,25.0
233,0.0,0.0,137284.58555259797,20,141893.08234627347,143263.2096171336,0.03356893110122572,0.04354912855271009,0.0436765815767195,3.533312020638146,387,173,0.004507157435572154,0.16006854589554398,0.08559845599793674,1370.1272708602355,1966254.541720473,139122.6227853315,983.1272708602365,387.0,3611.0,6467.0,0.0,98.0,96.0,0.0,158,64.02540779304962,88.18067881170954,48.5,70.64654541015625,98.0,1203.0,96.0,1762.0,66.25,1234.75,63.25,1794.75,98.0,1203.0,96.0,1762.0,1306.0,58.0,1792.0,41.0,1964.0,23.0
234,0.0,0.0,31212.321587090268,28,28717.58726896586,29465.557789072973,-0.07992786794674878,-0.055963917747783753,-0.05646652249875361,3.9735786866518956,513,230,0.00335688143961909,0.15551953267865742,0.049432200828253975,747.9705201071074,469941.0402142146,29566.612194748242,234.9705201071073,513.0,5274.0,8824.0,0.0,147.0,108.0,0.0,193,62.18042542921934,81.47587740266484,47.79038619995117,66.5,147.0,2006.0,108.0,3135.0,105.5,2047.5,75.5,3167.5,147.0,2006.0,108.0,3135.0,1738.0,71.0,2277.0,64.0,2749.0,34.0
235,0.0,0.0,303097.345365994,9,230016.26006560886,232047.470308871,-0.24111423744783644,-0.23441272628544263,-0.2351578560415163,3.5544762300490116,186,94,0.003955918579305297,0.17499369935341216,0.14031146801595132,2031.2102432623083,3690420.4865246187,259561.48302008287,1845.2102432623094,186.0,1108.0,3428.0,0.0,37.0,46.0,0.0,74,41.97336654939744,75.67192550993443,36.0,64.38479614257812,37.0,160.0,46.0,423.0,26.5,170.5,33.25,435.75,37.0,160.0,46.0,423.0,660.0,27.0,477.0,17.0,1164.0,16.0
236,0.0,0.0,88212.75299182284,6,73904.34169894473,74636.14652766509,-0.16220343212964317,-0.15390752474776837,-0.1546772796987247,3.6963284445126683,133,66,0.009632111830835583,0.17706125961834407,0.2249123353434047,731.8048287204551,1197609.6574409097,80999.9486936019,598.8048287204548,133.0,958.0,2066.0,0.0,29.0,32.0,0.0,59,54.981719740079896,63.0291808082325,47.0,52.817447662353516,29.0,97.0,32.0,196.0,18.5,107.5,20.25,207.75,29.0,97.0,32.0,196.0,394.0,20.0,472.0,16.0,699.0,16.0
237,0.0,0.0,53550.12032976613,17,48053.80539337369,48868.90583837789,-0.10263870375165673,-0.08741744112918748,-0.08845259679486761,4.436981613995284,358,159,0.008142447709234791,0.16375032557730168,0.0907306674799204,815.1004450042763,914200.8900085526,51510.29289398833,457.1004450042763,358.0,2991.0,5569.0,0.0,101.0,81.0,0.0,153,51.86942543200243,84.13359923831021,34.77040481567383,71.98538208007812,101.0,923.0,81.0,1494.0,64.75,959.25,51.75,1523.25,101.0,923.0,81.0,1494.0,1134.0,45.0,1507.0,43.0,1551.0,25.0
238,0.0,0.0,331018.7548835774,26,283915.3427580464,286546.5154114113,-0.14229831823909111,-0.13434960652851058,-0.13471023417350902,3.6170533938811564,481,215,0.0049059991193566785,0.1652940602757222,0.05494210585009543,2631.17265336503,4300345.30673006,297227.1099180347,2150.17265336503,481.0,4645.0,8459.0,0.0,128.0,112.0,0.0,175,50.11714275582568,100.97035709080426,44.25537872314453,87.5,128.0,1636.0,112.0,2674.0,94.5,1669.5,76.0,2710.0,128.0,1636.0,112.0,2674.0,1779.0,73.0,2493.0,64.0,2768.0,33.0
239,0.0,0.0,46453.228446003945,27,43281.519540740504,44282.77988354728,-0.06827746986305061,-0.046723309338543406,-0.04712641902344772,4.622519415523615,593,258,0.0031678168478996177,0.15730326966103467,0.054397104361991855,1001.2603428068003,816520.6856136017,44159.93813198027,408.26034280680085,593.0,4529.0,9079.0,0.0,173.0,135.0,0.0,213,46.94590995153086,75.61482424063082,34.042476654052734,62.0,173.0,2015.0,135.0,3428.0,122.0,2066.0,94.0,3469.0,173.0,2015.0,135.0,3428.0,1873.0,85.0,2017.0,77.0,2647.0,43.0
240,0.0,0.0,256761.70706957343,24,249984.0128632281,252213.79741884943,-0.026396826394789574,-0.017712569769960607,-0.017800525779915533,3.5297284702945873,453,199,0.005286733298303679,0.15968516607073713,0.05956587853008863,2229.7845556217007,3553569.111243401,251688.5605471817,1776.7845556217005,453.0,4597.0,7499.0,0.0,133.0,97.0,0.0,178,53.91686334386686,89.58439997144141,44.0,75.87196350097656,133.0,1700.0,97.0,2342.0,88.75,1744.25,68.25,2370.75,133.0,1700.0,97.0,2342.0,1512.0,60.0,2027.0,59.0,1729.0,21.0
241,0.0,0.0,75573.7552129326,29,67580.19735182491,68742.53380703578,-0.1057716113032291,-0.09039145119426095,-0.09042212227217472,4.26956025276186,586,264,0.005089114162317296,0.15734123045341064,0.05057580166366039,1162.3364552109772,1152672.910421951,67493.65521170002,576.3364552109755,586.0,4971.0,9642.0,0.0,158.0,135.0,0.0,217,58.92231945437096,86.6737151250232,41.5,67.0,158.0,2212.0,135.0,3787.0,111.75,2258.25,98.25,3823.75,158.0,2212.0,135.0,3787.0,1849.0,85.0,2368.0,75.0,2921.0,40.0
242,0.0,0.0,32105.297602597395,13,29419.339626181765,29962.885007792545,-0.08366089639356988,-0.06673081250713975,-0.06735948896197841,4.344189976182736,277,133,0.005544288948059379,0.16519290953277774,0.1107664277111637,543.5453816108128,533090.7632216257,30678.375378627872,266.54538161081285,277.0,2694.0,3851.0,0.0,81.0,50.0,0.0,111,51.58634591201207,67.7602708372233,40.0,45.5,81.0,546.0,50.0,765.0,57.0,570.0,39.75,775.25,81.0,546.0,50.0,765.0,711.0,33.0,1684.0,44.0,1471.0,16.0
243,0.0,0.0,310970.9775590369,16,292699.4305604711,295081.7041587728,-0.05875643811518405,-0.05109567949069338,-0.05125985427667956,3.4810374250445872,305,142,0.005656575672229499,0.15559444449377297,0.10841413806781902,2382.2735983018965,4154547.19660379,298369.90308647545,2077.273598301895,305.0,2862.0,5202.0,0.0,79.0,68.0,0.0,128,73.75565516781495,89.61217880396899,53.41395950317383,73.18870544433594,79.0,683.0,68.0,1218.0,50.25,711.75,46.0,1240.0,79.0,683.0,68.0,1218.0,1035.0,42.0,1460.0,46.0,1132.0,17.0
244,0.0,0.0,11289.843425514164,17,9113.633391205076,9515.317675253065,-0.19275821216360034,-0.1571789513263584,-0.1609422895690178,4.015153602788821,319,131,0.010089800677266674,0.16281162511069502,0.08892787274843524,401.6842840479943,165368.5680959885,10296.528131646557,82.68428404799425,319.0,2907.0,5646.0,0.0,89.0,82.0,0.0,133,47.02782051109156,92.02050546166564,28.0,79.5,89.0,782.0,82.0,1301.0,59.5,811.5,57.5,1325.5,89.0,782.0,82.0,1301.0,1074.0,51.0,1305.0,34.0,1370.0,17.0
245,0.0,0.0,390421.2536126647,24,356100.29570031236,359264.09097272926,-0.087907503996701,-0.07980396136642276,-0.0797675067125605,3.824265680329015,473,208,0.003080627015682323,0.16392216494632927,0.06936766961238536,3163.795272417271,5381590.544834545,351805.48337135586,2690.7952724172724,473.0,4308.0,7788.0,0.0,130.0,111.0,0.0,181,50.30783999192383,82.1333380771842,40.266632080078125,63.20119857788086,130.0,1571.0,111.0,2532.0,90.5,1610.5,78.5,2564.5,130.0,1571.0,111.0,2532.0,1626.0,69.0,2201.0,69.0,1958.0,29.0
246,0.0,0.0,107242.8325918206,26,98824.13417250384,100339.91876328626,-0.07850126871750363,-0.06436713449007525,-0.06462159406601153,4.573273970168207,593,268,0.0036750164661559534,0.15735420941670364,0.05461882817252069,1515.7845907824567,1845569.1815649164,100888.83771252807,922.7845907824582,593.0,4462.0,8642.0,0.0,162.0,137.0,0.0,226,45.67049252537842,72.70169661221038,25.0,59.39209747314453,162.0,2010.0,137.0,3567.0,112.75,2059.25,93.75,3610.25,162.0,2010.0,137.0,3567.0,1719.0,90.0,2212.0,78.0,2794.0,41.0
247,0.0,0.0,62776.711402465655,11,58225.15529169311,58980.89119400703,-0.07250389529951984,-0.060465419797532394,-0.06100000290254204,4.209911123871604,244,122,0.0035325248128619644,0.16065550548059374,0.12045153773049372,755.7359023139755,1023471.8046279505,60777.518486347806,511.73590231397526,244.0,1922.0,3622.0,0.0,58.0,53.0,0.0,92,38.7898166869524,67.10485320863305,31.0,62.0,58.0,350.0,53.0,551.0,42.75,365.25,40.0,564.0,58.0,350.0,53.0,551.0,676.0,38.0,762.0,20.0,1006.0,13.0
248,0.0,0.0,287437.3994349417,27,254999.74767954566,257473.94920550086,-0.1128511871425345,-0.1042433945211877,-0.10460495953305216,3.7689872536238513,479,219,0.004054973348400591,0.1568234083621755,0.053098925700332096,2474.201525955341,3990403.05191068,264686.69057410175,1995.20152595534,479.0,4367.0,9241.0,0.0,121.0,112.0,0.0,175,64.12576270831978,83.19407385259663,43.0,67.5,121.0,1555.0,112.0,2937.0,84.5,1591.5,76.0,2973.0,121.0,1555.0,112.0,2937.0,1928.0,71.0,1863.0,53.0,2511.0,40.0
249,0.0,0.0,94738.78197848205,8,91536.04604860522,92581.49376356651,-0.03380596481179443,-0.022770909334738132,-0.02302355107207088,4.571942988592121,196,105,0.0037484143056539607,0.1794340282627138,0.18013768798007895,1045.4477149614183,1698895.4299228366,92897.89014002953,849.4477149614183,196.0,1365.0,2667.0,0.0,46.0,37.0,0.0,75,49.432483908556286,50.994825739147856,37.69154357910156,44.99052047729492,46.0,212.0,37.0,305.0,33.75,224.25,29.5,312.5,46.0,212.0,37.0,305.0,511.0,25.0,649.0,25.0,971.0,16.0
250,0.0,0.0,430090.88080838206,10,361313.189796807,364250.5975527145,-0.15991432062522037,-0.15308458326741714,-0.15344261317596564,3.5694483915369073,207,102,0.004503347582737603,0.15930250886805802,0.1378573934868055,2937.407755907802,5460815.5118156085,382469.1459864706,2730.407755907804,207.0,1429.0,3611.0,0.0,50.0,45.0,0.0,86,45.58628320185126,98.77680568289591,25.5,89.65672302246094,50.0,249.0,45.0,516.0,32.75,266.25,29.0,532.0,50.0,249.0,45.0,516.0,673.0,25.0,544.0,20.0,1104.0,11.0
251,0.0,0.0,276327.4491947254,9,255021.50952771743,257057.73550643257,-0.07710395666119252,-0.06973506882667191,-0.06995712968344592,3.5701391164874874,176,85,0.006543193299116016,0.17354832414285726,0.1792039524300242,2036.2259787153275,3720451.9574306547,260525.69914215652,1860.2259787153273,176.0,1787.0,2749.0,0.0,46.0,36.0,0.0,73,54.5863816421885,98.99073115290369,38.5,82.40938568115234,46.0,257.0,36.0,318.0,33.0,270.0,24.5,329.5,46.0,257.0,36.0,318.0,565.0,28.0,850.0,24.0,820.0,10.0
252,0.0,0.0,22867.997265950053,27,22425.53974851165,23133.840680060548,-0.01934832824635735,0.011625128821679986,0.012166193017179694,4.071161638036747,528,225,0.00509590337913436,0.1633568287493201,0.054490966940578735,708.3009315489243,360601.8630978489,22143.671460299927,180.30093154892444,528.0,5306.0,8285.0,0.0,139.0,137.0,0.0,196,52.44700242598469,77.75334807750872,33.0,58.32175064086914,139.0,2109.0,137.0,2902.0,103.25,2144.75,95.5,2943.5,139.0,2109.0,137.0,2902.0,1714.0,91.0,2455.0,71.0,2176.0,28.0
253,0.0,0.0,240731.537688559,17,209729.49451357123,211763.31300870402,-0.12878264091469382,-0.12033414881157767,-0.12062361299899027,3.878320600411183,353,167,0.003950282514258369,0.15918738624189835,0.09022812858942603,2033.8184951329665,3361636.990265935,216694.11432293218,1680.8184951329677,353.0,2980.0,5588.0,0.0,87.0,82.0,0.0,136,50.84050313484865,93.19501627030243,27.0,71.5,87.0,801.0,82.0,1342.0,60.0,828.0,56.5,1367.5,87.0,801.0,82.0,1342.0,1167.0,58.0,1288.0,48.0,1283.0,23.0
254,0.0,0.0,482934.3453679246,22,437316.15360566415,441288.83192130155,-0.09446044208660731,-0.0862343170372265,-0.08643474451345967,3.968627687248173,429,193,0.0064362515363923685,0.16140777296912756,0.07306818642837,3972.6783156381043,7087356.631276211,446461.4212898457,3543.6783156381052,429.0,3778.0,7310.0,0.0,116.0,98.0,0.0,164,58.00155912015239,95.51149478001463,46.5,82.45735168457031,116.0,1237.0,98.0,2157.0,83.75,1269.25,65.0,2190.0,116.0,1237.0,98.0,2157.0,1433.0,68.0,2099.0,60.0,2014.0,35.0
255,0.0,0.0,101356.4726510917,9,115475.08422039899,116535.54468706473,0.13929659547159878,0.14975927672843636,0.15065034194575322,4.106003459210512,194,95,0.008211933917342039,0.17607894625441425,0.15732447099726626,1060.4604666658383,1732920.9333316772,105511.41459978685,866.4604666658387,194.0,1917.0,2619.0,0.0,55.0,35.0,0.0,80,47.070440046680744,74.24258525411213,34.0,71.3404769897461,55.0,309.0,35.0,321.0,38.0,326.0,25.25,330.75,55.0,309.0,35.0,321.0,552.0,25.0,937.0,25.0,767.0,12.0
256,0.0,0.0,79434.88941247293,15,67207.50055229285,68150.78964004593,-0.15392970205684098,-0.14205470487701288,-0.1430119579954946,4.328033557843891,307,147,0.003897534385959011,0.16415261414900645,0.09111177153202261,943.2890877531112,1272578.1755062228,73507.87363928082,636.2890877531114,307.0,2656.0,4904.0,0.0,75.0,70.0,0.0,122,52.83997646221187,69.58557520896065,36.0,58.243614196777344,75.0,621.0,70.0,1064.0,50.75,645.25,52.25,1081.75,75.0,621.0,70.0,1064.0,940.0,42.0,1378.0,36.0,1517.0,26.0
257,0.0,0.0,315296.2357143491,27,264030.58915486874,266723.6845362567,-0.1625951747991239,-0.15405369831975402,-0.15462913797051892,3.860662325125246,508,232,0.0020529658153278186,0.1550601904149097,0.050537988791156487,2693.095381388176,4370190.762776354,282994.8849926015,2185.0953813881774,508.0,4597.0,9011.0,0.0,122.0,127.0,0.0,183,51.301193442469526,77.3441147784714,40.070709228515625,64.0,122.0,1741.0,127.0,2951.0,89.75,1773.25,90.0,2988.0,122.0,1741.0,127.0,2951.0,1748.0,78.0,1772.0,54.0,2538.0,37.0
258,0.0,0.0,161182.78317046986,13,145244.5754440044,146756.72673049112,-0.09888281746325789,-0.08950122436291152,-0.09026422812845103,3.894397726012775,281,134,0.005773925762973683,0.1544156228195554,0.10811871644102708,1512.151286486888,2462302.5729737733,158066.96864361924,1231.1512864868866,281.0,2280.0,4272.0,0.0,79.0,55.0,0.0,115,50.303803256051296,91.93076741187706,38.0,75.0,79.0,512.0,55.0,849.0,53.75,537.25,38.25,865.75,79.0,512.0,55.0,849.0,840.0,34.0,1201.0,40.0,1325.0,16.0
259,0.0,0.0,21046.014649028202,22,17093.64153797542,17558.483114605002,-0.1877967480762578,-0.16570983117624305,-0.16769018902917066,3.2626164956099,341,147,0.003631439795116515,0.164737776103429,0.06605092916338198,464.8415766295951,247683.1532591901,18978.874286363927,123.84157662959505,341.0,3613.0,7454.0,0.0,83.0,89.0,0.0,138,67.33796138654735,117.06852155289148,37.0,103.91142272949219,83.0,979.0,89.0,1882.0,55.75,1006.25,61.5,1909.5,83.0,979.0,89.0,1882.0,1637.0,61.0,1338.0,32.0,1763.0,23.0
260,0.0,0.0,370646.80798450456,27,344814.8983030134,347629.0587690279,-0.06969413772091915,-0.062101571414150625,-0.062170932671581025,3.3612135071049196,481,215,0.004566168129105916,0.16075501886161364,0.06070307739936995,2814.1604660147773,4666320.932029554,347071.148720983,2333.160466014777,481.0,4811.0,8797.0,0.0,130.0,109.0,0.0,190,65.29806095367789,89.18083043576708,51.0,74.0,130.0,1786.0,109.0,3105.0,86.25,1829.75,76.75,3137.25,130.0,1786.0,109.0,3105.0,1798.0,68.0,2407.0,67.0,2237.0,25.0
261,0.0,0.0,208315.74627944847,6,204056.00236733878,205785.78713848334,-0.020448496996455567,-0.012144829117100353,-0.012205731809668885,3.9645408602903087,129,63,0.0026674635037549728,0.18898817384557468,0.22020684973865895,1729.784771144782,3201569.5422895644,201887.7882150977,1600.7847711447823,129.0,1276.0,1748.0,0.0,39.0,21.0,0.0,52,57.289512400820605,72.70541076671591,56.0,53.61774444580078,39.0,126.0,21.0,126.0,27.0,138.0,16.25,130.75,39.0,126.0,21.0,126.0,292.0,10.0,581.0,25.0,745.0,10.0
262,0.0,0.0,54324.37295054455,27,49039.533294304856,49920.00712088809,-0.0972830309712156,-0.08107531832288384,-0.08115254407815498,4.002400274331665,486,218,0.004098806037379315,0.15596391644432978,0.054648751763202955,880.4738265832785,788947.6531665574,49279.657148877915,394.4738265832787,486.0,4374.0,9232.0,0.0,126.0,115.0,0.0,200,62.69337670982239,83.18938175267208,51.288089752197266,66.0,126.0,1785.0,115.0,3372.0,89.75,1821.25,78.25,3408.75,126.0,1785.0,115.0,3372.0,1895.0,71.0,2035.0,61.0,2709.0,36.0
263,0.0,0.0,54387.63765253238,12,52775.177582305005,53396.133981531,-0.029647547491011395,-0.018230313243899787,-0.017564450536631693,3.9332139663217918,231,109,0.002398446306058083,0.16124005747174314,0.11184238698346939,620.956399226048,779912.7984520958,49572.23311076589,389.95639922604795,231.0,2056.0,3992.0,0.0,62.0,48.0,0.0,94,57.937858036642865,74.53228027167232,49.92570495605469,66.13363647460938,62.0,369.0,48.0,649.0,40.5,390.5,35.0,662.0,62.0,369.0,48.0,649.0,769.0,31.0,746.0,21.0,1180.0,14.0
264,0.0,0.0,484274.87822576397,25,386256.6302726596,389823.6852747731,-0.2024020909616734,-0.19503632585078823,-0.19555425897579215,3.7468943086421924,473,214,0.003747622300934082,0.1590200172456578,0.060028832742061215,3567.05500211391,6188110.004227825,412882.60986939113,3094.055002113913,473.0,4066.0,8534.0,0.0,118.0,116.0,0.0,183,58.697551877391284,79.64516720688749,47.6030387878418,64.5,118.0,1473.0,116.0,2868.0,77.0,1514.0,80.75,2903.25,118.0,1473.0,116.0,2868.0,1658.0,72.0,2045.0,55.0,2687.0,38.0
265,0.0,0.0,162456.9443932321,29,147624.4543741477,149436.8586889282,-0.09130105256185228,-0.08014483931686156,-0.08051047023307545,4.025219611427277,587,261,0.00348103626260165,0.15365339737177341,0.05031010186128328,1812.40431478061,2450808.6295612208,152215.83330531648,1225.4043147806103,587.0,5425.0,9190.0,0.0,165.0,132.0,0.0,208,47.948568710545054,75.18141507439631,37.0,64.0,165.0,2323.0,132.0,3411.0,111.25,2376.75,96.5,3446.5,165.0,2323.0,132.0,3411.0,1736.0,83.0,2781.0,85.0,2510.0,33.0
266,0.0,0.0,394246.1007178931,9,344509.2872393269,347663.4326963571,-0.12615676702445278,-0.11815631895080869,-0.11858026817249867,4.055579208952424,214,109,0.005663329124094481,0.18292778240188357,0.18539480192553262,3154.1454570304854,5880290.914060966,362481.5723658295,2940.145457030483,214.0,1607.0,2929.0,0.0,51.0,45.0,0.0,88,41.24467452715438,77.39513810712792,32.0,74.30809020996094,51.0,249.0,45.0,447.0,32.25,267.75,33.5,458.5,51.0,249.0,45.0,447.0,540.0,26.0,901.0,28.0,877.0,10.0
267,0.0,0.0,123554.65550317033,23,113075.50492104767,114300.22500752535,-0.08481388693486969,-0.07490151186903282,-0.074946652971152,3.569587112232784,420,189,0.0042904165550197,0.15699925349759952,0.06415693174772899,1224.7200864777164,1609440.1729554343,112718.930954225,804.7200864777171,420.0,4166.0,7426.0,0.0,116.0,92.0,0.0,159,59.28240135082766,106.65649397942205,41.0,91.5,116.0,1355.0,92.0,2094.0,79.75,1391.25,61.75,2124.25,116.0,1355.0,92.0,2094.0,1598.0,60.0,1846.0,52.0,2136.0,26.0
268,0.0,0.0,43574.64280907482,7,35656.82213837869,36126.9741713027,-0.18170706998996156,-0.17091749140445223,-0.1719240796057957,4.039507893749034,156,77,0.009999926547696072,0.17025832932247045,0.18130208931078376,470.1520329240475,628304.0658480958,38884.938609748075,314.1520329240479,156.0,927.0,2601.0,0.0,35.0,37.0,0.0,68,44.26363582457117,85.35006942346456,31.0,61.4511604309082,35.0,119.0,37.0,285.0,23.0,131.0,23.75,298.25,35.0,119.0,37.0,285.0,524.0,19.0,440.0,16.0,763.0,13.0
269,0.0,0.0,24239.014794614082,24,20223.74581233983,20796.243697530135,-0.16565314293081124,-0.14203428341687108,-0.1431468084623403,3.4616024993349273,425,179,0.005401103035612918,0.1608381211578026,0.06149359313835691,572.4978851903064,294995.7703806133,21304.855947302614,147.49788519030665,425.0,3507.0,8564.0,0.0,111.0,111.0,0.0,171,50.72107440843035,96.21313993947018,32.0,86.0,111.0,1314.0,111.0,2560.0,77.0,1348.0,73.0,2598.0,111.0,1314.0,111.0,2560.0,1728.0,64.0,1567.0,55.0,2148.0,25.0
270,0.0,0.0,55319.54660563775,24,49136.69790708127,49881.18225352673,-0.1117660768739267,-0.09830818735518676,-0.09905132728827748,3.3062364053613225,401,185,0.003796923633830638,0.16142996425457226,0.057414048285287414,744.4843464455361,686968.6928910712,51944.91626317899,343.4843464455356,401.0,4420.0,7674.0,0.0,108.0,84.0,0.0,152,59.27122682653999,98.03848773041359,50.667640686035156,89.60897064208984,108.0,1430.0,84.0,2025.0,70.75,1467.25,61.5,2047.5,108.0,1430.0,84.0,2025.0,1450.0,52.0,2118.0,49.0,2244.0,28.0
271,0.0,0.0,40546.66973350615,13,33975.54927803226,34632.047412528336,-0.1620631361012561,-0.14587196334130015,-0.14634580210756576,4.552372329079433,334,158,0.004776122220046924,0.15699621878153222,0.11065583103913171,656.4981344961163,644996.2689922323,35420.8873070506,322.49813449611617,334.0,2231.0,4321.0,0.0,99.0,64.0,0.0,139,37.69737863022515,67.22848488022596,29.0,55.37114715576172,99.0,588.0,64.0,1056.0,69.25,617.75,48.25,1071.75,99.0,588.0,64.0,1056.0,785.0,35.0,1167.0,54.0,1325.0,17.0
272,0.0,0.0,88320.28629302135,22,74846.11470195356,75983.22937916414,-0.1525603251144857,-0.1396854271161032,-0.14062869416054147,4.180270794175391,460,215,0.003929191271529896,0.15766801362305383,0.06337557043910205,1137.1146772106624,1354229.3544213243,80989.33185789357,677.1146772106622,460.0,3808.0,7280.0,0.0,121.0,102.0,0.0,175,48.99055321002246,76.49164909571488,36.0,59.5,121.0,1356.0,102.0,2271.0,84.0,1393.0,74.75,2298.25,121.0,1356.0,102.0,2271.0,1434.0,68.0,1898.0,53.0,2178.0,29.0
273,0.0,0.0,15286.84897751791,25,13434.86263005108,14024.66032583936,-0.12114899219522035,-0.08256696023718335,-0.08380424463479852,4.177789799944753,472,197,0.005877216688952369,0.1619678493553801,0.05771291025126606,589.7976957882877,235595.3915765748,14098.087915989116,117.7976957882874,472.0,4135.0,8420.0,0.0,139.0,111.0,0.0,192,53.71266045235932,117.27384509122697,34.1154670715332,89.0,139.0,1634.0,111.0,2900.0,96.5,1676.5,76.75,2934.25,139.0,1634.0,111.0,2900.0,1728.0,65.0,2253.0,65.0,2706.0,25.0
274,0.0,0.0,123700.49503902992,15,107301.72499260482,108365.55185588257,-0.13256834615941482,-0.12396832509286948,-0.12410591328616405,3.649933263766216,271,127,0.0041847095634316295,0.1552536586329645,0.09531109076987394,1063.8268632777972,1585653.7265555938,108608.405412283,792.8268632777969,271.0,2289.0,5271.0,0.0,59.0,70.0,0.0,105,52.811897401783646,102.7211437693078,40.0,82.99717712402344,59.0,481.0,70.0,965.0,40.75,499.25,46.25,988.75,59.0,481.0,70.0,965.0,1116.0,44.0,1098.0,23.0,1857.0,16.0
275,0.0,0.0,10685.524943060127,14,9018.169907680987,9402.96825768304,-0.15603866391814736,-0.12002748505210892,-0.12250122295611698,4.540635745458392,296,124,0.007921106654749382,0.16787831850653206,0.10707216849817057,384.798350002063,177596.7000041263,9778.184705839982,88.79835000206315,296.0,2237.0,4793.0,0.0,81.0,78.0,0.0,134,52.83923924704481,88.5174840782491,33.0,60.5,81.0,612.0,78.0,1096.0,54.0,639.0,53.75,1120.25,81.0,612.0,78.0,1096.0,972.0,34.0,1206.0,34.0,1506.0,22.0
276,0.0,0.0,13047.623856588405,9,11456.695959061464,11782.182109851847,-0.121932385161732,-0.09698637549990163,-0.09759556218161314,4.706895555685851,214,101,0.010973759379530164,0.17108258031573056,0.14759494322775,325.48615079039104,222972.30158078225,11842.85368895829,111.48615079039112,214.0,1483.0,3046.0,0.0,57.0,47.0,0.0,92,33.68646545998115,66.84673166145647,31.0,48.0,57.0,257.0,47.0,466.0,42.0,272.0,34.5,478.5,57.0,257.0,47.0,466.0,560.0,22.0,620.0,27.0,1006.0,16.0
277,0.0,0.0,10198.614540909404,13,9377.907611946246,9682.485210568759,-0.08047239413462293,-0.05060778876094507,-0.05275195478524719,3.558145153073524,232,95,0.007701038116573159,0.16779357126431405,0.10499141472087192,304.5775986225236,145155.19724504673,10198.796774750865,72.57759862252337,232.0,2529.0,4022.0,0.0,76.0,48.0,0.0,100,51.67180967830815,105.73370026815935,41.794952392578125,91.76508331298828,76.0,501.0,48.0,674.0,45.75,531.25,34.25,687.75,76.0,501.0,48.0,674.0,818.0,34.0,1017.0,27.0,1258.0,14.0
278,0.0,0.0,25067.556816273252,22,22232.774437909797,22835.70736494095,-0.11308570672205209,-0.08903338557044538,-0.08944938619149556,4.057635707181082,419,188,0.0036108744734943913,0.15877987888059514,0.06501352510552748,602.9329270311591,367865.8540623173,22665.03701966636,183.93292703115864,419.0,3569.0,7509.0,0.0,109.0,100.0,0.0,166,53.93966430870252,81.45134775881341,42.38222885131836,59.5,109.0,1240.0,100.0,2201.0,79.75,1269.25,70.25,2230.75,109.0,1240.0,100.0,2201.0,1469.0,66.0,1670.0,42.0,1751.0,25.0
279,0.0,0.0,139100.67538149792,21,134855.19113962972,136320.67580520554,-0.030520946287460604,-0.019985521771680448,-0.02002592647476964,3.919487166030905,404,181,0.0022970827284173553,0.1581490724029947,0.07782963801853877,1465.4846655759327,2122969.331151865,135411.16740673652,1061.4846655759325,404.0,3694.0,6880.0,0.0,121.0,81.0,0.0,150,58.132687513729,99.33252061393506,42.0,84.0,121.0,1077.0,81.0,1870.0,83.5,1114.5,57.0,1894.0,121.0,1077.0,81.0,1870.0,1355.0,54.0,1779.0,51.0,1583.0,14.0
280,0.0,0.0,15768.144280350238,6,13397.538300583554,13621.876577297897,-0.15034146933325931,-0.13611415933877213,-0.13655205184676555,3.7089658403233265,121,62,0.011307704519346718,0.16251498809154474,0.2241227848018179,224.33827671435506,206676.55342871006,13930.874691656178,103.33827671435503,121.0,1188.0,1836.0,0.0,29.0,24.0,0.0,52,97.27948881192424,70.06625463266444,68.7191390991211,69.0216064453125,29.0,90.0,24.0,169.0,16.0,103.0,17.75,175.25,29.0,90.0,24.0,169.0,341.0,11.0,631.0,11.0,566.0,7.0
281,0.0,0.0,200707.67742601284,14,176131.11781591453,177940.02853044335,-0.1224495242298741,-0.11343686094899064,-0.11383031378111086,4.139575762909669,303,145,0.005102165167590168,0.1664197909004612,0.10721500463635342,1808.9107145289813,3011821.4290579637,181891.91366200423,1505.9107145289818,303.0,2105.0,4951.0,0.0,84.0,60.0,0.0,124,36.19146976070629,83.60199688538995,19.5,59.21306610107422,84.0,534.0,60.0,1058.0,62.75,555.25,41.75,1076.25,84.0,534.0,60.0,1058.0,1061.0,41.0,794.0,38.0,1465.0,19.0
282,0.0,0.0,61231.71443111238,5,68899.28007603124,69489.49654778768,0.1252221290250679,0.13486119396453566,0.13575570420257588,3.9134862537630974,110,55,0.00410397583433472,0.18611720712872185,0.2691921105046487,590.2164717564963,960432.9435129925,61354.051173008935,480.2164717564962,110.0,887.0,1633.0,0.0,29.0,21.0,0.0,44,55.30824016716906,116.72725254590453,43.324161529541016,84.85850524902344,29.0,74.0,21.0,96.0,19.0,84.0,12.0,105.0,29.0,74.0,21.0,96.0,325.0,14.0,420.0,8.0,497.0,9.0
283,0.0,0.0,31939.072458835646,24,27832.621183258714,28520.849169145316,-0.12857140046472826,-0.10702324853346545,-0.10784525794626842,3.788618638861489,467,201,0.0031030045925673853,0.15987253590322045,0.06177896229577159,688.2279858866412,442455.97177328286,29196.391478600002,221.22798588664142,467.0,3879.0,8198.0,0.0,131.0,111.0,0.0,174,50.98490005738147,94.32069918363148,44.0,83.84918975830078,131.0,1399.0,111.0,2527.0,93.25,1436.75,72.75,2565.25,131.0,1399.0,111.0,2527.0,1645.0,70.0,1678.0,68.0,2408.0,27.0
284,0.0,0.0,120779.56666303857,12,105640.3417272875,106814.75802327432,-0.12534591201165524,-0.11562227805241676,-0.11595562497280387,4.218924017074647,256,123,0.005412863768299265,0.16711023244470863,0.11279198594404928,1174.4162959869266,1836832.5919738533,108844.84909777372,918.4162959869267,256.0,1685.0,4363.0,0.0,62.0,59.0,0.0,106,46.22348571985946,76.58796023757728,40.048744201660156,66.0,62.0,348.0,59.0,803.0,44.25,365.75,40.75,821.25,62.0,348.0,59.0,803.0,891.0,36.0,646.0,27.0,1308.0,24.0
285,0.0,0.0,15769.5733252565,6,11560.507692727073,11721.323326445872,-0.2669105590693568,-0.25671271602047496,-0.25799635137688326,2.6445589625134804,92,46,0.0038196062221854477,0.1800977385133544,0.2316660411268885,160.81563371880546,137631.26743761107,13010.795882085527,68.81563371880553,92.0,530.0,2494.0,0.0,14.0,26.0,0.0,38,68.51553304576498,119.32219834415547,58.5,98.32121276855469,14.0,42.0,26.0,146.0,10.25,45.75,17.0,155.0,14.0,42.0,26.0,146.0,559.0,18.0,308.0,9.0,1040.0,8.0
286,0.0,0.0,10203.653207501005,18,9187.471611574738,9549.52854239724,-0.09958997775220768,-0.06410690875135772,-0.06515764163422122,3.5004646666808545,295,115,0.009421456576841902,0.16733101713191137,0.08248686415510845,362.05693082250673,134113.86164501327,9578.289914020203,67.05693082250663,295.0,3391.0,5611.0,0.0,91.0,71.0,0.0,135,78.09172440804019,90.54408712362708,64.0,68.0,91.0,902.0,71.0,1349.0,59.0,934.0,47.0,1373.0,91.0,902.0,71.0,1349.0,1211.0,41.0,1738.0,45.0,1260.0,17.0
287,0.0,0.0,35677.8672709113,6,43455.60486615964,43934.837554086385,0.21799894977437861,0.23143116208370218,0.23326667201227202,4.347618918535387,150,75,0.009198627142017588,0.19426715147957416,0.30836716273002124,479.23268792677925,658465.3758535588,37863.56326254214,329.2326879267794,150.0,1289.0,1735.0,0.0,41.0,28.0,0.0,64,59.331729535697114,72.31978657903632,54.0,68.37228393554688,41.0,138.0,28.0,177.0,24.75,154.25,18.75,186.25,41.0,138.0,28.0,177.0,295.0,20.0,660.0,22.0,453.0,9.0
288,0.0,0.0,347143.68060040026,14,322923.1814232586,325443.84259174974,-0.06977081978059119,-0.06250967314490563,-0.06260631936880012,3.484904664045307,259,119,0.003913853929256231,0.1656305174191934,0.11382579495813684,2520.661168491444,4523322.33698289,324493.97996817646,2261.661168491445,259.0,2205.0,4851.0,0.0,59.0,67.0,0.0,103,56.38249368660653,82.11004556079158,45.03893280029297,67.0,59.0,454.0,67.0,862.0,38.5,474.5,45.5,883.5,59.0,454.0,67.0,862.0,1046.0,50.0,959.0,31.0,1316.0,19.0
289,0.0,0.0,468769.57175664615,21,395341.1341092653,399408.2207641974,-0.15664079341203485,-0.14796470413496998,-0.148670594268985,4.2282695862893505,421,183,0.003646762681096208,0.16275257698181994,0.06861138685726323,4067.0866549328052,7292173.309865608,431155.88783123693,3646.086654932804,421.0,3577.0,7007.0,0.0,124.0,93.0,0.0,157,49.08227380498948,90.52596969974698,31.6378173828125,83.0,124.0,1144.0,93.0,1936.0,86.0,1182.0,62.5,1966.5,124.0,1144.0,93.0,1936.0,1338.0,54.0,1911.0,65.0,2075.0,31.0
290,0.0,0.0,177346.7443921217,29,157759.10284745798,159545.90055655874,-0.11044827246083844,-0.10037310747698014,-0.10082952318494143,3.7294180596244275,558,252,0.0032840492622323,0.15831015821293348,0.05195242486685527,1786.7977091007835,2457595.418201565,164743.89428260142,1228.7977091007824,558.0,5023.0,9593.0,0.0,139.0,138.0,0.0,202,56.886833753917905,84.90584636965055,45.0,72.0,139.0,2097.0,138.0,3484.0,94.5,2141.5,95.25,3526.75,139.0,2097.0,138.0,3484.0,1965.0,95.0,2586.0,71.0,2742.0,43.0
291,0.0,0.0,38651.10611146203,21,34363.17837478982,35092.65899050591,-0.1109393279536861,-0.09206585474408613,-0.0920969835761154,4.251086310272481,438,201,0.004042417792939007,0.164218504891449,0.0761120111599109,729.4806157161208,582961.2314322415,34283.07430641625,291.4806157161208,438.0,3361.0,7223.0,0.0,115.0,101.0,0.0,171,47.10534984460578,81.09554463350321,35.0,62.0,115.0,1186.0,101.0,2189.0,78.75,1222.25,76.25,2213.75,115.0,1186.0,101.0,2189.0,1457.0,54.0,1985.0,62.0,2098.0,28.0
292,0.0,0.0,83094.56449211497,26,81318.52273196889,82542.9538627111,-0.02137374172428108,-0.006638347920533416,-0.0060813485420009306,4.384391139197446,538,238,0.003463316158726826,0.1578341917576916,0.058109510643902094,1224.431130742242,1372862.2614844835,78281.23779894915,686.4311307422417,538.0,4417.0,8687.0,0.0,147.0,127.0,0.0,196,49.7177781486482,81.50638285865237,32.0,73.0,147.0,1763.0,127.0,3059.0,104.75,1805.25,80.0,3106.0,147.0,1763.0,127.0,3059.0,1761.0,78.0,1899.0,67.0,2438.0,40.0
293,0.0,0.0,91732.02995932335,19,82138.16505816022,83228.90700231786,-0.10458576906471306,-0.09269524462476209,-0.09303759386387522,4.179164885583168,383,172,0.006639902723711109,0.15745166305805058,0.07472818372574072,1090.741944157774,1415483.888315548,84675.04436104756,707.741944157774,383.0,3143.0,6427.0,0.0,96.0,96.0,0.0,155,45.71328000800255,98.37356214392325,33.0,76.28938293457031,96.0,998.0,96.0,1753.0,63.0,1031.0,67.75,1781.25,96.0,998.0,96.0,1753.0,1227.0,70.0,1178.0,39.0,1683.0,28.0
294,0.0,0.0,68703.54297511281,27,63208.845572407474,64225.34732225876,-0.07997691479602065,-0.06518143692351108,-0.06559078110313132,3.7845655381188137,522,230,0.003916662977625573,0.157781145126777,0.0530176454829185,1016.5017498513843,989003.4997027677,65331.376200342514,494.50174985138386,522.0,4562.0,9046.0,0.0,146.0,119.0,0.0,196,52.38817118840949,95.97877938039646,38.5,73.5810775756836,146.0,1765.0,119.0,3262.0,101.0,1810.0,80.5,3300.5,146.0,1765.0,119.0,3262.0,1901.0,77.0,2241.0,75.0,2837.0,25.0
295,0.0,0.0,122155.22836909321,6,141026.32072300633,142721.5522320779,0.154484524370041,0.16836220714878736,0.1691838656534268,5.69798912719745,178,84,0.011270789581078485,0.1882883325610165,0.2628951847503395,1695.231509071658,3034463.0181433144,133137.45210829368,1517.2315090716572,178.0,1262.0,1762.0,0.0,48.0,40.0,0.0,81,36.11634886755373,66.51474297898199,23.0,54.0,48.0,185.0,40.0,213.0,36.25,196.75,25.5,227.5,48.0,185.0,40.0,213.0,366.0,26.0,609.0,20.0,589.0,15.0
296,0.0,0.0,76025.32340431257,5,60674.2308701985,61303.94956374106,-0.2019207791129669,-0.19363776675149846,-0.19378946425506938,4.103225430278544,124,65,0.007306605333008423,0.1911609703560155,0.25515482455194877,629.7186935426123,1011437.3870852243,61624.53198535108,505.71869354261213,124.0,793.0,1727.0,0.0,29.0,25.0,0.0,51,38.245541413189756,67.08623104708518,38.0,65.48306274414062,29.0,77.0,25.0,124.0,21.5,84.5,16.75,132.25,29.0,77.0,25.0,124.0,344.0,17.0,368.0,14.0,532.0,9.0
297,0.0,0.0,103041.4884086621,8,81383.8311009412,82418.10069394474,-0.21018385547602658,-0.20014644618607502,-0.20131762201738368,4.613141517313246,188,92,0.012328870024249873,0.17259303241423568,0.1723891658738057,1034.2695930036152,1692539.1860072308,91723.7840880821,846.2695930036155,188.0,1106.0,2926.0,0.0,48.0,40.0,0.0,86,31.227749747560527,75.79389310948297,21.472469329833984,64.24317169189453,48.0,191.0,40.0,409.0,32.25,206.75,26.75,422.25,48.0,191.0,40.0,409.0,541.0,22.0,494.0,20.0,947.0,16.0
298,0.0,0.0,101319.59593491683,27,82781.79234890206,84044.40669491066,-0.18296365490761157,-0.17050195552598701,-0.1712543443086908,4.122136351540533,541,240,0.004904077063419374,0.1557926877250252,0.05218546168822324,1262.614346008676,1443228.6920173515,87529.16988529415,721.6143460086757,541.0,3777.0,9829.0,0.0,139.0,135.0,0.0,202,51.45731061444253,90.59504810353798,32.626312255859375,78.96693420410156,139.0,1598.0,135.0,3580.0,102.0,1635.0,88.5,3626.5,139.0,1598.0,135.0,3580.0,2093.0,94.0,1619.0,60.0,2850.0,34.0
299,0.0,0.0,103345.5678134501,10,86425.08632862136,87235.49125081922,-0.16372721000838708,-0.15588551017215668,-0.15612032481299198,3.5686479349668576,184,92,0.004161383072971593,0.16669211372844966,0.14152289033720267,810.4049221979016,1252809.8443958035,87765.02104062546,626.4049221979018,184.0,1440.0,3600.0,0.0,41.0,41.0,0.0,74,70.05895314797505,92.09565771460359,55.0,79.55804443359375,41.0,239.0,41.0,419.0,30.5,249.5,30.0,430.0,41.0,239.0,41.0,419.0,766.0,31.0,741.0,18.0,978.0,14.0
300,0.0,0.0,260836.4856270099,9,275418.45423910377,277751.0807154007,0.05590463533903667,0.06484750416618579,0.06534310251462494,4.131532176341486,188,91,0.0056773572840983725,0.17881608629718523,0.1781475561170493,2332.626476297176,4289252.952594353,259543.72188821543,2144.6264762971764,188.0,2088.0,2448.0,0.0,55.0,33.0,0.0,78,55.79900772669458,64.26828815625342,44.326019287109375,59.0,55.0,305.0,33.0,309.0,37.75,322.25,23.25,318.75,55.0,305.0,33.0,309.0,473.0,20.0,1257.0,29.0,958.0,9.0
301,0.0,0.0,92653.54619369321,20,89732.66447646695,90770.21751775239,-0.03152476982500085,-0.020326568742481843,-0.020341922985647964,3.518593806416085,408,181,0.005360283203566865,0.15829012164248873,0.0751216113944223,1037.5530412855783,1259106.0825711577,89460.88635431597,629.5530412855788,408.0,3516.0,6556.0,0.0,122.0,85.0,0.0,163,49.765391523469525,95.4505984737256,44.68675994873047,83.0,122.0,1205.0,85.0,1847.0,75.5,1251.5,56.25,1875.75,122.0,1205.0,85.0,1847.0,1385.0,54.0,1503.0,65.0,2150.0,22.0
302,0.0,0.0,10105.07786410674,23,8785.042882781603,9242.803244702109,-0.13063085698863386,-0.08533082386900093,-0.0851649616977489,3.808980886656739,390,152,0.008860952212040007,0.15632028530524222,0.05949759773586356,457.7603619205076,135520.72384101537,8894.815166686627,67.76036192050769,390.0,3780.0,7755.0,0.0,120.0,95.0,0.0,165,60.80599250037516,89.19778068790787,47.26158142089844,82.0,120.0,1282.0,95.0,2281.0,79.25,1322.75,66.0,2310.0,120.0,1282.0,95.0,2281.0,1532.0,61.0,1601.0,49.0,1683.0,21.0
303,0.0,0.0,162282.6167750974,17,139017.64499553718,140535.98865874784,-0.14336083705011027,-0.134004667588566,-0.13462278636687508,3.904728404876372,359,168,0.004470462310809098,0.16251489483844195,0.08368444410545679,1518.3436632108005,2318687.326421598,148453.81586117065,1159.343663210799,359.0,2560.0,6008.0,0.0,79.0,95.0,0.0,142,51.8231842746884,78.95881214855669,30.0,66.0,79.0,699.0,95.0,1541.0,58.75,719.25,63.75,1572.25,79.0,699.0,95.0,1541.0,1304.0,62.0,1196.0,44.0,1908.0,28.0
304,0.0,0.0,27912.30234625246,16,26021.000528405224,26552.675739255432,-0.06775871780068932,-0.04871065776412298,-0.04915751786301292,4.038638043560984,316,146,0.0062294031994081026,0.15661260803763263,0.0874810278763511,531.6752108502241,431350.42170044803,26701.478137423892,215.67521085022403,316.0,2590.0,5472.0,0.0,77.0,77.0,0.0,127,54.19941963302945,82.3121173456635,35.0,57.00754165649414,77.0,626.0,77.0,1251.0,56.5,646.5,53.5,1274.5,77.0,626.0,77.0,1251.0,1033.0,44.0,1100.0,34.0,1576.0,22.0
305,0.0,0.0,10574.64122690798,21,9244.233999333353,9716.102543242769,-0.12581109836514393,-0.08118844556925431,-0.082354695907774,4.027193240313764,394,161,0.009161232060608837,0.16289491380332735,0.06257438191549167,471.86854390942113,155737.08781884194,9667.842994213277,77.86854390942098,394.0,3271.0,7285.0,0.0,114.0,99.0,0.0,169,50.4142586814854,81.98609687861293,42.87816619873047,75.0,114.0,1117.0,99.0,2210.0,78.25,1152.75,65.5,2243.5,114.0,1117.0,99.0,2210.0,1428.0,56.0,1208.0,46.0,1873.0,28.0
306,0.0,0.0,56537.52931750946,21,44995.1023001475,45845.998159726456,-0.20415513653843587,-0.189105029647482,-0.19058322447183484,4.15243966061685,437,191,0.0038123840384898123,0.1636728700329222,0.08138725173128078,850.8958595789973,827791.7191579929,49837.67295940812,413.89585957899646,437.0,3596.0,6981.0,0.0,106.0,119.0,0.0,177,62.1060718694632,78.26630703009671,43.10068893432617,58.41242980957031,106.0,1277.0,119.0,2212.0,78.25,1304.75,77.0,2254.0,106.0,1277.0,119.0,2212.0,1398.0,72.0,1952.0,60.0,2279.0,32.0
307,0.0,0.0,79509.37534811452,21,79356.13139408722,80313.0930682188,-0.001927369613411778,0.010108464776453996,0.01062728354831477,3.613434647596848,410,186,0.004174997743672888,0.1651705988861064,0.07796443841938829,956.9616741316493,1093923.348263297,75684.45640706565,546.9616741316485,410.0,3696.0,6886.0,0.0,112.0,91.0,0.0,157,60.49390425359699,87.9488504361165,48.553916931152344,62.755924224853516,112.0,1150.0,91.0,1943.0,75.0,1187.0,59.75,1974.25,112.0,1150.0,91.0,1943.0,1397.0,58.0,1670.0,61.0,1810.0,20.0
308,0.0,0.0,22302.243244520454,8,19098.550776727367,19413.30000035241,-0.14364888915738183,-0.1295359938681434,-0.12984407417232335,3.7784345388055445,168,80,0.005925089081143654,0.17410386296517977,0.20344111075862065,314.74922362506305,293498.4472501263,19419.315343154543,146.74922362506314,168.0,1378.0,2654.0,0.0,32.0,48.0,0.0,76,42.159304678876104,77.52373033181563,16.0,68.18344116210938,32.0,199.0,48.0,329.0,24.5,206.5,33.5,343.5,32.0,199.0,48.0,329.0,546.0,33.0,890.0,19.0,898.0,12.0
309,0.0,0.0,11497.335364449775,28,10185.522569077488,10733.616152116174,-0.11409711500879283,-0.06642575763207281,-0.06605739982327263,4.0209915111882,465,184,0.0071136158348614155,0.15833883603305077,0.049535912033724344,548.0935830386949,166187.16607738996,10332.474317278637,83.09358303869499,465.0,4630.0,9331.0,0.0,132.0,121.0,0.0,190,58.181506429247634,100.3129254279759,44.458229064941406,74.0,132.0,1796.0,121.0,3217.0,93.25,1834.75,84.0,3254.0,132.0,1796.0,121.0,3217.0,1966.0,82.0,1400.0,50.0,1535.0,30.0
310,0.0,0.0,461837.5768107243,30,407046.18729368015,411255.69456947834,-0.11863779014131492,-0.10952309812151995,-0.10978028341007595,4.334456697723784,592,263,0.003620148710302453,0.15863203959942787,0.047466622157923216,4209.507275798524,7235014.551597046,417296.50658388593,3617.507275798523,592.0,5560.0,9560.0,0.0,165.0,134.0,0.0,215,68.9349887600495,76.85574850392501,45.982906341552734,63.19370651245117,165.0,2424.0,134.0,3727.0,106.5,2482.5,98.75,3762.25,165.0,2424.0,134.0,3727.0,1882.0,81.0,2986.0,78.0,2995.0,47.0
311,0.0,0.0,155370.86614505213,5,110967.08614425866,111917.56913196685,-0.2857921893757013,-0.27967467834360826,-0.28046546090058766,3.5412798585674774,93,47,0.007288431953688522,0.19389510473305346,0.24996981702172003,950.4829877082848,1714965.97541657,121069.64458538374,857.482987708285,93.0,716.0,1804.0,0.0,16.0,25.0,0.0,39,73.46780636381993,81.36400835796142,40.62487030029297,60.43981170654297,16.0,47.0,25.0,107.0,10.25,52.75,19.0,113.0,16.0,47.0,25.0,107.0,413.0,21.0,458.0,5.0,651.0,7.0
312,0.0,0.0,264498.1091688638,24,247630.8543938783,250295.99484198377,-0.06377079529221474,-0.05369457789890264,-0.05401096532624272,4.287781747476896,480,207,0.003992634604548625,0.15559251348966288,0.061524902956890906,2665.140448105889,4370280.896211781,254810.12989895244,2185.1404481058903,480.0,4210.0,7886.0,0.0,136.0,113.0,0.0,184,55.316905424663865,89.32715400928937,36.99654006958008,64.0,136.0,1621.0,113.0,2546.0,98.0,1659.0,74.75,2584.25,136.0,1621.0,113.0,2546.0,1580.0,83.0,1799.0,54.0,2368.0,32.0
313,0.0,0.0,172725.36404387554,24,163484.4158640748,165133.24648738545,-0.053500817502711184,-0.043954850513799215,-0.044000667980736985,3.6992501589028035,439,196,0.00446375382423506,0.15916138914754788,0.06109362525858363,1648.8306233108576,2419661.2466217163,163523.76445794269,1209.830623310858,439.0,4166.0,7930.0,0.0,116.0,103.0,0.0,166,63.247429513078,97.40289722270495,47.96715545654297,75.0,116.0,1356.0,103.0,2409.0,80.0,1392.0,65.25,2446.75,116.0,1356.0,103.0,2409.0,1610.0,69.0,2003.0,48.0,2309.0,28.0
314,0.0,0.0,12922.02822664559,23,11310.068260858056,11802.058566923339,-0.12474512031041907,-0.0866713522117869,-0.08737591065775507,3.9944221252231875,399,159,0.0068651847681626185,0.1562064649840398,0.06522833181991859,491.9903060652921,185980.61213058396,11640.01990151406,92.99030606529199,399.0,3881.0,7687.0,0.0,111.0,106.0,0.0,173,52.22894289628984,107.52079551459963,35.0,93.81991577148438,111.0,1388.0,106.0,2362.0,72.75,1426.25,72.25,2395.75,111.0,1388.0,106.0,2362.0,1615.0,62.0,1803.0,48.0,1993.0,29.0
315,0.0,0.0,28445.57351662599,26,25640.266397394204,26335.23365035669,-0.09862016378724547,-0.0741886910817896,-0.07475207860884414,3.8604510428113654,491,207,0.00640696116521776,0.15888273809081882,0.05638820950944779,694.9672529625092,407934.50592501945,26417.54171993993,203.96725296250972,491.0,4183.0,8918.0,0.0,115.0,143.0,0.0,193,51.35301089110858,83.13445291228041,37.0,68.11583709716797,115.0,1628.0,143.0,3129.0,79.0,1664.0,94.25,3177.75,115.0,1628.0,143.0,3129.0,1881.0,97.0,1980.0,50.0,2282.0,33.0
316,0.0,0.0,14197.20755720957,15,12647.560484002963,13053.260241222679,-0.10915154032665186,-0.0805755153876,-0.08061277510520815,4.027380033767452,303,129,0.0066133971923074625,0.15674706866706165,0.09719645967079418,405.6997572197333,205399.51443946717,12750.194463727092,102.69975721973358,303.0,2700.0,4843.0,0.0,90.0,69.0,0.0,132,46.116379713492755,77.42613818184303,33.0,60.0,90.0,724.0,69.0,1090.0,58.0,756.0,48.75,1110.25,90.0,724.0,69.0,1090.0,938.0,39.0,1562.0,47.0,1527.0,22.0
317,0.0,0.0,325415.9246893243,13,303990.7128723177,306574.9881254693,-0.06583946940353735,-0.05789801645952786,-0.05761708775397878,4.01431820370433,266,128,0.00513564230624266,0.16939553528096232,0.11173347568191334,2584.2752531518627,4636550.506303721,288750.8084202946,2318.2752531518604,266.0,2117.0,4435.0,0.0,72.0,53.0,0.0,116,52.63398882488636,80.93874942958938,33.8322639465332,63.0,72.0,528.0,53.0,855.0,49.0,551.0,38.75,869.25,72.0,528.0,53.0,855.0,929.0,42.0,1109.0,40.0,1403.0,21.0
318,0.0,0.0,43086.3598102253,10,33615.296072952275,34074.50497074032,-0.21981582521680898,-0.20915795344925558,-0.21022319754148955,3.5458537359422464,191,91,0.005689509772323496,0.17134085752869418,0.1491457363680456,459.2088977880654,536417.7955761309,37820.073494485776,268.2088977880654,191.0,1532.0,3498.0,0.0,44.0,46.0,0.0,80,66.17307214733665,104.40282038017793,51.5,92.85574340820312,44.0,240.0,46.0,469.0,28.5,255.5,33.5,481.5,44.0,240.0,46.0,469.0,722.0,28.0,754.0,25.0,1103.0,17.0
319,0.0,0.0,36538.25549441874,18,35909.646725079794,36523.18813465628,-0.017204126492436633,-0.0004123721715385553,-0.0001343409623801861,3.7918060328613943,346,157,0.005802945749376799,0.1545187027836274,0.07615654393090918,613.541409576519,535082.8191530372,35278.88917021224,267.54140957651856,346.0,3486.0,5586.0,0.0,92.0,79.0,0.0,140,69.61553639236456,84.6411645747316,55.63391876220703,72.18021392822266,92.0,969.0,79.0,1380.0,61.25,999.75,50.25,1408.75,92.0,969.0,79.0,1380.0,1212.0,49.0,1570.0,41.0,1407.0,23.0
320,0.0,0.0,16165.857077787134,7,13786.947247630686,14069.238754020935,-0.14715643090926578,-0.12969422615068638,-0.1298687473034421,4.207161984350338,166,83,0.008168859874344276,0.17184983652280078,0.21831222564660374,282.2915063902629,232583.01278052604,13820.659487659415,116.29150639026302,166.0,893.0,2635.0,0.0,38.0,38.0,0.0,70,50.955861888533555,65.45044362416353,29.0,58.85239791870117,38.0,109.0,38.0,305.0,26.75,120.25,25.0,318.0,38.0,109.0,38.0,305.0,587.0,23.0,577.0,20.0,990.0,15.0
321,0.0,0.0,263548.1923579332,15,215138.17556838453,217341.7878148568,-0.18368563394964021,-0.17532430835390445,-0.176163692091602,3.923733257217556,329,151,0.00464993724690576,0.16556205298796775,0.10949189201123628,2203.612246472291,3749224.4929445824,238881.20363737957,1874.6122464722912,329.0,2283.0,5277.0,0.0,84.0,79.0,0.0,132,53.7866851858523,82.41629936739496,39.720977783203125,65.46527099609375,84.0,592.0,79.0,1225.0,54.75,621.25,53.0,1251.0,84.0,592.0,79.0,1225.0,1010.0,47.0,1323.0,50.0,1551.0,21.0
322,0.0,0.0,73460.39071251503,25,64022.58933290435,65177.09947709099,-0.12847469620118446,-0.1127586057613067,-0.11340024374689861,4.473883329790863,555,244,0.00343975399369229,0.16163063312952308,0.05590383093739155,1154.5101441866448,1199020.2883732892,67001.09278605947,599.5101441866445,555.0,4028.0,8572.0,0.0,166.0,120.0,0.0,203,49.37371336575422,89.10829158180371,31.0,71.0,166.0,1621.0,120.0,3168.0,117.0,1670.0,84.0,3204.0,166.0,1621.0,120.0,3168.0,1833.0,70.0,1994.0,87.0,2773.0,37.0
323,0.0,0.0,65672.06989273848,17,53191.451119533405,53954.34909197698,-0.19004454699828321,-0.1784277672365121,-0.17913126393729462,3.7504131448231535,339,156,0.006102367410292899,0.17022671230105,0.09197672091541134,762.8979724436352,847795.9448872706,56513.50345611373,423.8979724436353,339.0,2755.0,5813.0,0.0,82.0,84.0,0.0,129,54.326193968762176,82.40709244595216,43.940338134765625,61.0,82.0,727.0,84.0,1300.0,53.75,755.25,57.5,1326.5,82.0,727.0,84.0,1300.0,1268.0,52.0,1577.0,53.0,2140.0,34.0
324,0.0,0.0,78185.77722072364,30,70255.2361244336,71582.60632163977,-0.1014320171544959,-0.0844548859627331,-0.08537057245237956,4.603869954692976,640,279,0.00301889987793134,0.16065296725311207,0.04928974007366641,1327.3701972061954,1374740.3944123941,74651.3481017772,687.3701972061971,640.0,5207.0,9913.0,0.0,176.0,155.0,0.0,227,50.22689439897896,88.85428056292402,42.25657653808594,70.0,176.0,2356.0,155.0,4123.0,123.75,2408.25,107.5,4170.5,176.0,2356.0,155.0,4123.0,2122.0,105.0,2272.0,69.0,3093.0,43.0
325,0.0,0.0,11785.233660634156,30,11089.326954029977,11709.988942544545,-0.0590490376893158,-0.006384660691196031,-0.006305250027031195,3.92794086628829,532,212,0.007830493207181438,0.15295897072329723,0.04684558612613853,620.6619885145788,177323.97702915865,11286.064573365195,88.66198851457932,532.0,5482.0,9582.0,0.0,165.0,125.0,0.0,215,65.43906546426388,79.00995623202779,45.0,66.0,165.0,2415.0,125.0,3716.0,115.0,2465.0,85.75,3755.25,165.0,2415.0,125.0,3716.0,2050.0,86.0,2623.0,70.0,1989.0,27.0
326,0.0,0.0,21810.14652674132,21,19784.332531605163,20321.484245647523,-0.09288401582503425,-0.0682554919687749,-0.0689017995654092,3.9406847095998288,376,155,0.004304326842820616,0.16484989529765354,0.06584023754895624,537.1517140423825,322303.42808476515,20447.171737668315,161.1517140423826,376.0,3609.0,6970.0,0.0,102.0,98.0,0.0,166,58.1024396406524,104.42734866963357,49.5,70.04459381103516,102.0,1195.0,98.0,2088.0,66.0,1231.0,64.5,2121.5,102.0,1195.0,98.0,2088.0,1444.0,69.0,1657.0,52.0,2069.0,29.0
327,0.0,0.0,473538.7989133925,17,452436.52196703345,456574.37812682503,-0.0445629312630379,-0.035824774707996276,-0.03567439444427867,4.303061566835665,341,163,0.004482835715373287,0.1685803197756075,0.07674902059923935,4137.856159792033,7593712.319584065,441180.78498515656,3796.8561597920325,341.0,2732.0,5836.0,0.0,88.0,73.0,0.0,135,48.954457866109195,70.08515102443785,35.0,64.02313995361328,88.0,735.0,73.0,1399.0,64.25,758.75,52.25,1419.75,88.0,735.0,73.0,1399.0,1172.0,46.0,1067.0,33.0,1864.0,27.0
328,0.0,0.0,36423.32717673339,5,34157.63831976382,34522.90593922433,-0.062204335314453574,-0.05217593736804538,-0.05191252215161901,3.8712729260568084,110,55,0.011845450493277546,0.19423997010607424,0.2436767992716312,365.2676194605329,510535.2389210658,32969.46822611946,255.2676194605329,110.0,1036.0,1484.0,0.0,26.0,24.0,0.0,49,58.83432008193302,73.03272463249738,44.54291534423828,64.8639907836914,26.0,85.0,24.0,110.0,15.5,95.5,18.75,115.25,26.0,85.0,24.0,110.0,257.0,21.0,470.0,13.0,620.0,10.0
329,0.0,0.0,158363.6342963208,27,160168.04527593104,161903.36760786528,0.01139409933112523,0.02235193279866987,0.02282522531430886,3.8251672877870115,568,258,0.0030925500646869553,0.1530767828382977,0.058098542930343805,1735.322331934399,2334644.6638687993,152584.481162618,1167.3223319343997,568.0,5072.0,8536.0,0.0,156.0,127.0,0.0,193,48.052722883793315,78.99430370085057,31.0,54.64582061767578,156.0,1978.0,127.0,2950.0,109.0,2025.0,91.75,2985.25,156.0,1978.0,127.0,2950.0,1766.0,77.0,2734.0,86.0,2442.0,32.0
330,0.0,0.0,23930.77200645792,28,20830.26199058957,21562.464787928537,-0.12956163783732721,-0.09896493175775001,-0.09959975456406989,4.309582012109502,546,236,0.004811205269254376,0.1582933364001923,0.047778709379006655,732.2027973389777,372405.5946779554,21603.34770469226,186.2027973389777,546.0,4985.0,9122.0,0.0,142.0,140.0,0.0,202,52.371327542887954,81.68310211062524,36.48323059082031,61.0,142.0,2057.0,140.0,3314.0,102.5,2096.5,98.25,3355.75,142.0,2057.0,140.0,3314.0,1870.0,90.0,2429.0,65.0,2851.0,45.0
331,0.0,0.0,24237.131410538885,15,23269.19987130089,23721.470905672468,-0.03993589517021445,-0.021275640921854078,-0.020927995805573363,3.5280762027996686,292,133,0.005132716139367076,0.16437807240196284,0.09703012576002651,452.2710343715907,320542.06874318136,22713.65826004683,160.27103437159067,292.0,3157.0,4403.0,0.0,79.0,65.0,0.0,124,71.27576558345838,85.46701905369446,46.28594207763672,67.21428680419922,79.0,778.0,65.0,938.0,54.25,802.75,43.75,959.25,79.0,778.0,65.0,938.0,910.0,40.0,1546.0,38.0,1300.0,16.0
332,0.0,0.0,39738.81627693472,30,35280.220976427874,36146.49983147638,-0.11219748644336724,-0.09039817443035914,-0.09123387566920926,4.1750311293907005,559,235,0.004549498639452031,0.1542789801722545,0.04743283054184685,866.2788550485654,614557.7100971286,36799.58849712915,307.2788550485643,559.0,5167.0,9945.0,0.0,159.0,135.0,0.0,208,50.70873141512599,84.46563853532315,39.0,69.13278198242188,159.0,2281.0,135.0,3661.0,114.0,2326.0,94.25,3701.75,159.0,2281.0,135.0,3661.0,1939.0,83.0,2451.0,75.0,3185.0,41.0
333,0.0,0.0,35102.88428962513,6,21242.98299706314,21575.968087992904,-0.39483653759638115,-0.3853505623647624,-0.3875282587933201,3.965309815983248,116,57,0.004020193906798468,0.18593270675002666,0.2061576977729997,332.9850909297769,433970.1818595538,27360.420874954096,216.9850909297769,116.0,779.0,2245.0,0.0,22.0,31.0,0.0,49,49.24013560367591,80.51728289830352,39.352378845214844,67.57169342041016,22.0,76.0,31.0,165.0,18.0,80.0,22.0,174.0,22.0,76.0,31.0,165.0,449.0,26.0,410.0,9.0,609.0,11.0
334,0.0,0.0,10834.040699415955,24,9205.027955965455,9717.684040815397,-0.15036058924333895,-0.10304157881377896,-0.10711119340283237,3.828980269273853,434,171,0.0063949689694434405,0.15223262137527696,0.05708383829641876,512.6560848499455,157312.1696998916,10271.153064058819,78.6560848499458,434.0,3827.0,8213.0,0.0,120.0,119.0,0.0,177,54.31246712503074,94.30288559282451,37.5,70.0,120.0,1382.0,119.0,2607.0,81.5,1420.5,78.25,2647.75,120.0,1382.0,119.0,2607.0,1801.0,77.0,1649.0,50.0,2474.0,34.0
335,0.0,0.0,264886.7598454437,21,240846.33418528468,243483.34236943742,-0.09075736995758543,-0.08080214159626087,-0.08116610529220802,4.402391819170094,451,215,0.0025047928867151644,0.16278850243387655,0.07397926119754555,2637.0081841527176,4372016.368305436,248275.05977930062,2186.008184152718,451.0,3660.0,6924.0,0.0,112.0,103.0,0.0,166,42.52212465705953,75.91023118724878,26.86406898498535,62.0,112.0,1192.0,103.0,2079.0,91.0,1213.0,72.5,2109.5,112.0,1192.0,103.0,2079.0,1330.0,75.0,1575.0,47.0,2039.0,16.0
336,0.0,0.0,25914.483129622266,18,21312.757703824616,21849.71880677548,-0.17757349829360558,-0.15685299616107118,-0.15820527796476447,3.992338828809381,355,158,0.004739393515512549,0.1693996814605379,0.08209970751330269,536.9611029508816,363922.205901763,22788.78506476203,181.9611029508815,355.0,2930.0,6115.0,0.0,88.0,91.0,0.0,145,55.37017040040298,73.50745729114391,44.70311737060547,63.0,88.0,837.0,91.0,1589.0,63.75,861.25,61.0,1619.0,88.0,837.0,91.0,1589.0,1260.0,54.0,1640.0,48.0,1840.0,22.0
337,0.0,0.0,55718.222106674075,10,53149.77053221581,53856.66195190905,-0.046097155963463754,-0.03341025762094518,-0.03376801602215762,4.381213703855598,228,106,0.004521189588256567,0.16272950874202208,0.1454795163757077,706.8914196932831,957782.8393865669,54652.82591349571,478.89141969328347,228.0,2021.0,3019.0,0.0,70.0,42.0,0.0,92,57.86464966500868,70.26212661262262,45.0,60.66997528076172,70.0,348.0,42.0,460.0,46.75,371.25,30.5,471.5,70.0,348.0,42.0,460.0,598.0,28.0,943.0,29.0,1058.0,15.0
338,0.0,0.0,45567.040991402326,21,41304.49194470718,42068.06401731087,-0.09354456541295741,-0.0767874520259424,-0.07788533433410516,3.9534264751148336,414,188,0.0032299572546495062,0.16017438698352007,0.07153704300942498,763.5720726037379,699144.1452074749,44211.27783761093,349.57207260373747,414.0,3977.0,6601.0,0.0,112.0,93.0,0.0,159,56.54446227283357,75.6305721427517,39.58831024169922,56.0,112.0,1282.0,93.0,1849.0,82.75,1311.25,67.0,1875.0,112.0,1282.0,93.0,1849.0,1340.0,53.0,1909.0,55.0,2490.0,29.0
339,0.0,0.0,438733.59925119247,11,455750.48384385987,459140.06541675,0.03878637200732049,0.04651220285017188,0.04682937647537,3.6960465498379174,215,108,0.00714230120193603,0.1741127360618235,0.11740874916117164,3389.5815728905077,6349163.145781015,429456.38401520165,3174.5815728905077,215.0,2390.0,3154.0,0.0,48.0,48.0,0.0,90,67.59385311061425,71.01209490399319,52.0,59.64300537109375,48.0,424.0,48.0,470.0,31.75,440.25,32.0,486.0,48.0,424.0,48.0,470.0,674.0,27.0,1045.0,20.0,1004.0,18.0
340,0.0,0.0,12801.478612794697,24,10727.467171265052,11235.74493164254,-0.16201342862509116,-0.12230881513853031,-0.12354861893161173,3.813464215079014,423,166,0.007774244090673219,0.15342193238709312,0.06411213805366801,508.27776037751005,170555.5207550196,11181.140764388012,85.2777603775098,423.0,4071.0,7933.0,0.0,123.0,111.0,0.0,179,63.56360115874611,99.54018431626149,53.0,75.0,123.0,1447.0,111.0,2584.0,87.75,1482.25,75.5,2619.5,123.0,1447.0,111.0,2584.0,1675.0,79.0,1957.0,60.0,1971.0,22.0
341,0.0,0.0,26160.1743248289,28,25624.759778745545,26289.732802755556,-0.020466780512818916,0.004952508202657135,0.0059237762788406645,3.644949034324741,485,204,0.0039167047097560395,0.1640473993807274,0.050884857843173543,664.9730240100333,359946.0480200675,24688.002810905607,179.97302401003375,485.0,4979.0,9103.0,0.0,143.0,110.0,0.0,195,66.00189848812252,95.00065194384358,45.765625,72.5,143.0,1961.0,110.0,3239.0,96.75,2007.25,76.0,3273.0,143.0,1961.0,110.0,3239.0,1875.0,73.0,2569.0,68.0,2957.0,31.0
342,0.0,0.0,28960.48564089703,17,23050.842787514655,23606.171258942577,-0.20405883128689573,-0.18488344595966544,-0.18632917908175373,4.112772767027333,349,153,0.0060853383316640626,0.16218038334984264,0.08749382412461595,555.3284714279453,412656.9428558907,25083.86472042769,206.32847142794537,349.0,2581.0,5970.0,0.0,86.0,93.0,0.0,146,44.87502883865992,88.77967867758551,34.297462463378906,66.0,86.0,740.0,93.0,1559.0,56.25,769.75,64.25,1587.75,86.0,740.0,93.0,1559.0,1165.0,54.0,1318.0,45.0,1941.0,29.0
343,0.0,0.0,241909.50407751408,28,222820.76840578462,225292.4121332501,-0.07890858089483299,-0.0686913563302558,-0.06914650669597122,4.022049879506247,594,261,0.003589251978619129,0.15604088193401694,0.06827540742778582,2471.6437274658865,3755287.4549317774,233418.75209369493,1877.6437274658888,594.0,5134.0,8978.0,0.0,178.0,127.0,0.0,213,55.26157272805148,73.55963900310066,41.0,59.0,178.0,2171.0,127.0,3488.0,124.0,2225.0,91.0,3524.0,178.0,2171.0,127.0,3488.0,1793.0,80.0,2878.0,107.0,2272.0,32.0
344,0.0,0.0,366012.5132817075,16,296322.9996428963,299073.9015458633,-0.19040199749994213,-0.18288612904423784,-0.18345853108065224,3.8172091420584566,298,140,0.006841370390497504,0.16100073283941627,0.0845147061140819,2750.9019029673586,4905803.805934716,321295.1939076377,2452.901902967358,298.0,2998.0,5066.0,0.0,82.0,60.0,0.0,120,62.69419500238113,81.82332341204966,44.991268157958984,68.68653106689453,82.0,737.0,60.0,1041.0,52.75,766.25,41.0,1060.0,82.0,737.0,60.0,1041.0,1001.0,36.0,1707.0,37.0,1743.0,27.0
345,0.0,0.0,11232.357382328588,21,9537.969138913437,10042.566308594713,-0.15084885440707785,-0.10592532210609018,-0.10671214783130434,4.167246691916252,422,174,0.007942894299533973,0.15761850268064256,0.06804192766589981,504.59716968128686,165194.3393625738,9910.28079061306,82.5971696812869,422.0,3900.0,6650.0,0.0,120.0,107.0,0.0,174,56.579089612905975,71.20810329135732,48.5,61.0,120.0,1322.0,107.0,2095.0,83.5,1358.5,75.25,2126.75,120.0,1322.0,107.0,2095.0,1278.0,70.0,2147.0,65.0,1804.0,31.0
346,0.0,0.0,103374.88941599474,20,102585.63479460262,103767.85231464943,-0.0076348775399027735,0.003801338031650614,0.00400962317257747,3.929398984702185,391,177,0.0034761252240206515,0.16010096337899923,0.07132171131668247,1182.2175200468996,1582435.0400937984,100679.20350252581,791.2175200468993,391.0,3642.0,6436.0,0.0,108.0,86.0,0.0,150,54.30672411949507,84.38042752939934,43.73222351074219,69.94441986083984,108.0,1116.0,86.0,1689.0,73.5,1150.5,60.5,1714.5,108.0,1116.0,86.0,1689.0,1253.0,56.0,1253.0,38.0,1967.0,22.0
347,0.0,0.0,11493.402782064575,16,8899.21462491462,9267.617561915988,-0.22571106280188646,-0.19365763667674807,-0.1963432807334533,3.743777366254475,295,125,0.008106150210874819,0.16459478206204592,0.07834022244043094,368.4029370013787,146805.8740027576,9803.325601438743,73.4029370013788,295.0,2252.0,5784.0,0.0,72.0,82.0,0.0,135,55.25125681328964,84.33814632272447,41.485443115234375,70.63072204589844,72.0,639.0,82.0,1361.0,47.0,664.0,57.75,1385.25,72.0,639.0,82.0,1361.0,1190.0,52.0,959.0,35.0,2040.0,23.0
348,0.0,0.0,294946.23371237825,12,298164.1701396772,300857.31942307827,0.010910247562058828,0.020041231367152523,0.02043835755433543,4.238960667911082,288,136,0.008089905314357044,0.17281798604679074,0.11508918559208023,2693.14928340137,4810298.566802745,283695.635773215,2405.1492834013725,288.0,2334.0,3714.0,0.0,87.0,53.0,0.0,119,57.813439242715106,67.07525882025189,39.0,65.0,87.0,562.0,53.0,726.0,57.75,591.25,32.0,747.0,87.0,562.0,53.0,726.0,779.0,35.0,1007.0,40.0,989.0,15.0
349,0.0,0.0,51067.21814627925,24,45545.67812792821,46343.07196806715,-0.10812298415266897,-0.09250839089531071,-0.09288664145960879,3.7309837007763766,449,195,0.0050050381839998465,0.1577295250779495,0.05740749817699967,797.393840138965,696787.680277931,46689.27393953351,348.3938401389655,449.0,3909.0,8185.0,0.0,126.0,104.0,0.0,177,54.83076517497628,84.43648454650601,47.043556213378906,70.36707305908203,126.0,1403.0,104.0,2614.0,79.75,1449.25,73.0,2645.0,126.0,1403.0,104.0,2614.0,1716.0,64.0,1598.0,54.0,2490.0,28.0
350,0.0,0.0,58236.693246825875,13,60945.50216578297,61769.89318692136,0.04651378311396037,0.06066965246671274,0.061551727863386585,4.507423945929126,310,148,0.005098236793249308,0.16219757332359053,0.10973222813503436,824.3910211384497,1028782.0422769003,57060.42157439191,514.3910211384501,310.0,2759.0,3789.0,0.0,98.0,51.0,0.0,124,53.43754467868981,71.50678181898019,34.0,65.42044067382812,98.0,641.0,51.0,821.0,66.5,672.5,35.25,836.75,98.0,641.0,51.0,821.0,788.0,32.0,1438.0,40.0,1304.0,15.0
351,0.0,0.0,19403.612141085854,29,16993.027759274435,17676.07790559487,-0.1242337954543612,-0.08903157942603102,-0.0894583920329941,4.282205153743238,534,218,0.0048156861068227525,0.15769012510993885,0.04784868981702224,683.0501463204517,298100.292640902,17403.43362463153,149.050146320451,534.0,4708.0,9861.0,0.0,154.0,133.0,0.0,209,50.522493101697016,95.50727343092998,36.0,66.0,154.0,2090.0,133.0,3672.0,105.0,2139.0,92.5,3712.5,154.0,2090.0,133.0,3672.0,1919.0,80.0,2121.0,61.0,2815.0,34.0
352,0.0,0.0,86626.77081098474,18,97808.54132001646,99008.80411507498,0.12907984915459658,0.14293541347751737,0.14372003406069567,4.2826111148321155,401,183,0.0037285653185772116,0.15563960705183016,0.09589782553580636,1200.2627950585882,1598525.5901171768,93314.89290382611,799.2627950585884,401.0,3450.0,5622.0,0.0,126.0,74.0,0.0,161,57.032958684820535,65.06695287733356,41.30126190185547,55.186729431152344,126.0,1127.0,74.0,1571.0,86.5,1166.5,50.25,1594.75,126.0,1127.0,74.0,1571.0,1068.0,47.0,1932.0,65.0,1855.0,23.0
353,0.0,0.0,73786.53266990524,16,68493.78263532792,69344.62053010907,-0.07173056983521908,-0.06019949683321901,-0.060347049440710454,3.8717234557036098,316,144,0.0036726025380893128,0.1608076666486352,0.09057202908662558,850.8378947811975,1069675.7895623958,69069.74386216869,534.8378947811979,316.0,2847.0,5211.0,0.0,84.0,72.0,0.0,127,56.06839605369281,88.246128065566,40.5,65.39850616455078,84.0,705.0,72.0,1170.0,56.5,732.5,49.0,1193.0,84.0,705.0,72.0,1170.0,983.0,44.0,1381.0,40.0,1672.0,21.0
354,0.0,0.0,22964.661995545295,25,18831.22539896663,19417.022167100495,-0.17999117937727416,-0.15448256234439572,-0.15651133297808972,3.571871268303721,438,180,0.005810264602329688,0.16341047475293563,0.06332760365999153,585.7967681338653,295593.53626773076,20688.983033262277,147.79676813386538,438.0,3982.0,8584.0,0.0,123.0,110.0,0.0,176,59.656364015927394,91.44147716502015,33.0,69.38724517822266,123.0,1424.0,110.0,2738.0,81.5,1465.5,76.0,2772.0,123.0,1424.0,110.0,2738.0,1790.0,69.0,2301.0,69.0,2232.0,33.0
355,0.0,0.0,11585.579490410899,6,9218.250654122538,9383.565517990754,-0.2043340894814749,-0.19006506961889114,-0.19149911389213137,3.0032204637122493,105,50,0.009808356257990992,0.17765767593176907,0.24287417127380898,165.31486386822368,120629.72773644714,10041.697670384978,60.31486386822357,105.0,714.0,2301.0,0.0,25.0,24.0,0.0,49,58.72460027761092,86.4923287612606,46.0,49.6556396484375,25.0,76.0,24.0,168.0,17.0,84.0,17.25,174.75,25.0,76.0,24.0,168.0,527.0,15.0,475.0,17.0,838.0,6.0
356,0.0,0.0,24442.245709305756,19,22070.03231100315,22613.139873862867,-0.09705382338904511,-0.07483378807318453,-0.07559669989510465,3.8724556033887767,366,160,0.006488048965358306,0.15895964002453306,0.07505678768119689,543.1075628597317,354215.12571946357,22867.604047512563,177.1075628597318,366.0,3603.0,5951.0,0.0,103.0,84.0,0.0,151,54.39620631671619,77.30279776001709,40.80986785888672,60.0,103.0,1065.0,84.0,1613.0,66.0,1102.0,56.75,1640.25,103.0,1065.0,84.0,1613.0,1130.0,48.0,1603.0,48.0,1928.0,29.0
357,0.0,0.0,126396.6577311244,16,112366.7825955532,113612.41177493305,-0.11099878262142082,-0.1011438608083014,-0.10137486164198939,3.990711441527852,334,158,0.00497927748648526,0.16356051768787064,0.08011975708312219,1245.6291793799228,1823258.3587598456,114218.87960795578,911.6291793799228,334.0,2541.0,5523.0,0.0,80.0,80.0,0.0,129,42.94575189720165,82.80465951453365,32.81880187988281,60.62012481689453,80.0,657.0,80.0,1247.0,55.75,681.25,55.25,1271.75,80.0,657.0,80.0,1247.0,1032.0,47.0,960.0,34.0,1705.0,24.0
358,0.0,0.0,456637.4080605307,5,479645.5123051984,482901.47405003867,0.05038593824888249,0.05751623832366026,0.05763062794435592,3.3934924455760522,99,49,0.008913222441394327,0.18223297242309444,0.2853753701714701,3255.9617448405434,6313923.489681086,465149.36978217465,3156.961744840543,99.0,1043.0,1477.0,0.0,30.0,15.0,0.0,43,69.9247666112545,75.1652312522976,60.0,71.0,30.0,79.0,15.0,91.0,20.75,88.25,10.75,95.25,30.0,79.0,15.0,91.0,243.0,11.0,403.0,17.0,547.0,3.0
359,0.0,0.0,74668.68075341663,11,76579.3522257969,77414.7685502127,0.025588659838386763,0.036776969528424575,0.036813277240010045,3.8516203786996264,246,119,0.006730354717293702,0.16479769605737493,0.1452229711811183,835.4163244158508,1178832.6488317028,76515.37099495363,589.4163244158514,246.0,2081.0,3463.0,0.0,71.0,45.0,0.0,103,45.94453939322181,83.39211644462608,28.0,65.0,71.0,400.0,45.0,617.0,50.25,420.75,31.25,630.75,71.0,400.0,45.0,617.0,700.0,31.0,954.0,40.0,797.0,8.0
360,0.0,0.0,72956.11067178939,16,74817.03901084131,75703.23509857156,0.025507504743828235,0.037654480227719,0.03818406646207939,4.031598597287698,312,144,0.004260154396208362,0.16682039941184584,0.09107751652513794,886.1960877302831,1148392.1754605644,71211.96144335635,574.1960877302822,312.0,3300.0,4764.0,0.0,87.0,65.0,0.0,124,74.30121296533397,76.0344458626529,56.587158203125,69.0,87.0,815.0,65.0,1017.0,60.0,842.0,44.25,1037.75,87.0,815.0,65.0,1017.0,1004.0,51.0,1599.0,38.0,1317.0,20.0
361,0.0,0.0,191575.44308291445,16,139996.44731962745,141440.69561430928,-0.2692359465976203,-0.261697150019936,-0.26261893769320177,3.635173809196957,292,134,0.005513719499548895,0.1690204251652833,0.09608975830385215,1444.2482946818266,2304496.589363653,158485.9975287356,1152.2482946818266,292.0,2846.0,5218.0,0.0,69.0,73.0,0.0,117,43.09489871707778,89.34934747643521,31.0,84.0,69.0,653.0,73.0,1077.0,48.75,673.25,51.25,1098.75,69.0,653.0,73.0,1077.0,1119.0,52.0,1545.0,38.0,2082.0,31.0
362,0.0,0.0,248989.27287472025,15,242460.65087976746,244256.67295597767,-0.02622049504212054,-0.019007244224227282,-0.018873225507701097,3.2739542857355324,256,115,0.003386279024272009,0.16620861788529662,0.09630919209956935,1796.0220762105423,3080044.1524210838,235192.97183231098,1540.0220762105419,256.0,2540.0,5020.0,0.0,62.0,64.0,0.0,107,49.008446369202844,86.842221613497,37.0,69.17494201660156,62.0,532.0,64.0,947.0,43.25,550.75,46.75,964.25,62.0,532.0,64.0,947.0,972.0,41.0,1160.0,34.0,1469.0,15.0
363,0.0,0.0,49491.899050809254,7,43416.46840918741,43997.0590415656,-0.1227560622675784,-0.11102503873618907,-0.11161502656035704,4.656964941615984,163,79,0.009506039346867874,0.16316147639710527,0.2048656213432683,580.5906323782373,835181.2647564744,44835.06292333519,417.5906323782372,163.0,1239.0,2289.0,0.0,37.0,40.0,0.0,71,51.636171336587616,76.68070699700067,28.589542388916016,59.52440643310547,37.0,163.0,40.0,257.0,30.0,170.0,23.75,273.25,37.0,163.0,40.0,257.0,492.0,30.0,739.0,18.0,727.0,13.0
364,0.0,0.0,385655.1431856701,20,315527.38345773995,318667.9607856913,-0.18184059247504392,-0.17369710629718849,-0.17449999478244949,3.920211813916589,413,190,0.005327653858665817,0.16510109170243573,0.07097287561963392,3140.577327951755,5455154.655903504,347886.4736682041,2727.577327951752,413.0,3337.0,6743.0,0.0,108.0,95.0,0.0,161,58.90875913045888,78.66837252202782,43.0,71.4588623046875,108.0,1073.0,95.0,1944.0,76.75,1104.25,67.0,1972.0,108.0,1073.0,95.0,1944.0,1372.0,64.0,1541.0,54.0,2081.0,27.0
365,0.0,0.0,183692.43268525956,24,168440.88000095056,170137.40156576197,-0.08302765912214338,-0.07379199524633062,-0.07381984744577708,3.7206791924693126,446,206,0.0022982144940008956,0.16063549046537176,0.05387044863746484,1696.5215648116093,2501043.129623221,168050.17311660154,1250.5215648116105,446.0,4432.0,7664.0,0.0,113.0,103.0,0.0,167,54.74130588496529,88.61415254992157,47.0,73.0,113.0,1510.0,103.0,2282.0,81.0,1542.0,75.0,2310.0,113.0,1510.0,103.0,2282.0,1517.0,76.0,1758.0,43.0,2147.0,27.0
366,0.0,0.0,102842.32798670995,24,89907.45429566759,91154.65556507277,-0.1257738320812215,-0.11364651744510834,-0.11418679101453477,4.129549568227495,474,205,0.00460903119490846,0.1592658369661226,0.05987468763351142,1247.2012694052216,1546402.5388104417,93618.11217307871,773.2012694052208,474.0,3647.0,8449.0,0.0,130.0,115.0,0.0,178,55.64841772826988,86.0124570345047,44.5,57.0,130.0,1310.0,115.0,2717.0,87.75,1352.25,79.5,2752.5,130.0,1310.0,115.0,2717.0,1813.0,77.0,1585.0,63.0,2572.0,41.0
367,0.0,0.0,97750.50352589086,6,77470.46275309978,78301.55732572531,-0.2074673791058229,-0.19896517663475943,-0.20004039606013635,3.9485397000338325,131,65,0.010404451533551682,0.18025051327465377,0.23066163731246425,831.0945726255932,1400189.145251186,88652.34058803998,700.0945726255931,131.0,942.0,2082.0,0.0,29.0,31.0,0.0,56,49.81440988316382,82.34402498223078,40.017845153808594,67.71466064453125,29.0,83.0,31.0,193.0,20.25,91.75,21.5,202.5,29.0,83.0,31.0,193.0,347.0,18.0,295.0,10.0,491.0,11.0
368,0.0,0.0,241216.89056003533,7,210318.77100032519,212268.7511716655,-0.12809268657751838,-0.12000875776634334,-0.12060583564501826,3.9693298430968045,155,76,0.0022059637214649954,0.18502124244044552,0.20912870952926338,1949.9801713405495,3589960.342681099,226106.1995719832,1794.9801713405495,155.0,1269.0,2259.0,0.0,39.0,33.0,0.0,68,39.524769875611206,70.3783556118673,33.0,68.69393157958984,39.0,153.0,33.0,251.0,26.75,165.25,24.25,259.75,39.0,153.0,33.0,251.0,410.0,24.0,741.0,22.0,744.0,10.0
369,0.0,0.0,163043.58992548767,18,130590.9812413532,132016.04304272126,-0.1990425302765082,-0.19030215721419208,-0.19079439483255,3.831211795903763,357,172,0.0052619110895729855,0.17005528691603716,0.07951158700120185,1425.061801368196,2136123.602736392,139389.5532622526,1068.061801368196,357.0,2762.0,6310.0,0.0,76.0,91.0,0.0,137,54.041456252304684,88.68188267770118,35.199134826660156,83.0,76.0,753.0,91.0,1546.0,55.5,773.5,63.0,1574.0,76.0,753.0,91.0,1546.0,1336.0,59.0,1012.0,34.0,1454.0,28.0
370,0.0,0.0,351731.495839617,9,306844.1098110135,309562.79781989945,-0.12761832977582221,-0.11988888830969424,-0.12034651122162798,3.8456545767341135,210,100,0.005365101475759894,0.16682643023104002,0.21175472212675084,2718.6880088861367,5017376.017772271,326171.78153018304,2508.688008886136,210.0,1193.0,3343.0,0.0,41.0,60.0,0.0,91,46.002880049184164,89.63868605608808,43.0,67.64277648925781,41.0,229.0,60.0,489.0,30.0,240.0,39.0,510.0,41.0,229.0,60.0,489.0,721.0,37.0,569.0,22.0,831.0,14.0
371,0.0,0.0,117222.54297430348,13,117570.2043688249,118925.03941175614,0.0029658236862992737,0.014523626550448254,0.014544464338903662,4.49725489212816,300,140,0.00688656613339556,0.16192339392256513,0.12500544278664144,1354.8350429313516,2109670.0858627018,117275.43448534548,1054.835042931351,300.0,2641.0,3911.0,0.0,83.0,64.0,0.0,122,57.26474160611895,57.78235889969375,43.0,51.85788345336914,83.0,591.0,64.0,848.0,55.75,618.25,44.5,867.5,83.0,591.0,64.0,848.0,688.0,39.0,1384.0,41.0,1234.0,16.0
372,0.0,0.0,20873.79091151164,28,19383.96039341172,20111.727047349006,-0.07137326058384053,-0.036508167940992764,-0.037320934771784775,4.2931733712260485,555,224,0.004218647307060812,0.15992128775351688,0.05538092881486734,727.7666539372922,345533.30787458335,20121.089809139576,172.76665393729166,555.0,5815.0,8246.0,0.0,175.0,128.0,0.0,215,57.36857409243163,80.19495999116094,38.0,63.227195739746094,175.0,2510.0,128.0,3187.0,118.0,2567.0,91.25,3223.75,175.0,2510.0,128.0,3187.0,1575.0,84.0,2867.0,84.0,2273.0,30.0
373,0.0,0.0,90363.8973794248,21,86282.48406282131,87276.3062660391,-0.04516641529377852,-0.0341684146315796,-0.03439680872369255,3.4203159791682083,393,182,0.0057901748761327,0.15879875138986743,0.06269935947949869,993.8222032178471,1201644.4064356936,87831.3885145725,600.8222032178468,393.0,3710.0,6874.0,0.0,118.0,72.0,0.0,155,59.17081528740622,103.91154632745526,41.00810623168945,85.5,118.0,1180.0,72.0,1885.0,82.75,1215.25,47.5,1909.5,118.0,1180.0,72.0,1885.0,1459.0,52.0,1837.0,55.0,2149.0,20.0
374,0.0,0.0,37135.2737712399,9,34094.463587307175,34530.53828625579,-0.08188468469802257,-0.07014181451925638,-0.07000298063757182,3.848599544020313,180,81,0.007954483944533911,0.1681905261211506,0.1629729255229617,436.0746989486394,512149.39789727866,33268.55600584769,256.0746989486393,180.0,1815.0,2721.0,0.0,50.0,40.0,0.0,78,66.3178210573349,75.04621654139041,53.13125228881836,58.65458679199219,50.0,267.0,40.0,345.0,30.25,286.75,25.5,359.5,50.0,267.0,40.0,345.0,569.0,30.0,915.0,20.0,901.0,15.0
375,0.0,0.0,19047.537513765143,5,21236.439611642603,21479.403449426663,0.1149178520475731,0.1276735081321707,0.12838041104882603,3.376361665445522,107,52,0.011261821861364039,0.20439990654938672,0.27937174247950175,242.96383778407275,271927.67556814535,20134.66732186284,135.96383778407267,107.0,1373.0,1147.0,0.0,32.0,18.0,0.0,48,90.358641297724,62.97275442587814,87.10285949707031,60.0,32.0,121.0,18.0,69.0,18.25,134.75,12.5,74.5,32.0,121.0,18.0,69.0,210.0,9.0,609.0,17.0,319.0,4.0
376,0.0,0.0,201986.4018081055,20,197004.55887630812,198834.0749972211,-0.02466424911381071,-0.015606628875340034,-0.015344741484085267,3.80061768352715,386,176,0.004251374971510381,0.16586879271371338,0.07760394197088195,1829.5161209132536,2887032.24182651,189905.46288960127,1443.516120913255,386.0,3164.0,6916.0,0.0,100.0,90.0,0.0,158,50.49112030448028,91.00831880554482,39.0,72.0,100.0,931.0,90.0,2039.0,67.5,963.5,58.5,2070.5,100.0,931.0,90.0,2039.0,1423.0,58.0,1361.0,47.0,1836.0,28.0
377,0.0,0.0,200747.69683316763,30,184859.36892578632,187028.054949105,-0.07914575438733618,-0.06834271127635616,-0.06869164649914761,4.067194671367911,623,271,0.002997186539330561,0.1580583206303351,0.04742561037931041,2168.6860233189454,3091372.046637894,190018.69202379358,1545.686023318947,623.0,5153.0,9966.0,0.0,176.0,146.0,0.0,217,48.16941397658442,88.32607586407887,37.5,81.5,176.0,2348.0,146.0,3839.0,120.75,2403.25,99.75,3885.25,176.0,2348.0,146.0,3839.0,2032.0,89.0,2266.0,85.0,3182.0,35.0
378,0.0,0.0,35031.26214305354,16,29550.020872894474,30113.40353281172,-0.15646713634741116,-0.1403848536818133,-0.14137212192245696,3.9702489433383317,315,144,0.004514640814846962,0.15815755908910897,0.09017372347740428,563.3826599172702,496765.31983453967,31280.489392740765,248.38265991726985,315.0,2924.0,5140.0,0.0,88.0,67.0,0.0,123,65.19257858451573,72.099369656715,49.55530548095703,55.0,88.0,747.0,67.0,1066.0,63.5,771.5,45.5,1087.5,88.0,747.0,67.0,1066.0,953.0,40.0,1387.0,41.0,1372.0,20.0
379,0.0,0.0,75991.76883900887,24,69065.94807002053,70073.23466747096,-0.09113909144108656,-0.07788388482016428,-0.07802755939297956,3.898102722455665,465,206,0.004626280612376762,0.16165981977881141,0.06129815083235899,1007.2865974505124,1084573.1949010256,69557.7613086722,542.2865974505128,465.0,4343.0,7743.0,0.0,121.0,114.0,0.0,186,58.29579761834555,90.2305651523298,44.0,75.21241760253906,121.0,1625.0,114.0,2603.0,82.0,1664.0,74.75,2642.25,121.0,1625.0,114.0,2603.0,1516.0,72.0,2036.0,56.0,2233.0,30.0
380,0.0,0.0,11811.388449131553,22,9442.916315777204,9892.003309908108,-0.2005244466859012,-0.16250292228468444,-0.16466974551515345,3.741939280932497,373,156,0.007760957525884939,0.16341164115720958,0.06257095330928712,449.0869941309088,152173.9882618181,10166.786312998116,76.08699413090905,373.0,3485.0,7549.0,0.0,96.0,99.0,0.0,155,57.434550635962815,103.87826800106288,31.5,73.0,96.0,1104.0,99.0,2098.0,70.0,1130.0,67.25,2129.75,96.0,1104.0,99.0,2098.0,1608.0,65.0,1092.0,33.0,1935.0,29.0
381,0.0,0.0,494986.0892742401,22,465117.6023860191,469321.152544033,-0.06034207331364572,-0.051849814138893446,-0.05185467000361521,4.054598807173761,453,211,0.006320708469784791,0.16341981422886612,0.09024554782612652,4203.550158014436,7501100.316028877,462505.7048034725,3750.5501580144387,453.0,3382.0,7706.0,0.0,107.0,113.0,0.0,180,50.26115295266477,84.86045495609723,35.539947509765625,72.79782104492188,107.0,1232.0,113.0,2508.0,76.75,1262.25,76.75,2544.25,107.0,1232.0,113.0,2508.0,1546.0,70.0,2045.0,63.0,1762.0,18.0
382,0.0,0.0,18688.957113059012,11,13057.017008892399,13355.288289995642,-0.30135122415317994,-0.2853914635684214,-0.2875196430698712,3.2322134990600904,199,97,0.004120856587572013,0.16970759652414197,0.13325711719178207,298.27128110325987,198542.56220651988,15356.547630923433,99.27128110325994,199.0,1459.0,4061.0,0.0,42.0,49.0,0.0,86,65.20115088407326,104.01978489913243,49.268943786621094,80.6337661743164,42.0,249.0,49.0,603.0,31.25,259.75,34.0,618.0,42.0,249.0,49.0,603.0,850.0,38.0,875.0,24.0,1184.0,19.0
383,0.0,0.0,158160.8380881239,30,144775.38599317867,146412.8295154631,-0.0846318991271856,-0.0742788715251691,-0.07445079591749815,3.6402960899011543,569,243,0.00313239496339455,0.15593432570342697,0.04732156223729569,1637.4435222845605,2136887.044569122,146752.28276741257,1068.4435222845611,569.0,5769.0,9351.0,0.0,169.0,127.0,0.0,208,61.60716622532055,89.00844414854016,53.0,72.0,169.0,2445.0,127.0,3499.0,113.75,2500.25,88.75,3537.25,169.0,2445.0,127.0,3499.0,1856.0,85.0,2801.0,87.0,3257.0,40.0
384,0.0,0.0,168918.43935944713,23,168759.86137886124,170683.38827577417,-0.0009387843102697246,0.010448527247941986,0.011007517012893153,4.513492624069674,486,219,0.0034918986613399657,0.156755737272483,0.059581839749495116,1923.5268969131155,2875053.7938262313,159247.728604566,1437.5268969131157,486.0,3784.0,7808.0,0.0,129.0,115.0,0.0,180,57.38870994054866,78.19838947219375,39.32893371582031,62.0,129.0,1379.0,115.0,2517.0,90.0,1418.0,74.0,2558.0,129.0,1379.0,115.0,2517.0,1623.0,75.0,1719.0,47.0,2554.0,34.0
385,0.0,0.0,102720.77876211952,30,94925.71371113972,96286.44894285875,-0.07588596138889858,-0.06263902880021344,-0.06316101136814933,3.9089469213225745,591,260,0.0033085397366844995,0.15793610823603244,0.049470433321813244,1360.73523171915,1539470.4634382997,98458.13299745618,769.7352317191499,591.0,5460.0,9651.0,0.0,174.0,127.0,0.0,215,58.907105061231164,88.11194304104826,45.88298797607422,62.0,174.0,2428.0,127.0,3720.0,115.5,2486.5,87.0,3760.0,174.0,2428.0,127.0,3720.0,1945.0,80.0,2628.0,80.0,2603.0,30.0
386,0.0,0.0,41583.743824255114,18,38937.413998978,39655.63900943092,-0.06363856598533468,-0.04636679234493468,-0.04645713089362713,4.322295517614128,380,178,0.003093086772251338,0.1601177911959003,0.0816740863556538,718.2250104529365,676450.0209058719,39125.62307165353,338.2250104529359,380.0,3292.0,5779.0,0.0,109.0,75.0,0.0,145,56.08637271214909,79.0507479461646,39.152034759521484,58.228736877441406,109.0,956.0,75.0,1469.0,78.5,986.5,56.0,1488.0,109.0,956.0,75.0,1469.0,1113.0,54.0,1559.0,48.0,1543.0,18.0
387,0.0,0.0,484631.50094237074,26,502664.11774417525,507405.25866940385,0.03720892423777644,0.0469919055669088,0.047551606175923355,4.451046150295788,532,234,0.0039632271020864866,0.15481900556095546,0.06135896368952233,4741.140925229408,8418281.850458814,472826.02596130065,4209.140925229407,532.0,5105.0,7999.0,0.0,156.0,116.0,0.0,198,53.52563664979949,81.32942470008236,39.92303466796875,59.0,156.0,2024.0,116.0,2852.0,105.25,2074.75,81.5,2886.5,156.0,2024.0,116.0,2852.0,1510.0,82.0,2229.0,70.0,1521.0,34.0
388,0.0,0.0,76752.51030290623,23,62768.1242287898,63731.97136816456,-0.18220102533358984,-0.1696431671531745,-0.1709738230800305,3.851773023272324,424,192,0.004515008655992431,0.15961712097184452,0.05623443649864021,963.8471393748716,1079694.278749744,70077.74551007133,539.847139374872,424.0,4207.0,7385.0,0.0,112.0,97.0,0.0,163,50.90259838473975,85.76377212671238,40.5,73.0,112.0,1363.0,97.0,2177.0,80.0,1395.0,71.0,2203.0,112.0,1363.0,97.0,2177.0,1463.0,65.0,1694.0,48.0,2448.0,32.0
389,0.0,0.0,26486.332114805446,29,24698.127482292406,25417.93038190364,-0.06751424186489985,-0.040337851548141956,-0.040008752769187916,3.8652054619379688,530,225,0.005489858373674791,0.15671803285799313,0.04664875611257264,719.8028996112452,379605.7992224896,24552.756830173763,189.80289961124478,530.0,4800.0,9807.0,0.0,154.0,122.0,0.0,200,54.49405037558849,98.71689030838652,44.766605377197266,80.40558624267578,154.0,1944.0,122.0,3576.0,105.0,1993.0,85.0,3613.0,154.0,1944.0,122.0,3576.0,2032.0,81.0,1870.0,69.0,2922.0,33.0
390,0.0,0.0,114080.78453080586,28,104722.2239081309,105957.55522270994,-0.08203450441864579,-0.07120593833137923,-0.071635520182736,3.4409621954096936,487,220,0.0036870277892314418,0.1594583879551669,0.051360589596986944,1235.3313145791474,1496662.6291582943,108738.67134858889,748.3313145791471,487.0,4406.0,9706.0,0.0,99.0,140.0,0.0,180,72.92409336773379,78.69178056848989,62.0,63.0,99.0,1664.0,140.0,3137.0,67.5,1695.5,100.25,3176.75,99.0,1664.0,140.0,3137.0,2107.0,96.0,1841.0,41.0,2545.0,32.0
391,0.0,0.0,23350.2028598871,13,19130.60048882032,19514.7179689603,-0.18070945234979352,-0.1642591678514156,-0.16564954717600278,3.6945593871570965,229,105,0.006290221618434491,0.1734088702906228,0.11895602491994027,384.1174801399893,310234.9602799786,20992.690045693063,155.11748013998928,229.0,2469.0,4083.0,0.0,60.0,51.0,0.0,95,69.45835177201872,104.0551697044105,53.377655029296875,84.87101745605469,60.0,467.0,51.0,657.0,44.25,482.75,33.0,675.0,60.0,467.0,51.0,657.0,881.0,33.0,1277.0,26.0,1109.0,15.0
392,0.0,0.0,10056.970331530849,18,9347.925437522057,9729.153007190158,-0.07050283242715527,-0.032596031760470656,-0.03227866066046703,3.737927795162034,311,134,0.007017951073141539,0.16114836528974197,0.07382734346364099,381.2275696681029,140455.13933620582,9393.91736766529,70.22756966810292,311.0,3605.0,5445.0,0.0,83.0,76.0,0.0,126,62.60850752216743,76.26834486049556,47.0,61.007137298583984,83.0,896.0,76.0,1202.0,57.5,921.5,53.25,1224.75,83.0,896.0,76.0,1202.0,1111.0,50.0,1585.0,34.0,1307.0,25.0
393,0.0,0.0,13730.20111736663,13,12021.220055613661,12355.570553133519,-0.12446875665873292,-0.10011729270989422,-0.10109800882902531,3.7802422376852953,240,103,0.008866659726758305,0.16903102794794675,0.1256676603647438,334.35049751986446,188700.99503972888,12479.424807659523,94.35049751986445,240.0,2190.0,4358.0,0.0,60.0,64.0,0.0,103,51.19477192811656,86.09618902493139,41.384056091308594,74.5,60.0,463.0,64.0,751.0,39.25,483.75,44.5,770.5,60.0,463.0,64.0,751.0,863.0,35.0,1258.0,33.0,1152.0,19.0
394,0.0,0.0,209981.3061660522,24,190452.3388692124,192411.58602954456,-0.09300336136301768,-0.08367278238860743,-0.08388839114637536,3.8959742276801963,446,200,0.005711009701768839,0.15819461148125089,0.06118439409112418,1959.2471603324832,3026494.320664967,194206.51573887918,1513.2471603324834,446.0,3909.0,8187.0,0.0,118.0,104.0,0.0,172,57.367039058679346,94.27042732606695,44.36758804321289,94.18299865722656,118.0,1356.0,104.0,2550.0,79.0,1395.0,72.25,2581.75,118.0,1356.0,104.0,2550.0,1708.0,64.0,1649.0,57.0,2177.0,35.0
395,0.0,0.0,26563.182600111468,17,25708.442714338504,26344.5434704386,-0.03217761586178969,-0.00823090865896281,-0.008261776314586022,4.357820605658857,411,191,0.0052685654677979065,0.1574638672090238,0.08231321203256776,636.1007561001168,450201.51220023516,25827.21691294641,225.1007561001176,411.0,3087.0,5479.0,0.0,108.0,95.0,0.0,157,39.31775123079146,74.82160493073002,27.90814208984375,63.008270263671875,108.0,969.0,95.0,1496.0,76.0,1001.0,65.5,1525.5,108.0,969.0,95.0,1496.0,1034.0,59.0,1515.0,58.0,1652.0,26.0
396,0.0,0.0,19860.937578307687,25,17998.182429458182,18616.363674218996,-0.09378988990348691,-0.06266440842390175,-0.06395089811540255,3.8777006297586087,471,200,0.004815057798130055,0.1548707703531914,0.05576431123519779,618.1812447608452,294362.4895216905,18977.9019596476,147.18124476084526,471.0,4009.0,8573.0,0.0,124.0,122.0,0.0,187,60.77970019150934,91.72205203568686,49.00115203857422,72.5,124.0,1580.0,122.0,2840.0,88.0,1616.0,83.75,2878.25,124.0,1580.0,122.0,2840.0,1788.0,79.0,1424.0,51.0,2200.0,29.0
397,0.0,0.0,13149.115825801628,16,12658.554410236944,13068.568718327695,-0.03730755908333305,-0.006125667196259732,-0.005052912407813914,3.5878371357917707,322,133,0.007646700205987357,0.1600785802337234,0.09488375320215882,410.0143080907617,176028.61618152336,12265.649855276739,88.01430809076169,322.0,3275.0,4738.0,0.0,99.0,74.0,0.0,140,65.0521563854725,77.70812063830813,34.0,68.5,99.0,866.0,74.0,1183.0,64.5,900.5,50.0,1207.0,99.0,866.0,74.0,1183.0,971.0,45.0,1783.0,54.0,1468.0,16.0
398,0.0,0.0,379913.6501707612,25,319212.8154260876,322552.31368275086,-0.15977534557494888,-0.15098519482579253,-0.15134374305451148,4.285882718524491,501,231,0.004216380044188932,0.15883312012382433,0.06625664472478054,3339.4982566636227,5676996.513327241,331145.115613527,2838.4982566636204,501.0,4171.0,8429.0,0.0,118.0,127.0,0.0,196,59.450802662052844,77.65580940028089,43.540077209472656,57.0,118.0,1670.0,127.0,2985.0,82.75,1705.25,96.25,3015.75,118.0,1670.0,127.0,2985.0,1649.0,81.0,2075.0,59.0,2017.0,36.0
399,0.0,0.0,379851.60527536715,22,335239.9684218838,338205.163836189,-0.11744490804808594,-0.10963871380505874,-0.10999717962909117,3.6375250726806994,420,196,0.004396808830800242,0.157059598020417,0.063382784385739,2965.195414305203,5090390.8286104,349852.6282912327,2545.1954143052,420.0,3273.0,7815.0,0.0,92.0,110.0,0.0,164,51.546724792762035,84.34417895665548,44.0,66.0,92.0,1133.0,110.0,2273.0,69.5,1155.5,71.25,2311.75,92.0,1133.0,110.0,2273.0,1602.0,73.0,1347.0,41.0,2476.0,32.0
400,0.0,0.0,443932.6458461097,6,468621.768399948,472861.17666730884,0.05561456852712943,0.06516423401586757,0.06645012856495014,4.978477274622334,161,79,0.007598059847849708,0.1779227123403593,0.21295629390311513,4239.408267361271,8156816.534722545,409603.98555506713,4078.4082673612725,161.0,1406.0,1618.0,0.0,51.0,25.0,0.0,68,46.7922327522172,59.21329584938344,43.0,52.275390625,51.0,171.0,25.0,161.0,32.0,190.0,22.0,164.0,51.0,171.0,25.0,161.0,262.0,18.0,629.0,24.0,619.0,12.0
401,0.0,0.0,87851.29794132011,17,92830.89638435518,93855.49275571953,0.0566821271822433,0.06834497560195296,0.06896776233842283,3.93632615341431,337,154,0.005617479242651084,0.17863443401736584,0.1006725382734829,1024.5963713644617,1375192.7427289234,87339.86267474953,687.5963713644618,337.0,2951.0,5617.0,0.0,79.0,87.0,0.0,129,57.2466469765222,83.01283557059512,45.0,60.0,79.0,800.0,87.0,1227.0,56.0,823.0,57.75,1256.25,79.0,800.0,87.0,1227.0,1085.0,62.0,1600.0,36.0,1272.0,18.0
402,0.0,0.0,301196.99483665475,25,286315.0349287459,288974.82425424404,-0.04940939040902337,-0.0405786604512407,-0.04051709097422618,3.826631877040731,501,232,0.0026687014641572967,0.15995979813555317,0.06052354305164587,2659.789325498534,4317578.650997069,282074.3404207465,2158.7893254985343,501.0,4456.0,8144.0,0.0,143.0,101.0,0.0,188,56.452429873021444,75.25437957284154,43.95334243774414,62.0,143.0,1734.0,101.0,2722.0,101.75,1775.25,73.5,2749.5,143.0,1734.0,101.0,2722.0,1649.0,66.0,1988.0,70.0,2295.0,24.0
403,0.0,0.0,17076.703927099967,11,18202.276938544543,18594.300018575897,0.06591277896774583,0.08886938006037415,0.09089778577171681,4.4513340545274165,243,119,0.004010994887340739,0.17375072580375744,0.1299394851583968,392.02308003136824,298046.16006273625,16739.148107722664,149.02308003136812,243.0,2086.0,3458.0,0.0,61.0,52.0,0.0,101,51.219481316511114,65.5369924038708,35.0,51.922889709472656,61.0,384.0,52.0,614.0,49.0,396.0,34.25,631.75,61.0,384.0,52.0,614.0,710.0,35.0,1027.0,28.0,948.0,16.0
404,0.0,0.0,360623.9758835992,5,294398.6350382584,296850.9255071113,-0.18364098139364082,-0.17684084986371595,-0.17755416333509222,3.590813699323018,102,50,0.010526464781582642,0.1972568516241704,0.2550396940979952,2452.2904688532462,4700580.937706494,327264.3285972134,2350.290468853247,102.0,636.0,1884.0,0.0,24.0,23.0,0.0,46,56.40122735892718,76.86680532289337,37.99623489379883,68.0,24.0,47.0,23.0,136.0,16.0,55.0,13.75,145.25,24.0,47.0,23.0,136.0,408.0,17.0,260.0,6.0,571.0,8.0
405,0.0,0.0,84442.42006221344,21,71294.74224742818,72150.14519304917,-0.1556999172347101,-0.14556990266394376,-0.14621576573677753,3.17582827536406,372,163,0.004442283111114624,0.16163778296983966,0.07059736980289141,855.4029456210351,966805.8912420692,76106.59388779764,483.40294562103463,372.0,3812.0,6762.0,0.0,109.0,79.0,0.0,154,74.15217188537224,113.67498529743649,49.05634689331055,97.0,109.0,1207.0,79.0,1837.0,74.5,1241.5,52.75,1863.25,109.0,1207.0,79.0,1837.0,1342.0,50.0,2051.0,69.0,2182.0,26.0
406,0.0,0.0,10134.81773048257,8,9250.03192469842,9460.71956731016,-0.08730160021753253,-0.06651310177438319,-0.06746649949191119,3.4929981745996743,143,66,0.006154070002946578,0.16052369617007392,0.1780451746642878,210.68764261174985,135375.28522349978,9689.046376256329,67.6876426117499,143.0,1409.0,2623.0,0.0,40.0,29.0,0.0,62,56.760868579539874,85.01274422581422,41.0,69.0,40.0,179.0,29.0,248.0,29.0,190.0,19.5,257.5,40.0,179.0,29.0,248.0,517.0,23.0,879.0,22.0,952.0,7.0
407,0.0,0.0,30938.928212403138,10,28228.595509323513,28713.609773396714,-0.08760266950660156,-0.07192616446597888,-0.07154127447918202,4.732858820927132,225,102,0.008472125483978491,0.17092232677042468,0.1457016247014427,485.0142640732352,520028.52814647066,27469.049248156156,260.0142640732353,225.0,1541.0,3496.0,0.0,57.0,56.0,0.0,99,47.908535948936226,68.38324885571184,29.0,54.27771759033203,57.0,328.0,56.0,547.0,38.75,346.25,38.75,564.25,57.0,328.0,56.0,547.0,714.0,38.0,651.0,24.0,910.0,13.0
408,0.0,0.0,250833.69993859978,14,179145.92313233568,181014.98502337513,-0.28579802803136967,-0.27834662938957244,-0.279597027023602,3.7229750767473497,283,138,0.0035157700815423008,0.15173037063902103,0.1112512186248179,1869.0618910395985,3172123.7820792007,213010.0065597665,1586.0618910396004,283.0,1886.0,5170.0,0.0,67.0,64.0,0.0,110,41.69051237723817,80.36124966894812,28.0,62.6995964050293,67.0,427.0,64.0,982.0,52.0,442.0,44.5,1001.5,67.0,427.0,64.0,982.0,949.0,44.0,1102.0,35.0,1364.0,13.0
409,0.0,0.0,484393.17075979727,9,442001.84938771924,445582.2750064904,-0.0875142837079741,-0.08012271455526476,-0.0798300392459611,4.022421936783969,188,89,0.007415319879193828,0.1765637398069359,0.17358879606705158,3580.4256187715055,6784851.23754301,421689.42891702673,3392.425618771505,188.0,1702.0,2834.0,0.0,51.0,39.0,0.0,77,46.79768153610198,69.99306830673186,41.0,60.0,51.0,253.0,39.0,350.0,34.5,269.5,27.25,361.75,51.0,253.0,39.0,350.0,520.0,26.0,886.0,27.0,680.0,7.0
410,0.0,0.0,13540.918819161649,24,13718.305608233257,14348.860647160958,0.013100055575297365,0.05966669166172078,0.061259841275347116,4.706914756080561,504,214,0.007832706813127085,0.16090919747323346,0.060205379562720124,630.555038927728,253110.07785545653,13443.523569684361,126.55503892772828,504.0,4468.0,7574.0,0.0,156.0,110.0,0.0,204,51.44972989067637,75.10205064294041,40.29414367675781,63.04439163208008,156.0,1852.0,110.0,2764.0,108.5,1899.5,79.0,2795.0,156.0,1852.0,110.0,2764.0,1557.0,78.0,1822.0,66.0,1677.0,29.0
411,0.0,0.0,42648.30739056135,7,39938.69847745727,40363.56643923502,-0.06353379721005648,-0.05357166769605426,-0.0540208989794716,3.4125502899278954,140,69,0.00634704368838931,0.1850383026158608,0.2120538250865281,424.8679617777788,569735.9235555577,41738.28040257216,284.8679617777789,140.0,1478.0,2050.0,0.0,29.0,35.0,0.0,58,46.03245328414548,79.32629213860622,34.0,71.0,29.0,159.0,35.0,183.0,20.5,167.5,23.75,194.25,29.0,159.0,35.0,183.0,389.0,25.0,598.0,14.0,436.0,10.0
412,0.0,0.0,18647.399758279822,11,19671.52045603351,20046.46235877538,0.05492029510972207,0.07502722195218392,0.07623376427512363,3.8700039502168306,232,110,0.007002014893022524,0.17371966441616987,0.14155537095293458,374.94190274188907,285883.80548377824,18467.92723995544,142.94190274188912,232.0,2044.0,3498.0,0.0,68.0,43.0,0.0,102,60.501923661396575,72.52173351792388,54.0,51.0723762512207,68.0,418.0,43.0,592.0,46.5,439.5,31.25,603.75,68.0,418.0,43.0,592.0,714.0,20.0,968.0,35.0,920.0,10.0
413,0.0,0.0,48300.614263405405,19,41128.17633387346,41814.60489782606,-0.14849579118015666,-0.1342842004080561,-0.13498813372483665,3.7559821700846214,362,159,0.005258958770145399,0.1645361788849008,0.08043575369629649,686.4285639526323,648857.1279052639,43188.2460114717,324.428563952632,362.0,3520.0,6054.0,0.0,81.0,103.0,0.0,142,54.63354625922647,88.55735534797216,34.0,74.39116668701172,81.0,1075.0,103.0,1438.0,54.5,1101.5,70.0,1471.0,81.0,1075.0,103.0,1438.0,1183.0,71.0,1630.0,40.0,1838.0,28.0
414,0.0,0.0,13683.347180117824,22,12597.158879889741,13123.745258395544,-0.07938030702066345,-0.040896566779756394,-0.042948076860886086,3.9850109875441486,419,178,0.005094482748650686,0.1669323088722467,0.06786012048558913,526.5863785058226,215172.75701164472,13498.881037229567,107.58637850582237,419.0,3991.0,7064.0,0.0,115.0,104.0,0.0,164,55.40177892613869,87.2302067078555,44.63785934448242,68.0,115.0,1361.0,104.0,2022.0,76.0,1400.0,75.75,2050.25,115.0,1361.0,104.0,2022.0,1494.0,71.0,1703.0,50.0,2026.0,28.0
415,0.0,0.0,12986.535857613382,30,12489.024218397624,13167.62973624323,-0.038309803682102905,0.01394474096983167,0.01565439107013833,4.2638137652186625,574,226,0.004596863074228973,0.16080965913794262,0.0441013050869928,678.6055178456148,209211.03569122902,12266.661210547734,104.60551784561451,574.0,5402.0,9646.0,0.0,178.0,140.0,0.0,230,62.23376691604843,81.53848104622114,48.741180419921875,62.5,178.0,2657.0,140.0,3889.0,127.75,2707.25,95.25,3933.75,178.0,2657.0,140.0,3889.0,2014.0,93.0,2610.0,82.0,2691.0,38.0
416,0.0,0.0,117371.71618773973,16,128561.10183685667,129732.75545287396,0.09533289631054864,0.10531531502327485,0.10597748589704237,3.5226232472934242,326,151,0.005600877700514503,0.16231966166971246,0.10531713301078109,1171.6536160173837,1691307.2320347675,120031.79969176864,845.6536160173838,326.0,3207.0,4857.0,0.0,90.0,69.0,0.0,133,60.59493741199042,84.00502738588831,45.927757263183594,54.88774490356445,90.0,874.0,69.0,1095.0,59.0,905.0,48.5,1115.5,90.0,874.0,69.0,1095.0,976.0,50.0,1698.0,46.0,1203.0,16.0
417,0.0,0.0,40708.66027348993,8,38876.51964718577,39325.47240876169,-0.045006163651552855,-0.033977729933524436,-0.03429422836150553,3.7315250373633884,151,68,0.0129121448996792,0.1791575502245863,0.20051172492525757,448.95276157595265,595905.5231519048,39923.72536598054,297.9527615759524,151.0,1313.0,2719.0,0.0,36.0,39.0,0.0,70,60.1791574322267,79.23947644847009,33.38706970214844,79.50239562988281,36.0,172.0,39.0,313.0,22.5,185.5,27.0,325.0,36.0,172.0,39.0,313.0,533.0,24.0,576.0,16.0,583.0,9.0
418,0.0,0.0,13101.163513715113,6,14087.776266095252,14300.799499786423,0.07530726193496418,0.09156713331723987,0.09240767280306539,3.886733633722857,109,51,0.006881422259190636,0.17050558081245457,0.2653750576052236,213.02323369118162,208046.46738236348,13381.832084997352,104.02323369118174,109.0,805.0,2185.0,0.0,26.0,26.0,0.0,50,63.73753221557574,135.58024744642114,38.757354736328125,118.25328826904297,26.0,72.0,26.0,174.0,19.5,78.5,16.0,184.0,26.0,72.0,26.0,174.0,493.0,17.0,283.0,9.0,551.0,7.0
419,0.0,0.0,17108.199114524235,22,14132.607903740029,14704.170068726207,-0.17392778695555622,-0.1405191177461277,-0.14201621402588738,4.1920909500663095,445,181,0.005163234970762628,0.16218561165796022,0.0655989179785325,571.5621649862022,253124.3299724037,15095.350565354496,126.56216498620185,445.0,3552.0,7524.0,0.0,126.0,116.0,0.0,183,45.19764447571621,83.24857575382576,29.0,58.0,126.0,1308.0,116.0,2471.0,87.5,1346.5,83.75,2503.25,126.0,1308.0,116.0,2471.0,1485.0,66.0,1686.0,65.0,2278.0,32.0
420,0.0,0.0,88220.19785327351,15,72708.55519958556,73562.0711313706,-0.17582869944915192,-0.16615386361161966,-0.16690087948620824,3.5382567733026438,301,136,0.0036886825581819113,0.1623594807496549,0.09138835377472512,853.5159317850741,1105031.8635701495,78077.42162100787,552.5159317850748,301.0,2057.0,5503.0,0.0,71.0,79.0,0.0,123,62.749582280364095,102.58143550299008,46.0,85.0,71.0,542.0,79.0,1153.0,45.0,568.0,48.0,1184.0,71.0,542.0,79.0,1153.0,1151.0,54.0,847.0,32.0,1716.0,22.0
421,0.0,0.0,75378.039211936,27,68635.14039628422,69764.4325417688,-0.0894544204936557,-0.07447270755324054,-0.07496519794514256,4.099398271333983,547,244,0.004013176764909792,0.15713652072136342,0.052375710284339586,1129.2921454846773,1164584.2909693546,71021.6606125457,582.2921454846773,547.0,4983.0,8616.0,0.0,160.0,116.0,0.0,200,53.648479664536964,81.90862652245985,40.48469543457031,67.31846618652344,160.0,2001.0,116.0,3120.0,109.75,2051.25,78.75,3157.25,160.0,2001.0,116.0,3120.0,1660.0,70.0,2249.0,68.0,2758.0,40.0
422,0.0,0.0,96674.04627079214,10,71071.02201063023,71935.31311486661,-0.2648386536800754,-0.2558983937284497,-0.25676509305066664,4.057860131489718,225,110,0.0064974669729895,0.1778297811805481,0.1345324470809923,864.2911042364663,1278582.208472931,78771.94919502678,639.2911042364656,225.0,1331.0,3705.0,0.0,40.0,65.0,0.0,97,44.66354251637127,76.62270757014228,33.240478515625,64.3475341796875,40.0,249.0,65.0,615.0,29.5,259.5,45.5,634.5,40.0,249.0,65.0,615.0,792.0,42.0,637.0,20.0,913.0,17.0
423,0.0,0.0,15164.418600487106,15,14761.049181754715,15166.569007090351,-0.026599728572477832,0.00014180606984659505,0.0005819515445386614,3.7032390865397655,297,132,0.008129900328911302,0.15521827853548914,0.09877028171726486,405.5198253356487,217039.65067129766,14652.014466212555,108.51982533564883,297.0,3023.0,4495.0,0.0,82.0,68.0,0.0,127,62.47601407003754,75.67670777043436,51.44962692260742,60.0,82.0,713.0,68.0,1036.0,57.0,738.0,46.5,1057.5,82.0,713.0,68.0,1036.0,939.0,44.0,1470.0,41.0,1366.0,15.0
424,0.0,0.0,74410.97077586724,18,60264.052547296094,61138.06014414114,-0.1901187161122112,-0.17837303415521,-0.17920478295348463,3.975389226636483,358,165,0.0045451457558559095,0.1611302367767657,0.07722214905194706,874.0075968450932,1032015.1936901876,64900.261009370406,516.0075968450939,358.0,2656.0,6416.0,0.0,81.0,94.0,0.0,140,48.437033656585434,73.61847224732108,30.0,52.0,81.0,805.0,94.0,1540.0,61.25,824.75,64.75,1569.25,81.0,805.0,94.0,1540.0,1264.0,55.0,1214.0,44.0,2024.0,33.0
425,0.0,0.0,185719.6905864231,10,178071.36813096062,179758.11824177438,-0.041182076231725095,-0.03209983995678989,-0.03167838256467548,4.41703620901069,209,100,0.00532146570617719,0.17844592910340507,0.16586226174091642,1686.7501108139218,2955500.2216278426,167278.46919155118,1477.7501108139213,209.0,1336.0,3704.0,0.0,47.0,52.0,0.0,92,52.305351440406056,83.25296219073007,32.0,71.52188110351562,47.0,260.0,52.0,561.0,37.5,269.5,34.75,578.25,47.0,260.0,52.0,561.0,825.0,40.0,468.0,20.0,967.0,12.0
426,0.0,0.0,165482.64252750998,14,160135.26327737863,161728.85011385198,-0.032313837683866975,-0.022683904222969842,-0.023124878886937372,3.9584800710641623,264,126,0.004449652900930016,0.16641903298137156,0.10183200936960375,1593.586836473492,2659173.6729469853,167941.58523021924,1329.5868364734927,264.0,2224.0,4832.0,0.0,67.0,57.0,0.0,108,44.68024893226303,87.92045162023413,34.0,74.66828918457031,67.0,429.0,57.0,959.0,46.25,449.75,42.75,973.25,67.0,429.0,57.0,959.0,1044.0,39.0,770.0,21.0,1521.0,20.0
427,0.0,0.0,246973.99372538348,15,238152.48121933453,240138.71768337316,-0.03571838626806112,-0.027676096332679534,-0.02783588665692971,3.417287375208982,333,159,0.004398523647198675,0.16948809292617176,0.11694987402427771,1986.2364640389046,3306472.9280778095,241893.09860687412,1653.2364640389048,333.0,3160.0,4400.0,0.0,100.0,59.0,0.0,133,47.483743034807375,76.12242691304587,41.64887237548828,63.461021423339844,100.0,819.0,59.0,1017.0,68.5,850.5,39.0,1037.0,100.0,819.0,59.0,1017.0,835.0,36.0,1672.0,63.0,1425.0,16.0
428,0.0,0.0,440052.6689556262,13,401860.7347777139,405624.90333968267,-0.08678946151730638,-0.0782355568883395,-0.0786566504303976,4.152648620871395,276,133,0.0038331101237110638,0.16921341449109786,0.10674454641201715,3764.1685619693326,6976337.123938663,419993.22365461435,3488.1685619693317,276.0,2405.0,4147.0,0.0,72.0,58.0,0.0,115,58.73579270407268,72.7900677809876,46.76690673828125,74.5,72.0,548.0,58.0,817.0,49.25,570.75,40.5,834.5,72.0,548.0,58.0,817.0,871.0,35.0,1105.0,32.0,1214.0,19.0
429,0.0,0.0,23592.793452335194,30,21210.99354083374,21872.04229177547,-0.10095455276686216,-0.0729354565001461,-0.07373639378322139,3.6504371890091796,500,205,0.004199137260626351,0.15702977189515394,0.04665203532762663,661.0487509417337,322097.5018834665,22058.830573310854,161.04875094173326,500.0,5664.0,9425.0,0.0,158.0,107.0,0.0,181,57.95769802682478,108.31917361967852,42.28306198120117,81.0,158.0,2065.0,107.0,3091.0,107.0,2116.0,75.0,3123.0,158.0,2065.0,107.0,3091.0,1816.0,83.0,2288.0,63.0,2633.0,28.0
430,0.0,0.0,180373.15372809584,24,166519.341646903,168434.32085537,-0.07680639715418425,-0.06618963313533388,-0.06621799195259481,4.2066349144555355,517,238,0.0036407487488926762,0.1655131895326502,0.05715170739068322,1914.9792084671928,2795958.416934388,166163.6007041194,1397.9792084671942,517.0,4327.0,7769.0,0.0,134.0,121.0,0.0,183,45.81387756513273,77.20822777960898,37.59270477294922,65.60357666015625,134.0,1591.0,121.0,2546.0,97.5,1627.5,85.5,2581.5,134.0,1591.0,121.0,2546.0,1490.0,84.0,2009.0,67.0,2329.0,26.0
431,0.0,0.0,47898.32134993868,5,46463.735154673435,46928.692305743316,-0.02995065703418598,-0.020243486971315394,-0.019740534581324076,3.9925784801779116,118,59,0.007496032245624138,0.1944415913123085,0.254335511695577,464.95715106991514,693914.3021398304,43450.26062636777,346.9571510699152,118.0,772.0,1748.0,0.0,31.0,23.0,0.0,53,60.38658698922007,83.75200908464105,39.0,73.09293365478516,31.0,86.0,23.0,125.0,19.0,98.0,14.75,133.25,31.0,86.0,23.0,125.0,375.0,14.0,392.0,15.0,594.0,5.0
432,0.0,0.0,325869.9467312929,16,268808.4213417923,271518.1729881216,-0.17510520979878097,-0.16678977085293756,-0.16740208686710012,4.1212040896513145,316,155,0.003988067493709968,0.16315418240223914,0.09199541085135975,2709.7516463295838,4787503.292659162,290418.9642464553,2393.751646329581,316.0,2371.0,5693.0,0.0,73.0,72.0,0.0,122,48.511955101120584,89.13112351567115,31.755268096923828,63.382266998291016,73.0,576.0,72.0,1231.0,53.25,595.75,52.0,1251.0,73.0,576.0,72.0,1231.0,1078.0,34.0,1018.0,27.0,1960.0,23.0
433,0.0,0.0,80151.26999836465,6,78223.15827470586,78956.59152994805,-0.024055909827731092,-0.014905296802420809,-0.014596892002664563,4.12878611246985,117,58,0.005027513237902751,0.1765596897797182,0.21155106528698167,733.4332552422534,1232866.5104845064,74650.66468089592,616.4332552422532,117.0,851.0,2173.0,0.0,26.0,27.0,0.0,51,63.063557646218655,78.63091859260682,67.70820617675781,65.0,26.0,79.0,27.0,174.0,20.25,84.75,18.0,183.0,26.0,79.0,27.0,174.0,485.0,21.0,369.0,11.0,652.0,13.0
434,0.0,0.0,72645.02976715361,26,60069.68618743627,60973.71144968256,-0.1731067303575291,-0.16066231034498424,-0.1615186976486397,3.362008908086498,470,215,0.0038551042235550176,0.15756061280379685,0.050269723335473804,904.0252622464085,868050.524492817,64548.499738127684,434.0252622464085,470.0,4291.0,8811.0,0.0,127.0,102.0,0.0,172,67.97587125848733,87.33436422925061,52.0,78.5,127.0,1555.0,102.0,2687.0,89.0,1593.0,68.5,2720.5,127.0,1555.0,102.0,2687.0,1833.0,69.0,2055.0,68.0,3040.0,33.0
435,0.0,0.0,10057.194925158403,9,10430.730889742867,10717.055149121412,0.03714116782703014,0.06561076213332084,0.06687707124367903,4.114854991037467,204,93,0.010620257797051893,0.15856385558460012,0.1528709538330396,286.3242593785524,164648.51875710476,10003.300184072365,82.32425937855238,204.0,1817.0,2716.0,0.0,54.0,48.0,0.0,92,45.47634373372743,63.54457780645608,34.5,61.5,54.0,312.0,48.0,412.0,39.75,326.25,33.5,426.5,54.0,312.0,48.0,412.0,550.0,34.0,596.0,29.0,657.0,10.0
436,0.0,0.0,292041.7887986115,14,241501.8998394065,243649.80876711285,-0.17305704490824314,-0.16570224497860875,-0.16597049663578745,3.7474179095350704,304,137,0.006936878899864412,0.16816368816529484,0.10960853827677405,2147.908927706581,3687817.855413163,246023.9253026558,1843.9089277065816,304.0,2348.0,4708.0,0.0,77.0,76.0,0.0,123,53.99501603181778,87.46204021395236,34.48413848876953,72.0,77.0,580.0,76.0,989.0,52.0,605.0,51.0,1014.0,77.0,580.0,76.0,989.0,975.0,51.0,1381.0,45.0,1580.0,20.0
437,0.0,0.0,33789.70082522864,12,27365.84388959195,27817.255762575962,-0.19011286808554395,-0.1767534164787109,-0.1773300664586387,3.8250492499819035,231,111,0.004586645791481277,0.16976117736706206,0.12115935261476289,451.41187298405276,440823.74596810475,28811.638567149843,220.41187298405237,231.0,1673.0,4362.0,0.0,46.0,62.0,0.0,95,60.951488871965665,91.87180418443816,41.906761169433594,76.69412231445312,46.0,337.0,62.0,694.0,32.75,350.25,40.25,715.75,46.0,337.0,62.0,694.0,930.0,40.0,671.0,15.0,1202.0,14.0
438,0.0,0.0,122813.49442662678,9,117926.14506043801,119119.72355295313,-0.039794888900491765,-0.030076262310738566,-0.02966232162943916,4.349856800137808,215,108,0.005125673978686083,0.1732072077058898,0.15164972457250014,1193.5784925152345,1957156.9850304693,112483.98941365519,978.5784925152346,215.0,2181.0,2355.0,0.0,64.0,34.0,0.0,90,50.20582880749768,82.1884708570718,39.762718200683594,72.73301696777344,64.0,372.0,34.0,340.0,42.0,394.0,25.0,349.0,64.0,372.0,34.0,340.0,398.0,22.0,1042.0,32.0,675.0,13.0
439,0.0,0.0,13263.511773798491,8,11501.599386979839,11751.224915491612,-0.1328390562670767,-0.11401858603498494,-0.11448134984527614,4.0667417233482865,153,70,0.007012732199707322,0.17598215319959937,0.17778572780176308,249.62552851177935,193251.05702355862,11879.968668409096,96.62552851177931,153.0,1297.0,2735.0,0.0,37.0,38.0,0.0,68,51.55700118764229,96.7683470281592,48.0,85.5,37.0,170.0,38.0,299.0,28.0,179.0,27.5,309.5,37.0,170.0,38.0,299.0,646.0,27.0,579.0,12.0,683.0,7.0
440,0.0,0.0,375795.4394819515,22,316219.5553432992,319031.76833277964,-0.15853274914879212,-0.15104938800593948,-0.15182340170361253,3.394077312947322,432,195,0.002840840080628158,0.1683382541777377,0.07051540393675779,2812.212989480786,4760425.978961575,350642.12892279064,2380.2129894807877,432.0,3127.0,7961.0,0.0,116.0,99.0,0.0,163,53.0910499888576,96.59421416038482,42.469871520996094,81.0,116.0,1092.0,99.0,2279.0,82.75,1125.25,62.25,2315.75,116.0,1092.0,99.0,2279.0,1622.0,62.0,1543.0,61.0,2467.0,25.0
441,0.0,0.0,406539.2463436804,27,353769.88395347114,357301.58700473735,-0.1298013976874427,-0.12111416002704578,-0.12140710176939795,4.115503120083601,530,241,0.0038309080111222165,0.1586768722611864,0.051899684551118014,3531.70305126637,6003406.102532743,364682.39285472775,3001.7030512663714,530.0,3923.0,9685.0,0.0,123.0,139.0,0.0,193,45.0508227626033,85.32977295387064,34.0,69.1932373046875,123.0,1578.0,139.0,3371.0,91.25,1609.75,90.5,3419.5,123.0,1578.0,139.0,3371.0,2009.0,90.0,1678.0,57.0,2277.0,49.0
442,0.0,0.0,450346.87302920606,25,424336.6224763094,428199.2077194917,-0.05775603675882479,-0.04917912532786273,-0.049117323926478496,4.046997167258162,479,211,0.009725583643729037,0.15517048836432273,0.06388828287436452,3862.5852431825956,6767170.48636519,418036.5223080909,3383.585243182595,479.0,4720.0,7880.0,0.0,134.0,109.0,0.0,179,65.98893915203627,81.20304226040665,44.488800048828125,61.0,134.0,1656.0,109.0,2576.0,90.25,1699.75,75.0,2610.0,134.0,1656.0,109.0,2576.0,1660.0,67.0,2544.0,70.0,1941.0,32.0
443,0.0,0.0,137673.1446766317,6,105525.31595677925,106444.62452176416,-0.23350834903467665,-0.22683087706188054,-0.22725223779482762,3.5064428665945795,123,62,0.003213051972034436,0.1773817872420985,0.22711195351397973,919.3085649849958,1592617.129969992,113549.34263599773,796.308564984996,123.0,880.0,2144.0,0.0,27.0,28.0,0.0,49,44.07365942540731,64.37720892179699,32.397430419921875,58.091556549072266,27.0,63.0,28.0,176.0,15.75,74.25,20.25,183.75,27.0,63.0,28.0,176.0,437.0,18.0,515.0,15.0,526.0,11.0
444,0.0,0.0,291123.79498004005,30,261500.5944229758,264040.49824423203,-0.10175465237767767,-0.0930301720533181,-0.09338921245115739,3.659349637796818,554,255,0.002223609865508299,0.15319099686587284,0.04806345518330277,2539.9038212565797,3971807.642513161,271346.55305201065,1985.9038212565806,554.0,5180.0,9940.0,0.0,145.0,124.0,0.0,192,60.71038599601816,87.70509656166614,42.0,67.3812255859375,145.0,2011.0,124.0,3480.0,105.5,2050.5,86.5,3517.5,145.0,2011.0,124.0,3480.0,2095.0,77.0,2564.0,67.0,2950.0,34.0
445,0.0,0.0,40565.29360208511,6,29946.887003768545,30285.864220955627,-0.26176087131218906,-0.253404535462332,-0.2541802325857837,3.5930300743915424,100,50,0.006082260792834823,0.17586284139496766,0.237899954716585,338.97721718710443,477954.43437420874,33255.66614239566,238.97721718710437,100.0,649.0,2375.0,0.0,17.0,27.0,0.0,44,40.25105842955087,117.96633268243662,30.0,78.0,17.0,57.0,27.0,163.0,13.25,60.75,19.5,170.5,17.0,57.0,27.0,163.0,425.0,17.0,288.0,8.0,1031.0,12.0
446,0.0,0.0,53368.96810962501,26,47075.61832087746,47990.21486107348,-0.11792151903369019,-0.10078428418370489,-0.10153009306458582,4.136693905189462,507,223,0.00390852924231208,0.15993631610320388,0.052327628380632894,914.5965401960208,815193.0803920421,49265.977799891494,407.596540196021,507.0,4478.0,8620.0,0.0,133.0,125.0,0.0,195,47.6237223186819,86.26669157474757,29.0,75.77921295166016,133.0,1753.0,125.0,3058.0,96.25,1789.75,81.0,3102.0,133.0,1753.0,125.0,3058.0,1680.0,85.0,1764.0,57.0,2131.0,35.0
447,0.0,0.0,26752.637893594772,26,24947.597969065868,25633.96454188733,-0.06747147446574131,-0.041815441010222054,-0.042043749126406293,4.080569707805469,480,214,0.004303487660211739,0.16142633167302312,0.05308768321492564,686.3665728214605,412733.1456429201,25286.490318583976,206.36657282146007,480.0,4426.0,8673.0,0.0,133.0,107.0,0.0,176,53.361456447068576,82.86955115129615,36.82524490356445,70.0,133.0,1618.0,107.0,2716.0,95.75,1655.25,75.0,2748.0,133.0,1618.0,107.0,2716.0,1678.0,70.0,2226.0,66.0,2432.0,37.0
448,0.0,0.0,104855.25757077355,5,82929.2460838195,83620.29737054752,-0.20910741144434064,-0.2025168855829017,-0.2032957220228957,3.295352334509257,88,41,0.007339114675550328,0.19265389891444826,0.2797170135496187,691.0512867281027,1206102.573456206,91500.27455530172,603.0512867281029,88.0,689.0,1831.0,0.0,23.0,19.0,0.0,41,72.41797658587494,89.69740952156296,51.54582977294922,78.64004516601562,23.0,58.0,19.0,105.0,12.0,69.0,13.0,111.0,23.0,58.0,19.0,105.0,400.0,10.0,405.0,10.0,701.0,9.0
449,0.0,0.0,44707.77737695441,12,43780.220952728705,44403.18764727631,-0.020747093204947165,-0.006812902531699194,-0.006859754027151221,4.1418841314720485,260,114,0.005451864073942703,0.1599690676593626,0.12419237027117272,622.9666945476324,725933.3890952652,43816.61618557063,362.9666945476326,260.0,2082.0,3966.0,0.0,75.0,59.0,0.0,110,49.52978489306982,92.14507382735854,40.0,68.69609832763672,75.0,448.0,59.0,738.0,45.25,477.75,39.5,757.5,75.0,448.0,59.0,738.0,833.0,38.0,1044.0,35.0,1115.0,21.0
450,0.0,0.0,234725.12446376463,19,200942.13274979757,203012.83739850362,-0.1439257590815859,-0.1351039311948754,-0.135774264459272,3.886449815535467,383,176,0.006125529752062722,0.16073975749940053,0.07860090849561172,2070.704648706093,3375409.2974121836,217126.7774975197,1687.7046487060918,383.0,3576.0,6000.0,0.0,106.0,82.0,0.0,157,64.70141159354678,82.48916215884192,48.5,64.4796142578125,106.0,1118.0,82.0,1677.0,71.0,1153.0,54.25,1704.75,106.0,1118.0,82.0,1677.0,1159.0,46.0,1994.0,57.0,1952.0,28.0
451,0.0,0.0,422408.04023991665,12,329602.7045640933,332225.72807032184,-0.21970541948754652,-0.213495728249807,-0.21426232114092825,3.2190247586225063,243,107,0.0077841249100249685,0.17165538538772054,0.15986540996932394,2623.0235062287725,4760047.012457541,369680.83265803097,2380.0235062287707,243.0,1953.0,4095.0,0.0,62.0,62.0,0.0,110,65.3253642179995,74.30658425194233,43.506614685058594,65.80279541015625,62.0,425.0,62.0,771.0,39.75,447.25,37.75,795.25,62.0,425.0,62.0,771.0,896.0,38.0,1287.0,42.0,1457.0,20.0
452,0.0,0.0,28878.810699198395,14,27743.842055876838,28214.418111149804,-0.039301086708292354,-0.02300623093412335,-0.02335742912401506,3.624407321517995,265,116,0.008409290268496242,0.1561537473042294,0.09950857530653863,470.57605527297517,411152.11054595007,28359.95475073625,205.57605527297503,265.0,2434.0,4602.0,0.0,76.0,59.0,0.0,113,60.25022356981176,95.56453560068705,46.70271301269531,72.0,76.0,537.0,59.0,909.0,53.75,559.25,38.0,930.0,76.0,537.0,59.0,909.0,979.0,35.0,1068.0,36.0,1418.0,17.0
453,0.0,0.0,49909.916467199386,18,48393.54199861078,49141.0889830902,-0.03038222814067748,-0.015404303163169097,-0.014941163907848831,3.963776662788541,378,167,0.003946629112428861,0.16478519917247372,0.08542410454704029,747.5469844794596,739093.9689589198,46615.515443733566,369.54698447945987,378.0,2942.0,6127.0,0.0,97.0,96.0,0.0,143,63.88967114279753,88.83491937692553,45.90237808227539,65.01239013671875,97.0,823.0,96.0,1557.0,69.0,851.0,62.0,1591.0,97.0,823.0,96.0,1557.0,1282.0,63.0,1557.0,56.0,1565.0,25.0
454,0.0,0.0,40069.40734453872,13,40523.830610325764,41123.500206344565,0.011340903095462984,0.02630667463439562,0.026973033813056713,4.314270238095795,267,121,0.004865079092384971,0.16830731800118376,0.12247986995868154,599.6695960188307,665339.1920376616,38554.56168244834,332.66959601883076,267.0,2458.0,4094.0,0.0,70.0,63.0,0.0,114,55.56670258804241,74.18148552634595,46.5933723449707,54.9565315246582,70.0,557.0,63.0,792.0,46.0,581.0,39.5,815.5,70.0,557.0,63.0,792.0,769.0,37.0,1323.0,32.0,1315.0,22.0
455,0.0,0.0,421969.51176529843,24,394994.8522415875,398581.4597828516,-0.06392561256585383,-0.05542592848616834,-0.05561283574170994,3.9535762613920955,418,202,0.0033190988802663042,0.15660416495231638,0.06124135479313505,3586.6075412641894,6337215.082528377,400726.75114511244,3168.6075412641885,418.0,3749.0,8347.0,0.0,92.0,100.0,0.0,160,52.87335997010334,96.52259236698687,37.685935974121094,82.5,92.0,1173.0,100.0,2475.0,66.75,1198.25,73.0,2502.0,92.0,1173.0,100.0,2475.0,1672.0,64.0,1584.0,32.0,2176.0,33.0
456,0.0,0.0,314763.9841211587,17,266323.56206801214,268700.1427616089,-0.1538944240663218,-0.14634406629514185,-0.1471293847309918,3.4585216251484328,326,152,0.0043781782558704576,0.1504802656481517,0.08351010328129711,2376.5806935970186,4101161.387194039,296453.35722152854,2050.5806935970195,326.0,3153.0,5415.0,0.0,96.0,61.0,0.0,133,54.98160337069985,81.71246369642147,39.568973541259766,73.0,96.0,836.0,61.0,1268.0,66.25,865.75,40.0,1289.0,96.0,836.0,61.0,1268.0,1090.0,34.0,1473.0,43.0,1739.0,13.0
457,0.0,0.0,13141.700853139528,24,12105.839537451062,12620.315138049895,-0.07882246957714001,-0.03967414270924263,-0.04068788956538738,3.7539268116252686,420,165,0.007764788545435328,0.15941616543900203,0.07680579701439656,514.475600598852,188951.20119770418,12583.569864265512,94.4756005988521,420.0,4774.0,7238.0,0.0,141.0,90.0,0.0,172,54.621626911382506,107.59501504682008,36.847801208496094,68.5,141.0,1660.0,90.0,2207.0,92.0,1709.0,63.25,2233.75,141.0,1660.0,90.0,2207.0,1464.0,61.0,2831.0,79.0,1886.0,28.0
458,0.0,0.0,161129.91599583376,11,133529.98837454306,134615.0298617897,-0.17128990262741983,-0.16455594834872034,-0.16505908853871754,3.0548621353804988,202,95,0.004100331473445306,0.16761051738303173,0.12976092606490217,1085.0414872467359,1766082.9744934738,144530.49730454522,883.0414872467369,202.0,1950.0,3594.0,0.0,55.0,41.0,0.0,86,71.49866099880194,97.57525446185726,47.854103088378906,83.0,55.0,339.0,41.0,511.0,30.75,363.25,30.0,522.0,55.0,339.0,41.0,511.0,753.0,25.0,898.0,28.0,1156.0,11.0
459,0.0,0.0,106694.81110745002,25,99103.75916454718,100240.31302088189,-0.07114733944519624,-0.060494957716996645,-0.06054530593238561,3.576851340426686,426,194,0.003986472977147811,0.15523208741228608,0.06142990535704788,1136.5538563347748,1421107.7126695495,99326.72463961168,710.5538563347748,426.0,4525.0,8075.0,0.0,102.0,105.0,0.0,166,54.63584080725079,99.50579901654531,34.0,77.4871597290039,102.0,1476.0,105.0,2467.0,71.25,1506.75,71.75,2500.25,102.0,1476.0,105.0,2467.0,1613.0,69.0,2129.0,45.0,2190.0,31.0
460,0.0,0.0,27170.93706786625,27,23281.471997622226,23930.083089727774,-0.14314799156647062,-0.11927648906784583,-0.11978389773488585,3.668861672409662,473,201,0.004352513894713764,0.1584854189007768,0.04941588194202218,648.611092105548,351222.1842110956,23932.64011916381,175.6110921055478,473.0,4355.0,9204.0,0.0,133.0,112.0,0.0,183,60.53189531676986,87.01434405101278,47.0,53.56230545043945,133.0,1624.0,112.0,3060.0,91.5,1665.5,78.25,3093.75,133.0,1624.0,112.0,3060.0,1867.0,74.0,1802.0,60.0,2994.0,33.0
461,0.0,0.0,57674.83243788872,14,55844.18450911818,56671.96610348252,-0.031740845207344104,-0.01738828345077914,-0.017327641241289493,4.698384626338511,307,141,0.005488883365353987,0.16674917768749903,0.091272286640121,827.7815943644125,1041563.188728825,55421.34539656259,520.7815943644125,307.0,2333.0,4723.0,0.0,86.0,66.0,0.0,119,52.96711036610202,79.76005174876356,31.851808547973633,57.0,86.0,530.0,66.0,984.0,60.5,555.5,47.5,1002.5,86.0,530.0,66.0,984.0,995.0,42.0,934.0,25.0,1267.0,22.0
462,0.0,0.0,188714.79262576738,17,179040.62498453193,180844.8716123728,-0.05126343042127013,-0.041702724539464664,-0.04160724935571869,4.117434098600182,358,176,0.003442794520822848,0.17624149111787388,0.1077585743469601,1804.246627841089,2892493.2556821746,175624.74507275937,1446.2466278410873,358.0,2861.0,5707.0,0.0,90.0,75.0,0.0,139,47.78047063519544,80.20158451349526,40.5,63.95210266113281,90.0,853.0,75.0,1345.0,68.0,875.0,54.75,1365.25,90.0,853.0,75.0,1345.0,1124.0,48.0,1563.0,46.0,1570.0,22.0
463,0.0,0.0,278502.9327706737,5,278052.0998827995,280452.97799942904,-0.001618772496896681,0.007001883999408598,0.007211358001053547,4.250064683704281,108,55,0.008220143366177702,0.1875745940619127,0.26355053080640756,2400.8781166298354,4585756.233259673,269746.26120647707,2292.8781166298368,108.0,926.0,1594.0,0.0,27.0,21.0,0.0,44,56.78618255078233,69.82881062816539,59.0,60.0,27.0,75.0,21.0,97.0,17.25,84.75,15.25,102.75,27.0,75.0,21.0,97.0,303.0,12.0,433.0,8.0,417.0,5.0
464,0.0,0.0,471976.8584587682,21,410543.2303907688,414054.5576218265,-0.1301623733600199,-0.12272275599716043,-0.12285513073473386,3.715443844116026,417,192,0.003741418677951507,0.1593341252081657,0.06670093820807653,3511.327231057752,6188654.4621155,416414.2106410908,3094.32723105775,417.0,3205.0,7379.0,0.0,105.0,99.0,0.0,164,50.38178853154707,90.02718670093103,40.0,74.31446075439453,105.0,1031.0,99.0,2209.0,76.25,1059.75,67.0,2241.0,105.0,1031.0,99.0,2209.0,1509.0,67.0,1497.0,52.0,2423.0,23.0
465,0.0,0.0,309899.95771354984,29,274897.9681151425,277497.61293192086,-0.11294609349627849,-0.10455743531136419,-0.10506228493955694,3.555755527588533,524,229,0.003645926436589422,0.1534050683091739,0.054377952679980586,2599.6448167787435,4151289.633557488,291871.1369038382,2075.6448167787444,524.0,5213.0,9403.0,0.0,145.0,121.0,0.0,197,57.76776576551407,94.98633846706585,38.0,82.34522247314453,145.0,2053.0,121.0,3394.0,99.0,2099.0,82.0,3433.0,145.0,2053.0,121.0,3394.0,1930.0,87.0,2661.0,73.0,2866.0,34.0
466,0.0,0.0,151719.22524912047,30,122558.44489909083,124299.29419896816,-0.19220227563216274,-0.1807281246337057,-0.18175101229317903,4.231834885313105,597,263,0.00297211619573228,0.15924322773612132,0.050566794055893545,1740.8492998773627,2287698.599754729,135148.1486018249,1143.8492998773645,597.0,4770.0,10350.0,0.0,156.0,148.0,0.0,212,53.69441703701341,77.87963760939553,44.5,60.22181701660156,156.0,2071.0,148.0,3985.0,110.75,2116.25,106.25,4026.75,156.0,2071.0,148.0,3985.0,2068.0,91.0,2360.0,74.0,3156.0,42.0
467,0.0,0.0,35366.20852861828,9,32814.877565984985,33281.64243901747,-0.07214035851676781,-0.05894231178086218,-0.05931679335211426,4.01183864039252,197,95,0.005061900250847799,0.16659737134705435,0.14802374165759394,466.7648730325103,539529.74606502,33621.102094738795,269.76487303250997,197.0,1811.0,2725.0,0.0,56.0,37.0,0.0,82,46.226398420876436,62.60718346317489,37.5,54.04996871948242,56.0,283.0,37.0,362.0,43.75,295.25,25.0,374.0,56.0,283.0,37.0,362.0,468.0,21.0,763.0,33.0,686.0,11.0
468,0.0,0.0,371865.62355281867,6,373538.4753075652,376128.4385162795,0.004498538312748712,0.011463320870409355,0.011749505009454486,3.4798831130073418,119,56,0.010543731517968998,0.16986380593503564,0.21637413201657935,2589.9632087145783,4941926.417429156,355035.37453290384,2470.963208714578,119.0,977.0,2047.0,0.0,33.0,24.0,0.0,51,38.03497968683437,113.84282405271166,35.0,113.49784851074219,33.0,68.0,24.0,181.0,23.25,77.75,13.75,191.25,33.0,68.0,24.0,181.0,437.0,17.0,412.0,15.0,705.0,9.0
469,0.0,0.0,34146.55665424332,25,29793.35869412436,30533.562670372015,-0.1274857082720814,-0.10580844272104162,-0.10682650081170131,3.9362733225846394,493,217,0.002712820316146046,0.15925235378150135,0.059841244474215766,740.2039762476737,494407.95249534864,31400.763614320742,247.20397624767432,493.0,4339.0,8257.0,0.0,133.0,118.0,0.0,186,51.072918843374495,89.68994644146525,39.0,69.10758209228516,133.0,1685.0,118.0,2711.0,94.0,1724.0,81.25,2747.75,133.0,1685.0,118.0,2711.0,1643.0,75.0,2390.0,70.0,2494.0,35.0
470,0.0,0.0,23466.415653618737,21,23841.235203433043,24536.52692540889,0.015972594849887445,0.045601820388156744,0.04660048752678492,4.673271901816995,479,214,0.004205173482923122,0.16368120924360954,0.06329135519779777,695.2917219758657,432583.44395173044,23141.358615552603,216.29172197586522,479.0,4167.0,6416.0,0.0,155.0,89.0,0.0,184,51.15912447912802,73.2073057195977,42.26914596557617,63.0,155.0,1574.0,89.0,2045.0,110.0,1619.0,67.5,2066.5,155.0,1574.0,89.0,2045.0,1250.0,60.0,1957.0,81.0,2285.0,32.0
471,0.0,0.0,372753.21671666496,26,363039.49884671264,366587.37005182524,-0.026059380400560994,-0.016541364066957054,-0.016306849273029278,4.283775893893523,537,247,0.002722821217094393,0.15652199110956538,0.05582096377502877,3547.871205113248,6021742.410226496,351427.25479701365,3010.871205113248,537.0,4678.0,8426.0,0.0,147.0,117.0,0.0,191,47.064661382054986,84.16332857840197,33.0,68.0,147.0,1787.0,117.0,2915.0,102.0,1832.0,80.75,2951.25,147.0,1787.0,117.0,2915.0,1752.0,73.0,2422.0,65.0,2346.0,31.0
472,0.0,0.0,99228.08765316314,12,85546.86248334705,86335.93561347581,-0.13787653771618325,-0.12992442306003016,-0.13034438215874145,3.1313650682694063,229,111,0.006707035271025255,0.16764621766640433,0.12173590253853195,789.0731301288021,1120146.2602576036,89429.54876199315,560.0731301288018,229.0,2130.0,3918.0,0.0,59.0,47.0,0.0,99,51.941718727089274,87.06455380575046,47.46246337890625,76.22850036621094,59.0,435.0,47.0,647.0,42.0,452.0,30.25,663.75,59.0,435.0,47.0,647.0,834.0,33.0,1022.0,34.0,1264.0,11.0
473,0.0,0.0,49884.15078951714,9,47748.475100357435,48337.24214612414,-0.04281271015659949,-0.031010022600566622,-0.030978198056222372,4.060386729482665,205,100,0.006003862591465692,0.16996596132556083,0.15303783891748027,588.7670457667338,767534.0915334678,47257.45000841703,383.7670457667339,205.0,1563.0,2973.0,0.0,54.0,42.0,0.0,85,45.3723493654647,77.43575614838782,29.5,55.60907745361328,54.0,256.0,42.0,413.0,37.25,272.75,29.75,425.25,54.0,256.0,42.0,413.0,574.0,27.0,545.0,22.0,955.0,11.0
474,0.0,0.0,32209.991886404903,30,29888.94919687564,30688.36056137989,-0.07205971046856796,-0.04724097200618227,-0.046598969703089965,3.821011917210503,577,244,0.00413245121893743,0.15723538832799278,0.05064608726816529,799.4113645043051,444822.72900861036,29103.725573653104,222.4113645043052,577.0,4983.0,10127.0,0.0,163.0,140.0,0.0,216,58.34429064834809,84.06463538806688,37.0,69.07392883300781,163.0,2216.0,140.0,3955.0,112.75,2266.25,97.0,3998.0,163.0,2216.0,140.0,3955.0,2152.0,93.0,2547.0,92.0,2877.0,41.0
475,0.0,0.0,256213.4167021503,29,237853.80514639872,240159.76784317708,-0.07165749472477767,-0.06265733100790616,-0.06297811901426698,3.64356215008354,503,220,0.0033294085400236836,0.16210517639879796,0.054161565128060085,2305.9626967783015,3605925.3935566028,247417.58511474312,1802.9626967783015,503.0,5393.0,9223.0,0.0,139.0,115.0,0.0,191,56.4830778998888,88.78661237400887,42.0,69.0,139.0,2012.0,115.0,3273.0,93.5,2057.5,81.25,3306.75,139.0,2012.0,115.0,3273.0,1896.0,67.0,2266.0,56.0,2120.0,28.0
476,0.0,0.0,19800.53357485558,14,17681.711491927468,18126.982623597854,-0.10700833262487308,-0.08452049763865688,-0.08448523354620796,3.9842403454439665,304,133,0.003939754564553813,0.16760337898762848,0.11002506242652887,445.2711316703983,282542.2633407964,17728.74116792975,141.2711316703982,304.0,2477.0,4579.0,0.0,90.0,68.0,0.0,133,46.24830963536609,94.80353496292283,36.0,62.265953063964844,90.0,657.0,68.0,1047.0,58.5,688.5,49.5,1065.5,90.0,657.0,68.0,1047.0,913.0,48.0,1438.0,57.0,1561.0,15.0
477,0.0,0.0,106937.04846611607,27,84337.93201191151,85423.80786079075,-0.21133102865996234,-0.20117668211257933,-0.20190005283721302,3.3666541317985805,472,215,0.003074315988268159,0.1636110226451527,0.05042100720331428,1085.8758488793117,1227751.6977586227,91170.01997341469,613.8758488793113,472.0,3868.0,9728.0,0.0,119.0,111.0,0.0,173,51.52174831045658,104.9872752649276,39.0,84.0,119.0,1413.0,111.0,3027.0,81.75,1450.25,81.75,3056.25,119.0,1413.0,111.0,3027.0,2027.0,60.0,1979.0,61.0,3261.0,35.0
478,0.0,0.0,114665.11529460545,23,110907.81977682555,112208.82042294403,-0.03276755539927201,-0.02142146602609296,-0.0210889189582828,3.90371284770081,465,215,0.0027680273636996934,0.16272810491025222,0.06932471228262854,1301.000646118647,1672001.2922372937,107077.63080102453,836.0006461186468,465.0,3969.0,7618.0,0.0,133.0,94.0,0.0,186,58.76750393448552,77.27461177607235,38.0,60.0,133.0,1505.0,94.0,2544.0,89.25,1548.75,68.75,2569.25,133.0,1505.0,94.0,2544.0,1557.0,58.0,2040.0,66.0,2134.0,28.0
479,0.0,0.0,28709.041358044688,22,26445.82391288145,27110.462981523713,-0.07883291597714914,-0.05568205348915389,-0.05630863691484078,4.202527546560636,435,193,0.0037464705477517437,0.16397858406804758,0.06439009908990813,664.6390686422874,459278.1372845744,27321.542345418376,229.6390686422872,435.0,3839.0,7246.0,0.0,114.0,106.0,0.0,159,49.00925801562407,71.6515867130107,36.81296920776367,61.16516876220703,114.0,1276.0,106.0,2001.0,81.0,1309.0,77.5,2029.5,114.0,1276.0,106.0,2001.0,1449.0,65.0,1936.0,53.0,2210.0,36.0
480,0.0,0.0,190414.72519250505,19,164133.02667325115,165819.37417786536,-0.13802345639332092,-0.1291672741683939,-0.1296735316344323,3.946315762350422,323,143,0.007120963814322275,0.16269355109487502,0.07795812489317795,1686.3475046144601,2726695.0092289187,172736.74823760818,1363.3475046144595,323.0,3084.0,6492.0,0.0,71.0,90.0,0.0,132,54.239250037370496,97.11863690051962,36.0,77.49430847167969,71.0,832.0,90.0,1515.0,51.5,851.5,57.0,1548.0,71.0,832.0,90.0,1515.0,1389.0,67.0,1610.0,28.0,1911.0,31.0
481,0.0,0.0,323455.4189399499,17,277416.78861172486,280125.4503010686,-0.14233377347365506,-0.1339596312248693,-0.13460690501786932,3.932628001198433,357,165,0.003823134422269289,0.15623659228541117,0.08497263940438655,2708.6616893437636,4703323.378687525,298993.6613159336,2351.6616893437626,357.0,2729.0,5839.0,0.0,90.0,85.0,0.0,140,43.143909176250766,79.01095839389,30.90044403076172,70.0,90.0,815.0,85.0,1390.0,62.75,842.25,59.75,1415.25,90.0,815.0,85.0,1390.0,1180.0,49.0,1210.0,43.0,1770.0,19.0
482,0.0,0.0,192536.49997441078,15,177249.99510594376,178869.63141751644,-0.07939536072640085,-0.07098326062180804,-0.07108894300633573,3.7656793400023845,281,128,0.00556882412952322,0.15938019376562648,0.08991869569109973,1619.6363115729528,2677272.6231459053,177741.6756324378,1338.6363115729528,281.0,2308.0,5252.0,0.0,75.0,63.0,0.0,119,51.14789834786748,95.73892829229861,36.0,82.64038848876953,75.0,585.0,63.0,1062.0,52.25,607.75,41.25,1083.75,75.0,585.0,63.0,1062.0,1063.0,37.0,1128.0,35.0,1611.0,19.0
483,0.0,0.0,202798.43687396025,28,189710.5241996987,191822.01350658844,-0.06453655598142372,-0.05412479275761717,-0.05404474099019252,4.131505263090105,561,244,0.0037786130090068266,0.15808336944374038,0.05276785573637715,2111.4893068897586,3100978.61377952,187642.1798056832,1550.4893068897602,561.0,4931.0,9181.0,0.0,151.0,138.0,0.0,203,44.975306495627066,82.44778411383079,34.0,68.47421264648438,151.0,2068.0,138.0,3327.0,103.5,2115.5,94.0,3371.0,151.0,2068.0,138.0,3327.0,1864.0,89.0,2250.0,68.0,2392.0,33.0
484,0.0,0.0,167508.30253084865,22,173017.48965154702,174902.134805622,0.03288903915484287,0.044140094330020974,0.04487723810775024,4.38463593040324,474,208,0.006620887830049536,0.16394742097108916,0.0761213161989874,1884.6451540751916,2821290.308150383,160862.29010414775,1410.6451540751916,474.0,3954.0,7134.0,0.0,140.0,104.0,0.0,179,55.25873295180369,84.1013699664169,34.27207946777344,65.55630493164062,140.0,1454.0,104.0,2240.0,93.75,1500.25,71.75,2272.25,140.0,1454.0,104.0,2240.0,1455.0,64.0,1867.0,70.0,2071.0,29.0
485,0.0,0.0,23098.192256075086,30,21044.588371957016,21724.073811003316,-0.08890755871070166,-0.059490302524015104,-0.05991707310201533,3.7566184175945248,518,223,0.0038461637637364366,0.16159803441204545,0.05015353468506553,679.4854390463263,322970.8780926533,21493.457824993922,161.48543904632666,518.0,4799.0,10294.0,0.0,137.0,128.0,0.0,190,52.331520841182744,98.96344843760384,41.0,74.0,137.0,1900.0,128.0,3527.0,92.75,1944.25,95.75,3559.25,137.0,1900.0,128.0,3527.0,2036.0,85.0,2528.0,62.0,2870.0,25.0
486,0.0,0.0,119018.49381854608,27,114062.86627436159,115526.71404850672,-0.041637458055382326,-0.029338127697724703,-0.0294256862497837,4.0456895227374305,537,238,0.0027415750753827803,0.15781630799964047,0.05700757479520594,1463.8477741452582,1853695.5482905144,114547.5658643876,926.8477741452572,537.0,4949.0,8655.0,0.0,155.0,117.0,0.0,192,65.76608329759856,70.5829033049372,52.0,54.0,155.0,1881.0,117.0,3029.0,103.0,1933.0,80.5,3065.5,155.0,1881.0,117.0,3029.0,1885.0,77.0,2296.0,68.0,2612.0,41.0
487,0.0,0.0,11122.444532114294,26,8518.347699331396,9030.063121837196,-0.23412990060449224,-0.1881224405512366,-0.19166691282394444,3.698295544027355,442,168,0.008038151250439086,0.16340856989203198,0.05294552208857818,511.7154225058107,139430.84501162142,9425.344956327137,69.71542250581071,442.0,4162.0,8869.0,0.0,128.0,120.0,0.0,180,64.54814442253655,102.08842210435611,49.0,81.37335205078125,128.0,1508.0,120.0,2905.0,87.5,1548.5,80.75,2944.25,128.0,1508.0,120.0,2905.0,1904.0,81.0,1694.0,51.0,2167.0,27.0
488,0.0,0.0,62171.59739310896,19,48190.974678381404,49001.56914146311,-0.22487153782342983,-0.21183351890369162,-0.21332739267331025,4.060888157698877,366,164,0.005474306732118797,0.1637941903174944,0.08993461740962691,810.5944630817502,889188.9261635002,54741.037651931016,444.5944630817501,366.0,3166.0,6402.0,0.0,87.0,96.0,0.0,152,65.19456583367199,91.31143268214389,46.0,74.43827819824219,87.0,1019.0,96.0,1684.0,58.25,1047.75,64.75,1715.25,87.0,1019.0,96.0,1684.0,1302.0,66.0,1788.0,48.0,1746.0,35.0
489,0.0,0.0,57302.95523522696,7,49055.908767357905,49557.74026316104,-0.14392008988044636,-0.1351625747794689,-0.13528624755210672,3.5860988276139345,149,73,0.004605032562802404,0.17295689827201266,0.18596470565535442,501.83149580316626,705662.9916063328,49194.33523224013,352.83149580316643,149.0,976.0,2552.0,0.0,30.0,39.0,0.0,65,43.8102592926552,105.9092427175674,31.41829490661621,64.0,30.0,125.0,39.0,261.0,20.25,134.75,25.5,274.5,30.0,125.0,39.0,261.0,544.0,27.0,407.0,18.0,602.0,9.0
490,0.0,0.0,19172.976999489027,20,16232.256641873571,16783.123460843737,-0.15337839072637638,-0.12464697259632562,-0.1252836815364099,4.371439718517592,404,182,0.004990403060740489,0.15810208676841714,0.06563088988238942,550.8668189701733,293733.63794034667,16798.44953003008,146.86681897017334,404.0,3119.0,6954.0,0.0,105.0,97.0,0.0,154,51.886413336142496,77.6564583070263,36.0,59.97288131713867,105.0,972.0,97.0,1902.0,77.5,999.5,75.75,1923.25,105.0,972.0,97.0,1902.0,1490.0,70.0,1438.0,46.0,2194.0,27.0
491,0.0,0.0,72203.80022098364,10,67069.36081602002,67972.68381816358,-0.07111037631328809,-0.05859963588994621,-0.05893016009925067,4.812786179773775,244,123,0.005158175708653565,0.16982434296309726,0.14817669169129744,903.323002143637,1318646.0042872732,68497.01789313939,659.3230021436366,244.0,1713.0,3327.0,0.0,60.0,51.0,0.0,101,41.82865604360077,68.9417330182698,28.01103973388672,58.7569694519043,60.0,333.0,51.0,566.0,42.5,350.5,39.5,577.5,60.0,333.0,51.0,566.0,566.0,33.0,778.0,26.0,540.0,13.0
492,0.0,0.0,253493.19109897816,18,234327.2299916059,236612.28364110837,-0.07560740004211308,-0.06659313958171964,-0.06652706008263476,4.075354806004965,405,188,0.004801298919154305,0.1620082448372727,0.10387514992623709,2285.0536495025403,3760107.2990050847,230661.3459437097,1880.0536495025424,405.0,3013.0,6059.0,0.0,111.0,88.0,0.0,160,52.57231109011294,71.44992123985445,33.0,59.5,111.0,946.0,88.0,1735.0,81.25,975.75,56.25,1766.75,111.0,946.0,88.0,1735.0,1264.0,59.0,1577.0,67.0,1492.0,20.0
493,0.0,0.0,50569.52747525228,7,49359.979516807274,49994.713825490246,-0.023918514149394388,-0.011366798909547615,-0.011725585201550759,4.597691582240355,164,80,0.008006980255811345,0.1704881460220456,0.23118844138277397,634.7343086830281,941468.6173660562,51192.4625937664,470.73430868302813,164.0,1183.0,2345.0,0.0,37.0,40.0,0.0,70,57.315444263035765,66.8305905620978,42.55134201049805,51.62128448486328,37.0,154.0,40.0,259.0,28.75,162.25,27.5,271.5,37.0,154.0,40.0,259.0,427.0,22.0,643.0,18.0,509.0,8.0
494,0.0,0.0,234024.61265094441,8,233446.56501164322,235446.6440023023,-0.0024700292535613233,0.006076417925660049,0.005828640258027207,3.8292259977862924,161,76,0.006811840834543953,0.1771480924598023,0.21412043092775176,2000.0789906593368,3678157.981318674,240137.17024308883,1839.078990659337,161.0,1761.0,2271.0,0.0,46.0,31.0,0.0,70,61.74699411854328,83.4305656656228,50.63072204589844,49.0,46.0,223.0,31.0,260.0,29.25,239.75,21.5,269.5,46.0,223.0,31.0,260.0,391.0,16.0,1065.0,29.0,756.0,11.0
495,0.0,0.0,68797.9338350835,9,65392.00515875149,66090.6205134012,-0.049506264017992296,-0.03935166611503249,-0.039161149625095315,4.00967718606945,186,88,0.008108474623366276,0.182060720790781,0.1691447192684437,698.615354649739,1025230.7092994776,63922.27240021762,512.6153546497388,186.0,1646.0,2890.0,0.0,49.0,40.0,0.0,83,51.7085204930199,77.77820797346627,43.71223068237305,71.67247009277344,49.0,277.0,40.0,381.0,30.75,295.25,29.5,391.5,49.0,277.0,40.0,381.0,562.0,31.0,940.0,27.0,883.0,11.0
496,0.0,0.0,177644.32547712245,13,146040.9797668127,147681.59915114625,-0.17790236544527127,-0.16866694866555076,-0.16928360342291582,4.369143845767258,276,134,0.003961810066089403,0.16220068436447102,0.09269052448575837,1640.619384333717,2729238.7686674334,156165.53637341713,1364.6193843337167,276.0,2185.0,4367.0,0.0,68.0,61.0,0.0,105,48.475481632809895,74.89619759501615,34.5,65.09589385986328,68.0,456.0,61.0,780.0,47.75,476.25,47.25,793.75,68.0,456.0,61.0,780.0,799.0,39.0,987.0,29.0,1462.0,22.0
497,0.0,0.0,318346.9105140553,28,293063.62306992343,295850.4408477348,-0.07942055226264111,-0.07066652423293185,-0.07092683848409398,3.7319666609429323,527,230,0.004955674318974712,0.1598750842923529,0.0537484005806738,2786.817777811747,4519635.555623493,302765.0007517448,2259.8177778117465,527.0,4791.0,9321.0,0.0,136.0,133.0,0.0,191,61.761737646864894,90.86773031228662,39.60938262939453,81.0,136.0,1809.0,133.0,3270.0,91.75,1853.25,90.25,3312.75,136.0,1809.0,133.0,3270.0,1945.0,82.0,2204.0,65.0,3047.0,38.0
498,0.0,0.0,30689.38366723549,5,24598.393138213443,24889.31065071977,-0.198472233755704,-0.18899281521603106,-0.1897659374701104,3.5950716850885462,98,49,0.0068011402065354404,0.18838474897663118,0.24404919404144532,290.91751250634644,385835.02501269255,26830.829730950794,192.91751250634627,98.0,822.0,1698.0,0.0,22.0,22.0,0.0,42,69.74706846845278,91.89124141493944,39.0,92.30973815917969,22.0,62.0,22.0,104.0,14.25,69.75,15.0,111.0,22.0,62.0,22.0,104.0,329.0,12.0,156.0,5.0,355.0,5.0
499,0.0,0.0,48470.88970365469,6,47943.08377570535,48415.83471175734,-0.010889132243626642,-0.0011358362149724854,-0.0012917603407658351,3.624701394027431,120,60,0.00596528337427737,0.19188904267647305,0.23862219744015087,472.7509360520289,705501.8721040578,48659.30978938997,352.7509360520289,120.0,1195.0,1829.0,0.0,26.0,28.0,0.0,50,83.8099107999502,74.25775304125874,40.180091857910156,69.83204650878906,26.0,91.0,28.0,155.0,16.5,100.5,18.75,164.25,26.0,91.0,28.0,155.0,347.0,21.0,623.0,11.0,530.0,8.0
500,0.0,0.0,91301.14574001948,17,83294.15737649448,84355.32396548158,-0.0876986624716074,-0.07607595412127865,-0.076558269392495,4.010358543490821,366,172,0.005388046944254336,0.1666683059866898,0.08797643532625712,1061.1665889871422,1390333.177974285,86671.3763181426,695.1665889871425,366.0,3165.0,5400.0,0.0,93.0,84.0,0.0,147,48.91855455402305,78.71785590678357,39.0,65.43833923339844,93.0,961.0,84.0,1360.0,61.5,992.5,57.25,1386.75,93.0,961.0,84.0,1360.0,1047.0,56.0,1466.0,51.0,1611.0,25.0
501,0.0,0.0,18186.777904542585,24,15217.718139419403,15701.28521487132,-0.16325375394734365,-0.13666481785376916,-0.13822394585066433,3.1480357573344855,381,147,0.005018319366191644,0.16013668194039588,0.06544298196445471,483.56707545192904,205134.15090385775,16290.64651075863,102.56707545192887,381.0,3641.0,8393.0,0.0,100.0,110.0,0.0,163,57.914119436286384,118.8504391063266,42.0,91.0,100.0,1282.0,110.0,2404.0,66.0,1316.0,68.0,2446.0,100.0,1282.0,110.0,2404.0,1898.0,70.0,1827.0,52.0,2202.0,24.0
502,0.0,0.0,31611.448739508953,14,28433.83362594646,28953.18039548729,-0.10052102134727581,-0.08409194927846753,-0.08418661490728119,3.998537528906232,290,139,0.003486409613368451,0.1655011742361508,0.10965174558891531,519.3467695408596,458693.5390817193,28678.831683192384,229.34676954085964,290.0,2594.0,4450.0,0.0,81.0,56.0,0.0,119,53.28116802583868,75.70076636706291,47.0,74.50643920898438,81.0,608.0,56.0,918.0,60.25,628.75,42.5,931.5,81.0,608.0,56.0,918.0,899.0,37.0,1517.0,53.0,1297.0,21.0
503,0.0,0.0,443352.06043945334,8,383118.5511274912,386815.08335734584,-0.13585931968435716,-0.1275216292579484,-0.12774013776006332,4.477291370307181,185,85,0.009216978822475866,0.1786689712081822,0.16383360172210704,3696.532229854871,7023064.459709741,392149.1745146295,3511.532229854871,185.0,1119.0,2913.0,0.0,45.0,47.0,0.0,81,53.68213787767385,72.78613780947197,45.0,54.0,45.0,179.0,47.0,377.0,30.25,193.75,30.75,393.25,45.0,179.0,47.0,377.0,586.0,35.0,341.0,17.0,920.0,17.0
504,0.0,0.0,193873.92215902635,14,175714.46633439857,177422.0811463236,-0.0936663148008754,-0.0848584524906244,-0.08482174224826688,4.080067679812174,296,132,0.009655780152782628,0.16364431947300884,0.1104525263068227,1707.6148119251131,2823229.6238502264,172989.14168871052,1411.6148119251131,296.0,2110.0,4946.0,0.0,76.0,74.0,0.0,128,62.87179688087951,88.92387449604928,49.39454650878906,80.5,76.0,512.0,74.0,1130.0,52.0,536.0,45.25,1158.75,76.0,512.0,74.0,1130.0,1035.0,56.0,1156.0,41.0,1444.0,21.0
505,0.0,0.0,249183.8552811493,29,224811.0161433192,227466.30751608315,-0.09781066718921538,-0.08715471450011347,-0.0876277155628401,4.327821014357993,626,275,0.0035857012256659167,0.15737305421331607,0.052701851617353725,2655.2913727642463,4058582.7455284926,234447.23869493016,2029.2913727642463,626.0,5359.0,9254.0,0.0,161.0,161.0,0.0,213,49.59921995441181,72.96007319012949,32.06210708618164,63.0,161.0,2229.0,161.0,3625.0,110.5,2279.5,112.75,3673.25,161.0,2229.0,161.0,3625.0,1838.0,95.0,2007.0,64.0,2267.0,35.0
506,0.0,0.0,305813.645218754,6,314798.79064071947,317282.29306182964,0.029381113506358414,0.037502080179816266,0.03715977057573627,3.59532583039451,130,63,0.004161404271889672,0.18816483558699623,0.22954198617918906,2483.502421110473,4707004.842220943,327300.29657037026,2353.502421110472,130.0,1254.0,1770.0,0.0,33.0,28.0,0.0,56,54.69877006250476,60.52758706325646,52.0,42.41432571411133,33.0,123.0,28.0,152.0,22.0,134.0,18.75,161.25,33.0,123.0,28.0,152.0,357.0,18.0,564.0,23.0,580.0,9.0
507,0.0,0.0,50477.64428233777,15,43823.26042189519,44452.6830874068,-0.1318283361882433,-0.11935900101105001,-0.12014023333347046,3.670775607960591,286,136,0.006428463133771398,0.16986953340916863,0.09152560840357146,629.4226655116166,686845.3310232337,46777.94316368136,343.42266551161686,286.0,2796.0,4764.0,0.0,76.0,59.0,0.0,115,58.67490654588617,80.1474103682254,49.0,69.25138854980469,76.0,659.0,59.0,931.0,50.0,685.0,42.75,947.25,76.0,659.0,59.0,931.0,958.0,35.0,1317.0,38.0,1299.0,20.0
508,0.0,0.0,364375.1946024251,19,276438.9504702592,279585.8647552086,-0.24133433185020836,-0.23269786501172596,-0.2337874825032159,4.3846269246619,396,184,0.0036640394044132555,0.161544011904398,0.07774473911201502,3146.9142849500076,5501828.569900017,313699.9261530253,2750.9142849500086,396.0,2641.0,6935.0,0.0,94.0,99.0,0.0,153,49.51791396765494,78.71037169748614,33.335262298583984,67.33164978027344,94.0,812.0,99.0,1902.0,72.5,833.5,68.0,1933.0,94.0,812.0,99.0,1902.0,1476.0,58.0,1248.0,47.0,2517.0,33.0
509,0.0,0.0,100740.02287168325,21,87590.72381269619,88850.78752984521,-0.1305270604885197,-0.11801898592957294,-0.11847342171226471,4.450233197322964,451,209,0.003079628767013374,0.1635729917957487,0.06681952338436285,1260.063717149058,1618127.4342981135,90901.27205420929,809.0637171490567,451.0,3812.0,6772.0,0.0,123.0,98.0,0.0,177,50.55456047438284,74.41266458554529,41.09018325805664,58.0,123.0,1363.0,98.0,2133.0,85.0,1401.0,73.0,2158.0,123.0,1363.0,98.0,2133.0,1313.0,59.0,1942.0,64.0,1916.0,38.0
510,0.0,0.0,288919.9270955786,5,283587.8826320675,285501.81605125294,-0.018455094174750997,-0.011830651761153499,-0.011900009103364306,3.193632585280275,103,52,0.0038128383531642225,0.18497128839849442,0.3101392227333829,1913.9334191855805,3621866.8383711604,283522.5046757612,1810.9334191855803,103.0,844.0,1676.0,0.0,29.0,17.0,0.0,45,48.13759598702148,76.92463772212584,54.0,59.0,29.0,64.0,17.0,115.0,21.75,71.25,12.5,119.5,29.0,64.0,17.0,115.0,325.0,12.0,511.0,19.0,583.0,3.0
511,0.0,0.0,12491.904796403902,26,10257.730148382518,10867.384072009492,-0.17884979788387,-0.13004587778014987,-0.13329198103649165,4.413644043729487,510,202,0.0075762713252032895,0.1536425492215715,0.05230859871504833,609.6539236269921,199307.84725398483,11289.302290764912,99.65392362699242,510.0,3904.0,9135.0,0.0,136.0,146.0,0.0,217,52.47493045226275,83.9785550346928,32.29656219482422,61.5,136.0,1679.0,146.0,3656.0,96.75,1718.25,97.5,3704.5,136.0,1679.0,146.0,3656.0,1941.0,98.0,1657.0,62.0,2041.0,37.0
512,0.0,0.0,388361.6215569203,6,418982.0322198249,422574.1498080303,0.07884509942086737,0.08809451385529243,0.08869165075828489,4.476322802158933,145,71,0.011194466359601451,0.17893246186511272,0.21288742758743145,3592.117588205759,6894235.176411518,385038.98630179354,3447.117588205759,145.0,1153.0,1871.0,0.0,38.0,30.0,0.0,63,59.95688305749347,64.11829381866809,47.0,62.64562225341797,38.0,126.0,30.0,184.0,27.75,136.25,20.5,193.5,38.0,126.0,30.0,184.0,436.0,21.0,515.0,16.0,596.0,7.0
513,0.0,0.0,338816.60425883275,6,303721.1235508369,306094.87824143283,-0.10358252891639652,-0.09657651250291965,-0.09755502795640936,3.2429649711014568,114,56,0.008745972544181352,0.1843030203777242,0.2575627265768186,2373.754690596105,4519509.381192211,348408.7418046627,2259.754690596106,114.0,1101.0,1923.0,0.0,30.0,22.0,0.0,48,56.36363288179586,92.96534575513691,40.542991638183594,93.86141204833984,30.0,93.0,22.0,143.0,20.0,103.0,15.25,149.75,30.0,93.0,22.0,143.0,387.0,16.0,577.0,11.0,595.0,4.0
514,0.0,0.0,492487.73901236546,30,446832.25293719163,450799.3461691869,-0.09270380246771481,-0.0846485902913654,-0.08491839881080476,3.694589235742843,570,249,0.004462729395597544,0.15952417959125742,0.04973923985892826,3967.0932319960743,6794186.463992144,459738.96084730024,3397.093231996072,570.0,5705.0,9415.0,0.0,140.0,151.0,0.0,209,61.201684448186775,89.43653102403759,47.68143081665039,78.52950286865234,140.0,2468.0,151.0,3511.0,96.0,2512.0,102.5,3559.5,140.0,2468.0,151.0,3511.0,2010.0,97.0,3110.0,78.0,1973.0,31.0
515,0.0,0.0,428350.77677216206,10,387106.0975880728,390754.54510476906,-0.0962871586107269,-0.08776972917079662,-0.08817109736476847,4.244185095805627,216,103,0.0064763273293219105,0.16180864648416166,0.12634438506467274,3648.4475166965967,6864895.033393188,404370.6199440685,3432.4475166965944,216.0,1709.0,3331.0,0.0,55.0,48.0,0.0,91,47.34924737698925,83.29070561987425,39.0,71.5,55.0,288.0,48.0,519.0,37.75,305.25,31.75,535.25,55.0,288.0,48.0,519.0,642.0,32.0,530.0,16.0,954.0,13.0
516,0.0,0.0,28100.979630529415,17,26472.73120329818,26974.0239070243,-0.05794276386942321,-0.040103787779724565,-0.03974421801053063,3.691297590267607,310,137,0.006612596031775694,0.16563929267092156,0.09276716384929348,501.2927037261341,382585.4074522683,25911.308834932766,191.29270372613416,310.0,3092.0,5472.0,0.0,88.0,68.0,0.0,133,60.18727085205269,94.85925153033998,40.5,74.88569641113281,88.0,852.0,68.0,1251.0,57.75,882.25,48.75,1270.25,88.0,852.0,68.0,1251.0,1080.0,45.0,1332.0,41.0,1435.0,16.0
517,0.0,0.0,378764.874195813,5,384423.2098588839,388005.0381483398,0.014938913422435363,0.02439551442605481,0.02465872312510542,4.645795750722633,128,65,0.01287775556033978,0.18113582210942208,0.3027728377173853,3581.8282894563013,6907656.578912605,371715.4686491625,3453.828289456302,128.0,839.0,1681.0,0.0,36.0,22.0,0.0,52,42.530666930065394,61.12545266909897,33.18545150756836,55.60102844238281,36.0,67.0,22.0,135.0,27.75,75.25,16.25,140.75,36.0,67.0,22.0,135.0,299.0,14.0,457.0,19.0,622.0,9.0
518,0.0,0.0,63461.00254810845,15,52824.48684585561,53538.57587108715,-0.1676071173661261,-0.15635471043022553,-0.15691910864178382,3.8146647403951133,293,137,0.004828769480689373,0.1643637301150409,0.09587452929899279,714.0890252316258,842178.0504632525,55193.451310744924,421.08902523162624,293.0,2608.0,4952.0,0.0,75.0,66.0,0.0,109,52.67150255735757,88.96219324226257,37.0,67.5,75.0,600.0,66.0,894.0,48.5,626.5,49.25,910.75,75.0,600.0,66.0,894.0,976.0,49.0,1097.0,39.0,1577.0,21.0
519,0.0,0.0,15714.533866836937,12,12751.515524457378,13103.74306647492,-0.18855273516146387,-0.16613860916814605,-0.1677966702379825,4.208388841852874,237,111,0.005034532336647931,0.1691924944807564,0.11244933227766622,352.22754201755254,230455.08403510507,13690.220455819386,115.22754201755254,237.0,2172.0,3872.0,0.0,58.0,56.0,0.0,95,44.697751967422256,84.14280828498167,34.5,63.04975509643555,58.0,384.0,56.0,641.0,39.5,402.5,42.75,654.25,58.0,384.0,56.0,641.0,854.0,38.0,1198.0,26.0,1421.0,21.0
520,0.0,0.0,453146.33033644845,25,457377.45089410996,461512.4619413793,0.009337205830443507,0.01846231789788355,0.01848472406699342,3.9999420285791003,496,222,0.002795080308654301,0.1584988073564609,0.05143012428181861,4135.011047270045,7278022.094540091,454882.97346183436,3639.0110472700458,496.0,5068.0,7532.0,0.0,139.0,110.0,0.0,185,63.05818722536722,71.316650808156,36.0,68.5,139.0,1897.0,110.0,2479.0,96.0,1940.0,76.5,2512.5,139.0,1897.0,110.0,2479.0,1514.0,75.0,1939.0,55.0,2301.0,32.0
521,0.0,0.0,115551.48440158078,16,111143.12657879696,112337.33237722212,-0.038150594478416844,-0.027815757114710737,-0.027530110918481343,4.003006412545222,337,163,0.00646878115570592,0.16373014519435294,0.08988480711646095,1194.2057984252724,1714411.5968505424,107070.2504671028,857.2057984252712,337.0,2618.0,5446.0,0.0,82.0,76.0,0.0,142,52.45809921349798,78.00924674397837,39.50316619873047,58.5,82.0,796.0,76.0,1318.0,55.75,822.25,50.75,1343.25,82.0,796.0,76.0,1318.0,1160.0,48.0,1202.0,38.0,1733.0,21.0
522,0.0,0.0,77024.18903725396,8,65009.46203635196,65509.685151816244,-0.15598641350304765,-0.149492049567293,-0.14941324960298885,2.892860031182705,130,63,0.006033859708635937,0.19118653363570695,0.1696200373844681,500.2231154643309,740446.2309286615,63989.11656174569,370.22311546433076,130.0,1182.0,2850.0,0.0,20.0,39.0,0.0,55,67.64659130651326,113.3373185939684,58.0,112.0,20.0,133.0,39.0,248.0,14.0,139.0,23.0,264.0,20.0,133.0,39.0,248.0,643.0,28.0,603.0,9.0,874.0,10.0
523,0.0,0.0,433195.4510284842,10,447887.54282003135,451322.3529009484,0.033915618819785553,0.04184462655235088,0.04214156127004376,3.788224472630628,201,98,0.007102335231982138,0.16503791841685533,0.15786469515816157,3434.8100809172684,6467620.161834534,426823.9783942419,3233.810080917267,201.0,1649.0,3391.0,0.0,53.0,40.0,0.0,85,42.11578669702849,115.23911223343525,32.0,97.27870178222656,53.0,272.0,40.0,485.0,37.75,287.25,27.25,497.75,53.0,272.0,40.0,485.0,610.0,26.0,720.0,21.0,1034.0,10.0
524,0.0,0.0,11915.41667735864,22,11145.806462937231,11589.029903364048,-0.06458945039528519,-0.02739197317495279,-0.027572265681548247,3.497541193610836,364,144,0.00713146659543195,0.15838930469783957,0.06916769350737323,443.22344042682755,158446.8808536549,11325.590756664935,79.22344042682745,364.0,3693.0,7353.0,0.0,114.0,84.0,0.0,163,55.75866608425867,132.2153552281819,40.47831726074219,106.51080322265625,114.0,1239.0,84.0,2135.0,78.0,1275.0,56.0,2163.0,114.0,1239.0,84.0,2135.0,1546.0,48.0,1503.0,51.0,2151.0,19.0
525,0.0,0.0,119854.93238304387,29,105419.21031190803,106784.97201348946,-0.12044328743184951,-0.10904816439080012,-0.10912725024188685,3.934097038078421,534,232,0.004772030485258858,0.1568125253279834,0.050419688204304536,1365.7617015814224,1663523.403162845,105711.89443609785,831.7617015814225,534.0,5379.0,9237.0,0.0,150.0,123.0,0.0,214,65.42524058452126,81.04738270558626,46.682037353515625,62.45600891113281,150.0,2339.0,123.0,3594.0,95.75,2393.25,83.5,3633.5,150.0,2339.0,123.0,3594.0,1840.0,77.0,2563.0,70.0,2600.0,46.0
526,0.0,0.0,88117.93479131398,16,87234.41928446386,88217.16491992079,-0.010026511730472532,0.001126105926583687,0.0011227977441985448,3.79755960598079,322,154,0.006475227625315614,0.16287890174836786,0.09044357972570582,982.7456354570069,1321491.270914014,86996.08485623193,660.745635457007,322.0,3412.0,4652.0,0.0,91.0,61.0,0.0,133,52.76018506567192,84.63818180507,35.93626403808594,62.0,91.0,877.0,61.0,1099.0,61.0,907.0,41.5,1118.5,91.0,877.0,61.0,1099.0,884.0,40.0,1741.0,53.0,1298.0,18.0
527,0.0,0.0,389883.255585556,23,361330.79706312675,364476.15720385715,-0.07323335412172804,-0.065165913174549,-0.06519012497014232,3.8286808443431117,409,179,0.0030290297910571763,0.16183083196237782,0.06391981471552677,3145.360140730987,5472720.281461977,357350.25351799297,2736.360140730989,409.0,3136.0,8456.0,0.0,106.0,101.0,0.0,149,59.12335865977055,108.90581904920231,44.90861511230469,77.0,106.0,971.0,101.0,2249.0,74.25,1002.75,66.75,2283.25,106.0,971.0,101.0,2249.0,1812.0,65.0,1102.0,42.0,2510.0,30.0
528,0.0,0.0,12343.818365884194,25,10859.458913162778,11417.255802493948,-0.12025123901886658,-0.075062880538738,-0.07502388978935193,3.8367238944480047,473,194,0.0058842407564015705,0.1622311272399642,0.05400336913728648,557.7968893311779,169593.77866235567,11050.68955494616,84.79688933117784,473.0,4405.0,8159.0,0.0,125.0,130.0,0.0,189,49.447365915738075,75.50667705990743,34.0,60.0,125.0,1668.0,130.0,2787.0,88.25,1704.75,91.0,2826.0,125.0,1668.0,130.0,2787.0,1736.0,85.0,2074.0,57.0,1940.0,32.0
529,0.0,0.0,58369.391753223346,7,54014.64789018658,54618.0303599802,-0.07460663426900083,-0.06426932473621305,-0.06433942880858179,4.161943019874853,153,77,0.005120420109928023,0.16483850286196547,0.1858036752470982,603.3824697936637,900764.9395873278,54107.23640892213,450.3824697936639,153.0,1214.0,2314.0,0.0,38.0,31.0,0.0,63,63.37455393600933,110.07304053304404,48.582611083984375,69.0,38.0,144.0,31.0,228.0,26.25,155.75,21.25,237.75,38.0,144.0,31.0,228.0,509.0,24.0,537.0,12.0,672.0,8.0
530,0.0,0.0,18548.78516815659,21,16643.85459075948,17184.856728187915,-0.10269840100727334,-0.07353195519834821,-0.07443327836399916,4.004167393123986,402,173,0.004777946944524335,0.1611152398835775,0.06316618987583136,541.00213742845,278004.27485690045,17357.183626631933,139.00213742845023,402.0,3410.0,7155.0,0.0,119.0,90.0,0.0,165,54.53569829523402,86.67681446184758,43.0,63.0,119.0,1134.0,90.0,2118.0,86.75,1166.25,59.75,2148.25,119.0,1134.0,90.0,2118.0,1476.0,62.0,1425.0,53.0,2184.0,30.0
531,0.0,0.0,69927.37988816838,28,66950.22344911957,68016.42219335913,-0.04257497483546546,-0.02732774626856249,-0.027009292118847172,4.085266904683274,530,231,0.0045039121294208374,0.1545891914976401,0.053198497931860336,1066.1987442396512,1072397.4884793027,65625.91340420904,536.1987442396514,530.0,4992.0,9120.0,0.0,156.0,115.0,0.0,206,50.84990548109702,96.89332313440902,36.63653564453125,71.0,156.0,2058.0,115.0,3439.0,105.0,2109.0,83.0,3471.0,156.0,2058.0,115.0,3439.0,1763.0,70.0,2107.0,61.0,2390.0,30.0
532,0.0,0.0,220788.51130621083,14,194838.73203738374,196361.87707649215,-0.11753228967986218,-0.11063362892030859,-0.11096620690997916,3.107438446589999,246,121,0.004018399451710221,0.1574821948345569,0.10033885959930243,1523.1450391084693,2554290.078216938,205498.04301191645,1277.1450391084688,246.0,2265.0,4791.0,0.0,57.0,54.0,0.0,95,62.93992155141004,98.46733424053855,47.0,72.5,57.0,425.0,54.0,794.0,36.25,445.75,36.0,812.0,57.0,425.0,54.0,794.0,963.0,35.0,1182.0,25.0,1724.0,15.0
533,0.0,0.0,114137.68552729505,23,92143.7347179169,93263.98479036176,-0.19269666024652732,-0.18288175934618478,-0.18414533287727375,3.311537888502239,424,192,0.00558958077873373,0.1678886297380033,0.06376406357456708,1120.2500724450058,1392500.1448900104,105124.88394929843,696.2500724450052,424.0,3839.0,7753.0,0.0,115.0,94.0,0.0,161,47.08432543657426,97.24405819423642,33.16489791870117,86.0,115.0,1231.0,94.0,2263.0,78.75,1267.25,63.25,2293.75,115.0,1231.0,94.0,2263.0,1599.0,61.0,2013.0,59.0,2485.0,28.0
534,0.0,0.0,15330.670562820069,29,12557.777569467604,13199.047701867323,-0.18087225747823998,-0.1390430283018641,-0.14150209881233977,4.009438497805479,532,214,0.004658907500364594,0.1504137317298266,0.049957810308081906,641.270132399748,218540.26479949564,13626.612861072143,109.27013239974782,532.0,5323.0,9268.0,0.0,161.0,128.0,0.0,205,58.7289715818522,85.29113479204453,37.0,65.0,161.0,2228.0,128.0,3415.0,108.0,2281.0,91.75,3451.25,161.0,2228.0,128.0,3415.0,1770.0,72.0,2988.0,83.0,2632.0,39.0
535,0.0,0.0,441613.82056411606,15,454712.73692874715,458636.03423299204,0.02966147288574117,0.03854547316280055,0.038912419408726695,4.151268610261363,325,161,0.0041135123416805655,0.16740518879962588,0.09872066179968615,3923.2973042453314,7196594.608490661,433397.31080648885,3598.2973042453305,325.0,2965.0,4595.0,0.0,90.0,59.0,0.0,124,67.9869689685605,80.41146968807242,41.96330261230469,60.0,90.0,726.0,59.0,985.0,60.25,755.75,38.25,1005.75,90.0,726.0,59.0,985.0,920.0,41.0,1551.0,47.0,1331.0,24.0
536,0.0,0.0,13213.82598650479,20,12273.07919584569,12821.095362245138,-0.07119412588147289,-0.029721189355811473,-0.03025963083736183,4.436552209093881,436,182,0.00799457888399034,0.15717357481968194,0.07466872634406109,548.0161663994608,224032.3327989216,12624.236244741378,112.0161663994608,436.0,3499.0,6544.0,0.0,118.0,116.0,0.0,193,54.55617452486939,81.6907476713574,46.5,68.0,118.0,1338.0,116.0,2276.0,78.5,1377.5,73.25,2318.75,118.0,1338.0,116.0,2276.0,1342.0,82.0,1474.0,53.0,1775.0,36.0
537,0.0,0.0,172005.76267284196,20,163375.3446180858,164966.8050411264,-0.05017516809114919,-0.0409228012034909,-0.04099496170853445,3.6788982375328154,389,174,0.004687835203140388,0.1562840073902204,0.07020145566679228,1591.4604230406462,2404920.846081293,163426.7035131494,1202.4604230406467,389.0,4109.0,5971.0,0.0,123.0,72.0,0.0,153,53.164067031648564,89.04982347895591,47.0,54.0,123.0,1240.0,72.0,1625.0,79.75,1283.25,50.25,1646.75,123.0,1240.0,72.0,1625.0,1211.0,51.0,1853.0,57.0,1853.0,25.0
538,0.0,0.0,121811.37035674822,14,110071.91440156588,111081.2771217745,-0.09637405704246704,-0.08808778034060827,-0.08829345751155704,3.2784352457929296,271,128,0.005568248520918904,0.1772973748035286,0.1341460197235903,1009.362720208702,1476725.4404174048,112609.0138818832,738.3627202087024,271.0,2501.0,4551.0,0.0,74.0,55.0,0.0,116,56.12824826928297,90.42760848576523,43.497474670410156,80.0,74.0,582.0,55.0,912.0,51.75,604.25,37.25,929.75,74.0,582.0,55.0,912.0,965.0,39.0,1507.0,44.0,955.0,7.0
539,0.0,0.0,451703.42011420545,23,449457.49740863394,453077.64169736736,-0.00497211799946895,0.0030423094490064084,0.0031945101849546464,3.648249324273929,426,199,0.004903819015522224,0.16493042881537304,0.0650379973710906,3620.1442887336348,6388288.577467266,437763.9800384707,3194.144288733633,426.0,4340.0,7252.0,0.0,111.0,93.0,0.0,168,66.24374827078162,79.47178330518805,39.0,68.0,111.0,1508.0,93.0,2152.0,75.0,1544.0,67.25,2177.75,111.0,1508.0,93.0,2152.0,1485.0,63.0,1980.0,47.0,1972.0,23.0
540,0.0,0.0,11571.125181333404,22,10262.550749522721,10711.221022275784,-0.1130896443780317,-0.0743146535520004,-0.07643035720298275,3.291779113857189,376,145,0.008159331794549522,0.15964124581012162,0.07124569557391064,448.67027275307174,145340.54550614342,11038.145367524263,72.67027275307171,376.0,3774.0,7283.0,0.0,122.0,87.0,0.0,170,75.87832180538443,104.98750648508545,50.23017883300781,90.0,122.0,1269.0,87.0,2253.0,77.0,1314.0,58.0,2282.0,122.0,1269.0,87.0,2253.0,1563.0,60.0,2135.0,66.0,1791.0,19.0
541,0.0,0.0,25965.403259611245,12,26557.304301224074,27035.36532911938,0.022795757712475773,0.041207219422332075,0.04251816011397924,4.232253497458333,268,121,0.006418788646257197,0.15567677495012197,0.11317875808002473,478.0610278953311,420122.05579066195,24816.687849804188,210.06102789533097,268.0,2770.0,3261.0,0.0,90.0,45.0,0.0,119,59.952534884252124,71.10340247255743,49.33751678466797,57.340721130371094,90.0,636.0,45.0,655.0,58.25,667.75,34.25,665.75,90.0,636.0,45.0,655.0,611.0,32.0,1179.0,45.0,885.0,14.0
542,0.0,0.0,12003.036993595337,19,11167.746848550307,11609.411441727723,-0.06958990008034882,-0.03279382976805345,-0.031190007589360635,3.9010443233198657,357,146,0.0052134439953199045,0.15643750179986715,0.07163909168082748,441.6645931774339,169329.18635486762,10851.52925222118,84.66459317743382,357.0,3548.0,6012.0,0.0,116.0,76.0,0.0,144,53.16698527947602,92.03778038324366,43.23395538330078,67.0,116.0,1031.0,76.0,1507.0,77.5,1069.5,54.75,1528.25,116.0,1031.0,76.0,1507.0,1143.0,54.0,1428.0,55.0,1623.0,20.0
543,0.0,0.0,392932.1377418341,22,357945.95769756293,361083.4828840645,-0.08903873387739525,-0.08105383041662773,-0.08120921296213612,3.739046265348794,423,189,0.005839458331849741,0.1604721737593452,0.07407301552473172,3137.525186502081,5429050.3730041655,362997.00429741276,2714.5251865020828,423.0,3757.0,7331.0,0.0,114.0,98.0,0.0,166,58.58359962588453,99.38838658415754,46.820701599121094,78.25822448730469,114.0,1306.0,98.0,2134.0,73.0,1347.0,63.0,2169.0,114.0,1306.0,98.0,2134.0,1463.0,66.0,2211.0,56.0,2382.0,26.0
544,0.0,0.0,93575.07697440576,28,86865.11532014284,88161.84899890608,-0.07170671797681982,-0.05784903577456091,-0.05798898433837707,4.134819145394305,574,251,0.003148119994332809,0.16218647673188244,0.052796900640937165,1296.7336787632814,1445467.3575265626,87396.04482681188,722.7336787632813,574.0,4571.0,9537.0,0.0,150.0,145.0,0.0,203,47.14337671295805,87.55873597077702,38.32440185546875,69.55345153808594,150.0,1853.0,145.0,3535.0,108.5,1894.5,95.75,3584.25,150.0,1853.0,145.0,3535.0,2050.0,97.0,2170.0,67.0,2963.0,40.0
545,0.0,0.0,147769.08126976885,10,150567.00056802298,151876.87399243488,0.018934402746581425,0.027798729526962385,0.02797150606196075,3.7901909962465012,199,97,0.0031584637616359225,0.16565230094885602,0.13213042368816352,1309.8734244120167,2221746.8488240344,146545.83707155345,1110.8734244120174,199.0,1622.0,3418.0,0.0,51.0,41.0,0.0,81,60.98741495078315,88.37102261104174,50.0,77.47870635986328,51.0,252.0,41.0,466.0,37.0,266.0,30.75,476.25,51.0,252.0,41.0,466.0,686.0,25.0,583.0,22.0,978.0,10.0
546,0.0,0.0,27766.302514769697,5,25592.926581132728,25909.84136306918,-0.07827386928745328,-0.06686022205200037,-0.06674092754021732,3.8607001669186767,121,60,0.00605500262616957,0.17662511845662832,0.30353971946440006,316.91478193646327,391829.5638729265,25372.96001580302,195.91478193646327,121.0,839.0,1681.0,0.0,25.0,31.0,0.0,54,60.20166600619072,96.17179004222726,23.0,87.27361297607422,25.0,79.0,31.0,135.0,19.0,85.0,17.25,148.75,25.0,79.0,31.0,135.0,277.0,18.0,437.0,16.0,552.0,7.0
547,0.0,0.0,275123.58489395346,20,247086.57183815129,249276.55425557567,-0.10190697779184965,-0.09394698258362888,-0.09402430405735185,3.6659744497543234,377,174,0.0036007152425345176,0.1606383374299921,0.06945793088686847,2189.98241742451,3625964.834849021,247271.5566179148,1812.9824174245105,377.0,2857.0,7223.0,0.0,89.0,94.0,0.0,154,62.217367080317466,91.1725724324958,38.613037109375,59.0,89.0,930.0,94.0,1967.0,61.25,957.75,64.0,1997.0,89.0,930.0,94.0,1967.0,1538.0,57.0,1445.0,48.0,2079.0,27.0
548,0.0,0.0,23654.096575033884,6,21561.25735690758,21889.82687772019,-0.08847681886676773,-0.0745862219559813,-0.07500564507930174,4.452453083788738,134,67,0.009939244864696951,0.1792853322185214,0.22513860691112217,328.5695208126279,389139.0416252559,21849.699160340435,194.56952081262796,134.0,985.0,2039.0,0.0,29.0,32.0,0.0,57,51.156432049018186,55.9153072186201,39.37118148803711,43.65288543701172,29.0,93.0,32.0,188.0,21.25,100.75,23.0,197.0,29.0,93.0,32.0,188.0,437.0,23.0,378.0,8.0,599.0,6.0
549,0.0,0.0,77347.94901244986,18,60913.03340652762,61784.14990920757,-0.21248030252588712,-0.2012179935209032,-0.20211955480174637,3.8062888113249698,361,163,0.002835878743551904,0.1700296766488992,0.08141851811553605,871.1165026800029,1020233.0053600052,67009.69474022006,510.1165026800026,361.0,2741.0,6331.0,0.0,85.0,95.0,0.0,141,45.45808789320715,95.91970488222042,36.0,76.03573608398438,85.0,779.0,95.0,1579.0,62.0,802.0,62.5,1611.5,85.0,779.0,95.0,1579.0,1239.0,60.0,1221.0,38.0,1870.0,25.0
550,0.0,0.0,50997.55629560151,7,44526.01865659588,45106.61305826451,-0.12689897534489902,-0.11551422588154658,-0.11576390738461029,4.430870498125441,174,85,0.005566720860118471,0.16138574424374108,0.1926064449393416,580.5944016686907,813188.8033373806,45882.00014429528,406.59440166869035,174.0,1191.0,2337.0,0.0,46.0,36.0,0.0,72,37.5740112092506,81.6445937151812,27.063312530517578,76.82463073730469,46.0,179.0,36.0,243.0,30.5,194.5,26.75,252.25,46.0,179.0,36.0,243.0,433.0,22.0,457.0,17.0,773.0,12.0
551,0.0,0.0,189836.05773262013,11,188462.39966270956,190041.8466734978,-0.007236022946943699,0.0010840350528535936,0.0010905113054771043,3.5723293313938878,238,113,0.006649327485318087,0.16334263808013275,0.12371888311449986,1579.4470107884483,2682894.021576895,187755.22724062903,1341.4470107884474,238.0,2002.0,3542.0,0.0,65.0,49.0,0.0,107,66.03124274570979,99.47218719332,57.0,85.0,65.0,432.0,49.0,631.0,37.5,459.5,28.25,651.75,65.0,432.0,49.0,631.0,746.0,29.0,855.0,27.0,1064.0,14.0
552,0.0,0.0,20737.032406016944,16,18268.477321434388,18724.357540605957,-0.11904090403341872,-0.0970570342951772,-0.09867770248067365,3.8194935881447383,305,137,0.007200929499823115,0.16074462835716405,0.08346979943205951,455.88021917157414,301760.4383431478,19751.33819309037,150.8802191715739,305.0,2661.0,5389.0,0.0,81.0,72.0,0.0,133,54.55952534327416,82.69642090045197,45.0,66.0,81.0,704.0,72.0,1269.0,55.75,729.25,48.75,1292.25,81.0,704.0,72.0,1269.0,1074.0,42.0,1224.0,32.0,1807.0,16.0
553,0.0,0.0,69840.94424095862,13,78917.2529512561,79801.42804026572,0.12995684421137343,0.14261668291514473,0.143326361013695,4.172759629568274,264,124,0.005391399670250984,0.16417949647455227,0.11556133777268188,884.1750890096635,1240350.1780193273,74312.34291751294,620.1750890096637,264.0,2900.0,3652.0,0.0,87.0,40.0,0.0,112,62.88005753468883,82.46303497481145,50.0,69.28663635253906,87.0,630.0,40.0,699.0,57.0,660.0,31.5,707.5,87.0,630.0,40.0,699.0,605.0,19.0,1272.0,43.0,881.0,14.0
554,0.0,0.0,20515.3702350822,23,16637.481194115146,17231.860619551855,-0.1890235953107826,-0.16005119955941105,-0.16201029497594133,4.127361281071018,445,191,0.005802492601868705,0.15817952856884354,0.063509438936541,594.3794254367181,298758.85087343614,18096.238160904984,149.37942543671807,445.0,3876.0,7701.0,0.0,123.0,108.0,0.0,178,53.00544027750443,85.58742292926605,36.485801696777344,69.42671203613281,123.0,1380.0,108.0,2476.0,85.25,1417.75,77.0,2507.0,123.0,1380.0,108.0,2476.0,1545.0,67.0,2037.0,66.0,2181.0,38.0
555,0.0,0.0,130166.3874705682,13,118755.900196221,120028.63588331053,-0.08766078168165503,-0.07788302175590378,-0.07806795736923211,4.1904442895124365,264,122,0.005358312907037526,0.1649841594988376,0.10412682519859111,1272.735687089608,2017471.3741792166,120361.4243976712,1008.7356870896083,264.0,2227.0,4325.0,0.0,73.0,56.0,0.0,112,56.90278368386637,84.72905283793675,41.0,65.62130737304688,73.0,518.0,56.0,809.0,49.75,541.25,40.25,824.75,73.0,518.0,56.0,809.0,826.0,36.0,1033.0,34.0,1286.0,17.0
556,0.0,0.0,23547.227329063466,14,23024.662940999424,23458.68156254789,-0.02219218342615903,-0.0037603478863215134,-0.00286834374590339,3.9053892431600876,263,119,0.005896476980215984,0.16180679004392562,0.10133866104340276,434.0186215484844,342037.243096969,21895.208249473097,171.0186215484845,263.0,2360.0,4691.0,0.0,75.0,56.0,0.0,113,60.90883811637103,93.59449374693088,52.0,93.1339111328125,75.0,539.0,56.0,912.0,52.25,561.75,36.75,931.25,75.0,539.0,56.0,912.0,954.0,32.0,1100.0,39.0,1381.0,19.0
557,0.0,0.0,25867.66636050451,23,23841.51979633042,24535.68112755505,-0.07832738121548022,-0.051492284398068966,-0.0525676752543669,4.5288760730731195,468,204,0.005414995166851574,0.15931459722447144,0.06951284698618147,694.1613312246561,452322.6624493121,24968.814290296064,226.16133122465607,468.0,4526.0,7061.0,0.0,134.0,107.0,0.0,175,56.971442818596735,75.47264823558614,41.899879455566406,62.74587631225586,134.0,1626.0,107.0,2156.0,97.75,1662.25,77.25,2185.75,134.0,1626.0,107.0,2156.0,1320.0,68.0,1995.0,62.0,1685.0,29.0
558,0.0,0.0,63927.58546897049,20,53827.012275060704,54679.04751924542,-0.15800022978831962,-0.14467209862343655,-0.1453811159586177,4.1116330083265895,387,175,0.0044295693804198,0.16038793351077268,0.07683443276781728,852.0352441847738,930070.4883695478,56551.161453735935,465.0352441847739,387.0,3519.0,6559.0,0.0,105.0,87.0,0.0,147,57.68333343380068,84.3563141012584,41.0,68.0,105.0,1056.0,87.0,1691.0,72.25,1088.75,61.75,1716.25,105.0,1056.0,87.0,1691.0,1321.0,55.0,2193.0,48.0,2166.0,23.0
559,0.0,0.0,124683.8559169724,8,103081.55187490444,104135.21840291665,-0.173256624790727,-0.16480591944268386,-0.16576569201502367,3.8065773604412967,169,77,0.009171034010349669,0.16963735785737705,0.16075064859485416,1053.666528012324,1769333.056024648,116202.35768829411,884.6665280123241,169.0,1505.0,2527.0,0.0,48.0,36.0,0.0,78,65.34249721468309,75.6172933716091,58.0,67.37683868408203,48.0,240.0,36.0,300.0,29.75,258.25,23.75,312.25,48.0,240.0,36.0,300.0,498.0,22.0,781.0,23.0,863.0,14.0
560,0.0,0.0,71330.3512267357,25,60427.34386474864,61462.652837326765,-0.15285228762339875,-0.13833800366470606,-0.13938200904934206,4.042723186202277,509,226,0.00439212240835289,0.16141427650243015,0.057649796899440615,1035.3089725781479,1052617.9451562962,65093.37250376537,526.3089725781481,509.0,4289.0,8311.0,0.0,130.0,128.0,0.0,197,51.85073274031923,79.17102834470974,34.47286605834961,58.52202606201172,130.0,1677.0,128.0,2990.0,85.25,1721.75,89.0,3029.0,130.0,1677.0,128.0,2990.0,1547.0,82.0,1769.0,62.0,2983.0,46.0
561,0.0,0.0,51793.46839673102,30,49771.47776503672,50725.86593058398,-0.03903949077528701,-0.020612685328762814,-0.020604106809567035,3.9249720075651355,564,242,0.0037782751478928557,0.15703810468257126,0.04620076445074597,954.3881655473109,780776.331094623,49731.33117826866,390.3881655473115,564.0,6050.0,9068.0,0.0,159.0,133.0,0.0,206,56.35298471346861,70.63619390499333,42.0,53.0,159.0,2511.0,133.0,3376.0,108.0,2562.0,93.25,3415.75,159.0,2511.0,133.0,3376.0,1742.0,85.0,2498.0,68.0,2554.0,36.0
562,0.0,0.0,142232.2380809188,7,146824.49069690585,147733.13882586695,0.032287002426091505,0.03867548468033366,0.03893689704936443,2.877374955597641,114,54,0.006550049472598562,0.1897576268195512,0.22557305657993984,908.6481289611902,1589296.2579223798,138085.60601656773,794.6481289611899,114.0,1583.0,1945.0,0.0,27.0,26.0,0.0,49,76.65067526495767,93.99271243269442,42.995113372802734,89.93907165527344,27.0,147.0,26.0,143.0,15.5,158.5,16.25,152.75,27.0,147.0,26.0,143.0,412.0,19.0,742.0,15.0,392.0,2.0
563,0.0,0.0,106496.94908473616,8,84595.43791818994,85510.24352030785,-0.2056538835597994,-0.19706391351859165,-0.19844565725495766,3.7371450509471824,171,85,0.004641949054393978,0.17726509475045898,0.187863926655718,914.8056021179808,1487611.2042359607,99515.21709459233,743.8056021179804,171.0,1303.0,2729.0,0.0,45.0,33.0,0.0,73,43.10215986128029,83.55974380816473,32.0,60.0,45.0,165.0,33.0,341.0,33.0,177.0,25.0,349.0,45.0,165.0,33.0,341.0,510.0,23.0,693.0,25.0,947.0,10.0
564,0.0,0.0,69602.31763324971,10,54905.151970323765,55599.41628198532,-0.21115914186031304,-0.201184412062955,-0.20208503280613588,4.003279058204105,210,100,0.008805616783420771,0.164462576372764,0.12597521449377033,694.2643116616332,968528.6233232662,60483.45676392554,484.2643116616331,210.0,1503.0,3537.0,0.0,50.0,50.0,0.0,89,52.02470495425849,86.20544040348985,35.4423828125,66.0,50.0,249.0,50.0,541.0,38.25,260.75,34.0,557.0,50.0,249.0,50.0,541.0,648.0,33.0,575.0,24.0,1147.0,15.0
565,0.0,0.0,62847.42309844734,27,57166.340967626325,58180.36796181621,-0.09039483006203586,-0.07426008747121449,-0.07458107256156365,3.9803715973640985,551,252,0.003232692252608864,0.15702017845381416,0.049994123747645954,1014.0269941899237,926053.9883798482,58163.78984521849,463.0269941899241,551.0,4644.0,8961.0,0.0,145.0,127.0,0.0,193,53.39896122675023,79.51047425613892,42.0,61.829620361328125,145.0,1845.0,127.0,3091.0,98.5,1891.5,89.25,3128.75,145.0,1845.0,127.0,3091.0,1800.0,84.0,2116.0,78.0,2992.0,40.0
566,0.0,0.0,43241.41533307221,23,41924.83566034725,42682.98900483948,-0.0304471919474385,-0.012914154727161065,-0.01243293549991098,3.770313148211675,450,203,0.003665505719867432,0.1585968787560243,0.062039980664622796,758.1533444922568,616306.6889845147,40865.74939251661,308.15334449225736,450.0,4851.0,6738.0,0.0,126.0,98.0,0.0,164,63.64223040945298,75.66432898948068,50.080665588378906,57.0,126.0,1605.0,98.0,1942.0,85.0,1646.0,69.25,1970.75,126.0,1605.0,98.0,1942.0,1257.0,59.0,2346.0,67.0,1984.0,22.0
567,0.0,0.0,186081.29437934404,29,167124.490974889,169117.8315780798,-0.10187377225466754,-0.09116156923695218,-0.09144339996707274,4.115177587626178,585,256,0.003231542965871495,0.15478385674067885,0.0506975789885199,1993.3406031909003,2816681.2063817997,171115.41035623872,1408.3406031908999,585.0,4867.0,9749.0,0.0,150.0,150.0,0.0,217,50.838562212671654,76.0975952660734,35.5,66.10598754882812,150.0,2184.0,150.0,3809.0,101.0,2233.0,105.0,3854.0,150.0,2184.0,150.0,3809.0,1950.0,93.0,2260.0,67.0,2913.0,38.0
568,0.0,0.0,131996.0632554426,14,120653.39730695223,122047.3967646175,-0.08593185030480577,-0.07537093338588552,-0.0757959906715957,4.303324173179787,314,142,0.0067934255656975666,0.15813441637285935,0.09980268046606935,1393.9994576654387,2159998.915330879,125484.32493146486,1079.9994576654394,314.0,2815.0,4241.0,0.0,103.0,55.0,0.0,131,50.045693922323,91.49245802524221,32.08523941040039,74.03887176513672,103.0,738.0,55.0,938.0,66.5,774.5,37.25,955.75,103.0,738.0,55.0,938.0,767.0,38.0,1634.0,51.0,1585.0,21.0
569,0.0,0.0,32829.20175521686,9,31281.30100315393,31725.229328346657,-0.04715011847088102,-0.033627757235820455,-0.03316638057927679,4.349358718933661,183,85,0.005644592245353601,0.1680585417654711,0.176032705079374,443.9283251927558,521856.65038551175,29996.183581832505,260.9283251927559,183.0,1351.0,3185.0,0.0,46.0,43.0,0.0,82,55.63873961817326,68.66963285232879,43.0,59.91484832763672,46.0,219.0,43.0,430.0,31.5,233.5,28.0,445.0,46.0,219.0,43.0,430.0,650.0,28.0,803.0,23.0,1024.0,17.0
570,0.0,0.0,272697.6056654768,9,244591.6768911539,246887.45926019497,-0.10306628364313897,-0.09464749916779114,-0.09479342757220255,4.195469615023531,216,108,0.006765748734219753,0.1770296939696978,0.15602513448711045,2295.7823690411888,4159564.738082379,247860.4971412151,2079.7823690411897,216.0,1820.0,2716.0,0.0,54.0,45.0,0.0,93,49.822312560546564,70.7473097681391,33.0,59.76325988769531,54.0,312.0,45.0,426.0,35.0,331.0,35.0,436.0,54.0,312.0,45.0,426.0,562.0,29.0,888.0,26.0,866.0,14.0
571,0.0,0.0,21929.44442477046,22,19951.07149130195,20537.039543474602,-0.09021536958017196,-0.06349476321995018,-0.06449064434328611,3.9930179656026947,420,182,0.006601024522535258,0.1602420738549838,0.06464805564620743,585.968052172666,331936.1043453322,20782.28217383131,165.9680521726661,420.0,3606.0,7473.0,0.0,110.0,106.0,0.0,174,57.24063300695344,89.17037161590801,44.5,71.18562316894531,110.0,1245.0,106.0,2363.0,73.75,1281.25,74.5,2394.5,110.0,1245.0,106.0,2363.0,1577.0,74.0,1571.0,44.0,2597.0,40.0
572,0.0,0.0,89347.62738479247,30,84192.90768837444,85440.227853051,-0.057692854833383045,-0.043732549437642265,-0.043902696496224025,3.928376005850087,577,254,0.0041522356011260845,0.15379082958233575,0.051407661953686054,1247.3201646766984,1340640.3293533945,85317.71954599879,670.3201646766972,577.0,5739.0,9371.0,0.0,159.0,134.0,0.0,207,60.19868293404913,78.3411489329209,42.0,68.50363159179688,159.0,2369.0,134.0,3547.0,106.25,2421.75,86.25,3594.75,159.0,2369.0,134.0,3547.0,1904.0,79.0,2995.0,79.0,2534.0,37.0
573,0.0,0.0,40847.99808746486,30,35646.80764450478,36470.374674783554,-0.12733036345681248,-0.10716861578645343,-0.10760693567419888,3.8343620345890908,543,223,0.005112863830665937,0.1590326795007322,0.04704391084666681,823.5670302787933,561134.0605575867,36585.88152968455,280.56703027879337,543.0,5144.0,9975.0,0.0,149.0,141.0,0.0,211,61.03521237190542,99.5748064946489,45.147762298583984,82.0,149.0,2220.0,141.0,3819.0,100.5,2268.5,91.25,3868.75,149.0,2220.0,141.0,3819.0,2170.0,101.0,2287.0,63.0,2937.0,42.0
574,0.0,0.0,11325.801484836384,25,9325.083304855223,9850.613118147648,-0.1766513551080543,-0.1302502404499849,-0.13270210792646608,3.8101089157081725,449,173,0.006942859612151009,0.16184475927238237,0.0555064872241892,525.5298132924263,153059.62658485307,10042.995487204096,76.52981329242654,449.0,4196.0,8316.0,0.0,122.0,129.0,0.0,188,55.99471024791746,98.28044542991503,36.0,80.0,122.0,1608.0,129.0,2813.0,80.0,1650.0,92.75,2849.25,122.0,1608.0,129.0,2813.0,1663.0,91.0,1688.0,48.0,1944.0,23.0
575,0.0,0.0,159728.11010624576,15,158430.7868594298,159962.829562421,-0.00812207222606609,0.0014694937291819254,0.001464094207365596,3.8990171271535945,300,142,0.006602202613322736,0.16009689712534705,0.10731140364165499,1532.0427029912732,2464085.4059825465,157994.01013284383,1232.0427029912732,300.0,3049.0,4511.0,0.0,82.0,61.0,0.0,122,56.785317081920034,85.52007252540366,41.0,67.201904296875,82.0,741.0,61.0,946.0,55.75,767.25,42.75,964.25,82.0,741.0,61.0,946.0,903.0,37.0,1315.0,36.0,985.0,14.0
576,0.0,0.0,187738.10776960562,7,163026.36983734707,164101.19586451948,-0.1316287791852312,-0.1259036441024196,-0.1263676975275878,2.6975287927028466,117,58,0.004817292624583809,0.17773753638227266,0.18069513784344357,1074.8260271725605,1915652.0543451214,177537.6837058422,957.8260271725607,117.0,928.0,2600.0,0.0,20.0,32.0,0.0,49,79.44152364102584,103.39782889938641,81.85736846923828,85.58030700683594,20.0,70.0,32.0,221.0,12.75,77.25,17.75,235.25,20.0,70.0,32.0,221.0,599.0,23.0,353.0,10.0,796.0,13.0
577,0.0,0.0,116017.94291532216,18,117339.71828524882,118876.73207045239,0.011392853008016068,0.024640922630534634,0.024901811942487084,4.842705490715864,422,203,0.0031343445247529306,0.16220371147377416,0.07746555728754459,1537.0137852037267,2230027.57040745,115123.02238298001,1115.013785203725,422.0,3628.0,5444.0,0.0,124.0,77.0,0.0,156,45.06054505608556,72.24599215210489,33.88835144042969,58.0,124.0,1065.0,77.0,1542.0,88.5,1100.5,60.0,1559.0,124.0,1065.0,77.0,1542.0,1027.0,48.0,1488.0,53.0,1703.0,25.0
578,0.0,0.0,75424.5383741815,15,70490.48220369844,71458.17762881683,-0.06541712122923693,-0.052587139820300055,-0.05294730916863222,4.444786953166285,324,151,0.00546883882028322,0.16781599162513525,0.09275703826940061,967.6954251184533,1287390.850236906,72410.15507615168,643.695425118453,324.0,2550.0,5010.0,0.0,79.0,79.0,0.0,133,48.482934315326396,70.33313349878864,39.0,59.0,79.0,664.0,79.0,1173.0,56.0,687.0,54.25,1197.75,79.0,664.0,79.0,1173.0,1037.0,50.0,1372.0,38.0,1745.0,29.0
579,0.0,0.0,45361.1895065018,29,42239.3816541539,43167.50454045733,-0.06882111969088567,-0.04836039332103581,-0.048286787248994156,4.171710073949716,576,234,0.00403737178544575,0.15941634794520038,0.048777779359921856,928.1228863034365,704245.7726068724,42203.66229454331,352.1228863034362,576.0,4568.0,10048.0,0.0,164.0,149.0,0.0,207,60.88179640919249,86.68474645898601,40.0,69.0,164.0,1913.0,149.0,3777.0,110.5,1966.5,94.0,3832.0,164.0,1913.0,149.0,3777.0,2169.0,92.0,1811.0,68.0,2834.0,47.0
580,0.0,0.0,11640.278846091453,6,9207.777449640382,9494.632973922551,-0.20897277707980777,-0.1843294220472529,-0.1859978748046096,6.0058590283580875,168,82,0.009479495794446603,0.17836440878141976,0.22774948616039506,286.8555242821762,237711.0485643521,9894.964543870536,118.85552428217605,168.0,1114.0,1910.0,0.0,41.0,39.0,0.0,73,41.824016756630826,58.36101642327212,33.0,42.5574836730957,41.0,136.0,39.0,222.0,28.75,148.25,28.0,233.0,41.0,136.0,39.0,222.0,344.0,26.0,581.0,20.0,664.0,15.0
581,0.0,0.0,12048.967688837693,18,12211.14594761739,12614.998371727208,0.013459929760616829,0.046977525171213896,0.04836935549585131,3.5217998179229584,321,134,0.007503924235117755,0.16071686157631507,0.07472447146608545,403.85242410982806,165704.84821965676,11762.795785294238,82.85242410982838,321.0,3270.0,5749.0,0.0,102.0,67.0,0.0,149,59.68579106456467,96.21042289393563,41.00971221923828,75.68592834472656,102.0,991.0,67.0,1505.0,68.0,1025.0,43.5,1528.5,102.0,991.0,67.0,1505.0,1291.0,45.0,1493.0,48.0,1513.0,15.0
582,0.0,0.0,14546.523234572782,17,12387.900679462284,12846.076527009776,-0.14839439777472674,-0.11689712243552097,-0.11792088054304972,4.398014722853884,345,151,0.006988729810172454,0.1636298280258975,0.07823307190895286,458.17584754751056,226351.69509502078,12866.69721219922,113.1758475475104,345.0,2846.0,5685.0,0.0,94.0,83.0,0.0,140,57.83271926466314,74.68177316240886,43.31614685058594,52.0,94.0,810.0,83.0,1387.0,59.25,844.75,62.75,1407.25,94.0,810.0,83.0,1387.0,1150.0,47.0,1254.0,38.0,1461.0,22.0
583,0.0,0.0,109899.54034736882,27,111428.70603538265,112817.0237677829,0.013914213682609367,0.026546820952958905,0.02720307833631419,4.072416904579846,532,232,0.0038599940445837484,0.1594315741307967,0.05479841517954091,1388.317732400314,1712635.4648006302,105136.30510634839,856.3177324003151,532.0,4685.0,8923.0,0.0,153.0,120.0,0.0,201,60.2910891847516,75.38452562743994,51.27747344970703,49.73819351196289,153.0,1906.0,120.0,3248.0,102.0,1957.0,79.75,3288.25,153.0,1906.0,120.0,3248.0,1807.0,80.0,2251.0,72.0,2541.0,37.0
584,0.0,0.0,12159.646501035257,14,12133.095673259537,12496.783504881936,-0.00218351970786812,0.027725888562465606,0.027640488592588053,3.6837635664739485,273,122,0.005343727036710276,0.1669432261523616,0.11242116278931326,363.6878316224106,181375.66324482142,12309.127606310514,90.68783162241071,273.0,2517.0,4534.0,0.0,82.0,55.0,0.0,117,53.211020287921876,91.08477929245541,38.0,66.0,82.0,533.0,55.0,965.0,54.5,560.5,38.75,981.25,82.0,533.0,55.0,965.0,933.0,34.0,1038.0,45.0,1133.0,10.0
585,0.0,0.0,64116.19274209711,13,62329.865745250456,62960.22065063094,-0.027860777760651323,-0.01802933146882235,-0.018268596448843044,3.115987791142275,233,107,0.006360725855740221,0.15875506344433551,0.11165019712522674,630.3549053805102,794709.8107610206,63760.66467751562,397.35490538051033,233.0,2359.0,4193.0,0.0,63.0,50.0,0.0,103,60.792101723661396,88.45892628533876,43.0,93.0,63.0,476.0,50.0,750.0,40.0,499.0,33.25,766.75,63.0,476.0,50.0,750.0,864.0,29.0,1008.0,27.0,969.0,10.0
586,0.0,0.0,83026.14344914482,17,78801.27213906294,79720.42650300304,-0.05088603582641038,-0.03981537391492351,-0.03970940652780586,3.8346971445120976,323,152,0.0025725527111908255,0.16310184698605357,0.08591523938341444,919.1543639401984,1192308.7278803955,77731.60975611395,596.1543639401978,323.0,2762.0,5805.0,0.0,72.0,82.0,0.0,130,49.34340848950392,83.83892555967195,36.0,58.977256774902344,72.0,725.0,82.0,1330.0,58.25,738.75,56.0,1356.0,72.0,725.0,82.0,1330.0,1191.0,51.0,1296.0,34.0,1592.0,24.0
587,0.0,0.0,352722.7756921973,24,327209.2060357521,330163.4417135448,-0.07233320730813708,-0.06395769009920382,-0.06423001534683304,3.6960722255291953,459,218,0.002638039545820781,0.15594610907453085,0.06468010438022095,2954.23567779305,4990471.355586097,337552.34280301246,2495.2356777930486,459.0,3983.0,8113.0,0.0,119.0,98.0,0.0,156,53.718695170831076,90.12880881800979,36.0,69.58427429199219,119.0,1279.0,98.0,2248.0,91.25,1306.75,68.0,2278.0,119.0,1279.0,98.0,2248.0,1803.0,61.0,1928.0,71.0,1999.0,30.0
588,0.0,0.0,77332.0441756565,13,73170.31497799217,74063.60890589867,-0.053816360889298864,-0.04226495374069916,-0.04216494554397299,4.201357324669527,287,136,0.003388432089874272,0.16563774471893242,0.10709631659355641,893.2939279065821,1212587.855813164,72154.53019748472,606.293927906582,287.0,1918.0,4634.0,0.0,76.0,62.0,0.0,117,37.31508472535826,82.05455953659552,21.811279296875,54.75917053222656,76.0,470.0,62.0,913.0,55.5,490.5,43.5,931.5,76.0,470.0,62.0,913.0,1018.0,41.0,880.0,36.0,1404.0,13.0
589,0.0,0.0,87356.2908101041,28,76689.81609053306,77840.01235791447,-0.12210310923981327,-0.10893638413375628,-0.10921354544743467,3.986692828266778,529,241,0.002580196152462833,0.15579669238189656,0.051700192174703674,1150.1962673815174,1242392.534763034,77908.71960049945,621.196267381517,529.0,4833.0,9279.0,0.0,141.0,119.0,0.0,190,54.39079996134967,85.31242915695486,39.0,69.0,141.0,1891.0,119.0,3169.0,99.75,1932.25,85.25,3202.75,141.0,1891.0,119.0,3169.0,1868.0,70.0,2129.0,61.0,2270.0,24.0
590,0.0,0.0,232547.5505180033,19,212368.040126182,214250.6549064479,-0.08677584582968567,-0.07868023365887444,-0.07856434854082694,3.6260442108683013,370,174,0.004432897402982298,0.16353975036468413,0.07641808114356878,1882.6147802661185,3025229.5605322323,208576.4392684972,1512.6147802661162,370.0,3708.0,5868.0,0.0,103.0,74.0,0.0,150,60.33235111843944,84.53322559520298,49.304954528808594,58.81178283691406,103.0,1127.0,74.0,1546.0,68.75,1161.25,49.25,1570.75,103.0,1127.0,74.0,1546.0,1147.0,44.0,1726.0,55.0,1799.0,22.0
591,0.0,0.0,224639.04033476627,11,203603.71945299368,205650.94533312498,-0.09364053928660343,-0.08452713728363714,-0.08477174629998696,4.3350456741587,237,119,0.005290387527956639,0.16005340807525903,0.12863293416209992,2047.225880131566,3620451.760263131,208789.71251933527,1810.2258801315656,237.0,2037.0,3507.0,0.0,59.0,48.0,0.0,95,49.38820749374306,71.10389536598903,35.0,64.37879180908203,59.0,378.0,48.0,560.0,42.75,394.25,37.25,570.75,59.0,378.0,48.0,560.0,665.0,31.0,1008.0,25.0,1321.0,20.0
592,0.0,0.0,35918.361911270375,8,34671.00888014361,35156.81296983258,-0.03472744759931201,-0.021202218055463073,-0.021258601811729894,4.400710487016859,183,82,0.008783484358490955,0.17462155622392192,0.19802840273893355,485.80408968901247,605608.1793780249,34404.0002838583,302.80408968901247,183.0,1366.0,2666.0,0.0,53.0,40.0,0.0,84,48.03985205853111,83.38561839732876,48.0,59.99908447265625,53.0,230.0,40.0,349.0,35.5,247.5,24.25,364.75,53.0,230.0,40.0,349.0,528.0,22.0,814.0,26.0,803.0,15.0
593,0.0,0.0,83416.99148740745,8,79269.90603323223,80077.92077883623,-0.04971511655153926,-0.040028663813358456,-0.040313921813070586,3.872111590031785,171,85,0.005361129897570623,0.1708775995029324,0.17590322068194322,808.0147456040527,1274029.4912081056,82256.76491916698,637.0147456040528,171.0,1684.0,2348.0,0.0,49.0,29.0,0.0,71,48.36976267815659,74.77658789251734,37.555328369140625,56.81902313232422,49.0,167.0,29.0,323.0,34.0,182.0,22.5,329.5,49.0,167.0,29.0,323.0,409.0,16.0,865.0,27.0,807.0,8.0
594,0.0,0.0,52564.006591722486,23,54240.61762673705,55147.35924136074,0.031896560854601796,0.0491467986773495,0.04948618206561739,4.194010730224288,459,200,0.004394088588610186,0.15324111883034258,0.06883149172761055,906.7416146237845,895483.22924757,53378.69207118608,447.74161462378504,459.0,4062.0,7524.0,0.0,133.0,103.0,0.0,172,61.33592198693481,91.20506030720087,43.0,70.0,133.0,1392.0,103.0,2326.0,88.75,1436.25,67.25,2361.75,133.0,1392.0,103.0,2326.0,1520.0,72.0,1906.0,57.0,1807.0,25.0
595,0.0,0.0,398327.4331953857,26,341045.2346471407,344453.46260086563,-0.1438068126232902,-0.13525046508181127,-0.1356966487678961,4.012527295947582,520,238,0.0035123967011458468,0.15981649323320374,0.05387397611171523,3408.227953725339,5776455.907450678,359901.34654563974,2888.227953725339,520.0,4494.0,8610.0,0.0,136.0,120.0,0.0,189,51.91368665776033,80.92873746990554,41.836761474609375,61.0,136.0,1742.0,120.0,2916.0,92.75,1785.25,83.75,2952.25,136.0,1742.0,120.0,2916.0,1713.0,76.0,2012.0,65.0,2744.0,41.0
596,0.0,0.0,22827.724297546996,8,24775.823898647715,25090.2554660935,0.0853391943808457,0.09911330358890069,0.0999882892350088,3.9302959526764614,134,64,0.0045177571619170395,0.16547746435552166,0.19990016794817866,314.43156744580926,360863.13489161845,22953.941588411242,180.43156744580924,134.0,1680.0,2349.0,0.0,29.0,33.0,0.0,58,80.5142381321158,67.31771905432798,57.53914260864258,62.77553176879883,29.0,197.0,33.0,204.0,18.5,207.5,26.5,210.5,29.0,197.0,33.0,204.0,469.0,18.0,632.0,10.0,374.0,6.0
597,0.0,0.0,331074.0494474921,25,307194.41830498795,310288.0755020082,-0.0721277647171541,-0.06278345880679037,-0.06298327497493261,4.151034916475269,502,218,0.003898290253958405,0.1579331729900167,0.06063420423799929,3093.6571970207074,5183314.394041421,312170.006898104,2591.6571970207106,502.0,4159.0,8440.0,0.0,130.0,129.0,0.0,194,51.010271587764606,80.00558152513665,38.36994552612305,55.00183868408203,130.0,1663.0,129.0,2927.0,92.0,1701.0,82.75,2973.25,130.0,1663.0,129.0,2927.0,1722.0,80.0,1807.0,57.0,2291.0,38.0
598,0.0,0.0,250903.85499842538,14,268002.280552876,270189.8936304594,0.06814732103083054,0.07686625074833953,0.07763793400366636,3.913878759023079,287,139,0.003518328860862259,0.15843386689041866,0.12452847940087598,2187.6130775836095,3801226.1551672164,242804.2863108526,1900.6130775836082,287.0,3082.0,3974.0,0.0,92.0,42.0,0.0,117,62.34225537006741,74.48184109686046,49.55586624145508,57.53889846801758,92.0,695.0,42.0,809.0,59.25,727.75,32.5,818.5,92.0,695.0,42.0,809.0,738.0,22.0,1735.0,50.0,1118.0,15.0
599,0.0,0.0,42673.18933023259,24,38515.13083229898,39224.29963971831,-0.09743959997355434,-0.08082099661744413,-0.08150733116529174,3.558278348492452,423,185,0.003231051876212754,0.15976350236751832,0.07176244065391893,709.1688074193336,572337.6148386676,40211.69500983192,286.1688074193338,423.0,4611.0,7476.0,0.0,110.0,105.0,0.0,169,61.31629164114665,92.32891679581148,48.0,65.0,110.0,1615.0,105.0,2225.0,75.0,1650.0,71.5,2258.5,110.0,1615.0,105.0,2225.0,1523.0,62.0,2213.0,57.0,1800.0,26.0
600,0.0,0.0,282730.6542092816,14,264745.88411415037,267128.63420014846,-0.06361096622306339,-0.05518333359630789,-0.0550714287447579,4.0980223143230585,262,122,0.003962183356833845,0.1726959324732751,0.10728996468735975,2382.750085998429,4241500.171996858,258752.87191411378,2120.750085998429,262.0,2006.0,5050.0,0.0,70.0,56.0,0.0,111,58.14779887033659,91.18122851429925,40.5,71.5,70.0,442.0,56.0,986.0,50.5,461.5,36.0,1006.0,70.0,442.0,56.0,986.0,1120.0,33.0,869.0,32.0,1417.0,22.0
601,0.0,0.0,152998.07321494634,26,148171.28167277755,149845.45464091023,-0.03154805443456565,-0.020605609651090262,-0.02082015018324801,3.865062777971714,510,225,0.004560461042907188,0.15719454733859928,0.054697673695037086,1674.1729681327881,2328345.9362655794,150602.077509297,1164.1729681327897,510.0,4124.0,8980.0,0.0,140.0,119.0,0.0,194,62.8655681214435,86.27414998942123,45.0,63.0,140.0,1641.0,119.0,3144.0,92.5,1688.5,80.5,3182.5,140.0,1641.0,119.0,3144.0,1919.0,85.0,1894.0,64.0,2618.0,32.0
602,0.0,0.0,122423.94971212622,5,146839.6687101614,148295.11011174624,0.19943580529338845,0.211324340216557,0.21247849479204572,4.938093633575505,140,68,0.007112494901488648,0.18860466896577174,0.3681807987619847,1455.4414015849893,2630882.8031699792,133193.24208849837,1315.4414015849898,140.0,1134.0,1386.0,0.0,42.0,25.0,0.0,65,77.13892654802359,62.91568295786374,53.47562026977539,58.09506607055664,42.0,130.0,25.0,128.0,27.5,144.5,13.75,139.25,42.0,130.0,25.0,128.0,240.0,11.0,687.0,22.0,482.0,8.0
603,0.0,0.0,147841.7217574438,26,139923.59641863755,141531.41852479128,-0.05355812449071107,-0.04268283105499471,-0.04302504793879747,3.8640022121468447,496,224,0.0022000202170219005,0.16323573242585834,0.057716106964518774,1607.822106153729,2223644.21230746,143869.2377890747,1111.8221061537301,496.0,4560.0,8540.0,0.0,140.0,106.0,0.0,184,46.20451448307768,89.2528291062496,36.0008544921875,85.17599487304688,140.0,1706.0,106.0,2831.0,99.75,1746.25,72.25,2864.75,140.0,1706.0,106.0,2831.0,1699.0,70.0,2242.0,67.0,2556.0,32.0
604,0.0,0.0,146446.58876362143,14,141661.9887145459,143189.23344255998,-0.03267129736151331,-0.022242616564590145,-0.022659050665470137,4.109394940494824,310,140,0.006403798965643488,0.1603878342469999,0.11006172314060206,1527.244728014321,2434489.4560286403,148105.10374889255,1217.2447280143201,310.0,2234.0,4822.0,0.0,82.0,74.0,0.0,133,57.65799240729045,95.68972924687628,46.61100769042969,77.0,82.0,580.0,74.0,1126.0,56.25,605.75,42.75,1157.25,82.0,580.0,74.0,1126.0,1007.0,50.0,832.0,40.0,1206.0,21.0
605,0.0,0.0,60721.54340858917,21,57721.000195018496,58562.019233941595,-0.04941480478156357,-0.03556438215208646,-0.0356415402710577,3.7197120808290585,409,178,0.007127945733017863,0.15316338291736745,0.08564790022283404,841.0190389231412,864038.0778462836,58071.569725747744,432.0190389231418,409.0,3878.0,6705.0,0.0,119.0,91.0,0.0,168,61.412503066697845,87.85514617308971,47.0,63.0,119.0,1302.0,91.0,2015.0,77.25,1343.75,58.5,2047.5,119.0,1302.0,91.0,2015.0,1296.0,54.0,2221.0,58.0,2204.0,23.0
606,0.0,0.0,99132.44717223791,15,96232.44459013999,97338.14348928301,-0.029253818147546684,-0.01810006445051615,-0.018231103220121114,4.046126122804465,323,148,0.00688054549038855,0.16246885481644238,0.09698117524785052,1105.69889914307,1565397.798286139,96722.00957005295,782.6988991430695,323.0,2491.0,5069.0,0.0,92.0,68.0,0.0,133,53.86361938672467,83.49193049340597,40.0,76.09638977050781,92.0,637.0,68.0,1198.0,62.0,667.0,47.0,1219.0,92.0,637.0,68.0,1198.0,1031.0,41.0,1206.0,48.0,1668.0,17.0
607,0.0,0.0,389047.83515036275,16,362698.9971392128,366198.55677593325,-0.0677264737920118,-0.058731282659877815,-0.05886659723488419,4.3281857135483195,333,151,0.008689010338297231,0.16957924869158833,0.08889175950142232,3499.559636720801,6333119.273441597,365806.81217174476,3166.5596367207986,333.0,3070.0,4994.0,0.0,98.0,68.0,0.0,134,58.35088007454239,78.45520565535814,41.77104187011719,66.5,98.0,799.0,68.0,1179.0,65.5,831.5,45.75,1201.25,98.0,799.0,68.0,1179.0,1029.0,43.0,1599.0,35.0,1643.0,23.0
608,0.0,0.0,19798.550664937604,8,14881.542745297305,15175.177713535692,-0.24835191236235854,-0.2335207778410624,-0.23505416345733532,3.7735057155663188,168,82,0.004962707018757526,0.16614498590809257,0.16004682336273018,293.6349682383984,251269.93647679733,16646.982634759792,125.63496823839867,168.0,1132.0,2900.0,0.0,35.0,43.0,0.0,69,44.105408847203826,95.19171093581998,33.0,85.0,35.0,174.0,43.0,300.0,24.0,185.0,30.75,312.25,35.0,174.0,43.0,300.0,562.0,34.0,520.0,19.0,809.0,13.0
609,0.0,0.0,30117.3499680378,26,25057.955546840447,25800.507814958637,-0.16798936249592555,-0.14333406351025024,-0.14458097677038495,4.053253078936546,527,222,0.004921595142746239,0.16149958416075166,0.05639786229810418,742.5522681182076,431104.5362364171,26590.033230143516,215.55226811820853,527.0,4405.0,8695.0,0.0,143.0,136.0,0.0,197,54.48937880549603,76.4818666379011,38.0,61.70499038696289,143.0,1707.0,136.0,3134.0,94.25,1755.75,91.25,3178.75,143.0,1707.0,136.0,3134.0,1705.0,72.0,2119.0,70.0,2597.0,35.0
610,0.0,0.0,52602.688134234275,6,44460.83310930332,44969.15069933325,-0.15478020826909356,-0.145116869606005,-0.14629163175256887,3.671559937193661,125,59,0.007919888932940098,0.20440600391454583,0.2869190395965357,508.31759002998365,766635.1800599669,52200.91685646978,383.3175900299834,125.0,944.0,2080.0,0.0,26.0,34.0,0.0,54,46.95028633405016,90.82004265902444,40.0,76.6878890991211,26.0,89.0,34.0,175.0,17.5,97.5,20.0,189.0,26.0,89.0,34.0,175.0,459.0,25.0,447.0,15.0,375.0,7.0
611,0.0,0.0,40641.975021546896,5,36829.88339770913,37277.17824321616,-0.09379690878252689,-0.0827911728341656,-0.0833276266241908,4.341806683013284,113,59,0.009905299800999802,0.17831531482696117,0.3026366190197965,447.2948455070807,668589.6910141617,38497.205185915234,334.2948455070808,113.0,742.0,1778.0,0.0,27.0,22.0,0.0,48,54.76813887779469,72.58075110584791,26.0,55.95345687866211,27.0,66.0,22.0,125.0,22.0,71.0,14.25,132.75,27.0,66.0,22.0,125.0,325.0,15.0,451.0,14.0,647.0,9.0
612,0.0,0.0,13955.597182825213,29,12591.729747494257,13226.062608432581,-0.0977290629317843,-0.05227541070692776,-0.05418202591088639,4.129102964082374,524,204,0.005489024902162541,0.15821841767785005,0.04433911282743539,634.3328609383486,220665.72187669706,13360.391094396966,110.33286093834853,524.0,5168.0,9402.0,0.0,151.0,140.0,0.0,207,56.059921926395376,82.09113447384607,36.0,70.5,151.0,2172.0,140.0,3515.0,102.5,2220.5,99.0,3556.0,151.0,2172.0,140.0,3515.0,1915.0,97.0,1952.0,50.0,2466.0,32.0
613,0.0,0.0,38977.823281018296,23,32664.011858479047,33335.448469043935,-0.16198471056268537,-0.144758591861186,-0.14590786987045978,3.6039449844534728,419,180,0.0044805528336898754,0.154983513249219,0.0627209805763433,671.4366105648907,504873.2211297814,35022.261945429214,252.4366105648907,419.0,4014.0,7576.0,0.0,116.0,100.0,0.0,164,67.59891518731436,95.90159143091704,57.5,90.19796752929688,116.0,1324.0,100.0,2230.0,78.5,1361.5,62.5,2267.5,116.0,1324.0,100.0,2230.0,1576.0,66.0,2058.0,62.0,2172.0,33.0
614,0.0,0.0,318543.96922418114,15,270443.7377169083,272926.80317183194,-0.15100028929890508,-0.1432052415352597,-0.14390237589326083,3.6980270460577973,291,147,0.002746617587830151,0.1727911224451603,0.10234076378261514,2483.065454924034,4384130.909848066,296383.10207342013,2192.065454924033,291.0,2275.0,5285.0,0.0,67.0,62.0,0.0,118,55.38778341525054,105.55241370992763,42.375267028808594,88.95478057861328,67.0,555.0,62.0,1086.0,47.25,574.75,43.25,1104.75,67.0,555.0,62.0,1086.0,1114.0,40.0,1129.0,34.0,1477.0,15.0
615,0.0,0.0,43037.54389028367,25,41019.045482636444,41829.38370093082,-0.046900873637050866,-0.02807223833295025,-0.027891551867975872,3.9627073835710767,488,216,0.005834663443808177,0.15696709562053154,0.05428949566825103,810.3382182944158,644676.4365888309,40671.463609802755,322.33821829441547,488.0,4844.0,7754.0,0.0,139.0,108.0,0.0,187,58.74933313192496,82.68779300779704,47.0,64.5,139.0,1877.0,108.0,2550.0,97.5,1918.5,77.0,2581.0,139.0,1877.0,108.0,2550.0,1564.0,67.0,2586.0,57.0,2409.0,31.0
616,0.0,0.0,103493.16682259897,13,98124.99237571334,99126.94204025765,-0.05186984427761687,-0.042188532019950764,-0.04265254871737045,3.585792759824093,263,124,0.005918298439314034,0.1673930529323066,0.12281059612788774,1001.9496645444056,1477899.3290888118,103038.53485674619,738.9496645444059,263.0,1854.0,4698.0,0.0,68.0,58.0,0.0,112,54.38665026396614,83.19332928429638,44.207740783691406,74.6552734375,68.0,426.0,58.0,904.0,49.5,444.5,39.0,923.0,68.0,426.0,58.0,904.0,1064.0,36.0,818.0,37.0,1150.0,12.0
617,0.0,0.0,280504.0956854677,9,241927.17669460495,243664.3763024,-0.13752711487720837,-0.13133398032225696,-0.13123412735774564,3.429815623436702,147,72,0.0032207557663692255,0.17795595173304915,0.1559113387239212,1737.1996077952717,3180399.2155905413,231819.984276863,1590.1996077952706,147.0,1171.0,3365.0,0.0,24.0,42.0,0.0,61,73.0919899617189,91.8354118180903,64.5,87.5,24.0,149.0,42.0,334.0,19.75,153.25,28.75,347.25,24.0,149.0,42.0,334.0,772.0,24.0,494.0,11.0,861.0,11.0
618,0.0,0.0,14909.104552323166,13,12301.578073828634,12685.461831805127,-0.17489490863408175,-0.1491466313563108,-0.1506581606995414,4.032094838627148,277,122,0.005609344410693044,0.17370413676497234,0.10817701246115086,383.8837579765003,213767.51595300075,13254.122516236781,106.88375797650038,277.0,2013.0,4539.0,0.0,68.0,74.0,0.0,118,85.10997730593908,84.10519165780623,50.81709289550781,76.0,68.0,449.0,74.0,943.0,45.25,471.75,49.5,967.5,68.0,449.0,74.0,943.0,1007.0,41.0,984.0,36.0,1251.0,19.0
619,0.0,0.0,26717.295717613975,13,23306.8642905099,23718.88716063819,-0.12764882580745895,-0.11222724742306223,-0.11250501426959802,3.5238267865109814,245,110,0.005926669940747277,0.16578641756294696,0.10619906714241151,412.02287012830374,334045.7402566073,23699.07493291926,167.02287012830365,245.0,2267.0,4280.0,0.0,71.0,51.0,0.0,103,65.90217887762233,80.43069239498982,51.0,63.0,71.0,463.0,51.0,753.0,44.25,489.75,36.25,767.75,71.0,463.0,51.0,753.0,947.0,37.0,1097.0,41.0,1552.0,20.0
620,0.0,0.0,28185.40636967994,9,26790.187161397425,27207.569379228673,-0.04950147569216534,-0.034693024383822935,-0.03453692321508761,4.229758133921863,194,94,0.006855606373147661,0.16653779922748393,0.13552362550942582,417.3822178312714,446764.43566254206,26406.027337566626,223.38221783127105,194.0,1507.0,3029.0,0.0,49.0,42.0,0.0,82,41.899229099102946,83.77019935205551,33.0,71.4714584350586,49.0,238.0,42.0,409.0,31.0,256.0,31.75,419.25,49.0,238.0,42.0,409.0,598.0,30.0,633.0,16.0,983.0,12.0
621,0.0,0.0,11183.179787058734,17,9746.1004128698,10136.004718030552,-0.12850364579240103,-0.0936384006130333,-0.09536947976003451,3.906697257519024,308,130,0.010790027023692486,0.1564090271579479,0.0836905140652675,389.904305160763,163808.61032152653,10482.550830260287,81.90430516076327,308.0,2700.0,5843.0,0.0,84.0,77.0,0.0,133,58.738063426685976,109.15475816876994,41.5,74.0,84.0,695.0,77.0,1398.0,59.25,719.75,48.5,1426.5,84.0,695.0,77.0,1398.0,1147.0,44.0,1058.0,31.0,1354.0,28.0
622,0.0,0.0,48465.90649371733,6,35658.67472914005,36069.4908952734,-0.2642523928906083,-0.25577599791826633,-0.25628658012639993,3.978192721623498,110,55,0.007048002942826782,0.20427448903566964,0.23823289488565658,410.8161661333673,601632.3322667343,37808.1439466568,300.8161661333672,110.0,922.0,2102.0,0.0,18.0,31.0,0.0,47,38.90890352596542,102.37752844385597,27.600820541381836,78.10623168945312,18.0,77.0,31.0,156.0,13.5,81.5,21.25,165.75,18.0,77.0,31.0,156.0,429.0,18.0,476.0,5.0,975.0,14.0
623,0.0,0.0,24585.582086076553,15,19328.648913677098,19840.19724356832,-0.21382179010423308,-0.1930149477809462,-0.19519627424064134,4.205819908581712,329,150,0.006097765378071715,0.1777527684120292,0.11378114033559356,511.5483298912409,365096.65978248167,21701.871913103365,182.54832989124083,329.0,2602.0,4931.0,0.0,93.0,71.0,0.0,140,41.27536569776953,81.32414167760713,32.0,73.76945495605469,93.0,709.0,71.0,1222.0,67.75,734.25,43.5,1249.5,93.0,709.0,71.0,1222.0,1020.0,43.0,1715.0,50.0,1593.0,19.0
624,0.0,0.0,54000.97213356761,17,44738.43152878525,45379.26309889559,-0.17152544183597496,-0.15965840417366606,-0.16063683372908888,3.4092100259184104,307,135,0.005217817232784062,0.16236891427441888,0.07852927970589024,640.8315701103916,667663.1402207834,48960.25289912441,333.83157011039174,307.0,2911.0,5650.0,0.0,90.0,65.0,0.0,125,71.14941485240753,87.67305076396688,57.5,81.0,90.0,688.0,65.0,1281.0,57.5,720.5,43.5,1302.5,90.0,688.0,65.0,1281.0,1147.0,51.0,1403.0,42.0,1972.0,21.0
625,0.0,0.0,29116.68072192932,25,25005.1530535702,25655.91360049833,-0.14120866686780364,-0.11885857301119152,-0.11922711874028014,3.9129119577215152,452,186,0.004744236609690438,0.1578898604547257,0.058736801637882065,650.7605469281439,397521.09385628684,25398.034644751053,198.7605469281434,452.0,3828.0,8744.0,0.0,116.0,125.0,0.0,181,60.876050674885626,88.744863787053,47.609466552734375,68.0,116.0,1404.0,125.0,2873.0,73.5,1446.5,84.75,2913.25,116.0,1404.0,125.0,2873.0,1808.0,88.0,1965.0,53.0,2497.0,37.0
626,0.0,0.0,40611.52884216795,13,34204.12284137861,34777.54539856152,-0.15777308029183024,-0.14365338143953021,-0.14498284724334476,4.080255696401629,265,118,0.0059228068212494,0.16737995516847215,0.1071769285468991,573.4225571829635,616845.114365927,37794.513399608855,308.4225571829635,265.0,2111.0,4436.0,0.0,72.0,62.0,0.0,117,48.918958992186994,75.49454963106808,37.5,66.73045349121094,72.0,474.0,62.0,912.0,51.5,494.5,41.25,932.75,72.0,474.0,62.0,912.0,939.0,41.0,1051.0,31.0,1581.0,23.0
627,0.0,0.0,119484.10745205556,20,103142.65613524982,104422.51068491163,-0.13676673547034646,-0.12605523101210403,-0.12648698476835496,4.048834585846969,408,184,0.0038607040431315903,0.1627414315986064,0.07074741955988122,1279.8545496618535,1743709.0993237088,107667.3461431955,871.8545496618544,408.0,3261.0,6816.0,0.0,105.0,99.0,0.0,159,58.26701526731238,85.49241177758255,35.0,66.0,105.0,977.0,99.0,1997.0,72.75,1009.25,66.5,2029.5,105.0,977.0,99.0,1997.0,1341.0,61.0,1633.0,52.0,2136.0,36.0
628,0.0,0.0,48392.48461644745,27,43713.50679702492,44644.861040402575,-0.09668810883564871,-0.07744226413973276,-0.07756172804542694,4.298416810026918,552,240,0.002558670745352805,0.15130374838548166,0.052912015946692696,931.3542433776908,758708.4867553813,44127.20545071047,379.3542433776907,552.0,4645.0,8955.0,0.0,140.0,145.0,0.0,193,50.072203368286054,77.63660545983748,34.0,69.0,140.0,1773.0,145.0,3152.0,102.75,1810.25,97.25,3199.75,140.0,1773.0,145.0,3152.0,1810.0,99.0,1629.0,53.0,2179.0,28.0
629,0.0,0.0,11875.934246355031,5,8122.390501138464,8296.79090322246,-0.31606302858813884,-0.30137783427279285,-0.3034430920743013,3.772891875190398,101,49,0.006203065990968894,0.20274665428171632,0.2932571869680567,174.40040208400566,146800.8041680113,9727.339731979666,73.40040208400565,101.0,683.0,1837.0,0.0,27.0,20.0,0.0,46,37.998378147315954,101.21311508534288,30.773406982421875,84.4892349243164,27.0,50.0,20.0,133.0,17.25,59.75,16.0,137.0,27.0,50.0,20.0,133.0,343.0,9.0,387.0,15.0,588.0,6.0
630,0.0,0.0,67898.13099250333,7,64489.34897966322,65086.22843066561,-0.05020435707157345,-0.04141354880811354,-0.041305859969410275,3.658659920730152,139,66,0.005233512903485683,0.16630786206337447,0.1920063247098801,596.8794510024358,915758.9020048716,62574.74880461938,457.8794510024358,139.0,1285.0,2243.0,0.0,38.0,28.0,0.0,60,55.21627349229037,101.20923408510167,37.5,74.0,38.0,159.0,28.0,195.0,25.25,171.75,19.0,204.0,38.0,159.0,28.0,195.0,439.0,23.0,521.0,18.0,696.0,10.0
631,0.0,0.0,44302.13579511572,20,41388.81472859263,42197.33255895005,-0.06576028478618579,-0.047510197835602286,-0.047720207900979195,4.73961116893259,411,184,0.004784932558123884,0.16489120044206657,0.07721206798413942,808.5178303574335,795035.6607148678,41935.70065020324,397.51783035743387,411.0,3039.0,7038.0,0.0,115.0,92.0,0.0,160,46.22101052909781,85.6111342231773,34.0,70.2410659790039,115.0,977.0,92.0,2015.0,88.5,1003.5,63.75,2043.25,115.0,977.0,92.0,2015.0,1438.0,64.0,1699.0,48.0,1935.0,25.0
632,0.0,0.0,12472.308303222842,23,10830.278549479586,11324.876157090095,-0.13165403819587718,-0.09199837898781338,-0.09336261474930141,3.978776186174406,404,168,0.007137755077950123,0.1621405235780188,0.060158835288851686,494.59760761051984,181195.21522103934,11385.109814084477,90.59760761051967,404.0,4272.0,7274.0,0.0,102.0,111.0,0.0,163,54.02268705225334,80.17503691095409,40.0,68.0,102.0,1442.0,111.0,2083.0,67.75,1476.25,77.25,2116.75,102.0,1442.0,111.0,2083.0,1392.0,80.0,1953.0,40.0,1871.0,31.0
633,0.0,0.0,21210.151139486286,21,19034.59234286914,19575.45565919733,-0.1025715838755612,-0.07707137349180382,-0.07819803200207398,3.67969020260737,393,174,0.005245855765143783,0.16375864297602058,0.06535702004983432,540.8633163282051,295726.63265641005,20091.81591203404,147.86331632820503,393.0,3328.0,7247.0,0.0,111.0,87.0,0.0,155,54.56013165618091,93.3919859774326,39.0,77.62628173828125,111.0,1031.0,87.0,2021.0,80.5,1061.5,56.75,2051.25,111.0,1031.0,87.0,2021.0,1513.0,53.0,1380.0,50.0,1790.0,23.0
634,0.0,0.0,51409.34798721167,5,39111.828257161884,39504.07344447346,-0.23920785249229104,-0.23157801078705975,-0.23217713873482138,3.3743376193657744,112,58,0.006838416999038683,0.19816510665586767,0.3062103424222179,392.24518731162397,560490.3746232478,41525.95545022812,280.2451873116239,112.0,774.0,1746.0,0.0,23.0,26.0,0.0,46,48.622423738971676,72.95624401868278,32.588314056396484,65.93942260742188,23.0,59.0,26.0,122.0,16.0,66.0,17.25,130.75,23.0,59.0,26.0,122.0,356.0,16.0,525.0,13.0,580.0,7.0
635,0.0,0.0,19156.826245702225,12,19104.518841768277,19535.82178158558,-0.002730483810995721,0.0197838374176611,0.021348380619826024,4.444673260544126,273,130,0.007269904810219709,0.16366402650747658,0.11747337557662185,431.30293981732024,316605.8796346402,17808.163900662108,158.3029398173201,273.0,2294.0,3752.0,0.0,83.0,48.0,0.0,118,47.4014279755768,83.94112577968983,37.0,64.0,83.0,550.0,48.0,734.0,58.0,575.0,32.75,749.25,83.0,550.0,48.0,734.0,745.0,33.0,909.0,33.0,1169.0,12.0
636,0.0,0.0,376181.8673510201,21,331839.2421555735,334865.8790711865,-0.11787549864563229,-0.1098298239911738,-0.11020256181817156,3.7984190578137538,390,180,0.0037128323113419623,0.16030673186886246,0.06751285554615852,3026.636915613418,5273273.831226838,347070.3041821538,2636.6369156134188,390.0,3484.0,7100.0,0.0,97.0,92.0,0.0,151,56.39293218058951,94.31800681347978,33.92259979248047,81.07136535644531,97.0,1054.0,92.0,1928.0,70.5,1080.5,62.0,1958.0,97.0,1054.0,92.0,1928.0,1472.0,62.0,1481.0,39.0,2234.0,27.0
637,0.0,0.0,17994.823498866655,28,15934.41407428461,16549.432856876374,-0.11450011858753784,-0.08032257955079769,-0.0814903702443005,3.5701341539136275,496,203,0.006445661087832067,0.15661713829749527,0.05303396442955604,615.0187825917708,238037.5651835403,16668.670904327253,119.01878259177016,496.0,5229.0,8868.0,0.0,155.0,110.0,0.0,193,57.64392653065913,95.13635403289948,56.0,83.5,155.0,2050.0,110.0,3081.0,101.5,2103.5,78.5,3112.5,155.0,2050.0,110.0,3081.0,1842.0,86.0,2813.0,84.0,2231.0,27.0
638,0.0,0.0,37683.76757842723,27,33680.061074740996,34478.04480383265,-0.10624485716174059,-0.08506906237341705,-0.08541116903921864,4.09977029738511,517,217,0.004723019324082309,0.1632374066221123,0.05793121126931895,797.9837290916862,561967.4581833727,34268.22830426642,280.98372909168637,517.0,5070.0,8529.0,0.0,145.0,128.0,0.0,193,64.90904002151716,81.80191925049898,49.0,58.6146125793457,145.0,1989.0,128.0,2945.0,91.25,2042.75,89.75,2983.25,145.0,1989.0,128.0,2945.0,1753.0,86.0,2950.0,75.0,2668.0,37.0
639,0.0,0.0,102900.31520891078,24,93816.54901262939,95144.10677891219,-0.0882773408209615,-0.07537594432292782,-0.07565169659065107,4.27117604668232,508,224,0.006610437855091574,0.15706926012313963,0.06011951882596664,1327.5577662828043,1639115.5325656072,95940.52754151911,819.5577662828036,508.0,4587.0,7509.0,0.0,136.0,124.0,0.0,193,50.603004728570646,79.53821280847082,37.018394470214844,67.5,136.0,1797.0,124.0,2575.0,94.75,1838.25,88.75,2610.25,136.0,1797.0,124.0,2575.0,1456.0,85.0,2530.0,72.0,2252.0,43.0
640,0.0,0.0,41021.62622532127,5,36025.79220722216,36474.15050477046,-0.12178537219997743,-0.11085556909842353,-0.11170768767062056,4.297448400392227,113,56,0.010431495761010429,0.1858063848160474,0.2644148558753597,448.3582975483354,670716.5950966701,39018.30415435901,335.35829754833503,113.0,866.0,1654.0,0.0,32.0,20.0,0.0,51,49.86577676934266,68.87698457746973,33.5,57.14018249511719,32.0,86.0,20.0,117.0,21.5,96.5,15.5,121.5,32.0,86.0,20.0,117.0,325.0,7.0,473.0,16.0,578.0,8.0
641,0.0,0.0,135718.65285690743,9,141363.5003303177,142801.02611597537,0.04159227456642833,0.05218422899124353,0.05291240881030279,4.700744318040234,205,95,0.008776618484671166,0.17278552638626654,0.14523927185664723,1437.5257856577791,2465051.571315559,131099.00286723382,1232.5257856577796,205.0,1791.0,2745.0,0.0,61.0,40.0,0.0,92,58.26639874510243,80.44859863615733,44.88414001464844,62.868228912353516,61.0,302.0,40.0,425.0,40.75,322.25,25.75,439.25,61.0,302.0,40.0,425.0,578.0,24.0,767.0,21.0,813.0,18.0
642,0.0,0.0,58927.34778895796,16,49107.34505507582,49927.84834496218,-0.16664593100391067,-0.15272194968330377,-0.15371347937697832,4.424998725368781,354,169,0.004045142713359184,0.16461279878803248,0.09532081505231198,820.5032898863976,933006.5797727954,52712.251329238425,466.50328988639774,354.0,2908.0,5156.0,0.0,95.0,74.0,0.0,137,46.86154676985721,95.78812261406138,35.0,69.0,95.0,898.0,74.0,1125.0,64.75,928.25,56.0,1143.0,95.0,898.0,74.0,1125.0,951.0,53.0,1527.0,46.0,1472.0,20.0
643,0.0,0.0,134356.52032254305,22,135437.50513868663,136986.37733057368,0.008045644629293136,0.01957372073731345,0.019635867715546373,4.078971615512201,460,205,0.0045241698365940984,0.1587581443290729,0.07367561497004965,1548.8721918871645,2177744.38377433,133473.86235126253,1088.872191887165,460.0,4107.0,6981.0,0.0,125.0,108.0,0.0,180,59.92592929060756,74.0812285250955,52.79313659667969,57.17762756347656,125.0,1522.0,108.0,2205.0,86.0,1561.0,67.25,2245.75,125.0,1522.0,108.0,2205.0,1399.0,66.0,2231.0,65.0,1990.0,27.0
644,0.0,0.0,11228.105181544342,17,9968.663577820762,10362.366676980293,-0.1121686681198647,-0.0771045951713265,-0.07863636557807785,3.8376156351635586,313,135,0.009133260218956349,0.1601291331086884,0.08062299536885348,393.70309915954584,161406.1983190917,10514.744939549722,80.70309915954584,313.0,3107.0,5445.0,0.0,89.0,72.0,0.0,128,57.49627007193491,87.1470250909078,43.0,69.71437072753906,89.0,828.0,72.0,1182.0,59.5,857.5,53.0,1201.0,89.0,828.0,72.0,1182.0,1166.0,52.0,1655.0,43.0,1758.0,18.0
645,0.0,0.0,119823.78199718072,22,114808.52359401065,116177.57749868261,-0.041855283814093536,-0.030429723029305578,-0.030234661412968267,4.113476197601645,446,198,0.006994572675520243,0.16374034997126288,0.07075820486237407,1369.0539046720603,1846107.8093441192,112198.76575562106,923.0539046720596,446.0,3372.0,7713.0,0.0,118.0,108.0,0.0,175,49.59476083944482,93.0270361090865,37.40808868408203,71.0,118.0,1154.0,108.0,2469.0,81.25,1190.75,69.0,2508.0,118.0,1154.0,108.0,2469.0,1687.0,78.0,1743.0,59.0,2391.0,38.0
646,0.0,0.0,77983.90141365348,6,80243.83575019168,80993.16776837842,0.028979498275557125,0.038588302203075964,0.03854840331153331,3.8149780429221365,129,64,0.00677047965477995,0.18542158785248164,0.2261938698018845,749.3320181868004,1240664.0363736001,81302.1741157451,620.3320181868,129.0,1091.0,1933.0,0.0,33.0,26.0,0.0,56,52.476942141946104,59.55280465422579,41.0,54.07149887084961,33.0,106.0,26.0,171.0,22.75,116.25,16.75,180.25,33.0,106.0,26.0,171.0,350.0,16.0,629.0,16.0,761.0,8.0
647,0.0,0.0,11896.400638485075,20,9399.148484129199,9822.828334018728,-0.2099166151379619,-0.17430249429884714,-0.17620371796013934,3.6896188186138175,349,142,0.006946335660754315,0.1627273961518197,0.06734753916888152,423.6798498895476,149359.69977909484,10120.266287779355,74.67984988954743,349.0,3418.0,6620.0,0.0,94.0,93.0,0.0,147,55.82992361202869,83.32399005175047,42.5,68.0,94.0,958.0,93.0,1785.0,64.75,987.25,61.75,1816.25,94.0,958.0,93.0,1785.0,1382.0,60.0,1842.0,44.0,1922.0,26.0
648,0.0,0.0,447550.236260013,19,413907.54710883787,417535.21108272875,-0.07517075498007286,-0.06706515323979512,-0.06722880899541905,3.8860769250118494,380,173,0.005754147741843651,0.15926811475731129,0.08055069898654643,3627.6639738913623,6495327.947782723,417858.94059231196,3247.663973891362,380.0,3063.0,6513.0,0.0,98.0,90.0,0.0,148,53.2841961181384,89.05353141859695,42.68544006347656,67.51931762695312,98.0,950.0,90.0,1674.0,67.25,980.75,59.75,1704.25,98.0,950.0,90.0,1674.0,1324.0,54.0,1635.0,53.0,1893.0,27.0
649,0.0,0.0,161153.05738922974,19,150155.22393086168,151713.702811858,-0.06824464665169339,-0.058573847311956695,-0.05854199354148859,4.023698093476095,363,175,0.004842184061165411,0.1600666065770021,0.0777003477306935,1558.4788809964473,2390957.7619928946,148554.74407172363,1195.4788809964473,363.0,3180.0,6396.0,0.0,85.0,84.0,0.0,141,58.71729890775433,80.01363022073105,44.0,50.0,85.0,902.0,84.0,1608.0,62.5,924.5,59.25,1632.75,85.0,902.0,84.0,1608.0,1274.0,57.0,1413.0,36.0,1545.0,17.0
650,0.0,0.0,16837.150688396545,17,16335.317171760284,16814.782483912448,-0.029805133061029387,-0.0013285029574221507,-0.000984072917540102,4.184510535980516,344,148,0.004734292055165836,0.16758994378210343,0.08569389542188949,479.46531215217954,270930.6243043591,16186.518230433521,135.46531215217954,344.0,3036.0,5532.0,0.0,97.0,82.0,0.0,138,55.23264661920828,73.0995919382697,37.0,69.5,97.0,843.0,82.0,1324.0,68.5,871.5,55.0,1351.0,97.0,843.0,82.0,1324.0,1106.0,52.0,1460.0,45.0,1350.0,16.0
651,0.0,0.0,11793.534006640468,15,9227.991944101512,9579.511628558894,-0.21753802219880847,-0.18773188569558086,-0.1899203356485889,4.005397538728804,270,123,0.005917991061743079,0.1595675687977049,0.0835440024145821,351.5196844573872,163039.36891477398,10176.228909759973,81.51968445738699,270.0,2390.0,5142.0,0.0,67.0,65.0,0.0,114,62.813751508710425,81.5934552577214,44.0,70.8718490600586,67.0,548.0,65.0,1027.0,50.75,564.25,46.75,1045.25,67.0,548.0,65.0,1027.0,977.0,47.0,1103.0,26.0,1709.0,23.0
652,0.0,0.0,298931.583114866,22,262977.1797232243,265795.05421024526,-0.12027636229332794,-0.11084987594598816,-0.11129439530738483,4.321516344016028,451,200,0.004619049530639645,0.16470128931426795,0.06317240997310607,2817.8744870212636,4733748.974042527,273847.68430861743,2366.8744870212636,451.0,3441.0,7647.0,0.0,119.0,110.0,0.0,172,57.21474764870611,71.0875419300633,41.0,64.5,119.0,1186.0,110.0,2369.0,80.5,1224.5,77.0,2402.0,119.0,1186.0,110.0,2369.0,1624.0,71.0,1741.0,50.0,2240.0,34.0
653,0.0,0.0,51306.601271298205,26,43527.396267527234,44388.34135692541,-0.15162191240531053,-0.1348415163536273,-0.13548681588680034,3.8099274966557504,514,225,0.002917537699654981,0.16284133509251647,0.053353293919056126,860.9450893982485,693890.1787964967,45531.718084240085,346.94508939824834,514.0,4053.0,9049.0,0.0,136.0,127.0,0.0,191,60.25695023929117,75.9546477699276,49.0,57.31439208984375,136.0,1621.0,127.0,3081.0,94.25,1662.75,88.0,3120.0,136.0,1621.0,127.0,3081.0,1809.0,89.0,1903.0,74.0,2628.0,37.0
654,0.0,0.0,72905.31721825298,24,68850.72365027144,69835.077803707,-0.055614511021788826,-0.04211269536561735,-0.042439774704730926,3.788483040916433,449,206,0.0037746447962260657,0.1522124516119068,0.054650478040392615,984.3541534355934,1070708.3068711867,70655.47709382002,535.3541534355934,449.0,4474.0,7622.0,0.0,118.0,101.0,0.0,170,54.67036755465466,93.84155069233908,41.0,71.0,118.0,1518.0,101.0,2343.0,83.75,1552.25,71.0,2373.0,118.0,1518.0,101.0,2343.0,1526.0,61.0,1951.0,48.0,2176.0,35.0
655,0.0,0.0,86354.22001933068,27,81696.21854492539,82856.33178473389,-0.053940635134711146,-0.040506280223639,-0.04044718677436987,3.940806733981164,519,234,0.0039242103357310125,0.15739331992452604,0.05872886418657062,1160.1132398086347,1282226.4796172692,81342.89284988049,641.1132398086346,519.0,5233.0,8375.0,0.0,150.0,108.0,0.0,198,56.51916054207731,91.35973033569383,43.0,64.974853515625,150.0,2086.0,108.0,3002.0,106.25,2129.75,73.75,3036.25,150.0,2086.0,108.0,3002.0,1656.0,65.0,2798.0,87.0,2604.0,34.0
656,0.0,0.0,55353.10727624078,17,50655.88545917658,51358.04663747402,-0.08485922558281367,-0.07217409889618898,-0.07253249375011028,3.5206897422429804,333,152,0.007361390970310196,0.16078321045666746,0.08627093345726776,702.1611782974617,738322.3565949239,52427.39425006458,369.16117829746196,333.0,2831.0,5724.0,0.0,95.0,69.0,0.0,134,51.80458143135057,84.93470362559933,37.435665130615234,77.0,95.0,749.0,69.0,1364.0,65.0,779.0,47.5,1385.5,95.0,749.0,69.0,1364.0,1151.0,36.0,1484.0,56.0,2370.0,27.0
657,0.0,0.0,137562.59586625596,13,119576.40598220381,120901.78729496227,-0.13074913111947284,-0.12111438044897038,-0.12151405596307618,4.190790631833245,283,130,0.006046038819937341,0.1697809563992093,0.11813773418082898,1325.3813127586277,2084762.6255172577,124365.71095209346,1042.3813127586288,283.0,2263.0,4289.0,0.0,69.0,71.0,0.0,119,57.41831030730762,70.43863580359361,46.39198684692383,55.0,69.0,504.0,71.0,903.0,48.75,524.25,48.25,925.75,69.0,504.0,71.0,903.0,876.0,50.0,934.0,31.0,1261.0,19.0
658,0.0,0.0,267094.75932614226,6,222052.63933838322,223773.11041823903,-0.1686372286052955,-0.16219580278250356,-0.16277877649778305,3.291759094465546,131,65,0.005677322979209805,0.18980707211550757,0.22934167217617543,1720.4710798559304,3178942.1597118573,241431.8657960596,1589.4710798559288,131.0,966.0,2058.0,0.0,37.0,23.0,0.0,55,65.9829714244536,74.69761119494798,44.0,51.50789260864258,37.0,89.0,23.0,181.0,23.5,102.5,14.25,189.75,37.0,89.0,23.0,181.0,395.0,13.0,527.0,21.0,627.0,8.0
659,0.0,0.0,64622.701836770415,21,53221.686629334006,54072.72545501443,-0.17642430420557276,-0.16325495656934963,-0.16409141003731675,3.7243085993348557,427,188,0.0034752435470362495,0.16067121985236255,0.07129215383484468,851.0388256804652,848077.6513609318,56928.529735183234,424.0388256804659,427.0,3857.0,6724.0,0.0,116.0,102.0,0.0,171,56.01351993340573,87.0065581140101,44.0,63.0,116.0,1357.0,102.0,2014.0,75.25,1397.75,70.0,2046.0,116.0,1357.0,102.0,2014.0,1237.0,57.0,1835.0,64.0,1922.0,23.0
660,0.0,0.0,38223.157755423184,17,42244.02007777464,42932.57266548875,0.10519440460883867,0.12320842093161133,0.12445023582888992,4.0396254072979625,368,169,0.004726901267598444,0.1649687421288476,0.08459069344147507,688.5525877141419,641105.1754282829,39676.028764329625,320.55258771414145,368.0,3534.0,5030.0,0.0,108.0,74.0,0.0,154,52.09946510151547,80.70170909509213,44.0,73.0,108.0,1059.0,74.0,1375.0,70.5,1096.5,49.5,1399.5,108.0,1059.0,74.0,1375.0,991.0,49.0,1644.0,44.0,1543.0,14.0
661,0.0,0.0,44135.929242348575,7,37510.83066354757,37883.77644318053,-0.1501066974804781,-0.1416567614298484,-0.1427087010760273,2.801664668061985,136,69,0.006742489716960375,0.19783994719453707,0.214746026017814,372.94577963299577,473891.55926599156,42286.60594790238,236.9457796329958,136.0,1293.0,2235.0,0.0,42.0,18.0,0.0,58,45.79913361813313,111.54862336568291,28.79541778564453,56.637420654296875,42.0,131.0,18.0,215.0,29.75,143.25,12.25,220.75,42.0,131.0,18.0,215.0,482.0,13.0,605.0,25.0,539.0,3.0
662,0.0,0.0,77371.65624522432,16,70807.77446531181,71656.70982210083,-0.08483574087012846,-0.07386356581291664,-0.07426438352898102,3.562647291550697,322,154,0.004712731883117364,0.16879380709863442,0.09877556234819225,848.9353567891109,1053870.7135782219,73952.7819718233,526.935356789111,322.0,3252.0,4812.0,0.0,80.0,72.0,0.0,133,51.085005805333026,76.64099027747673,35.5,61.69239044189453,80.0,813.0,72.0,1163.0,52.5,840.5,53.75,1181.25,80.0,813.0,72.0,1163.0,934.0,48.0,1486.0,45.0,1195.0,20.0
663,0.0,0.0,237517.5096142714,22,188672.08205147984,190610.86812425454,-0.20564979669126948,-0.197487088704295,-0.19822536861832885,3.639118931926706,437,189,0.007098892677711547,0.15843266176474494,0.07328084610806933,1938.786072774689,3003572.1455493756,206339.2404682385,1501.786072774688,437.0,3919.0,7169.0,0.0,122.0,104.0,0.0,172,60.920106547866325,93.37854894215305,45.5,84.93621063232422,122.0,1353.0,104.0,2205.0,77.25,1397.75,65.75,2243.25,122.0,1353.0,104.0,2205.0,1369.0,62.0,2158.0,69.0,2156.0,32.0
664,0.0,0.0,118602.23864370698,28,116359.05162807224,118002.44429583561,-0.018913530143166213,-0.00505719246727887,-0.005186861063630643,4.469695954234108,595,262,0.003946717983477857,0.16119089977162024,0.05717372752481545,1643.3926677635404,2096785.3355270792,117277.85049567021,1048.3926677635395,595.0,4677.0,9435.0,0.0,160.0,145.0,0.0,217,56.61043690293248,78.13697680177526,40.64939880371094,70.17427062988281,160.0,2069.0,145.0,3702.0,112.75,2116.25,99.75,3747.25,160.0,2069.0,145.0,3702.0,1876.0,100.0,2354.0,74.0,2557.0,37.0
665,0.0,0.0,34590.511532778015,10,34745.00047394681,35170.51265684265,0.004466223086131649,0.016767636509654515,0.0173626934015203,3.4727397252853756,196,91,0.0045279990217162325,0.17302542749937627,0.14667731555507899,425.51218289587985,459024.36579175986,33044.829306495114,229.51218289587993,196.0,2169.0,2870.0,0.0,56.0,39.0,0.0,85,63.06634434662614,84.3048463125819,56.5,77.68099975585938,56.0,343.0,39.0,411.0,35.75,363.25,25.0,425.0,56.0,343.0,39.0,411.0,601.0,23.0,1028.0,27.0,724.0,7.0
666,0.0,0.0,159213.47908178152,17,148355.65285416288,149930.0090054089,-0.06819665200608682,-0.058308317423326095,-0.05833714180752936,4.095146017453642,363,171,0.003652554119509837,0.16577544706363417,0.08487147614150023,1574.356151246158,2422712.302492315,147901.46017789343,1211.3561512461574,363.0,2749.0,5819.0,0.0,96.0,79.0,0.0,150,47.51626216445934,83.24303922922962,34.0,71.81379699707031,96.0,863.0,79.0,1512.0,64.0,895.0,53.25,1537.75,96.0,863.0,79.0,1512.0,1197.0,54.0,1392.0,46.0,1633.0,22.0
667,0.0,0.0,195852.98512289027,17,158214.69738954146,159875.3461337979,-0.19217622702933135,-0.18369716941775371,-0.1844904951007943,3.7984364892819977,333,152,0.004127907616756666,0.167137089753524,0.08881927149511447,1660.6487442565674,2655297.4885131326,174762.5303204064,1327.6487442565663,333.0,2418.0,6150.0,0.0,81.0,83.0,0.0,136,45.37537952754421,88.66531892027156,24.0,71.0,81.0,619.0,83.0,1529.0,56.25,643.75,57.0,1555.0,81.0,619.0,83.0,1529.0,1270.0,57.0,1368.0,45.0,1849.0,28.0
668,0.0,0.0,102307.3431503546,16,96624.76950019224,97681.8760454998,-0.05554414253345474,-0.045211486902333564,-0.04512761313336444,3.847479923141329,322,154,0.006799994364930191,0.16375845207297568,0.086775987758521,1057.1065453076692,1470213.0906153384,95530.91373995802,735.1065453076692,322.0,3229.0,4835.0,0.0,94.0,58.0,0.0,129,53.560053812656825,87.0443993640734,40.047428131103516,69.53309631347656,94.0,789.0,58.0,1123.0,63.25,819.75,42.75,1138.25,94.0,789.0,58.0,1123.0,979.0,34.0,1403.0,39.0,1419.0,16.0
669,0.0,0.0,73488.1299846338,11,72603.25029091518,73454.49156004058,-0.01204112410948055,-0.00045773956420236406,-0.0010892822572002858,3.988268121256042,236,115,0.003961472117844474,0.16738239065258517,0.12219583782305692,851.2412691254416,1230482.5382508845,77131.38264782481,615.2412691254423,236.0,2372.0,3172.0,0.0,61.0,49.0,0.0,98,50.50150516924413,81.89525465989398,38.96682357788086,74.0,61.0,472.0,49.0,496.0,40.75,492.25,33.75,511.25,61.0,472.0,49.0,496.0,591.0,23.0,1081.0,27.0,924.0,17.0
670,0.0,0.0,58505.62411269361,24,57152.82480661636,58120.955417563426,-0.02312255149131448,-0.0065749011477808095,-0.006115377383802301,4.392508008606214,480,216,0.003129062529634319,0.16396053271537808,0.07361493273882813,968.1306109470647,976261.2218941293,55563.9978334329,488.13061094706467,480.0,3856.0,8239.0,0.0,117.0,123.0,0.0,183,42.969405052824044,86.32443592907215,25.0,68.0,117.0,1407.0,123.0,2744.0,82.25,1441.75,85.5,2781.5,117.0,1407.0,123.0,2744.0,1656.0,82.0,1925.0,58.0,1923.0,31.0
671,0.0,0.0,42370.89858811114,19,32449.965315003064,33162.071822194994,-0.2341449816665392,-0.21733848166486724,-0.21915569350249087,4.235647641313486,402,185,0.006141188111549658,0.16114164286290905,0.07894474668588167,712.1065071919684,620213.0143839354,36606.740391630265,310.1065071919677,402.0,3065.0,6489.0,0.0,95.0,103.0,0.0,164,45.765356920698096,76.64887819425874,33.0,64.0,95.0,971.0,103.0,1943.0,69.0,997.0,71.0,1975.0,95.0,971.0,103.0,1943.0,1300.0,62.0,1675.0,40.0,1846.0,29.0
672,0.0,0.0,182825.6743947136,21,180004.80496314107,181897.96181547816,-0.01542928497822671,-0.0050743014202291326,-0.004711311157385878,4.20056592842488,444,202,0.0048206945796927655,0.15733235480655677,0.06634439286228182,1893.1568523372966,2898313.704674593,172495.43002419898,1449.1568523372966,444.0,3817.0,6767.0,0.0,136.0,85.0,0.0,179,51.228212955678515,89.29715145271727,44.0,74.49188232421875,136.0,1401.0,85.0,2137.0,92.75,1444.25,57.5,2164.5,136.0,1401.0,85.0,2137.0,1403.0,60.0,1994.0,65.0,2380.0,29.0
673,0.0,0.0,185510.03684433922,28,174758.95501578986,176622.20025254128,-0.05795417871417141,-0.04791027344388754,-0.04804337899786271,3.7422612961672104,540,242,0.004222315191477,0.15831855843796785,0.05056654801616124,1863.2452367515004,2646490.4735029996,176797.54726196636,1323.2452367514998,540.0,5101.0,9011.0,0.0,151.0,119.0,0.0,195,52.34921068920698,75.79605605726357,37.65424346923828,68.0,151.0,2091.0,119.0,3099.0,104.0,2138.0,81.75,3136.25,151.0,2091.0,119.0,3099.0,1864.0,78.0,2324.0,67.0,2776.0,36.0
674,0.0,0.0,32820.43562104792,15,30854.00161803144,31446.04772803643,-0.0599149269595739,-0.04187597961466705,-0.04190837009611781,4.425174708076799,320,148,0.005960357284192617,0.16815388851590338,0.09951421874558651,592.0461100050177,544092.2200100361,30738.459829448242,272.0461100050181,320.0,2682.0,4870.0,0.0,94.0,63.0,0.0,128,52.33944375742778,83.21787794713676,30.39681625366211,76.0,94.0,675.0,63.0,1087.0,67.0,702.0,43.5,1106.5,94.0,675.0,63.0,1087.0,1010.0,40.0,1588.0,45.0,1712.0,27.0
675,0.0,0.0,18513.55987733054,13,15973.356990297765,16326.030452863495,-0.13720769554121237,-0.11815822775098095,-0.11870672207519517,3.6026504313481187,233,109,0.006771227325190079,0.17214977347029817,0.10458641274539253,352.67346256575075,239346.92513150157,16609.086122320332,119.67346256575078,233.0,2210.0,4328.0,0.0,51.0,60.0,0.0,93,84.11782493634426,75.14209510511407,50.0,70.58622741699219,51.0,393.0,60.0,703.0,37.75,406.25,42.75,720.25,51.0,393.0,60.0,703.0,854.0,41.0,1160.0,23.0,1285.0,18.0
676,0.0,0.0,282745.3944933469,19,296071.94974451774,299107.4335294089,0.04713270493777899,0.05786845464054746,0.058424821589699416,4.686033239299846,425,198,0.004081875847215785,0.16178638587244779,0.08046261074416558,3035.483784891435,5220967.569782868,278538.760992813,2610.483784891434,425.0,3509.0,6067.0,0.0,124.0,84.0,0.0,167,48.7772192660343,73.02755829789683,36.20105743408203,57.0,124.0,1173.0,84.0,1792.0,85.0,1212.0,61.5,1814.5,124.0,1173.0,84.0,1792.0,1122.0,46.0,1651.0,54.0,1786.0,27.0
677,0.0,0.0,124480.19556631125,8,138058.52616396925,139511.20044248828,0.10908024795337634,0.12075017080263128,0.12162928317294819,4.918030744669915,197,99,0.009683453173477484,0.18224153479102037,0.19180516879026105,1452.6742785191736,2511348.5570383454,127660.27132710109,1255.6742785191727,197.0,1487.0,2545.0,0.0,57.0,33.0,0.0,82,43.66345620177414,76.48312039673678,27.0,63.0,57.0,230.0,33.0,336.0,40.0,247.0,24.0,345.0,57.0,230.0,33.0,336.0,471.0,20.0,799.0,25.0,571.0,9.0
678,0.0,0.0,18317.81023043414,20,17560.268574773847,18103.990304969524,-0.041355470229824554,-0.01167278854703746,-0.011324663149994918,4.243248659167462,396,174,0.00663265719625751,0.15707550822081262,0.07153596010859085,543.7217301956961,295443.46039139153,17406.678474586402,147.72173019569578,396.0,3888.0,6177.0,0.0,106.0,96.0,0.0,166,53.307303753217354,81.17117377047343,45.0,62.609275817871094,106.0,1231.0,96.0,1883.0,73.0,1264.0,64.75,1914.25,106.0,1231.0,96.0,1883.0,1209.0,62.0,1904.0,42.0,1860.0,34.0
679,0.0,0.0,48009.67531987383,16,44486.793747939955,45255.95795441888,-0.07337857522388957,-0.05735755026685285,-0.05715732439866017,4.604730060749636,366,172,0.009811041459497962,0.16439445681778,0.08835493875396067,769.164206478956,806328.4129579127,43777.181415637904,403.1642064789563,366.0,2662.0,5402.0,0.0,90.0,88.0,0.0,146,43.532953436604316,70.62313301270353,27.5,58.5,90.0,808.0,88.0,1350.0,63.75,834.25,62.0,1376.0,90.0,808.0,88.0,1350.0,1096.0,58.0,1289.0,40.0,1604.0,38.0
680,0.0,0.0,102409.69312148135,13,83072.94044006676,84058.39649530852,-0.18881760204550935,-0.17919491863337578,-0.1797007994938561,4.126958151340054,264,122,0.005940994868965828,0.15800133050355927,0.11944275138388005,985.4560552418698,1442912.1104837398,87407.72607636059,721.4560552418699,264.0,1657.0,4893.0,0.0,57.0,72.0,0.0,113,44.89551729596378,93.50962171223314,28.0,80.9017333984375,57.0,378.0,72.0,961.0,40.75,394.25,49.75,983.25,57.0,378.0,72.0,961.0,1054.0,54.0,715.0,28.0,1254.0,25.0
681,0.0,0.0,231897.95603075007,27,217629.32171762947,219574.8607311478,-0.06152979766336775,-0.053140163503503146,-0.05309944000773792,3.4206343529882943,480,219,0.003023384228482859,0.15594075000577803,0.06514340072032442,1945.5390135185137,2931078.0270370296,214220.35539083678,1465.5390135185148,480.0,4650.0,8957.0,0.0,119.0,115.0,0.0,177,67.30619845037211,88.25567706220123,49.0,68.0,119.0,1693.0,115.0,2851.0,81.25,1730.75,77.5,2888.5,119.0,1693.0,115.0,2851.0,1868.0,77.0,2596.0,63.0,2691.0,34.0
682,0.0,0.0,39686.76087164797,29,40879.85736235946,41806.52472277564,0.0300628336630977,0.053412367363092406,0.054162887285059025,4.315968966013194,584,260,0.004541029284989479,0.15698457500960175,0.048389232420934375,926.66736041621,685334.7208324202,39697.61635389416,342.6673604162101,584.0,5968.0,8644.0,0.0,177.0,118.0,0.0,210,62.08139841044309,75.81732880509195,49.0,56.0,177.0,2607.0,118.0,3186.0,127.0,2657.0,79.5,3224.5,177.0,2607.0,118.0,3186.0,1702.0,73.0,2815.0,86.0,2614.0,34.0
683,0.0,0.0,97629.3655763935,22,74693.38018718993,75784.41446183101,-0.23492916556193844,-0.22375389807761414,-0.22478858788262512,3.954665324541414,438,201,0.006826582415658807,0.1612181730768353,0.06550585331556671,1091.03427464112,1306068.54928224,82565.04925822596,653.03427464112,438.0,3398.0,7688.0,0.0,101.0,114.0,0.0,172,50.791217973419656,91.73138985432774,32.0,74.1923599243164,101.0,1203.0,114.0,2365.0,72.25,1231.75,77.5,2401.5,101.0,1203.0,114.0,2365.0,1483.0,78.0,1752.0,59.0,2292.0,42.0
684,0.0,0.0,436482.2156732965,26,348900.5430162874,352274.38097721216,-0.20065347341107542,-0.19292386189478383,-0.19347003641514493,3.89025592924847,469,205,0.0036683366058212026,0.16362413434953993,0.05680674257502928,3373.8379609247686,5809675.921849538,373347.9254006218,2904.837960924769,469.0,3638.0,9466.0,0.0,109.0,129.0,0.0,179,60.5124871528982,83.68801500258293,41.0,73.58470153808594,109.0,1375.0,129.0,3041.0,73.0,1411.0,87.25,3082.75,109.0,1375.0,129.0,3041.0,2020.0,83.0,1939.0,53.0,3253.0,50.0
685,0.0,0.0,38967.60683281329,29,38921.582463685125,39827.57049405487,-0.001181093037753822,0.02206868040244725,0.022905913482061058,4.345411756370919,579,251,0.00457052779697082,0.1593139811525666,0.053277163213315167,905.9880303697504,653976.060739501,37624.5162371949,326.9880303697505,579.0,5268.0,9338.0,0.0,175.0,124.0,0.0,211,60.544689521317615,76.06730533876527,42.0,55.5,175.0,2238.0,124.0,3578.0,122.0,2291.0,84.25,3617.75,175.0,2238.0,124.0,3578.0,1895.0,74.0,2465.0,78.0,2810.0,32.0
686,0.0,0.0,39921.65069588405,24,33122.74030462616,33867.81565454902,-0.1703063443706465,-0.15164290393330815,-0.1523687615208632,3.949504938618887,473,218,0.003874700664726715,0.15877194227386163,0.058499375214610155,745.0753499228978,544150.6998457959,34444.234676415,272.07534992289794,473.0,4106.0,7989.0,0.0,124.0,107.0,0.0,172,59.131650919463084,88.54656967590549,40.400169372558594,63.0,124.0,1463.0,107.0,2433.0,87.25,1499.75,78.75,2461.25,124.0,1463.0,107.0,2433.0,1590.0,62.0,2023.0,54.0,2165.0,22.0
687,0.0,0.0,79059.61791358911,22,76435.92043404357,77533.08609899507,-0.033186316210295996,-0.019308616141587187,-0.019476179415379935,4.15970525444653,452,201,0.005097708962354109,0.16022600276069596,0.06883470391034516,1097.1656649515892,1290331.3299031784,77549.44467062147,645.1656649515892,452.0,4119.0,6969.0,0.0,122.0,107.0,0.0,180,59.010677531989884,91.69521255275012,41.5,68.29114532470703,122.0,1491.0,107.0,2240.0,87.0,1526.0,69.75,2277.25,122.0,1491.0,107.0,2240.0,1406.0,68.0,2124.0,54.0,1964.0,25.0
688,0.0,0.0,263216.5447977896,20,222922.3340306432,225228.5469563509,-0.15308388307468113,-0.1443222266693841,-0.14496354278411527,3.9058903587710345,426,193,0.006346850316581923,0.15931075858723598,0.07144216062901396,2306.2129257078764,3760425.851415754,240689.41432082016,1880.212925707877,426.0,3522.0,6558.0,0.0,121.0,92.0,0.0,166,50.126844048447516,86.56444137601048,35.0,75.30359649658203,121.0,1177.0,92.0,1930.0,84.75,1213.25,60.5,1961.5,121.0,1177.0,92.0,1930.0,1354.0,54.0,1917.0,66.0,2407.0,29.0
689,0.0,0.0,11024.852434697856,5,12776.412026562733,12945.762848599905,0.15887374477251948,0.17423456915001267,0.176268498383356,3.4509509633126614,92,44,0.007321095136915108,0.19815030351702584,0.28694764173147197,169.35082203718122,154701.6440743624,11207.174900412096,77.3508220371812,92.0,1125.0,1395.0,0.0,28.0,15.0,0.0,42,80.34589380452964,89.45390428993014,72.0,97.04036712646484,28.0,88.0,15.0,79.0,19.0,97.0,10.25,83.75,28.0,88.0,15.0,79.0,297.0,10.0,549.0,13.0,522.0,4.0
690,0.0,0.0,138644.88388447344,29,114944.61249164521,116488.2786720562,-0.17094227157041442,-0.15980831453455824,-0.16060824940162288,4.051297797470738,537,236,0.004055597192794933,0.16198864923290646,0.050121468983694316,1543.6661804110456,2013332.360822094,124239.96343091807,1006.666180411047,537.0,4743.0,9871.0,0.0,143.0,129.0,0.0,199,55.29697360472757,91.99074055442647,45.504791259765625,73.0,143.0,1922.0,129.0,3576.0,99.5,1965.5,92.5,3612.5,143.0,1922.0,129.0,3576.0,1987.0,84.0,2379.0,66.0,2980.0,40.0
691,0.0,0.0,20633.860970912316,11,15725.515318748121,16015.599535058904,-0.23787819735160187,-0.22381954799268078,-0.22568762711436607,3.1030730726667075,179,81,0.004809845575318773,0.1805216088418641,0.15616362427722238,290.084216310799,222168.43262159807,17899.065492411348,111.08421631079904,179.0,1388.0,4117.0,0.0,44.0,43.0,0.0,77,60.639404685361164,95.87476963967639,45.121707916259766,71.0,44.0,227.0,43.0,532.0,30.75,240.25,26.25,548.75,44.0,227.0,43.0,532.0,860.0,32.0,676.0,21.0,885.0,11.0
692,0.0,0.0,13309.485788043172,10,12401.333598353727,12717.968921440433,-0.06823345425600891,-0.044443254684875866,-0.04421715322543729,4.360800025468433,209,97,0.00754744577303655,0.1676894185535265,0.1309707400188794,316.6353230867216,215270.64617344324,12341.23583494975,107.63532308672163,209.0,1865.0,3169.0,0.0,61.0,41.0,0.0,93,48.23556348027913,93.11258387285051,38.0,81.0,61.0,327.0,41.0,500.0,44.5,343.5,29.75,511.25,61.0,327.0,41.0,500.0,625.0,26.0,691.0,29.0,863.0,14.0
693,0.0,0.0,21962.505051052693,26,20401.304075018325,21066.25204704342,-0.07108483173505464,-0.04080832318198202,-0.041002690242843864,4.15383793435631,493,208,0.003953926278364089,0.16043387654678734,0.055718739928319716,664.9479720251126,343895.9440502248,20697.482032572116,171.9479720251124,493.0,4821.0,8272.0,0.0,141.0,118.0,0.0,188,49.42747552639079,87.56611798082176,42.0,74.0,141.0,1824.0,118.0,2800.0,98.25,1866.75,79.75,2838.25,141.0,1824.0,118.0,2800.0,1609.0,76.0,2127.0,67.0,2096.0,34.0
694,0.0,0.0,117294.07582976577,15,111033.14282049096,112304.54995191864,-0.053378083803325205,-0.042538600884572064,-0.042627871173407605,4.36643609294854,294,137,0.004659029592065466,0.16464996157526832,0.09440493688373748,1271.4071314278126,1954814.262855626,111922.75698323523,977.4071314278129,294.0,2979.0,4581.0,0.0,88.0,54.0,0.0,123,47.77411961635617,81.35807883512865,36.5,75.12094116210938,88.0,709.0,54.0,994.0,65.5,731.5,39.75,1008.25,88.0,709.0,54.0,994.0,857.0,35.0,954.0,31.0,1033.0,14.0
695,0.0,0.0,344059.3579534646,19,287181.97543627623,289880.4971458412,-0.16531270317862212,-0.15746951668424414,-0.15764273996344658,3.958607457045444,377,180,0.00296159736095405,0.1562223766758073,0.07205854970430194,2698.5217095651888,4643043.41913037,293224.5410483162,2321.521709565185,377.0,2906.0,6670.0,0.0,98.0,80.0,0.0,146,53.3928042095371,80.82219980326968,44.0,73.15823364257812,98.0,845.0,80.0,1751.0,73.25,869.75,58.75,1772.25,98.0,845.0,80.0,1751.0,1356.0,52.0,1129.0,57.0,2161.0,24.0
696,0.0,0.0,12137.683597962157,6,15829.22714316109,16122.81734357366,0.3041390488889264,0.3283273709886936,0.3313105863656376,5.2910516547853845,146,71,0.01124799167167863,0.19074392516810976,0.23417440507406537,293.5902004125883,295180.4008251767,13947.151723523939,147.59020041258833,146.0,1225.0,1799.0,0.0,42.0,27.0,0.0,64,52.26254705148453,52.3720205899258,51.06995391845703,48.51613235473633,42.0,148.0,27.0,167.0,30.75,159.25,18.0,176.0,42.0,148.0,27.0,167.0,339.0,15.0,543.0,19.0,413.0,13.0
697,0.0,0.0,16156.888334249767,21,15362.29586853595,15884.615186160334,-0.049179795594020415,-0.01685183077686203,-0.017173895539282724,3.8141309534544496,403,171,0.005667194602511486,0.15505039333762477,0.06868619293283372,522.3193176243897,238638.63524878048,15641.74370000629,119.31931762439024,403.0,4277.0,6297.0,0.0,126.0,85.0,0.0,160,59.79224759892598,79.2122981331752,48.5,57.0,126.0,1373.0,85.0,1771.0,77.0,1422.0,61.0,1795.0,126.0,1373.0,85.0,1771.0,1255.0,45.0,2108.0,62.0,1908.0,24.0
698,0.0,0.0,33550.34269384404,7,24712.902034335988,25075.373388486478,-0.2634083574094038,-0.2526045525881494,-0.2541885378129093,3.817866499712321,146,72,0.005885476770588901,0.17550413462849368,0.1924288282817313,362.4713541505152,432942.70830103033,28349.780455501317,216.47135415051517,146.0,942.0,2586.0,0.0,28.0,39.0,0.0,66,39.556258477214996,83.43622172054252,24.70492172241211,66.62255096435547,28.0,107.0,39.0,288.0,20.5,114.5,25.0,302.0,28.0,107.0,39.0,288.0,579.0,33.0,440.0,13.0,923.0,14.0
699,0.0,0.0,30670.177375346804,18,31631.217780127387,32272.53279074767,0.03133468688554375,0.052244739108971316,0.05248707640284911,4.3865560410476805,365,166,0.005934774314752362,0.16504655148115488,0.08919666910163462,641.31501062031,552630.02124062,31495.66630799446,276.31501062031,365.0,3452.0,5599.0,0.0,104.0,77.0,0.0,145,54.23946639964637,86.80746036463499,38.5,66.0,104.0,981.0,77.0,1445.0,76.5,1008.5,51.5,1470.5,104.0,981.0,77.0,1445.0,1086.0,53.0,1549.0,49.0,1447.0,27.0
700,0.0,0.0,49847.81573103764,28,48109.97542749288,48981.76923730723,-0.034862917824154516,-0.0173738102869605,-0.01699573866991133,3.7854444664492517,515,223,0.004116700526938238,0.16163324337798243,0.04857702873587465,871.7938098144086,713587.6196288193,47127.069618469715,356.79380981440966,515.0,5015.0,9097.0,0.0,135.0,129.0,0.0,206,56.142467064564116,83.03825045216516,46.263328552246094,64.0,135.0,2101.0,129.0,3403.0,91.0,2145.0,88.75,3443.25,135.0,2101.0,129.0,3403.0,1918.0,78.0,2179.0,54.0,2608.0,38.0
701,0.0,0.0,362274.4198518491,25,357867.47424670414,361244.036641119,-0.012164661272377919,-0.0028442063647536875,-0.0025326395372857746,4.2047542296126,480,207,0.004078503830110929,0.15606149854936388,0.05684636639185309,3376.5623944152885,5793124.788830582,344438.9655423644,2896.5623944152912,480.0,4429.0,8171.0,0.0,144.0,104.0,0.0,185,57.54939126257486,94.84882032697996,44.962406158447266,79.7846908569336,144.0,1653.0,104.0,2724.0,98.0,1699.0,68.25,2759.75,144.0,1653.0,104.0,2724.0,1604.0,72.0,1901.0,56.0,2142.0,39.0
702,0.0,0.0,148202.86610476227,25,138453.5339172669,140207.9228393662,-0.06578369530724004,-0.0539459423122397,-0.05425452617059012,4.346373554343259,518,228,0.0047685751333294,0.15501006006963336,0.05976338623553542,1754.3889220994495,2472777.844198896,142232.24334502325,1236.388922099448,518.0,4783.0,7815.0,0.0,150.0,115.0,0.0,199,63.74540392765254,74.57003952846655,43.0,60.0,150.0,1873.0,115.0,2836.0,99.5,1923.5,74.25,2876.75,150.0,1873.0,115.0,2836.0,1552.0,73.0,2198.0,64.0,2099.0,37.0
703,0.0,0.0,10102.307793023976,16,8903.793664371364,9274.651245771473,-0.11863765717772246,-0.08192747283190394,-0.0826855954505451,3.731904509802941,302,122,0.010598625884402047,0.15956838237335577,0.08612520997470009,370.8575814001139,137715.16280022747,9225.528308567264,68.85758140011373,302.0,2669.0,5350.0,0.0,95.0,69.0,0.0,135,66.07735255234857,73.21131858591674,57.0,58.0,95.0,719.0,69.0,1267.0,62.5,751.5,46.25,1289.75,95.0,719.0,69.0,1267.0,1184.0,46.0,1405.0,56.0,1365.0,22.0
704,0.0,0.0,67121.14723256059,13,60451.535169434384,61233.54402635507,-0.09936677691186369,-0.08771606936046872,-0.08826156369204863,4.059055106387051,271,126,0.0038003392133656127,0.16047941152271444,0.11337089131989936,782.008856920744,1022017.7138414886,62946.77499162992,511.0088569207443,271.0,2364.0,4187.0,0.0,72.0,60.0,0.0,114,67.57726565823867,71.59782325534015,54.0,62.61287307739258,72.0,527.0,60.0,822.0,48.75,550.25,37.75,844.25,72.0,527.0,60.0,822.0,841.0,39.0,1397.0,40.0,1275.0,19.0
705,0.0,0.0,64134.40880259175,9,59589.69566182059,60359.640941431724,-0.07086232220148736,-0.05885713974192719,-0.0592412699453978,4.7094664003640725,190,92,0.006408785259482402,0.17132060415478514,0.1441932929652475,769.945279611205,1159890.5592224102,61572.29188070771,579.9452796112051,190.0,1727.0,2809.0,0.0,52.0,37.0,0.0,81,45.98389166964728,69.47426517031687,43.05988311767578,58.0,52.0,270.0,37.0,370.0,39.5,282.5,25.75,381.25,52.0,270.0,37.0,370.0,473.0,25.0,665.0,18.0,940.0,14.0
706,0.0,0.0,63285.81838721663,21,50977.52614058847,51832.81552010342,-0.19448736794899957,-0.18097265957813147,-0.18243612026515998,3.933551047479142,405,181,0.0051747537721190135,0.15985756240823012,0.07170948773219955,855.289379514981,900578.7590299621,57237.007233394594,450.2893795149811,405.0,3422.0,7159.0,0.0,102.0,101.0,0.0,161,57.167035549245966,81.22328975418678,40.5,72.0,102.0,1097.0,101.0,2080.0,67.5,1131.5,69.0,2112.0,102.0,1097.0,101.0,2080.0,1388.0,60.0,1653.0,48.0,2215.0,40.0
707,0.0,0.0,493035.4216437575,12,522007.1031913514,525800.2086174648,0.0587618663401579,0.06645523939126119,0.06714200188589259,3.7948849161516574,235,109,0.004296620401248325,0.17351995793390415,0.15028986772253222,3793.1054261136933,7116210.852227382,468802.8101945604,3558.1054261136915,235.0,1719.0,4329.0,0.0,57.0,57.0,0.0,104,43.76077566404573,85.24793792741237,37.0,62.0,57.0,379.0,57.0,755.0,38.5,397.5,37.0,775.0,57.0,379.0,57.0,755.0,902.0,37.0,805.0,27.0,1013.0,13.0
708,0.0,0.0,190674.270027896,17,169705.85832821004,171312.2757868341,-0.1099698018857932,-0.101544871461835,-0.10189221694902417,3.56759654689032,355,170,0.004108276833820403,0.1689134196675775,0.11295028375190035,1606.4174586241804,2502834.917248364,175386.6282490623,1251.417458624182,355.0,3010.0,5555.0,0.0,96.0,72.0,0.0,135,60.756715715534774,84.25445209431157,33.0,69.39048767089844,96.0,743.0,72.0,1383.0,69.5,769.5,50.75,1404.25,96.0,743.0,72.0,1383.0,1101.0,51.0,1896.0,62.0,1764.0,22.0
709,0.0,0.0,159044.01812681797,9,129593.21579709667,130461.46001018614,-0.18517390768031228,-0.17971476358099037,-0.18012452956659752,2.640318263673171,139,68,0.0030775376435501142,0.174474370516407,0.15500610097582365,868.2442130895942,1458488.4261791878,138097.78599854858,729.2442130895939,139.0,1261.0,3275.0,0.0,32.0,30.0,0.0,59,67.7481054674961,116.62996781188146,54.5,126.81761169433594,32.0,135.0,30.0,334.0,20.0,147.0,17.75,346.25,32.0,135.0,30.0,334.0,696.0,19.0,598.0,17.0,876.0,8.0
710,0.0,0.0,28523.55072293135,11,22697.465281225468,23204.09031382281,-0.20425526605360655,-0.18649362629428845,-0.18786279610724466,4.690002415545515,273,132,0.005722830863168667,0.1742479804402655,0.12496309209880997,506.6250325973699,467250.0651947392,24906.707065117324,233.6250325973696,273.0,1598.0,3946.0,0.0,69.0,61.0,0.0,110,43.33724960516942,83.70332994436974,27.0,71.55066680908203,69.0,349.0,61.0,731.0,45.75,372.25,43.5,748.5,69.0,349.0,61.0,731.0,817.0,42.0,726.0,35.0,1447.0,22.0
711,0.0,0.0,33068.720642826585,24,31631.651995464195,32385.575706467625,-0.04345703793273681,-0.02065834187350546,-0.020099583031807144,4.2169041753068575,494,210,0.005880009185729542,0.15877923222654808,0.062339964103960456,753.9237110034538,519847.42200690816,30819.257469200118,259.92371100345406,494.0,4149.0,7932.0,0.0,139.0,121.0,0.0,195,59.67515401174018,84.19849073672546,45.26052474975586,55.0,139.0,1663.0,121.0,2752.0,95.0,1707.0,78.75,2794.25,139.0,1663.0,121.0,2752.0,1727.0,81.0,1941.0,63.0,2390.0,32.0
712,0.0,0.0,297566.0638135185,25,286041.9804916666,289214.75769134343,-0.038727814503316305,-0.028065384927122405,-0.028358848270471415,4.523971070992582,511,231,0.004152951594753425,0.1552460428569535,0.061297879939166904,3172.7771996771608,5323554.399354327,294185.9218269886,2661.7771996771635,511.0,4139.0,8461.0,0.0,135.0,120.0,0.0,201,52.24619981523568,76.76032642984204,39.982574462890625,56.0,135.0,1691.0,120.0,3079.0,104.5,1721.5,81.25,3117.75,135.0,1691.0,120.0,3079.0,1716.0,72.0,2141.0,63.0,2561.0,38.0
713,0.0,0.0,17373.71717259157,30,14953.200399617352,15639.419576350421,-0.1393206041590671,-0.09982305910776201,-0.10197753908290275,3.9317656112085486,560,210,0.005356890746993721,0.1550008341682835,0.04673763866633685,686.219176733076,252438.35346615204,16051.20818662925,126.21917673307603,560.0,5476.0,9624.0,0.0,174.0,146.0,0.0,215,60.142722952367876,96.16033645262249,45.411590576171875,69.0,174.0,2401.0,146.0,3718.0,113.75,2461.25,91.75,3772.25,174.0,2401.0,146.0,3718.0,1976.0,101.0,3004.0,87.0,3141.0,44.0
714,0.0,0.0,293226.82051122346,8,241784.25181792016,243927.69266606524,-0.17543609620571632,-0.1681262572066502,-0.16860285614697834,3.87299675990683,159,77,0.006684515128678728,0.16457450330187018,0.16320117789509261,2143.44084814521,3968881.69629042,256189.32459330902,1984.4408481452099,159.0,1210.0,2822.0,0.0,43.0,31.0,0.0,68,56.46243315727252,68.41814420647427,38.0,56.0,43.0,151.0,31.0,319.0,30.25,163.75,20.75,329.25,43.0,151.0,31.0,319.0,601.0,17.0,617.0,17.0,876.0,11.0
715,0.0,0.0,184829.23617383177,29,174204.20917260103,176192.5403931048,-0.057485640373679425,-0.04672797420752284,-0.04694308773553357,4.022441719884866,567,256,0.0035854848081381357,0.15571933011615377,0.05346640657381563,1988.3312205040013,2842662.4410080025,176675.17884444128,1421.3312205040013,567.0,5091.0,9525.0,0.0,156.0,126.0,0.0,201,47.01743849472094,82.12683523663353,33.0,65.2098388671875,156.0,2080.0,126.0,3467.0,113.0,2123.0,90.0,3503.0,156.0,2080.0,126.0,3467.0,1885.0,77.0,2495.0,79.0,2534.0,33.0
716,0.0,0.0,17363.27999798279,30,14779.914159860307,15476.541717347649,-0.14878328509490202,-0.10866254998216562,-0.10972486567844797,4.077637583820848,571,231,0.005288218823309649,0.1535211971231669,0.04441317848188491,696.6275574873653,251255.1149747305,15404.45354754273,125.62755748736525,571.0,5235.0,9827.0,0.0,157.0,153.0,0.0,217,54.985157951591106,84.7159691392767,42.0,68.0,157.0,2329.0,153.0,3856.0,112.75,2373.25,104.25,3904.75,157.0,2329.0,153.0,3856.0,1992.0,96.0,2461.0,74.0,2723.0,38.0
717,0.0,0.0,122443.72875481134,17,104136.33329752715,105216.49771084632,-0.1495168077896747,-0.14069508678931086,-0.14101401303040695,3.609093927080284,302,137,0.006868316876304456,0.15504152086978434,0.08668834413829139,1080.164413319257,1556328.8266385144,107806.06282929069,778.1644133192572,302.0,2502.0,6066.0,0.0,80.0,68.0,0.0,124,57.22086104923318,91.81245941039167,40.75526428222656,69.5,80.0,614.0,68.0,1346.0,55.75,638.25,45.25,1368.75,80.0,614.0,68.0,1346.0,1288.0,48.0,1085.0,32.0,2256.0,20.0
718,0.0,0.0,42857.19182498652,9,51388.39030200313,51953.95448927898,0.1990610703532556,0.21225755297828175,0.21361122049363424,4.209830271996729,183,88,0.004052958568328994,0.16378696543452925,0.15040655273124187,565.5641872758963,765128.3745517924,45437.008449089495,382.5641872758962,183.0,1700.0,2836.0,0.0,52.0,34.0,0.0,75,67.22235784783057,78.74225009953611,48.89997482299805,57.954193115234375,52.0,259.0,34.0,330.0,33.75,277.25,24.25,339.75,52.0,259.0,34.0,330.0,605.0,25.0,903.0,17.0,876.0,12.0
719,0.0,0.0,44084.663567554024,18,45295.76030640216,46043.34897896772,0.02747206490511811,0.04443008640436297,0.04518262833038933,4.322836669307212,373,163,0.004917889275576755,0.16551445636055553,0.09164338199927467,747.5886725655962,749177.3451311919,43326.720533444124,374.58867256559597,373.0,3331.0,5738.0,0.0,109.0,83.0,0.0,153,49.10982390629984,89.30478958462388,44.10298538208008,77.0,109.0,1006.0,83.0,1555.0,72.0,1043.0,53.5,1584.5,109.0,1006.0,83.0,1555.0,1142.0,57.0,1512.0,52.0,1281.0,21.0
720,0.0,0.0,395288.5909822917,26,346385.46801990276,349636.6336241778,-0.12371498717143514,-0.11549019728767995,-0.11580374352528955,3.839868182778935,498,228,0.004690070976421416,0.15836672200998325,0.058372141167988854,3251.165604275374,5506331.2085507475,358497.41100785544,2753.165604275374,498.0,4490.0,8614.0,0.0,119.0,125.0,0.0,186,56.67809181901109,76.09179787593429,51.82083511352539,65.0,119.0,1681.0,125.0,2911.0,82.25,1717.75,89.5,2946.5,119.0,1681.0,125.0,2911.0,1665.0,82.0,2199.0,58.0,2622.0,34.0
721,0.0,0.0,25600.63495094336,23,24053.54712818845,24643.38251264285,-0.06043161920473783,-0.03739174595219319,-0.03739550180581297,3.797125012505943,407,164,0.005278944339426207,0.16163369740459385,0.0656584081832246,589.835384454416,365670.76890883164,24075.50236721758,182.83538445441582,407.0,3754.0,7823.0,0.0,124.0,96.0,0.0,171,60.23101323490362,107.05234869083891,38.47406768798828,87.5,124.0,1287.0,96.0,2420.0,76.75,1334.25,61.5,2454.5,124.0,1287.0,96.0,2420.0,1691.0,62.0,1286.0,45.0,1906.0,24.0
722,0.0,0.0,15033.483278965723,24,13721.24335051139,14310.245693247502,-0.08728781640981165,-0.04810845047003498,-0.048567895240739345,4.306155284227915,468,194,0.005929766758809166,0.15696855130616275,0.058693266673134584,589.0023427361162,242004.68547223206,14049.927922863038,121.00234273611603,468.0,4254.0,7827.0,0.0,142.0,108.0,0.0,184,54.88747249816784,86.59946253810466,34.5,70.5,142.0,1522.0,108.0,2638.0,95.75,1568.25,74.75,2671.25,142.0,1522.0,108.0,2638.0,1537.0,80.0,1865.0,59.0,2142.0,37.0
723,0.0,0.0,36265.11122731448,7,28942.142978526637,29373.192017835936,-0.20192874090159318,-0.190042687757914,-0.19122306923264698,4.2086996019182905,160,83,0.003434680741310093,0.17198357895120364,0.20645965669545988,431.0490393093345,542098.078618669,32201.04366510175,271.0490393093345,160.0,1453.0,2075.0,0.0,35.0,35.0,0.0,66,44.98452189699303,81.99365849223933,33.0,59.0,35.0,184.0,35.0,208.0,23.75,195.25,28.5,214.5,35.0,184.0,35.0,208.0,399.0,22.0,879.0,20.0,764.0,11.0
724,0.0,0.0,22938.62234184043,16,18618.245267635182,19160.586073050104,-0.18834509805433297,-0.1647019691282473,-0.16658971016001112,4.323492226983376,365,165,0.006954900224181195,0.166948702546229,0.09441629353139429,542.3408054149448,354681.61082988954,20508.97701493967,177.34080541494478,365.0,2867.0,5184.0,0.0,104.0,80.0,0.0,148,40.77972981699979,75.43066504905414,27.36333656311035,52.5,104.0,848.0,80.0,1331.0,75.0,877.0,56.0,1355.0,104.0,848.0,80.0,1331.0,981.0,46.0,1439.0,59.0,1405.0,24.0
725,0.0,0.0,289530.32043197245,14,259368.62337998988,261149.1428522542,-0.10417457144723918,-0.09802488919769847,-0.09810970453083523,2.951157659447934,245,117,0.004001444638289501,0.1757031711682148,0.11351345122415411,1780.5194722643935,3071038.9445287865,260155.44566867352,1535.5194722643932,245.0,2408.0,4648.0,0.0,57.0,57.0,0.0,98,73.19081184990928,114.9545915549826,42.477760314941406,90.74201965332031,57.0,457.0,57.0,801.0,36.0,478.0,36.25,821.75,57.0,457.0,57.0,801.0,1005.0,38.0,921.0,26.0,1108.0,13.0
726,0.0,0.0,40195.211451548596,23,35551.138938925316,36249.99535598912,-0.11553795452031035,-0.09815139547941043,-0.09903087626911378,3.668522300816616,424,191,0.004618983753348175,0.15926387375069412,0.05706279193862717,698.8564170638211,549712.8341276423,37461.4619355916,274.8564170638212,424.0,3969.0,7620.0,0.0,103.0,107.0,0.0,155,52.78680950319299,79.45009215115127,38.113243103027344,59.4019889831543,103.0,1258.0,107.0,2096.0,75.0,1286.0,73.5,2129.5,103.0,1258.0,107.0,2096.0,1617.0,66.0,1599.0,39.0,2036.0,26.0
727,0.0,0.0,24779.86707759312,13,19282.519335501132,19675.467368886406,-0.2218473458666328,-0.20598979375972126,-0.20783524335213321,3.323373319707841,246,107,0.007358867660889553,0.16596426648791504,0.12571312029906434,392.9480333852973,293896.0667705944,22108.26459276857,146.9480333852972,246.0,2116.0,4432.0,0.0,69.0,57.0,0.0,106,58.98007540856388,98.2135704812819,41.0,87.39141082763672,69.0,431.0,57.0,818.0,46.0,454.0,36.25,838.75,69.0,431.0,57.0,818.0,903.0,34.0,1275.0,44.0,1433.0,14.0
728,0.0,0.0,340276.79826402327,24,305637.79853377666,308350.999738963,-0.10179653713377768,-0.09382302492539862,-0.09413328131529719,3.5866197461305034,440,197,0.0036586355058310723,0.1608351087942756,0.06310781558455385,2713.2012051868664,4546402.410373732,316900.2244577718,2273.2012051868664,440.0,3851.0,8245.0,0.0,110.0,109.0,0.0,165,65.19094070245899,96.21150705465523,46.555179595947266,73.3277816772461,110.0,1298.0,109.0,2443.0,78.75,1329.25,73.25,2478.75,110.0,1298.0,109.0,2443.0,1674.0,69.0,1518.0,43.0,2249.0,25.0
729,0.0,0.0,24638.05406585875,8,19024.23789687616,19315.588667399916,-0.22785144289303771,-0.21602620824808716,-0.21704909420575158,3.4522342584587378,148,71,0.006092202010257745,0.16896783978765478,0.17806508741833832,291.3507705237761,286701.5410475525,20762.028268002836,143.35077052377625,148.0,831.0,3201.0,0.0,34.0,35.0,0.0,65,71.37719580381429,78.0326715648658,62.5,62.13646697998047,34.0,106.0,35.0,345.0,23.0,117.0,22.25,357.75,34.0,106.0,35.0,345.0,636.0,23.0,362.0,14.0,998.0,10.0
730,0.0,0.0,118636.35154046389,26,102310.93930980541,103754.70621407035,-0.13760885275614942,-0.12543916879741357,-0.12596975819470047,4.267058491246024,531,227,0.006399426763012125,0.15816815964592343,0.06970377365269415,1443.7669042650684,1825533.8085301348,106955.04949576287,912.7669042650674,531.0,3985.0,9119.0,0.0,126.0,152.0,0.0,209,51.582568004997576,95.36190485376365,43.848716735839844,67.0,126.0,1693.0,152.0,3463.0,85.0,1734.0,102.5,3512.5,126.0,1693.0,152.0,3463.0,1922.0,100.0,1833.0,49.0,2147.0,39.0
731,0.0,0.0,70423.32219926247,21,65731.00862962958,66660.83898012573,-0.06663010808203595,-0.053426664656501366,-0.05356953496997752,3.908743369294643,410,188,0.004715739671882913,0.15813690778846923,0.06523838718982317,929.830350496184,1039660.7009923693,66495.84039972305,519.8303504961847,410.0,3844.0,6739.0,0.0,110.0,91.0,0.0,164,47.22551769052678,94.3061871693984,31.68600082397461,76.7440414428711,110.0,1222.0,91.0,2020.0,80.0,1252.0,61.25,2049.75,110.0,1222.0,91.0,2020.0,1336.0,58.0,1953.0,53.0,2182.0,28.0
732,0.0,0.0,113150.98786523855,16,102665.09230380268,104005.65111052454,-0.09267171024546816,-0.08082418834562888,-0.08106254243003075,4.759751367238102,350,163,0.004076461848735977,0.17408467212933887,0.11000423054873593,1340.5588067220187,1981117.6134440375,104055.73004717696,990.5588067220187,350.0,2895.0,5166.0,0.0,97.0,74.0,0.0,146,54.50922886292515,79.96191272508348,35.0,63.321353912353516,97.0,832.0,74.0,1332.0,66.25,862.75,52.75,1353.25,97.0,832.0,74.0,1332.0,985.0,40.0,1767.0,48.0,1537.0,24.0
733,0.0,0.0,45040.54198040908,8,35929.99620336625,36362.04051663318,-0.20227433721835686,-0.19268199453618295,-0.19310825766347228,3.7760782774994053,148,74,0.0049619865192414864,0.1660240141828286,0.16003229692471516,432.04431326698,568088.6265339603,37611.02026929908,284.04431326698017,148.0,1092.0,2940.0,0.0,37.0,29.0,0.0,61,43.66431711633584,98.31547165652111,43.0,92.0,37.0,120.0,29.0,302.0,27.5,129.5,20.25,310.75,37.0,120.0,29.0,302.0,558.0,22.0,568.0,18.0,1024.0,8.0
734,0.0,0.0,56099.703009115416,12,46730.12226785571,47346.87337746613,-0.16701658366600047,-0.15602274454513732,-0.15685073022357277,3.5446163499169465,257,125,0.0049282585387296655,0.16467035223179474,0.117828101924088,616.7511096104492,719502.2192208978,50746.12794398443,359.7511096104489,257.0,2487.0,3561.0,0.0,71.0,49.0,0.0,106,63.39136358755296,78.10837480301888,43.0,76.05615997314453,71.0,476.0,49.0,676.0,47.25,499.75,33.5,691.5,71.0,476.0,49.0,676.0,652.0,28.0,1189.0,39.0,959.0,10.0
735,0.0,0.0,359886.8115062993,8,307609.97593211994,310161.7128025277,-0.14525910342581239,-0.13816871614619097,-0.13860362553175853,3.6717274139197382,171,89,0.0030309772875179797,0.16924759049830132,0.18368462099136576,2551.7368704080545,4761473.740816109,324198.4769052488,2380.7368704080545,171.0,1125.0,2907.0,0.0,40.0,34.0,0.0,71,42.888162933263445,75.13113419471223,32.45018005371094,64.74372100830078,40.0,159.0,34.0,335.0,30.25,168.75,25.5,343.5,40.0,159.0,34.0,335.0,553.0,23.0,540.0,21.0,1134.0,8.0
736,0.0,0.0,497582.90179554094,9,439040.3975069573,442913.0477315584,-0.11765377000964361,-0.10987084537411751,-0.11014315635866267,4.168035975471389,182,88,0.004872258277392384,0.1673441575013174,0.14195174547083297,3872.6502246014375,7381300.449202875,442732.52993984043,3690.6502246014375,182.0,1179.0,3357.0,0.0,37.0,48.0,0.0,73,45.82680143782769,76.50459594429499,26.0,68.19548034667969,37.0,170.0,48.0,402.0,27.25,179.75,33.0,417.0,37.0,170.0,48.0,402.0,708.0,31.0,692.0,13.0,1379.0,18.0
737,0.0,0.0,13573.434061205227,15,11956.212346344146,12330.364208179519,-0.11914609873733628,-0.09158108754354033,-0.09297353853417645,3.522613906146565,285,122,0.006544386230724521,0.1628701100332017,0.10509935223260146,374.1518618353871,178303.72367077408,12654.219879139617,89.15186183538704,285.0,2799.0,4707.0,0.0,82.0,67.0,0.0,124,63.59014558267638,92.90352037367043,47.7962646484375,64.19771575927734,82.0,717.0,67.0,986.0,54.5,744.5,48.25,1004.75,82.0,717.0,67.0,986.0,981.0,42.0,1272.0,39.0,1200.0,16.0
738,0.0,0.0,46802.20247077786,11,44006.79950051335,44572.43462970304,-0.059728021817133325,-0.04764236987494408,-0.04759807749378375,3.8720049277445088,227,112,0.004225719494755545,0.1680389885694234,0.14939008088577693,565.6351291897361,677270.2583794724,43728.654212611684,338.63512918973623,227.0,2160.0,3383.0,0.0,67.0,37.0,0.0,96,51.608445949931664,94.06986556523302,41.0,66.0,67.0,410.0,37.0,541.0,46.0,431.0,28.0,550.0,67.0,410.0,37.0,541.0,655.0,26.0,1243.0,40.0,1054.0,13.0
739,0.0,0.0,176754.14678974744,6,166210.92135881947,167812.83402793936,-0.059649098040507886,-0.050586155539784516,-0.050645444820638486,4.399433910038551,142,69,0.007704495787837768,0.1823163008835172,0.251081909295335,1601.9126691199915,2919825.3382399827,165920.51374936991,1459.9126691199915,142.0,1132.0,1892.0,0.0,41.0,26.0,0.0,60,47.221941855588064,70.36869337084002,40.0,68.12528991699219,41.0,108.0,26.0,185.0,27.25,121.75,19.5,191.5,41.0,108.0,26.0,185.0,317.0,15.0,611.0,20.0,580.0,9.0
740,0.0,0.0,78666.32773303331,25,69144.48504211643,70230.28304243978,-0.12104089469170043,-0.10723831827033525,-0.10780603002564892,4.11744569581548,493,218,0.004497633856082568,0.15812145785067566,0.06041851626423566,1085.7980003233963,1185596.0006467914,71986.13462295939,592.7980003233957,493.0,4415.0,8185.0,0.0,131.0,119.0,0.0,193,56.11817233996497,80.00213813078894,47.0,65.1392593383789,131.0,1751.0,119.0,2824.0,89.5,1792.5,79.0,2864.0,131.0,1751.0,119.0,2824.0,1667.0,69.0,2028.0,60.0,2245.0,36.0
741,0.0,0.0,54451.69770188322,7,58779.992342920035,59406.42578051807,0.07948869959452387,0.09099308722680077,0.09138150474142703,4.134471993828301,159,83,0.00835128767290668,0.18090091513182954,0.20639837587262552,626.4334375980644,934866.8751961291,56528.794764582024,467.43343759806453,159.0,1313.0,2215.0,0.0,37.0,32.0,0.0,66,55.286891191539176,64.1270404474823,35.0,63.0,37.0,158.0,32.0,235.0,29.0,166.0,17.0,250.0,37.0,158.0,32.0,235.0,475.0,25.0,562.0,13.0,673.0,12.0
742,0.0,0.0,54263.61396899482,8,51881.651221017506,52365.29195932247,-0.04389613174932139,-0.03498333175444246,-0.03511228146352707,3.112134987466225,157,75,0.006569377499109271,0.15862289289614134,0.18718863731890767,483.6407383049974,653281.4766099944,52478.562083667035,326.6407383049972,157.0,1768.0,2264.0,0.0,41.0,33.0,0.0,68,58.65797387293103,82.16607929538303,38.0,66.0,41.0,218.0,33.0,252.0,23.75,235.25,23.25,261.75,41.0,218.0,33.0,252.0,482.0,26.0,996.0,26.0,877.0,8.0
743,0.0,0.0,212641.00306449374,17,197340.7007790106,199340.58315929244,-0.07195367810056175,-0.06254870750946984,-0.06280336686954224,4.074325279208023,349,168,0.0057992284916331864,0.15705710418388352,0.07583707199741177,1999.8823802819165,3301764.760563833,202595.80018152343,1650.8823802819165,349.0,2784.0,5784.0,0.0,86.0,78.0,0.0,133,56.081571540678226,87.44940522209366,43.5,74.3622055053711,86.0,760.0,78.0,1337.0,58.75,787.25,57.25,1357.75,86.0,760.0,78.0,1337.0,1162.0,56.0,1195.0,31.0,1593.0,32.0
744,0.0,0.0,11955.545449648454,9,12258.681118784454,12533.658440729365,0.025355235393706987,0.048355216708068305,0.04905078496430204,3.8897968599530004,182,86,0.006609052480822509,0.1679085417574474,0.16412051549518233,274.9773219449222,185954.64388984424,11951.436706394681,92.97732194492212,182.0,1683.0,2832.0,0.0,51.0,36.0,0.0,81,48.290922508939786,72.81615015662987,41.14727783203125,64.81605529785156,51.0,261.0,36.0,378.0,35.5,276.5,26.0,388.0,51.0,261.0,36.0,378.0,557.0,26.0,702.0,26.0,816.0,10.0
745,0.0,0.0,326373.7431642525,5,253043.6825302233,254914.8141310886,-0.22468125016148965,-0.21894815538883927,-0.2192372903180846,3.4004616473309333,95,47,0.002327708882982118,0.17324718526556696,0.2544517452578577,1871.1316008654483,3552263.2017308967,261160.36366114544,1776.1316008654485,95.0,753.0,1767.0,0.0,23.0,20.0,0.0,38,72.1000386657243,74.35289565882805,63.0,49.65343475341797,23.0,44.0,20.0,103.0,15.75,51.25,15.5,107.5,23.0,44.0,20.0,103.0,329.0,17.0,392.0,13.0,676.0,9.0
746,0.0,0.0,288802.11688346544,16,255223.16653950373,257967.88247947584,-0.11626975143506701,-0.10676595703912906,-0.10739158304008178,4.419487300799038,338,154,0.006450157660661309,0.16634959896700707,0.11596810843205406,2744.715939972343,4813431.87994468,272284.5181088323,2406.71593997234,338.0,3149.0,4915.0,0.0,96.0,72.0,0.0,146,50.06862505252593,75.1308526826736,36.91911315917969,63.37831115722656,96.0,930.0,72.0,1238.0,60.5,965.5,51.0,1259.0,96.0,930.0,72.0,1238.0,899.0,49.0,1764.0,47.0,1462.0,20.0
747,0.0,0.0,364949.27091082436,13,352967.4281572521,356313.8226216513,-0.032831529499068535,-0.02366205107800623,-0.023920356146768684,4.208830728499585,293,137,0.004953817009822603,0.15989230359922751,0.11116584037678075,3346.3944643994137,6106788.928798826,362736.667422109,3053.394464399413,293.0,2655.0,3897.0,0.0,80.0,63.0,0.0,117,53.63133672478722,64.60116975727618,43.77741241455078,57.0,80.0,622.0,63.0,756.0,56.5,645.5,44.25,774.75,80.0,622.0,63.0,756.0,720.0,36.0,1028.0,38.0,1009.0,17.0
748,0.0,0.0,361761.48774285585,27,351510.31052777206,354773.4584861016,-0.028336839498986244,-0.01931667547132998,-0.019176883139242484,3.988955221753038,524,228,0.0035235135094495293,0.16077652714094684,0.05709854222419919,3263.147958329832,5478295.916659666,343341.5275499197,2739.1479583298333,524.0,5095.0,8513.0,0.0,157.0,112.0,0.0,202,66.12341334766002,78.98740267558911,53.0,59.5,157.0,2095.0,112.0,3090.0,111.75,2140.25,75.5,3126.5,157.0,2095.0,112.0,3090.0,1736.0,69.0,2705.0,77.0,2391.0,32.0
749,0.0,0.0,87530.80500320235,11,76754.20707782525,77632.96418528497,-0.12311777465068241,-0.113078370723944,-0.11400018628669228,3.8097117431473424,234,114,0.005043959259126788,0.17786784122381707,0.15390030496311194,878.7571074597911,1289514.214919582,84620.19582184104,644.757107459791,234.0,2222.0,3320.0,0.0,55.0,54.0,0.0,98,55.21596886393062,70.09740603716442,45.86654281616211,56.74337387084961,55.0,417.0,54.0,551.0,38.5,433.5,38.75,566.25,55.0,417.0,54.0,551.0,660.0,37.0,1073.0,26.0,779.0,10.0
750,0.0,0.0,362600.41889863356,6,272975.4653843717,274995.7137478653,-0.24717277985086084,-0.2416012243363087,-0.24230799717366858,3.107567443914482,97,50,0.004751346655015695,0.16417183220756892,0.2083693925218024,2020.2483634937792,3846496.7269875584,309445.95703949354,1923.2483634937792,97.0,855.0,2169.0,0.0,20.0,21.0,0.0,39,44.76370161568084,113.53503430683867,27.096424102783203,78.70672607421875,20.0,59.0,21.0,134.0,14.0,65.0,15.5,139.5,20.0,59.0,21.0,134.0,434.0,9.0,256.0,6.0,782.0,8.0
751,0.0,0.0,26591.673210855675,15,21924.60816112432,22445.70747912756,-0.17550851398948797,-0.15591217968320936,-0.15747469834014804,3.9520610831014484,332,153,0.0038096439747052654,0.16836335395025806,0.09655780018877175,521.0993180032608,378198.63600652094,23924.1390792044,189.09931800326046,332.0,2977.0,4570.0,0.0,91.0,73.0,0.0,135,51.4831713074527,69.3890141143959,34.0,62.0,91.0,815.0,73.0,1042.0,62.0,844.0,53.5,1061.5,91.0,815.0,73.0,1042.0,847.0,50.0,1628.0,60.0,1455.0,21.0
752,0.0,0.0,24694.572232778155,24,21331.601045499978,21923.115741164973,-0.1361826054558808,-0.1122293784030205,-0.1133583995039672,3.541224881478423,432,178,0.004826584029359363,0.15501122693093575,0.05542519353826907,591.5146956650217,319029.3913300431,22522.5311867833,159.51469566502155,432.0,4001.0,8067.0,0.0,124.0,106.0,0.0,182,52.780228150303685,103.91596376386191,35.29160690307617,85.61165618896484,124.0,1554.0,106.0,2578.0,84.5,1593.5,69.75,2614.25,124.0,1554.0,106.0,2578.0,1721.0,70.0,1812.0,55.0,2587.0,26.0
753,0.0,0.0,89834.63361974165,12,81874.70912497977,82707.60849663518,-0.08860641129183222,-0.07933493838550343,-0.07969900841678279,3.586054764204341,224,104,0.008317290827883017,0.1597781505883727,0.11180307749184003,832.8993716554901,1217798.7433109796,84898.22544450041,608.8993716554897,224.0,2290.0,3758.0,0.0,61.0,47.0,0.0,92,68.33617385413896,102.96614906270598,56.82374572753906,94.26932525634766,61.0,420.0,47.0,576.0,41.5,439.5,29.25,593.75,61.0,420.0,47.0,576.0,768.0,34.0,1141.0,26.0,1295.0,22.0
754,0.0,0.0,57448.981847237716,5,41026.10152400392,41457.03228648481,-0.2858689535508878,-0.27836784998691555,-0.27973712336334655,3.414574357971892,85,43,0.0024193340144083833,0.17793182529291884,0.280645970613279,430.9307624809337,691861.5249618675,50655.03430512515,345.93076248093377,85.0,510.0,2010.0,0.0,12.0,25.0,0.0,36,56.339338836174456,83.40353538946415,41.78758239746094,71.0,12.0,29.0,25.0,114.0,8.75,32.25,18.5,120.5,12.0,29.0,25.0,114.0,438.0,18.0,157.0,2.0,468.0,5.0
755,0.0,0.0,318372.7344603718,19,279444.1694603861,282067.76922371757,-0.12227355167824894,-0.11403289700102481,-0.11433788973541048,3.901979101684977,371,176,0.005041848121362349,0.16650036503683305,0.08109384950298193,2623.5997633316933,4505199.526663386,288648.36338551395,2252.5997633316933,371.0,3379.0,6197.0,0.0,106.0,70.0,0.0,143,54.274297804231324,95.87445596917343,41.37591552734375,87.77264404296875,106.0,978.0,70.0,1563.0,73.5,1010.5,51.75,1581.25,106.0,978.0,70.0,1563.0,1262.0,51.0,1731.0,46.0,1659.0,16.0
756,0.0,0.0,81719.15708719214,9,63642.04186564655,64449.491875296444,-0.2212102506424265,-0.21132945844594841,-0.21219948440505387,4.311447269197928,207,100,0.004854461912885729,0.16827145726005127,0.1436154812332655,807.4500096499746,1200900.0192999486,69634.3909781457,600.4500096499743,207.0,1350.0,3186.0,0.0,42.0,56.0,0.0,89,55.39909280429042,61.229844718792116,50.81407928466797,57.5,42.0,240.0,56.0,463.0,31.0,251.0,38.75,480.25,42.0,240.0,56.0,463.0,623.0,30.0,767.0,23.0,1209.0,18.0
757,0.0,0.0,36150.2046161746,28,34782.882383313074,35590.49690136632,-0.03782336081853721,-0.015482836701783076,-0.015250158783670531,3.9765262509369803,533,232,0.003917108569230813,0.15971201764407625,0.055520873265226714,807.614518053251,549229.0361065028,34529.448659938374,274.6145180532514,533.0,5231.0,8872.0,0.0,145.0,128.0,0.0,203,53.534632534421895,85.02449694988263,39.21506881713867,58.43962860107422,145.0,2167.0,128.0,3241.0,97.5,2214.5,84.75,3284.25,145.0,2167.0,128.0,3241.0,1717.0,84.0,2476.0,68.0,2585.0,34.0
758,0.0,0.0,12513.345911787304,24,11156.528363014424,11649.239426255876,-0.1084296365127082,-0.06905479091067557,-0.0715414878642523,3.481043774927456,409,159,0.009452476796524395,0.15174310966129076,0.056552034480045935,492.7110632414677,167422.1264829346,12023.845239236012,83.7110632414673,409.0,3742.0,8331.0,0.0,114.0,112.0,0.0,174,58.16928200379243,103.3091320427446,47.79529571533203,69.88762664794922,114.0,1394.0,112.0,2545.0,74.25,1433.75,68.75,2588.25,114.0,1394.0,112.0,2545.0,1878.0,74.0,1423.0,43.0,2096.0,29.0
759,0.0,0.0,11916.732819998226,22,10688.63701289817,11165.328408226846,-0.10305641870556248,-0.06305456563651413,-0.06249767328765521,3.907676168360778,393,168,0.006026171418225863,0.1558593172032402,0.056509041000411576,476.69139532868695,167382.7906573742,10708.58890589629,83.6913953286871,393.0,3936.0,7139.0,0.0,108.0,95.0,0.0,168,58.544017498312265,78.52473796185673,48.45085906982422,58.53660583496094,108.0,1292.0,95.0,2194.0,76.0,1324.0,64.5,2224.5,108.0,1292.0,95.0,2194.0,1528.0,65.0,1792.0,44.0,2151.0,39.0
760,0.0,0.0,71986.78976148364,13,61250.76241757424,62083.680960304,-0.1491388542186901,-0.13756841823328914,-0.13875107397056885,4.229863328835347,259,119,0.006646655526867637,0.16552068282121526,0.10690190017400313,832.9185427298241,1147837.0854596472,67841.26319370307,573.9185427298237,259.0,1741.0,4809.0,0.0,53.0,74.0,0.0,110,54.03545703352814,86.48847152387431,45.126155853271484,72.46186828613281,53.0,378.0,74.0,924.0,39.0,392.0,45.75,952.25,53.0,378.0,74.0,924.0,1057.0,58.0,663.0,19.0,1802.0,31.0
761,0.0,0.0,25617.41663260857,11,24919.010227104794,25405.857228477704,-0.02726295221411079,-0.00825842071294458,-0.008294314557417914,4.546417118403191,259,128,0.007338308652658151,0.16067329831459803,0.12724784962244737,486.84700137293254,455694.0027458646,25057.8637462281,227.8470013729323,259.0,2002.0,3542.0,0.0,61.0,59.0,0.0,106,48.22756725103473,70.13083033677984,42.06942367553711,58.041481018066406,61.0,417.0,59.0,629.0,45.0,433.0,40.0,648.0,61.0,417.0,59.0,629.0,674.0,32.0,1009.0,27.0,1146.0,20.0
762,0.0,0.0,12492.613615047487,28,10805.92099172404,11457.376720427801,-0.1350151918003617,-0.08286791911764013,-0.08493649101195033,4.463388468629871,549,225,0.0042743655512882854,0.15709068670195245,0.0464724578582559,651.4557287037718,204911.45740754355,11477.348367038134,102.45572870377178,549.0,4764.0,9273.0,0.0,159.0,137.0,0.0,199,58.2169379377885,85.1162226538461,40.0,62.50303649902344,159.0,1929.0,137.0,3316.0,117.25,1970.75,99.75,3353.25,159.0,1929.0,137.0,3316.0,1933.0,95.0,2075.0,70.0,2591.0,38.0
763,0.0,0.0,119088.82607909733,15,92101.7708738482,93143.2729597595,-0.22661282417314832,-0.2178672338419484,-0.21874541201547237,3.5691685393011636,301,143,0.006147050769639512,0.1635096097793357,0.09626859590493726,1041.502085911362,1481004.1718227244,103735.93706173806,740.5020859113622,301.0,2119.0,5441.0,0.0,75.0,68.0,0.0,122,46.57289438043093,86.7023902676746,35.06221008300781,64.31726837158203,75.0,493.0,68.0,1194.0,53.75,514.25,49.75,1212.25,75.0,493.0,68.0,1194.0,1102.0,42.0,1288.0,50.0,1684.0,16.0
764,0.0,0.0,384892.0249311787,6,267992.8053146774,269743.11178619385,-0.30371951623940163,-0.29917199028889796,-0.2999310888055233,2.616713965406194,99,48,0.006351668392778028,0.1856120652879524,0.22772631342067542,1750.3064715166229,3302612.9430332454,315530.5649275062,1651.3064715166227,99.0,909.0,2115.0,0.0,19.0,26.0,0.0,42,88.28957388626273,118.7102384927212,84.0,114.42691040039062,19.0,70.0,26.0,137.0,11.5,77.5,15.75,147.25,19.0,70.0,26.0,137.0,455.0,16.0,558.0,11.0,720.0,8.0
765,0.0,0.0,19430.578333756606,27,17674.9576575865,18318.84807787683,-0.09035349571248119,-0.05721550006303078,-0.0575866104775129,4.010404847774325,500,210,0.005421526725185037,0.15582824121611547,0.054556219653048695,643.8904202903453,287780.84058069094,17939.637736349872,143.89042029034547,500.0,4827.0,8772.0,0.0,134.0,129.0,0.0,194,59.50184480381194,76.56001846012451,38.0,69.0,134.0,1943.0,129.0,3026.0,93.5,1983.5,91.5,3063.5,134.0,1943.0,129.0,3026.0,1740.0,93.0,2438.0,70.0,2345.0,38.0
766,0.0,0.0,100063.90681070733,21,81338.92094120775,82436.1524879952,-0.1871302697077576,-0.17616496181843921,-0.17651879394285264,4.121692483067675,399,178,0.004795326261390897,0.16309708447852944,0.06949781577659761,1097.231546787569,1396463.0935751374,84702.04286903665,698.2315467875687,399.0,3196.0,7383.0,0.0,98.0,102.0,0.0,160,49.70647793507121,99.9239924582167,34.5,91.5,98.0,1100.0,102.0,2059.0,66.75,1131.25,73.25,2087.75,98.0,1100.0,102.0,2059.0,1416.0,74.0,1468.0,36.0,2038.0,35.0
767,0.0,0.0,14397.88290627773,22,14240.269360014247,14739.405507420472,-0.01094699458868087,0.0237203346746091,0.0238345558445181,3.937205310332646,386,160,0.007247127311937524,0.16005269554391627,0.06907341023911483,499.13614740624774,226272.29481249524,14367.570203836918,113.13614740624762,386.0,4512.0,6522.0,0.0,112.0,92.0,0.0,166,61.369810660852394,84.28137255712157,45.0,68.3204116821289,112.0,1465.0,92.0,1970.0,79.0,1498.0,60.25,2001.75,112.0,1465.0,92.0,1970.0,1386.0,64.0,2172.0,45.0,1428.0,15.0
768,0.0,0.0,28344.664371856128,16,29840.074512978827,30353.77021912073,0.05275808249144465,0.07088127137111133,0.07200600511299005,3.733001382004941,304,136,0.004221060848483973,0.16191219722549763,0.10307124653963073,513.695706141924,419391.4122838484,28086.74370611935,209.6957061419242,304.0,2991.0,5073.0,0.0,87.0,65.0,0.0,129,58.493509832775224,75.94894413899151,56.670135498046875,59.284461975097656,87.0,769.0,65.0,1143.0,58.75,797.25,49.0,1159.0,87.0,769.0,65.0,1143.0,1018.0,37.0,1385.0,45.0,1321.0,17.0
769,0.0,0.0,11800.590107013048,24,10044.250675188574,10586.624028038712,-0.14883488163703673,-0.10287333666922982,-0.1043243617422015,4.334322090970264,451,185,0.00648419933932563,0.15906439446150186,0.057213372584136925,542.3733528501482,182746.7057002968,10540.674058407818,91.3733528501484,451.0,3951.0,8089.0,0.0,131.0,111.0,0.0,185,61.17693447011426,84.1299935691422,38.0,62.0,131.0,1518.0,111.0,2665.0,89.0,1560.0,82.25,2693.75,131.0,1518.0,111.0,2665.0,1743.0,67.0,1700.0,59.0,2032.0,30.0
770,0.0,0.0,207995.19110119456,29,183894.93544580103,185948.6024771297,-0.11586929259180889,-0.10599566512736669,-0.10621714880932243,3.954142791714451,570,259,0.003934275480234011,0.15974281390089284,0.048184355915755345,2053.6670313286713,2967334.062657346,187609.1873107824,1483.6670313286731,570.0,4780.0,9836.0,0.0,148.0,134.0,0.0,204,52.45263631194369,92.89206730972145,40.47675323486328,77.55146789550781,148.0,1963.0,134.0,3671.0,100.5,2010.5,90.5,3714.5,148.0,1963.0,134.0,3671.0,2136.0,93.0,2314.0,76.0,3126.0,46.0
771,0.0,0.0,143289.15283414233,13,135360.60145252495,136659.22512942305,-0.055332530235521094,-0.04626957151734601,-0.04663034579132408,3.6466066738216214,277,128,0.007750313734396575,0.1714313921006237,0.10735975721069238,1298.6236768982283,2043247.3537964558,140078.6770111914,1021.6236768982279,277.0,2535.0,4017.0,0.0,86.0,50.0,0.0,121,54.717118977572014,80.45837878218919,45.75059509277344,74.98616027832031,86.0,651.0,50.0,786.0,53.75,683.25,34.25,801.75,86.0,651.0,50.0,786.0,814.0,31.0,1281.0,42.0,1158.0,19.0
772,0.0,0.0,243358.0432523534,7,214044.11413890315,216288.57887196145,-0.1204559698199611,-0.11123307871242993,-0.11145237535323771,4.759685335113904,166,87,0.004196562815844199,0.18612868765900054,0.23987538170735595,2244.4647330585394,4156929.4661170808,218340.5610582029,2078.4647330585403,166.0,1175.0,2353.0,0.0,38.0,34.0,0.0,67,40.077656878957875,68.34302619861707,27.5,54.88703155517578,38.0,129.0,34.0,268.0,30.5,136.5,25.0,277.0,38.0,129.0,34.0,268.0,478.0,21.0,733.0,24.0,798.0,15.0
773,0.0,0.0,23389.277359793912,17,20871.80332669351,21399.41431722058,-0.10763368163857567,-0.08507586668726663,-0.08582131015881356,3.9831612871079,355,162,0.0044856535855556075,0.16711454565371897,0.08178413466507478,527.6109905270914,345221.98105418205,21667.587386653464,172.61099052709102,355.0,2993.0,5565.0,0.0,97.0,79.0,0.0,140,55.38703549534737,72.56650538729869,44.402217864990234,62.0,97.0,825.0,79.0,1378.0,70.0,852.0,55.75,1401.25,97.0,825.0,79.0,1378.0,1090.0,46.0,1264.0,50.0,1740.0,25.0
774,0.0,0.0,10052.870656639512,14,10490.13993528915,10848.18058039584,0.043496956599241576,0.0791127182394471,0.08121283913313437,4.004388183491743,278,121,0.008344581090749372,0.1636169905294196,0.12153064876670955,358.0406451067003,160081.29021340038,9994.116633930631,80.0406451067002,278.0,2550.0,4487.0,0.0,77.0,66.0,0.0,121,62.55146019687584,70.33897062646234,46.0,56.999595642089844,77.0,590.0,66.0,957.0,54.5,612.5,42.0,981.0,77.0,590.0,66.0,957.0,879.0,48.0,1110.0,44.0,999.0,13.0
775,0.0,0.0,10384.224701266163,27,10232.099581338969,10792.68360149436,-0.014649636761870588,0.03933455910082473,0.042820235899729164,4.04141205911948,482,184,0.006560808124637881,0.156666829543839,0.05700896815483964,560.5840201553978,157168.04031079658,9722.346918086809,78.58402015539829,482.0,4448.0,8994.0,0.0,149.0,122.0,0.0,200,66.28381840469001,104.44474637181672,43.0,101.0,149.0,1826.0,122.0,3230.0,104.5,1870.5,79.5,3272.5,149.0,1826.0,122.0,3230.0,1885.0,87.0,1914.0,66.0,1860.0,24.0
776,0.0,0.0,314655.7874547059,30,289854.37676758115,292706.56095385156,-0.07882076756873535,-0.06975630951651857,-0.0700587011288113,3.8327042069283306,563,253,0.0034444607683310176,0.16257003759192581,0.04712621291106947,2852.184186270337,4578368.372540667,298638.2541773253,2289.1841862703336,563.0,4998.0,10117.0,0.0,142.0,138.0,0.0,204,57.25597253509448,92.35211050558587,45.70541000366211,73.91313934326172,142.0,2089.0,138.0,3750.0,98.0,2133.0,96.25,3791.75,142.0,2089.0,138.0,3750.0,2111.0,80.0,2725.0,70.0,3468.0,46.0
777,0.0,0.0,17863.29631393014,20,16273.510292536017,16779.01847083024,-0.08899734928286318,-0.06069864285094784,-0.062028854318535775,3.778624940559771,375,153,0.008381872726342523,0.16212743738780347,0.07819700565015425,505.5081782942329,261016.3565884662,17269.268629092814,130.50817829423312,375.0,4419.0,5614.0,0.0,123.0,80.0,0.0,172,64.56600389234507,81.8162816873899,48.7432975769043,62.5931510925293,123.0,1518.0,80.0,1713.0,82.0,1559.0,51.25,1741.75,123.0,1518.0,80.0,1713.0,1010.0,47.0,2431.0,66.0,1690.0,22.0
778,0.0,0.0,274123.3896419123,20,264795.53258934413,267075.92233289266,-0.034027950204297275,-0.025709106100817447,-0.02551687410034642,3.72287578002583,368,170,0.002839677553741289,0.16494403922919101,0.0828380087669185,2280.3897435487884,3824779.4870975744,256843.0773072314,1912.3897435487872,368.0,3267.0,6813.0,0.0,89.0,89.0,0.0,145,51.29426166001057,88.36588270931992,35.0,71.0,89.0,963.0,89.0,1759.0,63.5,988.5,56.5,1791.5,89.0,963.0,89.0,1759.0,1392.0,56.0,1646.0,50.0,1781.0,26.0
779,0.0,0.0,450923.7754165718,27,425601.15469808,429772.6823834028,-0.05615720904292154,-0.04690613843465952,-0.0471725360043338,4.1752042325089755,526,231,0.005484994889320849,0.16113509393809733,0.06037036539251897,4171.527685323125,7291055.370646251,436568.78589774336,3645.5276853231258,526.0,4911.0,8697.0,0.0,149.0,119.0,0.0,193,57.14850428156425,87.95848707111092,42.62847137451172,68.0,149.0,1943.0,119.0,3000.0,100.25,1991.75,79.25,3039.75,149.0,1943.0,119.0,3000.0,1879.0,85.0,2651.0,66.0,3007.0,42.0
780,0.0,0.0,262790.4346221033,26,231083.6082431857,233215.30786413996,-0.12065441584474901,-0.11254263040621248,-0.11286502668054743,3.451525091476275,485,218,0.004013641045754273,0.16000628033398126,0.05184404431225675,2131.6996209546905,3293399.2419093815,238546.66811220683,1646.6996209546908,485.0,3893.0,9210.0,0.0,112.0,129.0,0.0,181,58.06733616290414,96.8870512508591,42.34819793701172,81.33577728271484,112.0,1438.0,129.0,3026.0,83.75,1466.25,81.5,3073.5,112.0,1438.0,129.0,3026.0,2021.0,91.0,1646.0,57.0,2769.0,36.0
781,0.0,0.0,58720.243295551445,5,59885.188281179566,60665.21791795083,0.01983889916403636,0.0331227275849304,0.033405342950828754,5.427334116417817,143,72,0.008658871239141998,0.19117722209530635,0.2574079133376389,780.0296367713479,1274059.2735426961,58687.158659010696,637.0296367713481,143.0,1197.0,1323.0,0.0,41.0,25.0,0.0,62,53.18607733638188,51.56753775408188,40.0,51.0,41.0,128.0,25.0,116.0,31.75,137.25,16.5,124.5,41.0,128.0,25.0,116.0,235.0,21.0,561.0,18.0,410.0,11.0
782,0.0,0.0,79088.3674688611,11,69178.86168703262,69814.79618063806,-0.1252966283028928,-0.11725581883927827,-0.11796283626505943,3.0319273877267494,180,85,0.004757399906550983,0.1590434652002472,0.13848341887361712,635.9344936054973,911868.9872109947,75188.88734788331,455.9344936054974,180.0,1810.0,3734.0,0.0,43.0,41.0,0.0,76,62.64165803448115,111.69892108104844,52.0,82.0,43.0,268.0,41.0,484.0,29.5,281.5,25.25,499.75,43.0,268.0,41.0,484.0,791.0,27.0,948.0,22.0,1191.0,7.0
783,0.0,0.0,292081.5140672691,12,267220.25029270916,269795.9906783033,-0.0851175530705931,-0.0762989861242408,-0.0763799341218635,4.325324224325368,262,123,0.003970332218864224,0.16919870303108447,0.11541322820016522,2575.7403855944126,4627480.771188827,267464.3871298797,2313.7403855944135,262.0,2590.0,3458.0,0.0,79.0,48.0,0.0,109,56.781215077074734,84.9777591760282,38.0334587097168,59.818565368652344,79.0,577.0,48.0,604.0,51.0,605.0,36.25,615.75,79.0,577.0,48.0,604.0,656.0,31.0,1283.0,30.0,1071.0,13.0
784,0.0,0.0,352092.08106143936,24,297995.2441352635,300718.99163166893,-0.15364400347514795,-0.14590810811449606,-0.14640135301389723,3.573693860969286,456,210,0.005284486265429315,0.1618868476498015,0.062370884218925414,2723.7474964057606,4535494.992811526,317283.4026402427,2267.7474964057633,456.0,3642.0,8454.0,0.0,106.0,116.0,0.0,173,62.30086776052836,78.02490811054723,52.5,61.5,106.0,1272.0,116.0,2658.0,76.75,1301.25,79.25,2694.75,106.0,1272.0,116.0,2658.0,1717.0,67.0,1986.0,57.0,2415.0,32.0
785,0.0,0.0,97250.80005769142,15,94840.68819487157,95951.64527589451,-0.024782437382418587,-0.013358808164315561,-0.0135326278927691,4.116253241153228,321,150,0.005436042514764461,0.1584362392503078,0.09503487053518203,1110.957081023068,1579914.162046138,95955.84075407262,789.957081023069,321.0,3104.0,4456.0,0.0,95.0,61.0,0.0,133,54.31613702465232,73.71324835800196,47.432823181152344,62.0,95.0,804.0,61.0,1035.0,64.25,834.75,42.0,1054.0,95.0,804.0,61.0,1035.0,881.0,40.0,1468.0,42.0,1401.0,19.0
786,0.0,0.0,24861.023860939622,20,20844.125337330937,21326.578795984147,-0.1615741389444476,-0.14216812166407256,-0.14386225591524926,3.3971017758953974,326,142,0.004035891397296552,0.1639659790807897,0.06751790421737013,482.45345865323475,312906.91730646905,23027.490633835518,156.45345865323452,326.0,3264.0,6812.0,0.0,83.0,81.0,0.0,127,73.64094102548444,90.7703164177991,57.0,85.0,83.0,795.0,81.0,1579.0,58.5,819.5,54.0,1606.0,83.0,795.0,81.0,1579.0,1417.0,51.0,1220.0,33.0,1930.0,28.0
787,0.0,0.0,16416.20948244708,16,13808.870071550615,14238.217055005623,-0.15882712837481427,-0.13267328427858216,-0.13346203289015657,3.921224236296285,317,140,0.006147408815421163,0.16318611828173257,0.09390380901744118,429.34698345502477,224693.96691004976,14325.498452128819,112.34698345502488,317.0,2406.0,5625.0,0.0,81.0,80.0,0.0,139,47.234942890180044,90.22856262112956,33.952518463134766,74.03195190429688,81.0,657.0,80.0,1397.0,59.0,679.0,51.5,1425.5,81.0,657.0,80.0,1397.0,1101.0,51.0,1175.0,39.0,1650.0,22.0
788,0.0,0.0,237841.44898711157,22,222835.16773966528,224996.10611916892,-0.06309363364271914,-0.05400800795087113,-0.05407535492070137,3.891684852587868,432,200,0.0048155223941225315,0.16164898908220993,0.07525036322909698,2160.93837950381,3457876.759007621,222132.37260901433,1728.9383795038107,432.0,3760.0,7328.0,0.0,112.0,98.0,0.0,162,57.98639817085114,76.1370383253059,43.40040969848633,57.0,112.0,1204.0,98.0,2150.0,80.25,1235.75,68.5,2179.5,112.0,1204.0,98.0,2150.0,1373.0,53.0,1975.0,67.0,1996.0,25.0
789,0.0,0.0,30073.117242428412,10,25656.897973621002,26056.311471596255,-0.14684940151720693,-0.1335679882617915,-0.1341318200903302,3.86123475983582,191,90,0.006710820023130005,0.16229072779275772,0.13725192003019346,399.41349797527215,416826.99595054414,26987.934033844373,208.41349797527207,191.0,2020.0,3006.0,0.0,52.0,39.0,0.0,85,76.70536462243372,73.26022965663152,62.21126937866211,56.0,52.0,312.0,39.0,446.0,33.75,330.25,30.5,454.5,52.0,312.0,39.0,446.0,476.0,23.0,875.0,20.0,1057.0,15.0
790,0.0,0.0,64988.13413150889,22,53922.27038441253,54984.52542375155,-0.17027514168515234,-0.15392977258762663,-0.1554932233122659,4.762710456189122,491,232,0.003713577317445206,0.16170367314278145,0.06842151972191633,1062.2550393390263,1142510.0786780538,59971.63218233048,571.2550393390269,491.0,3830.0,7258.0,0.0,133.0,104.0,0.0,186,43.83162828718941,68.37138519952455,33.0,54.0,133.0,1506.0,104.0,2349.0,100.5,1538.5,80.25,2372.75,133.0,1506.0,104.0,2349.0,1389.0,63.0,2118.0,65.0,2056.0,29.0
791,0.0,0.0,108714.47846241144,7,90432.6926999639,91276.13806978353,-0.16816330281866332,-0.16040494917755876,-0.16120450646161055,3.4291219293836375,160,76,0.002290448785801154,0.19810302464086754,0.28054748724919604,843.4453698197389,1366890.7396394769,99653.11585502347,683.4453698197384,160.0,1329.0,2185.0,0.0,37.0,40.0,0.0,69,52.367228791419905,67.40917599183643,35.0,56.5,37.0,160.0,40.0,244.0,23.75,173.25,29.5,254.5,37.0,160.0,40.0,244.0,435.0,30.0,699.0,25.0,499.0,10.0
792,0.0,0.0,14142.440810530925,26,12273.358351516847,12826.760155742166,-0.1321612361016422,-0.09303066368918866,-0.09393561344509327,4.030172360552889,451,186,0.006435569211613073,0.1610438000175307,0.05153357178998879,553.4018042253224,204803.6084506446,12704.395130544,102.4018042253223,451.0,4083.0,8968.0,0.0,114.0,125.0,0.0,184,63.79125070136197,87.82621125092136,43.0,72.3389663696289,114.0,1584.0,125.0,2946.0,78.25,1619.75,87.5,2983.5,114.0,1584.0,125.0,2946.0,1771.0,78.0,1633.0,46.0,2519.0,42.0
793,0.0,0.0,360471.7632012115,6,329385.9016886291,331901.7700547358,-0.0862366062643043,-0.07925722917311617,-0.07942037732786311,3.5673205605234752,113,56,0.004330127545165197,0.18689543394653782,0.23307174981403875,2515.868366107071,4805736.732214142,336788.9604171807,2402.868366107071,113.0,932.0,2092.0,0.0,23.0,28.0,0.0,46,59.233059175271244,92.78576941569354,57.0,83.10045623779297,23.0,76.0,28.0,149.0,15.5,83.5,19.0,158.0,23.0,76.0,28.0,149.0,420.0,16.0,243.0,9.0,385.0,6.0
794,0.0,0.0,30421.24460693763,8,23233.84682959182,23567.176297954105,-0.23626244981793765,-0.22530532190719244,-0.22681315229523213,3.3947418120029114,151,68,0.012590673073333912,0.1988567598584266,0.20240571342951535,333.32946836230576,364658.93672461144,26854.688583036983,182.32946836230573,151.0,940.0,3092.0,0.0,34.0,41.0,0.0,69,60.87178642733437,106.6265759599319,55.076107025146484,80.72848510742188,34.0,104.0,41.0,373.0,19.5,118.5,27.25,386.75,34.0,104.0,41.0,373.0,667.0,23.0,506.0,13.0,891.0,9.0
795,0.0,0.0,397662.85857867554,12,452089.92710021965,456255.97581692884,0.13686736728714632,0.14734370076118375,0.14823095389752683,4.717485998228815,275,131,0.0080240737085208,0.17759752018622296,0.15100893280215769,4166.048716709407,7782097.43341882,412407.0233775265,3891.0487167094097,275.0,2396.0,3652.0,0.0,72.0,60.0,0.0,110,58.93830133237124,67.47478130743494,43.5,58.0,72.0,512.0,60.0,676.0,52.25,531.75,40.5,695.5,72.0,512.0,60.0,676.0,755.0,42.0,1237.0,32.0,1248.0,19.0
796,0.0,0.0,60914.00796039934,9,51295.60861623925,51930.39766620148,-0.1579012720754327,-0.14748020356890934,-0.14782758575995647,4.224997639307266,188,94,0.004648682704272649,0.17223544085375614,0.15978665569224626,634.7890499622608,893578.0999245222,52874.47332580249,446.7890499622611,188.0,1468.0,3068.0,0.0,45.0,40.0,0.0,76,48.59562830021638,83.11086989065682,40.0,64.5,45.0,219.0,40.0,380.0,32.25,231.75,30.75,389.25,45.0,219.0,40.0,380.0,606.0,23.0,874.0,21.0,1031.0,15.0
797,0.0,0.0,326252.07443592,19,287360.59043230634,290334.51861727075,-0.11920685583641377,-0.11009142510664371,-0.110602989565311,4.271852648747308,380,172,0.0034232026917317845,0.16068302764829928,0.06995433954024105,2973.928184964571,5187856.369929143,303606.9357080029,2593.9281849645718,380.0,3572.0,6004.0,0.0,102.0,87.0,0.0,149,51.33024805919529,74.91123141286603,33.775047302246094,54.0,102.0,1037.0,87.0,1605.0,69.25,1069.75,61.75,1630.25,102.0,1037.0,87.0,1605.0,1228.0,62.0,1662.0,42.0,2292.0,27.0
798,0.0,0.0,368496.65810520353,23,331541.37153290433,335050.5541072162,-0.10028662610489314,-0.09076365622951921,-0.09117550610340586,4.377218755998291,477,212,0.0036868589458024887,0.16241471037905292,0.07012720695522913,3509.1825743119134,6064365.148623821,346359.4971300875,3032.1825743119107,477.0,4069.0,7523.0,0.0,130.0,112.0,0.0,187,51.117153331541594,79.07018737220515,43.91062927246094,67.46581268310547,130.0,1546.0,112.0,2513.0,83.25,1592.75,76.75,2548.25,130.0,1546.0,112.0,2513.0,1473.0,79.0,2008.0,57.0,2253.0,30.0
799,0.0,0.0,22889.461704497608,26,22306.641380673198,23065.446962794158,-0.025462386636636802,0.0076884839219251155,0.007546295461033692,4.703445233002027,546,230,0.004685147324776704,0.15309308626289686,0.054663206854149195,758.8055821209695,425611.1642419392,22622.308922383694,212.8055821209696,546.0,4666.0,8422.0,0.0,167.0,123.0,0.0,213,51.17467123325914,88.42779130495906,36.797306060791016,68.0,167.0,1976.0,123.0,3263.0,112.0,2031.0,84.25,3301.75,167.0,1976.0,123.0,3263.0,1684.0,79.0,2087.0,70.0,2381.0,45.0
800,0.0,0.0,212142.56463806663,20,178732.8121467014,180634.03315905263,-0.15748726592593576,-0.14852526899903495,-0.1491504725119126,3.9608928724738672,388,171,0.004607978998215728,0.16696168574700657,0.08525152402843365,1901.221012351401,3026442.0247028028,191020.1892693811,1513.2210123514014,388.0,3587.0,6493.0,0.0,107.0,90.0,0.0,157,53.055474918096614,82.20766776963113,36.80424499511719,65.25375366210938,107.0,1103.0,90.0,1840.0,69.0,1141.0,59.5,1870.5,107.0,1103.0,90.0,1840.0,1257.0,58.0,1886.0,56.0,1742.0,26.0
801,0.0,0.0,28046.491129572587,19,25735.986789375613,26327.12519772019,-0.08238122656850821,-0.06130413690286818,-0.06172362652260577,4.102492398987243,375,170,0.004471446346776387,0.1649241904478364,0.08329366782675583,591.1384083446172,432276.81668923434,26342.3289215568,216.13840834461718,375.0,3429.0,6144.0,0.0,103.0,83.0,0.0,155,55.61749628100843,82.1762948717299,42.0,75.0,103.0,1045.0,83.0,1713.0,69.75,1078.25,57.25,1738.75,103.0,1045.0,83.0,1713.0,1270.0,49.0,1692.0,50.0,1777.0,24.0
802,0.0,0.0,79779.99768271978,20,70526.1534794773,71615.13568121832,-0.11599203399383962,-0.10234221908569896,-0.10322459924471106,4.44488628759979,419,191,0.0029798561681536697,0.16562772012291593,0.0816807168899072,1088.9822017410547,1339964.4034821093,75365.50525602319,669.9822017410547,419.0,2922.0,7156.0,0.0,100.0,108.0,0.0,162,49.478989078774184,72.10065343129219,42.0,66.0,100.0,988.0,108.0,2043.0,72.75,1015.25,75.25,2075.75,100.0,988.0,108.0,2043.0,1480.0,60.0,1315.0,52.0,1891.0,31.0
803,0.0,0.0,172236.5944596615,11,138770.77550005267,140116.92648544634,-0.19430144368911484,-0.1864857353629208,-0.1872932158702979,3.738317706740138,193,92,0.0022294951666603524,0.1711539171298762,0.14243178852357866,1346.1509853938073,2306301.970787614,154233.9463704076,1153.150985393807,193.0,1536.0,4008.0,0.0,47.0,43.0,0.0,80,56.96605687452594,98.19342826778028,42.61973571777344,80.0,47.0,240.0,43.0,550.0,31.75,255.25,29.5,563.5,47.0,240.0,43.0,550.0,828.0,29.0,914.0,22.0,1151.0,17.0
804,0.0,0.0,149360.88551949215,25,134640.7470157991,136168.52643073554,-0.09855417268379818,-0.08832539418116236,-0.08863101867826317,3.7795073920391755,480,216,0.004329051106994227,0.1589741893118225,0.05633125491130323,1527.7794149365577,2095558.8298731176,138613.22472123086,1047.7794149365589,480.0,4668.0,7932.0,0.0,132.0,107.0,0.0,182,56.795572303755755,71.27764975424233,42.0,59.12294387817383,132.0,1729.0,107.0,2582.0,92.25,1768.75,79.5,2609.5,132.0,1729.0,107.0,2582.0,1562.0,63.0,2296.0,66.0,2445.0,31.0
805,0.0,0.0,66474.34702817697,20,58089.765035852186,58874.209980320054,-0.1261325965153257,-0.11433187970444281,-0.11487865569395395,3.4828001163244493,363,156,0.0048642615918880324,0.15902863296688693,0.08956111086894127,784.4449444678987,842889.8889357974,60503.75134830705,421.4449444678987,363.0,3449.0,6631.0,0.0,101.0,86.0,0.0,149,71.17360270842397,99.42002069727528,48.0,80.53609466552734,101.0,1102.0,86.0,1691.0,60.75,1142.25,59.75,1717.25,101.0,1102.0,86.0,1691.0,1398.0,46.0,1845.0,48.0,2056.0,29.0
806,0.0,0.0,357367.7150978028,10,307563.2342767649,310380.3705673395,-0.13936480190273381,-0.13148178345546424,-0.13184077489587487,4.046827345527001,205,102,0.005431626152626213,0.1602663480683153,0.13430572614634015,2817.136290574844,5224272.581149693,322738.7861582564,2612.1362905748465,205.0,1712.0,3328.0,0.0,52.0,41.0,0.0,84,59.93910126129568,71.10055766128117,51.0,50.0,52.0,258.0,41.0,489.0,36.0,274.0,30.5,499.5,52.0,258.0,41.0,489.0,664.0,28.0,824.0,23.0,988.0,12.0
807,0.0,0.0,86074.96318923478,6,74623.334658167,75293.72657910298,-0.13304250279946683,-0.12525403683797554,-0.12580825532699058,3.411790730423425,123,59,0.008236102342020877,0.1789001636058715,0.2525570060362739,670.391920936004,1094783.8418720074,80220.61787887981,547.3919209360037,123.0,1022.0,2002.0,0.0,32.0,26.0,0.0,54,58.70639524128974,80.87480050722209,40.204280853271484,58.838706970214844,32.0,94.0,26.0,172.0,22.25,103.75,17.5,180.5,32.0,94.0,26.0,172.0,374.0,14.0,349.0,14.0,676.0,9.0
808,0.0,0.0,15596.337139040023,25,15714.21864111582,16285.891722617147,0.007558281218525531,0.044212597960008315,0.04497850362820088,3.9086102303218007,450,199,0.005630730121118097,0.1548853787740373,0.058444166057094134,571.6730815013279,243346.16300265567,15564.749915126526,121.67308150132783,450.0,4782.0,7774.0,0.0,131.0,95.0,0.0,178,67.04612821622247,78.37030956675811,43.74852752685547,61.0,131.0,1674.0,95.0,2538.0,94.75,1710.25,66.5,2566.5,131.0,1674.0,95.0,2538.0,1556.0,67.0,2313.0,56.0,2240.0,26.0
809,0.0,0.0,311732.106751801,8,278552.65050340595,280982.41890258517,-0.10643580025849664,-0.09864138849739501,-0.09893754056820303,3.9556044624261344,176,85,0.005598725550972716,0.17388997198494,0.19243670528428988,2429.7683991793533,4507536.798358705,284882.9326323775,2253.7683991793524,176.0,1313.0,2719.0,0.0,44.0,39.0,0.0,74,51.63881034494344,87.7937093489431,33.24244689941406,77.56413269042969,44.0,182.0,39.0,327.0,28.75,197.25,23.5,342.5,44.0,182.0,39.0,327.0,550.0,28.0,513.0,20.0,910.0,11.0
810,0.0,0.0,281024.53889659507,7,234602.10407186384,237079.78506127192,-0.1651899688440115,-0.1563733687024852,-0.15679741947179704,4.689355270243699,172,86,0.009246569163461088,0.1634072549860443,0.1830679952837046,2477.6809894083467,4611361.978816693,245842.00348809606,2305.6809894083462,172.0,1190.0,2338.0,0.0,46.0,33.0,0.0,74,41.414707018215225,74.2602421409492,32.5,44.935508728027344,46.0,157.0,33.0,282.0,33.5,169.5,25.5,289.5,46.0,157.0,33.0,282.0,401.0,21.0,556.0,21.0,829.0,10.0
811,0.0,0.0,295708.03354247793,28,268380.9007423205,271241.7708555861,-0.09241254785265052,-0.08273790330886388,-0.08282697005812523,4.236146520114101,577,251,0.003848160013950084,0.15348372511767933,0.052243857190566435,2860.8701132658916,4567740.226531785,269569.30106425786,2283.8701132658925,577.0,4712.0,9400.0,0.0,161.0,137.0,0.0,203,55.443734171889886,88.55517209134541,41.38642883300781,72.0,161.0,1927.0,137.0,3459.0,105.25,1982.75,98.0,3498.0,161.0,1927.0,137.0,3459.0,1876.0,93.0,2128.0,70.0,2604.0,36.0
812,0.0,0.0,18424.79046359947,21,16451.16773589084,16991.401916303683,-0.10711778414022,-0.07779673533479958,-0.07753198047968868,4.131607748225664,405,170,0.003789225686946633,0.16215270840388274,0.06570876016224164,540.234180412869,270468.3608257384,16365.805838047678,135.2341804128692,405.0,4216.0,6358.0,0.0,114.0,100.0,0.0,153,58.65793082733499,91.50675493470291,37.5,78.02386474609375,114.0,1330.0,100.0,1664.0,71.5,1372.5,73.5,1690.5,114.0,1330.0,100.0,1664.0,1344.0,70.0,2374.0,50.0,2040.0,29.0
813,0.0,0.0,61334.41586989504,26,56989.267092654394,57989.20533794164,-0.07084356662754798,-0.05454051342152488,-0.05462691255298857,3.9671908255397508,545,240,0.005010159157080769,0.15191293731158492,0.06332750009335301,999.938245287246,909876.490574493,57337.580329949276,454.9382452872465,545.0,4380.0,8724.0,0.0,149.0,130.0,0.0,200,46.10488251323328,92.75448109538046,32.0,77.05644226074219,149.0,1782.0,130.0,3139.0,103.75,1827.25,87.0,3182.0,149.0,1782.0,130.0,3139.0,1740.0,92.0,2269.0,73.0,2510.0,34.0
814,0.0,0.0,380862.9839498672,23,348572.9195325335,351673.93669778336,-0.08478131448338388,-0.07663923374587112,-0.07665284154496688,3.8332322579678872,447,202,0.0030073339544360966,0.16284395535754873,0.061059720324571985,3101.0171652502318,5308034.330500462,346185.2800249059,2654.0171652502313,447.0,3725.0,7867.0,0.0,110.0,112.0,0.0,173,56.66108320312175,84.45768075402941,42.0,62.25087356567383,110.0,1374.0,112.0,2383.0,76.75,1407.25,78.0,2417.0,110.0,1374.0,112.0,2383.0,1583.0,71.0,1651.0,53.0,2032.0,33.0
815,0.0,0.0,23621.568919564845,17,20495.54372984802,20985.95063360422,-0.1323377460811952,-0.11157676676495609,-0.11267205398625946,3.7667515244425234,327,140,0.007031313387314033,0.16447109655263403,0.08878162558867132,490.40690375621983,326813.80751244037,21690.69325330721,163.40690375622017,327.0,2938.0,5628.0,0.0,80.0,90.0,0.0,142,76.1561934947226,75.02342547752825,48.829071044921875,59.3132438659668,80.0,847.0,90.0,1396.0,52.5,874.5,58.75,1427.25,80.0,847.0,90.0,1396.0,1122.0,56.0,1446.0,40.0,1813.0,27.0
816,0.0,0.0,78054.77756025757,15,85741.98705279519,86614.1708395249,0.09848480429789408,0.10965880048353926,0.11053055527456057,3.719409720140842,278,133,0.003847139433272306,0.16502950953881784,0.09095542528007466,872.1837867297954,1188367.5734595913,79876.08672315023,594.1837867297957,278.0,2985.0,4575.0,0.0,82.0,48.0,0.0,111,55.5083518702582,87.85575902957885,40.59056854248047,91.29170227050781,82.0,575.0,48.0,960.0,59.75,597.25,32.25,975.75,82.0,575.0,48.0,960.0,964.0,31.0,984.0,28.0,1142.0,13.0
817,0.0,0.0,79335.38398732692,10,82010.28180164147,82831.0599873494,0.03371632782091072,0.04406200391720416,0.044841107502419986,4.040876520164252,208,99,0.004489691476692448,0.16467831312464484,0.16030195371049247,820.7781857079882,1225556.3714159764,75822.4339014299,612.7781857079882,208.0,1968.0,3072.0,0.0,62.0,37.0,0.0,91,54.300368965942944,81.26757646898561,42.5,72.6009750366211,62.0,358.0,37.0,453.0,46.25,373.75,25.0,465.0,62.0,358.0,37.0,453.0,615.0,21.0,1139.0,39.0,1092.0,14.0
818,0.0,0.0,12226.792814739007,18,10873.221860678183,11298.197028569173,-0.11070531533249972,-0.07594761768191904,-0.07709946778669541,3.9427413709641574,336,139,0.007094729724779334,0.16569587429097038,0.07552090418264386,424.9751678910016,177950.3357820034,11283.41419326266,88.9751678910017,336.0,2695.0,6295.0,0.0,87.0,92.0,0.0,141,61.38322928501257,85.57700911875679,40.0,64.5,87.0,770.0,92.0,1577.0,58.25,798.75,57.75,1611.25,87.0,770.0,92.0,1577.0,1426.0,63.0,1165.0,39.0,1796.0,29.0
819,0.0,0.0,95696.33325486505,18,69430.04687021504,70412.44147106216,-0.27447536902689706,-0.26420961936404697,-0.2654106975206839,3.8690332063976998,374,174,0.005078880963515884,0.1680012053635676,0.0792076515514863,982.3946008471853,1216789.2016943702,78623.59514531496,608.3946008471852,374.0,2380.0,6692.0,0.0,89.0,93.0,0.0,143,56.42763815395805,78.79425229533568,38.0,67.0,89.0,699.0,93.0,1693.0,65.5,722.5,62.75,1723.25,89.0,699.0,93.0,1693.0,1365.0,75.0,1159.0,48.0,1949.0,27.0
820,0.0,0.0,38406.369504887196,12,31487.06996839971,32065.917943371667,-0.18016020846768677,-0.16508854242806548,-0.16554867511801996,4.850067804863341,263,122,0.0065386438113107055,0.1647544807312429,0.1223905802917257,578.8479749719852,631695.9499439712,32561.19168635882,315.84797497198565,263.0,1510.0,4534.0,0.0,52.0,77.0,0.0,112,39.830874859054646,66.74030570413197,30.432777404785156,55.0,52.0,350.0,77.0,863.0,40.25,361.75,51.75,888.25,52.0,350.0,77.0,863.0,904.0,54.0,710.0,19.0,1286.0,24.0
821,0.0,0.0,64886.73896782918,29,54063.73137908818,55033.567142427404,-0.1667984515928138,-0.15185185728453654,-0.15296232972451473,3.69682738481854,538,229,0.00409649097021304,0.15436738105464026,0.049901801326398515,969.835763339265,863671.5266785303,58406.26547950952,431.83576333926516,538.0,4903.0,9711.0,0.0,149.0,131.0,0.0,196,55.444283434107504,86.12373348471647,44.0,69.69634246826172,149.0,1971.0,131.0,3431.0,103.75,2016.25,86.75,3475.25,149.0,1971.0,131.0,3431.0,1964.0,90.0,2279.0,79.0,3195.0,41.0
822,0.0,0.0,152676.96385636477,16,148917.8819702457,150448.26471175448,-0.024621146446529574,-0.01459748142952988,-0.014348864942733908,4.13136721598794,336,156,0.004623738395642015,0.16253862934850044,0.09328542725303995,1530.3827415089206,2388765.4830178423,144550.54211675862,1194.382741508921,336.0,2919.0,5145.0,0.0,85.0,79.0,0.0,136,54.80150683825153,72.48396828180562,42.0,71.0,85.0,840.0,79.0,1172.0,54.5,870.5,54.25,1196.75,85.0,840.0,79.0,1172.0,1049.0,52.0,1582.0,41.0,1290.0,16.0
823,0.0,0.0,288981.72750713635,14,252144.30498423483,254449.98702259484,-0.1274731895358049,-0.1194945465321463,-0.11957491770241357,3.9975365585946503,285,128,0.005912087621520951,0.15572044934021564,0.10653656024129593,2305.682038360327,4041364.0767206554,252740.90789937723,2020.6820383603279,285.0,1913.0,5143.0,0.0,72.0,71.0,0.0,120,50.56567155318723,108.15473930118199,31.604822158813477,76.82807922363281,72.0,468.0,71.0,1069.0,48.5,491.5,45.75,1094.25,72.0,468.0,71.0,1069.0,1126.0,49.0,832.0,26.0,1464.0,18.0
824,0.0,0.0,37413.13850676829,18,37761.770380763,38427.05790954498,0.00931843432305568,0.027100624092075698,0.02792291231191979,4.1665880871433,364,163,0.005010317879455062,0.16274354361170043,0.08940777854359726,665.2875287820295,602575.0575640606,36155.185307578526,301.2875287820303,364.0,3519.0,5553.0,0.0,96.0,87.0,0.0,136,54.359168040077485,62.914402173353416,38.5,51.0,96.0,900.0,87.0,1365.0,65.5,930.5,61.25,1390.75,96.0,900.0,87.0,1365.0,1093.0,49.0,2060.0,55.0,1737.0,27.0
825,0.0,0.0,496036.1835026052,30,451949.0075557883,455969.62346351414,-0.08887895160290316,-0.08077346244415784,-0.08101757052931757,3.7291304321987884,564,236,0.005125419432455914,0.15867300647328975,0.04787615327725795,4020.615907726143,6913231.815452291,463461.3847078605,3456.6159077261455,564.0,5149.0,9971.0,0.0,149.0,149.0,0.0,205,57.07598907827397,101.34852782306483,40.14469909667969,92.0,149.0,2148.0,149.0,3704.0,97.5,2199.5,96.5,3756.5,149.0,2148.0,149.0,3704.0,2091.0,92.0,2132.0,64.0,2947.0,32.0
826,0.0,0.0,10162.30527974139,21,9229.15016770481,9685.406467729421,-0.09182514068897618,-0.04692821155084459,-0.04680184051571101,3.971232709402109,382,158,0.006160989604456702,0.15569418616443825,0.06904325456613332,456.25630002461946,148512.60004923938,9349.275836796704,74.25630002461969,382.0,3465.0,7073.0,0.0,91.0,113.0,0.0,163,57.91551832764909,73.9380768173654,40.71488952636719,69.0,91.0,1133.0,113.0,2065.0,69.0,1155.0,78.75,2099.25,91.0,1133.0,113.0,2065.0,1493.0,75.0,1607.0,36.0,1898.0,26.0
827,0.0,0.0,25647.513695012192,23,22436.594419650373,23056.464126775707,-0.1251941733434483,-0.10102537029701952,-0.10193475195600898,3.927027180910993,436,186,0.0036417828407937862,0.1633698085330012,0.06254698090661447,619.8697071253599,367739.4142507194,23410.80143513363,183.86970712535972,436.0,3775.0,7813.0,0.0,122.0,105.0,0.0,174,63.72871772790934,82.34193305083394,50.8366584777832,71.0,122.0,1354.0,105.0,2419.0,82.0,1394.0,72.25,2451.75,122.0,1354.0,105.0,2419.0,1627.0,64.0,1703.0,55.0,2250.0,30.0
828,0.0,0.0,83256.42806103722,15,80841.56274809972,81771.62662738093,-0.02900515154417993,-0.017834075617173317,-0.01763995680356245,4.0264632708676755,297,133,0.005814218520730874,0.16266646980818872,0.09682541690400837,930.0638792812777,1266127.7585625553,78612.89631792129,633.0638792812777,297.0,2637.0,4923.0,0.0,84.0,65.0,0.0,129,53.49078771159353,81.56353305545973,40.63587951660156,70.0,84.0,675.0,65.0,1111.0,56.0,703.0,44.25,1131.75,84.0,675.0,65.0,1111.0,1013.0,45.0,1469.0,41.0,1509.0,23.0
829,0.0,0.0,99382.0089669912,17,84279.44080058867,85329.96151710257,-0.15196481056665612,-0.14139427846096253,-0.14179276873263313,4.070665199900988,339,167,0.003111213580955134,0.159145242780275,0.08334850314763256,1050.5207165140373,1423041.433028074,87396.123431048,711.520716514037,339.0,2723.0,5845.0,0.0,79.0,76.0,0.0,130,60.9995861547999,71.42311582195248,53.0,55.330135345458984,79.0,680.0,76.0,1375.0,58.25,700.75,58.75,1392.25,79.0,680.0,76.0,1375.0,1174.0,48.0,1454.0,40.0,1891.0,27.0
830,0.0,0.0,262322.4192412677,11,248786.34877302696,250582.13219200616,-0.051600890642103825,-0.044755179840208714,-0.04476816329685618,3.190763569613244,213,101,0.005331807800238332,0.1793564155880147,0.14443299262117715,1795.7834189794037,3165566.8379588076,248025.80705960214,1582.783418979404,213.0,1740.0,3804.0,0.0,54.0,47.0,0.0,91,59.50084787176164,108.97420209219437,36.536598205566406,94.0,54.0,308.0,47.0,592.0,33.25,328.75,30.5,608.5,54.0,308.0,47.0,592.0,819.0,33.0,762.0,34.0,1011.0,13.0
831,0.0,0.0,351437.4081213606,23,306900.750590124,309918.7185940906,-0.12672713974676508,-0.11813964184749648,-0.11854472630899193,4.053821031658874,413,178,0.006210431609615532,0.15979493715164023,0.07272298218585296,3017.9680039671375,5209936.007934278,321297.854989562,2604.968003967139,413.0,3393.0,8199.0,0.0,115.0,97.0,0.0,160,59.30962423237566,93.62375690630131,36.03102493286133,74.18167114257812,115.0,1112.0,97.0,2356.0,78.0,1149.0,62.0,2391.0,115.0,1112.0,97.0,2356.0,1738.0,68.0,1472.0,46.0,2064.0,25.0
832,0.0,0.0,14893.62327108882,30,12903.032428285185,13520.811100989613,-0.1336539005030244,-0.09217449274174139,-0.09262186518542881,3.7324134434233778,519,219,0.005112490061036566,0.15687818492879566,0.04265870557189666,617.7786727044356,197557.34540887133,13232.547010364915,98.77867270443566,519.0,5363.0,9731.0,0.0,135.0,135.0,0.0,196,58.75928661060099,92.06215121833479,41.0,67.0,135.0,2096.0,135.0,3498.0,99.5,2131.5,96.0,3537.0,135.0,2096.0,135.0,3498.0,2025.0,95.0,2396.0,57.0,2874.0,40.0
833,0.0,0.0,55032.78571748922,9,48260.28369278406,48933.74413111848,-0.12306304208316465,-0.11082560162736743,-0.11151460092257137,4.555382348440544,207,104,0.0023124961037792,0.179071564842444,0.15285893789021524,673.4604383344911,932920.876668982,51198.82401245371,466.460438334491,207.0,1407.0,3129.0,0.0,50.0,44.0,0.0,86,46.93980793578541,74.84039235664089,26.636308670043945,75.248779296875,50.0,240.0,44.0,440.0,35.25,254.75,33.0,451.0,50.0,240.0,44.0,440.0,626.0,30.0,763.0,26.0,1013.0,17.0
834,0.0,0.0,68017.92071248784,20,56269.7707360048,57155.17885184375,-0.1727213924421851,-0.1597041154280644,-0.16008628223946952,4.300531032166736,389,178,0.003952043451370994,0.16166845483761852,0.07484735094157616,885.4081158390313,992816.2316780644,57714.7464029491,496.40811583903223,389.0,2771.0,7309.0,0.0,90.0,101.0,0.0,148,43.15678208014944,83.59969076961532,33.5,69.0,90.0,783.0,101.0,1986.0,63.5,809.5,72.0,2015.0,90.0,783.0,101.0,1986.0,1485.0,70.0,1380.0,37.0,2255.0,31.0
835,0.0,0.0,339973.8219877798,26,286268.5252547251,289437.48231773183,-0.15796891778033761,-0.14864773815398202,-0.14930943027088295,4.314062556869375,513,228,0.003676654660568797,0.16416870568527298,0.05803736929368183,3168.957063007096,5311914.1260141935,307825.51574014133,2655.9570630070966,513.0,4394.0,8710.0,0.0,146.0,113.0,0.0,186,50.59215007123215,87.81568682213891,42.0,65.0,146.0,1670.0,113.0,2907.0,103.75,1712.25,77.5,2942.5,146.0,1670.0,113.0,2907.0,1760.0,77.0,2216.0,67.0,2465.0,33.0
836,0.0,0.0,37517.310095599954,16,32585.800839613843,33160.042896094594,-0.1314462375745984,-0.1161401813830033,-0.11671133546717216,3.710843878733601,323,149,0.004081290850643244,0.1567247901035794,0.09116107376391515,574.2420564807718,502484.11296154425,33852.41533881418,251.24205648077213,323.0,2584.0,5479.0,0.0,87.0,71.0,0.0,136,53.6903343712943,80.1983085172251,38.0,62.0,87.0,712.0,71.0,1305.0,58.75,740.25,46.5,1329.5,87.0,712.0,71.0,1305.0,1128.0,46.0,1346.0,42.0,1565.0,18.0
837,0.0,0.0,28705.484338415816,17,24027.413761762124,24561.423080937762,-0.16296783295842698,-0.1443647913626095,-0.14554101224366034,4.024069636599517,326,157,0.0037700109993129166,0.15585368082390988,0.08684678687548945,534.0093191756731,416018.6383513462,25845.64109972118,208.0093191756731,326.0,2959.0,5605.0,0.0,84.0,68.0,0.0,132,57.61269018538852,96.17186620602365,43.5,100.92514038085938,84.0,789.0,68.0,1301.0,59.5,813.5,48.75,1320.25,84.0,789.0,68.0,1301.0,1188.0,45.0,1609.0,33.0,1832.0,26.0
838,0.0,0.0,149463.04759974725,20,131383.6710420145,132853.74604495947,-0.12096218328257435,-0.11112647454684899,-0.11160655840153999,3.81958270170486,415,187,0.004212518296749428,0.1595964542266516,0.07169152893238077,1470.0750029451094,2110150.0058902204,138113.9099925995,1055.0750029451103,415.0,3759.0,6321.0,0.0,108.0,100.0,0.0,161,74.28488717374161,72.2629623653317,45.536617279052734,63.0,108.0,1201.0,100.0,1811.0,67.5,1241.5,71.5,1839.5,108.0,1201.0,100.0,1811.0,1278.0,62.0,1859.0,56.0,2001.0,28.0
839,0.0,0.0,96539.01497044854,5,92477.15079709828,93223.40662813517,-0.04207484584956278,-0.034344750081905295,-0.034216685873487696,3.512370486132206,107,55,0.005570009775563313,0.16585432413549614,0.25797911624760395,746.255831036974,1278511.6620739482,91000.62672217097,639.2558310369741,107.0,1007.0,1513.0,0.0,27.0,20.0,0.0,45,71.15206951868804,69.30936332288964,57.7739372253418,61.800331115722656,27.0,73.0,20.0,105.0,15.25,84.75,15.75,109.25,27.0,73.0,20.0,105.0,282.0,13.0,280.0,10.0,340.0,5.0
840,0.0,0.0,71835.17308199334,11,51583.012472800954,52267.90061536561,-0.28192540979996505,-0.2723912482857592,-0.27362093457981485,3.940653515034744,223,101,0.0065124953929724914,0.1766119904312627,0.11738586255901283,684.8881425647052,923776.2851294108,58605.525809674364,461.8881425647054,223.0,1213.0,4331.0,0.0,46.0,65.0,0.0,98,38.07055820098748,103.4547750614019,33.24420166015625,84.0,46.0,263.0,65.0,704.0,30.75,278.25,41.75,727.25,46.0,263.0,65.0,704.0,951.0,48.0,665.0,21.0,1646.0,25.0
841,0.0,0.0,34616.4631561075,23,26702.129469786225,27288.802401732413,-0.22862918290151557,-0.21168138181333074,-0.21327749870154633,3.395515027490278,385,165,0.004177188431412767,0.15377262953488244,0.058752413501338814,586.6729319462138,403345.8638924281,29696.957650527063,201.67293194621405,385.0,3920.0,7667.0,0.0,102.0,95.0,0.0,155,73.56288504551101,87.19662855785387,61.0,64.17891693115234,102.0,1244.0,95.0,2121.0,68.0,1278.0,64.5,2151.5,102.0,1244.0,95.0,2121.0,1478.0,60.0,1970.0,50.0,2833.0,30.0
842,0.0,0.0,126880.39747059904,26,113118.29660587404,114465.57367448107,-0.10846514622492398,-0.09784666539206544,-0.09797159876896899,3.746067255729881,495,218,0.00546544388046614,0.1592910868717212,0.05400328157929287,1347.2770686070178,1704554.1372140364,113756.2422702634,852.2770686070182,495.0,4270.0,8834.0,0.0,128.0,123.0,0.0,191,56.33039909698392,95.61475789120956,35.5,75.0,128.0,1758.0,123.0,2957.0,86.5,1799.5,80.75,2999.25,128.0,1758.0,123.0,2957.0,1828.0,79.0,1817.0,59.0,2539.0,32.0
843,0.0,0.0,127260.97612664627,23,122474.36644604342,123898.65493941055,-0.03761254884481913,-0.02642067733230047,-0.026285167342055105,3.974329851963758,466,214,0.004236022758695849,0.15552881206334213,0.06165602888837483,1424.2884933671783,1916576.9867343577,120559.75838211799,958.2884933671788,466.0,4113.0,7479.0,0.0,125.0,104.0,0.0,181,61.657316898711514,79.08676295952462,44.99582290649414,69.64041137695312,125.0,1519.0,104.0,2415.0,89.75,1554.25,71.5,2447.5,125.0,1519.0,104.0,2415.0,1506.0,67.0,2048.0,60.0,2212.0,36.0
844,0.0,0.0,182332.22597964286,7,164908.5657079654,166356.81340773712,-0.09555996027615421,-0.0876170544514131,-0.08815403302274094,3.6448203635860534,157,77,0.005036983705968474,0.18292635904080862,0.26490087115205224,1448.2476997718195,2582495.3995436397,177134.61446168384,1291.24769977182,157.0,1333.0,2195.0,0.0,47.0,26.0,0.0,66,47.41115418924947,114.67713631393119,28.0,95.84619140625,47.0,174.0,26.0,215.0,32.5,188.5,17.0,224.0,47.0,174.0,26.0,215.0,406.0,15.0,880.0,28.0,718.0,7.0
845,0.0,0.0,152754.9761353149,28,138628.76467804384,140356.09928296998,-0.09247627681050241,-0.08116839900103567,-0.08157020997286957,4.1079900662228415,550,239,0.003634118326525922,0.16171558391731983,0.049090573897343594,1727.3346049262354,2354669.2098524706,143298.13192668633,1177.3346049262352,550.0,4837.0,9273.0,0.0,146.0,137.0,0.0,193,50.91368574749213,82.26865298898166,36.29528045654297,75.0,146.0,1878.0,137.0,3242.0,97.75,1926.25,93.0,3286.0,146.0,1878.0,137.0,3242.0,1888.0,93.0,2151.0,54.0,2929.0,50.0
846,0.0,0.0,153873.25374423654,12,133162.17409687044,134502.99291850787,-0.13459830830503805,-0.12588452089227498,-0.12648023628013783,3.8727656259321606,244,117,0.0070430582499413225,0.17376546257485462,0.11906112345903735,1340.8188216375618,2193637.6432751245,141606.66143765955,1096.8188216375622,244.0,2208.0,3840.0,0.0,54.0,61.0,0.0,100,69.01205235812583,77.61386589919577,60.02483367919922,60.0,54.0,431.0,61.0,654.0,38.75,446.25,42.25,672.75,54.0,431.0,61.0,654.0,775.0,40.0,1187.0,26.0,1203.0,17.0
847,0.0,0.0,20536.84657017264,25,17573.319382333888,18195.976663516747,-0.14430293266849104,-0.11398390199086039,-0.11551392178749653,3.932209368114028,475,203,0.005683900237776962,0.15370067424558767,0.0533016562894827,622.6572811828785,295314.5623657574,18775.358502044655,147.6572811828787,475.0,4645.0,7930.0,0.0,144.0,103.0,0.0,195,53.375688679793974,86.00232856685156,33.0,70.0,144.0,1779.0,103.0,2841.0,97.0,1826.0,72.5,2871.5,144.0,1779.0,103.0,2841.0,1592.0,61.0,2023.0,70.0,1811.0,25.0
848,0.0,0.0,19651.9656696337,28,17446.6541723977,18078.014868104347,-0.11221836707376598,-0.08009126557560753,-0.08089128630219578,3.6549836408558867,499,205,0.005637590875184253,0.1601303271214018,0.05701899867965611,631.3606957066536,264721.3914133064,18106.87936152545,132.36069570665322,499.0,5309.0,8785.0,0.0,160.0,106.0,0.0,200,70.92025849409728,86.19061187323605,59.383644104003906,70.42852783203125,160.0,2060.0,106.0,3265.0,102.0,2118.0,73.75,3297.25,160.0,2060.0,106.0,3265.0,1817.0,68.0,2820.0,81.0,2578.0,35.0
849,0.0,0.0,50481.478705730464,30,43933.16313741272,44959.65774275389,-0.12971719007063098,-0.10938310652833083,-0.11044068271331253,4.311756693346641,626,274,0.0029251591305391378,0.15541809323627367,0.04536028643100677,1026.494605341177,800989.2106823532,46442.16195676919,400.4946053411766,626.0,4897.0,10220.0,0.0,170.0,152.0,0.0,228,51.99858202768009,82.93050220314186,38.59284591674805,62.5,170.0,2328.0,152.0,4189.0,118.25,2379.75,108.0,4233.0,170.0,2328.0,152.0,4189.0,2027.0,84.0,2296.0,82.0,3271.0,52.0
850,0.0,0.0,10434.516721460517,24,9560.742892719858,10074.19411152771,-0.08373879232409309,-0.03453179668510542,-0.034706982871696046,4.067892876912604,434,172,0.0058263999448469024,0.1609948704458941,0.05669506963468312,513.4512188078653,158902.43761573054,9765.647868801072,79.45121880786527,434.0,4361.0,7641.0,0.0,121.0,118.0,0.0,177,56.722734797312654,98.76109775297607,40.0,72.5,121.0,1634.0,118.0,2339.0,87.0,1668.0,85.5,2371.5,121.0,1634.0,118.0,2339.0,1501.0,71.0,2036.0,45.0,2067.0,26.0
851,0.0,0.0,316126.2243812867,30,298783.9823307291,302203.6861735011,-0.0548585998662382,-0.04404107326127227,-0.044280481413995765,4.561435304961267,634,282,0.0046473530056359005,0.15694600514205376,0.05435961165466253,3419.703842772505,5571407.685545004,305353.86961891333,2785.703842772502,634.0,5323.0,9797.0,0.0,176.0,146.0,0.0,216,55.13193398633093,82.19059726843078,34.365047454833984,65.0,176.0,2322.0,146.0,3836.0,125.25,2372.75,105.0,3877.0,176.0,2322.0,146.0,3836.0,1918.0,90.0,2627.0,80.0,2504.0,47.0
852,0.0,0.0,373226.2498252366,19,312177.84682713763,314716.5062423991,-0.16356942478372016,-0.15676749320347838,-0.15706941314980982,3.391538495956361,349,160,0.002651871336538094,0.15909412196985873,0.08126608661253512,2538.659415261749,4379318.830523499,322812.1128320408,2189.6594152617495,349.0,2367.0,7209.0,0.0,63.0,107.0,0.0,135,50.258989955997095,97.8297342828951,46.3375244140625,72.01551818847656,63.0,690.0,107.0,1705.0,46.75,706.25,70.25,1741.75,63.0,690.0,107.0,1705.0,1601.0,73.0,1196.0,31.0,1730.0,21.0
853,0.0,0.0,67693.53378080281,8,69185.99035452695,69956.9553493652,0.022047254595347843,0.03343630391481023,0.03361730947678243,4.373949667540405,179,86,0.009192511096605065,0.1711229698274581,0.1537849704658274,770.9649948383284,1183929.9896766576,67669.38806262115,591.9649948383288,179.0,1483.0,2549.0,0.0,56.0,29.0,0.0,75,39.815468059159834,65.46118144424752,30.093891143798828,60.0,56.0,200.0,29.0,315.0,41.5,214.5,20.25,323.75,56.0,200.0,29.0,315.0,495.0,19.0,595.0,23.0,788.0,11.0
854,0.0,0.0,158068.04404146242,10,150713.81198546832,152133.80016475264,-0.04652573580315211,-0.03754233762235448,-0.037120847680670144,4.294093252104915,207,97,0.008273942887524697,0.1728284841383428,0.1520919530755882,1419.9881792844717,2425976.358568942,141239.1520246886,1212.988179284471,207.0,1287.0,3753.0,0.0,58.0,42.0,0.0,88,48.98936569551962,106.52911279599937,33.61078643798828,102.79566955566406,58.0,245.0,42.0,535.0,40.5,262.5,26.25,550.75,58.0,245.0,42.0,535.0,766.0,28.0,489.0,24.0,904.0,10.0
855,0.0,0.0,195452.0666532324,26,176823.67530635447,178857.2067095011,-0.09530925748627717,-0.08490501138150464,-0.08503853052598132,4.2351813083714385,519,236,0.003565682043889182,0.16262611188762183,0.058421879014292695,2033.5314031469431,3029062.8062938866,178803.60873255372,1514.5314031469434,519.0,4997.0,8101.0,0.0,147.0,110.0,0.0,191,63.10119757820927,86.30306516703642,43.0,70.86677551269531,147.0,1938.0,110.0,2770.0,99.5,1985.5,82.0,2798.0,147.0,1938.0,110.0,2770.0,1549.0,68.0,2396.0,69.0,2128.0,33.0
856,0.0,0.0,289706.05979404156,26,278327.91229227214,281079.62658127,-0.03927479980866955,-0.029776502496717816,-0.02984260490419599,4.036919341051656,501,231,0.0037397077555856076,0.15752577098034987,0.05814030368019604,2751.7142889980314,4501428.577996068,278766.3189242346,2250.7142889980337,501.0,4531.0,8573.0,0.0,132.0,112.0,0.0,183,51.06893106553313,88.68030058471741,36.54422378540039,66.07247924804688,132.0,1702.0,112.0,2812.0,97.5,1736.5,78.0,2846.0,132.0,1702.0,112.0,2812.0,1835.0,82.0,1999.0,62.0,2419.0,37.0
857,0.0,0.0,300208.86635357444,8,232067.25513332745,234040.6956002334,-0.22698067531420751,-0.22040711707498584,-0.22117129287995252,3.491684798917701,155,76,0.006932962239901704,0.18445730753226047,0.21294285833567866,1973.4404669061003,3636880.9338122024,260395.85066065434,1818.4404669061012,155.0,905.0,3127.0,0.0,32.0,39.0,0.0,65,49.43128195233027,94.6124220171153,36.0,69.20204162597656,32.0,116.0,39.0,333.0,24.75,123.25,26.5,345.5,32.0,116.0,39.0,333.0,689.0,26.0,227.0,13.0,647.0,8.0
858,0.0,0.0,39047.67240936372,8,33732.43497338283,34161.95471499311,-0.13612174831466484,-0.12512186752516907,-0.12601757541464564,3.6455568739209707,161,81,0.012017465984488596,0.16289575340850757,0.17266605499184584,429.519741610304,537039.483220608,36828.35721631441,268.519741610304,161.0,890.0,3142.0,0.0,37.0,35.0,0.0,66,37.38385937196881,90.28723921887882,32.0,55.480064392089844,37.0,97.0,35.0,359.0,28.5,105.5,21.0,373.0,37.0,97.0,35.0,359.0,640.0,26.0,383.0,14.0,1014.0,13.0
859,0.0,0.0,15666.085256811784,10,14127.43895154666,14445.829393097858,-0.09821511118076576,-0.07789156280656306,-0.07954711529956582,3.8445083844505548,199,90,0.007893131156867862,0.15367867016509093,0.13290640963400296,318.39044155121155,238780.8831024233,15527.40033473416,119.39044155121165,199.0,1773.0,3264.0,0.0,57.0,42.0,0.0,93,58.33698468983009,92.53278430545569,44.0,81.62693786621094,57.0,294.0,42.0,535.0,35.5,315.5,28.0,549.0,57.0,294.0,42.0,535.0,598.0,23.0,862.0,25.0,1262.0,13.0
860,0.0,0.0,20056.66797073281,9,18097.885385895977,18397.170922549507,-0.09766241270459974,-0.08274041583601444,-0.08270449278635883,3.7567275432496103,165,81,0.006863917397866106,0.16610012463622395,0.16743068611465503,299.2855366535417,268571.07330708345,17872.674436403668,134.28553665354173,165.0,1492.0,3019.0,0.0,34.0,41.0,0.0,67,44.207104782508516,76.14413510978532,37.0,59.0,34.0,192.0,41.0,335.0,22.75,203.25,29.25,346.75,34.0,192.0,41.0,335.0,622.0,27.0,796.0,15.0,807.0,11.0
861,0.0,0.0,260137.84728639649,25,220043.86443644259,222437.8590613059,-0.1541259115818422,-0.14492311910148592,-0.14569346644716308,4.009196154898121,488,217,0.0033068750647456163,0.16188429041046756,0.06064288540000582,2393.9946248635824,3811989.2497271663,237702.84007368766,1905.994624863583,488.0,3821.0,8779.0,0.0,122.0,124.0,0.0,180,55.92891539600804,87.58956903518202,39.0,69.95613098144531,122.0,1404.0,124.0,2850.0,86.25,1439.75,84.75,2889.25,122.0,1404.0,124.0,2850.0,1773.0,84.0,2004.0,64.0,2653.0,39.0
862,0.0,0.0,395400.19610265933,18,354716.87359594,358241.56194069027,-0.10289150816747838,-0.09397727802927391,-0.09443103046881052,4.229957340506252,372,162,0.006275527174629027,0.15234675067171585,0.08449142592914517,3524.688344750865,6305376.689501731,372661.95506992313,3152.6883447508653,372.0,3065.0,6006.0,0.0,101.0,91.0,0.0,154,69.79220606807743,84.45586327589615,48.136905670166016,73.0,101.0,951.0,91.0,1628.0,64.5,987.5,57.25,1661.75,101.0,951.0,91.0,1628.0,1285.0,52.0,1434.0,42.0,1758.0,29.0
863,0.0,0.0,111968.70727794187,25,100909.96715166584,102373.47605519855,-0.09876634637590953,-0.08569565065107798,-0.08596695678410982,4.567102919900369,525,232,0.0047138717916611035,0.15203746752714772,0.05778065785679867,1463.5089035328224,1877017.8070656415,102746.63391571808,938.5089035328208,525.0,4073.0,8527.0,0.0,147.0,121.0,0.0,199,43.74050716561113,92.01172077398716,34.16440963745117,74.34444427490234,147.0,1695.0,121.0,3012.0,95.5,1746.5,85.5,3047.5,147.0,1695.0,121.0,3012.0,1723.0,87.0,2016.0,63.0,2891.0,46.0
864,0.0,0.0,16943.915464877344,14,13414.38968765724,13788.784073597028,-0.2083063849401502,-0.1862102887505852,-0.18827153532907204,3.569211645977099,267,118,0.006941843975952591,0.1641159253945226,0.10576069270473186,374.39438593979503,214788.77187958962,15044.552774117543,107.39438593979482,267.0,1943.0,5101.0,0.0,61.0,74.0,0.0,116,53.99269561498114,99.43570875459932,35.0,89.5352783203125,61.0,435.0,74.0,1051.0,44.0,452.0,48.75,1076.25,61.0,435.0,74.0,1051.0,1131.0,50.0,666.0,33.0,1169.0,21.0
865,0.0,0.0,348234.0103792918,23,299385.19845673407,302335.2553801027,-0.1402758216216511,-0.1318043431461412,-0.1323013933925976,3.978936595332637,433,202,0.005652189100428038,0.16093639449758657,0.0662702291297774,2950.0569233688057,5034113.846737613,316297.6919915435,2517.0569233688066,433.0,4504.0,7088.0,0.0,108.0,100.0,0.0,164,54.71166711947473,72.47718852522588,41.5,64.80538940429688,108.0,1484.0,100.0,2080.0,71.75,1520.25,73.25,2106.75,108.0,1484.0,100.0,2080.0,1326.0,66.0,2307.0,49.0,2433.0,31.0
866,0.0,0.0,16530.340558595053,13,13370.00488509476,13706.322753103008,-0.19118394217577428,-0.17083845281237597,-0.17252170799279876,3.6634920602914085,229,108,0.003626930921796682,0.15853541533009594,0.1067056701054914,336.3178680082605,214635.7360165213,14646.936071116279,107.31786800826065,229.0,2063.0,4461.0,0.0,56.0,52.0,0.0,90,57.32467394555364,90.832391578202,49.942386627197266,74.0,56.0,364.0,52.0,695.0,40.75,379.25,37.5,709.5,56.0,364.0,52.0,695.0,878.0,33.0,1200.0,24.0,1447.0,19.0
867,0.0,0.0,129627.62057569272,5,137069.91660954236,138268.77061162257,0.057412887784235034,0.06666133342225522,0.06696223924831024,4.080618925286446,121,60,0.007874493231443605,0.1828231753977854,0.2840109576925658,1198.854002080341,2155708.0041606803,132069.91657578983,1077.8540020803403,121.0,1094.0,1426.0,0.0,37.0,19.0,0.0,54,45.258860016824634,77.22242660985255,40.0,57.31596374511719,37.0,95.0,19.0,119.0,22.0,110.0,12.5,125.5,37.0,95.0,19.0,119.0,285.0,7.0,552.0,22.0,483.0,8.0
868,0.0,0.0,387649.46167090104,19,357066.3618081183,360107.75849596347,-0.07889369878384245,-0.07104795929864949,-0.07091044979046013,3.8352721298658117,366,163,0.0038385471267732563,0.1569427219697232,0.0767946275173717,3041.396687845441,5350793.375690884,348788.3776240734,2675.396687845442,366.0,3342.0,6234.0,0.0,103.0,81.0,0.0,136,69.0186908318516,84.27504497045844,51.0,68.85692596435547,103.0,911.0,81.0,1489.0,62.5,951.5,54.0,1516.0,103.0,911.0,81.0,1489.0,1265.0,61.0,1844.0,53.0,1983.0,34.0
869,0.0,0.0,35510.421331688296,23,31090.05615349201,31834.818811566427,-0.12448078655298023,-0.10350771357482846,-0.10425478075040118,4.311802383095429,467,200,0.004147281965270596,0.1636258996699868,0.06098631969499376,744.7626580744331,555525.3161488667,32209.57657561157,277.7626580744333,467.0,4532.0,7048.0,0.0,129.0,115.0,0.0,179,56.43377539037868,71.77371753087489,35.0,57.0,129.0,1633.0,115.0,2235.0,83.5,1678.5,83.0,2267.0,129.0,1633.0,115.0,2235.0,1452.0,75.0,2277.0,58.0,2511.0,39.0
870,0.0,0.0,14538.418497160917,6,15225.718794460277,15496.71050959628,0.047274763581305335,0.0659144605462072,0.06702222397103252,4.562535793857565,140,70,0.0055222736981124995,0.18120037778044518,0.22468992345676,270.991715136017,261983.4302720341,14355.143833870645,130.99171513601706,140.0,1409.0,1615.0,0.0,37.0,27.0,0.0,61,45.227346099985624,59.74430284977329,25.858360290527344,56.94533157348633,37.0,149.0,27.0,153.0,28.75,157.25,19.25,160.75,37.0,149.0,27.0,153.0,297.0,18.0,511.0,15.0,368.0,6.0
871,0.0,0.0,10786.150970525596,20,9704.274138338084,10087.184431602316,-0.10030240028568727,-0.06480222099925048,-0.06530636842859994,3.186806516331764,319,124,0.00869061449641888,0.15973506270218846,0.06748741678997393,382.91029326423967,127820.58652848001,10027.325621544982,63.91029326424,319.0,4159.0,5890.0,0.0,101.0,74.0,0.0,140,67.52032078110078,97.74355409982896,59.0,72.0,101.0,1133.0,74.0,1479.0,63.25,1170.75,49.0,1504.0,101.0,1133.0,74.0,1479.0,1187.0,50.0,2009.0,47.0,1821.0,19.0
872,0.0,0.0,415460.15429572173,29,377179.23017477884,381022.0027838748,-0.09214102417555736,-0.08289158696873267,-0.08320992839844998,4.182123564600277,601,272,0.0030689965361950606,0.15687341096733512,0.0488137684164379,3842.7726090964316,6483545.218192862,387574.9435689231,3241.772609096431,601.0,4781.0,9835.0,0.0,155.0,145.0,0.0,203,52.41224151645321,81.91479400764541,39.8719482421875,64.0,155.0,1996.0,145.0,3591.0,114.5,2036.5,99.0,3637.0,155.0,1996.0,145.0,3591.0,2049.0,83.0,1952.0,65.0,2807.0,40.0
873,0.0,0.0,41185.48741871931,15,35431.359625387006,35994.91818987084,-0.139712509283476,-0.12602908340206487,-0.12689656185454223,3.4596011453529942,302,146,0.00807625588538821,0.1603243578353051,0.09644975606896695,563.5585644838624,523117.1289677239,37801.83805800745,261.55856448386197,302.0,2430.0,5130.0,0.0,76.0,65.0,0.0,125,49.86112257862306,82.4787848155834,33.0,75.0,76.0,595.0,65.0,1139.0,57.5,613.5,44.25,1159.75,76.0,595.0,65.0,1139.0,1042.0,38.0,1225.0,44.0,1440.0,23.0
874,0.0,0.0,59988.13186591064,12,51241.70113492972,51961.73749113582,-0.14580268561340615,-0.13379970546033904,-0.13458060302573072,4.241319641416813,259,116,0.005021116884989404,0.16439175417091043,0.15644130132354894,720.0363562061616,922072.7124123231,54350.578968878704,461.03635620616154,259.0,1794.0,4250.0,0.0,60.0,71.0,0.0,107,54.754672203863535,78.01478989377645,43.864967346191406,58.0,60.0,373.0,71.0,779.0,44.0,389.0,42.5,807.5,60.0,373.0,71.0,779.0,921.0,50.0,969.0,34.0,1241.0,21.0
875,0.0,0.0,14550.779701302916,18,11077.288018219013,11516.454958017037,-0.23871515852671987,-0.2085334810624737,-0.21176211884139184,3.8544021772208548,342,139,0.0065889522073572775,0.158631904328198,0.07701440538320856,439.1669397980276,194333.879596056,12604.670624704819,97.16693979802801,342.0,3431.0,5615.0,0.0,104.0,81.0,0.0,146,57.74760810573351,80.01921961093826,47.692955017089844,67.0,104.0,979.0,81.0,1458.0,70.75,1012.25,53.75,1485.25,104.0,979.0,81.0,1458.0,1061.0,55.0,1867.0,54.0,1822.0,17.0
876,0.0,0.0,374305.5778393131,5,323783.89330025535,327141.04518241086,-0.13497443674415766,-0.1260054229732842,-0.12691420545549903,4.496172140910612,126,62,0.00408584640197113,0.19908609916586342,0.3040068699874207,3357.151882155844,6462303.764311687,359322.5282408156,3231.1518821558434,126.0,1012.0,1508.0,0.0,35.0,24.0,0.0,55,40.59627381924423,78.8775140302351,24.554025650024414,85.0,35.0,92.0,24.0,124.0,24.25,102.75,17.75,130.25,35.0,92.0,24.0,124.0,241.0,17.0,464.0,18.0,562.0,10.0
877,0.0,0.0,35934.64219131732,19,29708.55460103942,30306.23042592558,-0.17326143271804362,-0.1566291306151283,-0.15807954816355085,3.619221432408663,359,157,0.004723332937403919,0.16139029866978583,0.0786266215181126,597.6758248861964,477351.6497723932,32973.36586661308,238.6758248861966,359.0,3353.0,6211.0,0.0,88.0,95.0,0.0,146,58.95718265527714,92.90797649831379,42.23402404785156,87.52159881591797,88.0,915.0,95.0,1674.0,64.75,938.25,56.75,1712.25,88.0,915.0,95.0,1674.0,1370.0,63.0,1571.0,41.0,2059.0,24.0
878,0.0,0.0,80286.14642266967,11,60306.16131987801,61064.939401938056,-0.24885968492753674,-0.2394087632446673,-0.24072166666369865,3.8622754843076827,213,101,0.0034513311599274742,0.17079682976487778,0.1432618257647841,758.7780820601164,1091556.1641202322,70654.99137459215,545.7780820601162,213.0,2056.0,3488.0,0.0,50.0,51.0,0.0,92,54.4153093704553,81.02396786584623,40.5,64.0,50.0,373.0,51.0,538.0,32.5,390.5,38.0,551.0,50.0,373.0,51.0,538.0,649.0,29.0,963.0,25.0,839.0,10.0
879,0.0,0.0,53673.54502826762,30,49070.952857069205,50076.34092682497,-0.08575159641075358,-0.06702005801085342,-0.06708518751383263,4.383975753541583,574,254,0.003450379998060924,0.15888694199798084,0.047085824265579314,1005.388069755809,862776.1395116184,49200.55379039374,431.3880697558092,574.0,5381.0,9725.0,0.0,153.0,137.0,0.0,208,50.728710189210915,83.83637676061883,39.0,67.0,153.0,2284.0,137.0,3661.0,106.5,2330.5,99.75,3698.25,153.0,2284.0,137.0,3661.0,1968.0,83.0,2229.0,62.0,2699.0,40.0
880,0.0,0.0,22038.35009518824,17,21004.13203825522,21541.374492329356,-0.04692810725240404,-0.022550490427475034,-0.02113388800231042,4.270705162309211,367,158,0.005510603664082658,0.16447823271135975,0.09223469769521878,537.2424540741661,340484.90814833215,19931.422049059733,170.2424540741661,367.0,3360.0,5195.0,0.0,114.0,78.0,0.0,158,48.78883134108707,72.0446883901913,36.48054504394531,60.24553680419922,114.0,1031.0,78.0,1460.0,79.0,1066.0,51.0,1487.0,114.0,1031.0,78.0,1460.0,1056.0,47.0,1868.0,67.0,1481.0,23.0
881,0.0,0.0,87041.82430034292,26,84139.23305667198,85360.8447033685,-0.03334708649551488,-0.019312320375709402,-0.019250896511960103,4.251600009884644,513,220,0.004360403323727456,0.15933335106787488,0.0517029895856278,1221.6116466965661,1417223.293393133,83334.70282353688,708.6116466965665,513.0,4154.0,8949.0,0.0,136.0,131.0,0.0,202,54.25802411420061,86.3890815701107,40.76548767089844,73.78958129882812,136.0,1732.0,131.0,3252.0,91.25,1776.75,87.5,3295.5,136.0,1732.0,131.0,3252.0,1889.0,86.0,1776.0,57.0,2716.0,42.0
882,0.0,0.0,131864.35408743966,17,117949.38116314866,119332.47721394499,-0.10552490110453905,-0.09503612223501079,-0.09547145939287927,4.185424355076376,357,167,0.00404059160400711,0.15977503116056435,0.0899949052057336,1383.096050796335,2052192.1015926688,122579.69129842393,1026.0960507963343,357.0,2984.0,5584.0,0.0,94.0,79.0,0.0,146,46.64741988883992,89.38190693801971,39.0,57.0,94.0,871.0,79.0,1438.0,64.0,901.0,55.25,1461.75,94.0,871.0,79.0,1438.0,1075.0,50.0,1346.0,44.0,1982.0,29.0
883,0.0,0.0,39174.83384085731,13,34151.86644279248,34622.370412970726,-0.12821923938388569,-0.11620887650424705,-0.11668571492791446,3.279877351656285,237,114,0.0025753524085326547,0.1688192469408051,0.12352468347151904,470.50397017826685,467007.94035653386,35596.448455664235,233.50397017826694,237.0,2081.0,4471.0,0.0,57.0,53.0,0.0,91,63.37448179097583,80.50643231810638,52.0,62.489158630371094,57.0,379.0,53.0,694.0,41.5,394.5,36.25,710.75,57.0,379.0,53.0,694.0,1002.0,34.0,1067.0,34.0,1463.0,20.0
884,0.0,0.0,36429.37351065417,17,31442.85085871734,31930.735210498486,-0.13688192168549018,-0.12348931278875852,-0.12397645718345984,3.176749284589463,281,126,0.003443402536703666,0.16252199386050586,0.1005316503471362,487.88435178118556,413768.70356237097,32562.27250680274,206.8843517811855,281.0,2349.0,6213.0,0.0,65.0,73.0,0.0,115,49.3294222111346,107.34695087643945,35.0,86.0,65.0,533.0,73.0,1283.0,43.75,554.25,47.75,1308.25,65.0,533.0,73.0,1283.0,1264.0,45.0,1258.0,33.0,1807.0,21.0
885,0.0,0.0,138425.3682121937,29,125718.85455740237,127318.73479724693,-0.09179324439515568,-0.08023553455838595,-0.08067014035780351,4.034250723614351,552,242,0.004276651178800423,0.15851463277331618,0.052287463896601695,1599.8802398447283,2095760.4796894612,129872.96918743782,1047.8802398447306,552.0,4692.0,9924.0,0.0,146.0,135.0,0.0,187,63.20571671470975,74.27146221871013,51.5,62.0,146.0,1825.0,135.0,3317.0,100.0,1871.0,93.0,3359.0,146.0,1825.0,135.0,3317.0,2111.0,93.0,2298.0,62.0,2778.0,32.0
886,0.0,0.0,33955.79849207053,12,33029.0327579358,33486.73085062055,-0.027293298207996863,-0.01381406599993562,-0.013969201875463577,3.4972282614772365,225,102,0.004403109723482421,0.17097611553314096,0.10983368021297699,457.69809268476234,465396.1853695243,33268.9311772961,232.69809268476214,225.0,2288.0,3747.0,0.0,64.0,47.0,0.0,92,67.6492221737252,62.98498782960443,61.81993103027344,59.0,64.0,416.0,47.0,576.0,40.5,439.5,31.25,591.75,64.0,416.0,47.0,576.0,772.0,30.0,973.0,30.0,1170.0,17.0
887,0.0,0.0,30783.79281305346,12,27411.266189561156,27833.898251571987,-0.10955526643429814,-0.0958262219147541,-0.09632666631489162,3.4599806988994164,225,107,0.006099209110297779,0.1766231854356359,0.14948206836106764,422.6320620108572,395264.12402171444,28559.7058494751,197.63206201085723,225.0,2159.0,3889.0,0.0,60.0,46.0,0.0,94,53.76806625966713,106.65778033468663,46.5,80.07308959960938,60.0,399.0,46.0,623.0,40.0,419.0,33.25,635.75,60.0,399.0,46.0,623.0,807.0,32.0,1164.0,37.0,1230.0,15.0
888,0.0,0.0,16159.695160992027,10,14520.54397735674,14904.123789293322,-0.10143453619051201,-0.07769771392281799,-0.07765406121751217,4.801689421366953,245,112,0.007057836495706265,0.16539073066904994,0.13948222691107606,383.57981193659816,277159.6238731959,14430.318141770485,138.57981193659796,245.0,2186.0,2854.0,0.0,73.0,50.0,0.0,102,55.79026530001041,64.52229438558494,42.47223663330078,52.20735168457031,73.0,434.0,50.0,463.0,48.5,458.5,34.0,479.0,73.0,434.0,50.0,463.0,505.0,26.0,1160.0,39.0,1099.0,19.0
889,0.0,0.0,109295.59375540682,16,101250.23972124734,102394.44181382065,-0.07361096415436674,-0.06314208747545935,-0.06354165984125237,4.00213730187161,306,140,0.00441018812397652,0.16206595072438235,0.08221102676526282,1144.2020925734132,1676404.1851468266,104719.30737876309,838.2020925734133,306.0,2810.0,5254.0,0.0,79.0,71.0,0.0,125,60.238975919676186,83.57999398045045,52.27042007446289,73.19998168945312,79.0,685.0,71.0,1165.0,53.25,710.75,51.25,1184.75,79.0,685.0,71.0,1165.0,1163.0,50.0,1157.0,29.0,1767.0,24.0
890,0.0,0.0,236671.3618325161,20,207761.13356633662,209570.3190093694,-0.12215347071285376,-0.11450917683198669,-0.11490464251149013,3.2954504339714346,381,168,0.00662741186092774,0.17129102419603406,0.08529480283035205,1809.1854430329822,2856370.8860659674,216690.47549773636,1428.1854430329838,381.0,3165.0,6915.0,0.0,100.0,93.0,0.0,156,60.30876157128143,98.30546223665861,48.16025161743164,76.0,100.0,1012.0,93.0,1915.0,60.75,1051.25,59.5,1948.5,100.0,1012.0,93.0,1915.0,1517.0,68.0,1656.0,48.0,1741.0,23.0
891,0.0,0.0,78191.763059974,24,78792.43348206567,79861.30492580101,0.0076820166036024595,0.0213518892590574,0.021956654044331003,3.9272104171421915,477,217,0.0033930885073663337,0.15646463235827718,0.06478543210808714,1068.8714437353976,1183742.8874707953,75355.1988393455,591.8714437353976,477.0,4946.0,7147.0,0.0,131.0,105.0,0.0,182,59.10588541546558,87.6343630697977,42.0,60.0,131.0,1835.0,105.0,2295.0,98.0,1868.0,71.75,2328.25,131.0,1835.0,105.0,2295.0,1367.0,56.0,2587.0,70.0,1908.0,26.0
892,0.0,0.0,24013.201227578207,26,20185.12527540743,20827.00113975979,-0.15941547800692157,-0.13268535326140507,-0.13446240026812828,3.8665210955510365,473,197,0.005497098649021504,0.16124643251017284,0.05125131799168104,641.8758643523687,337751.72870473645,21838.218411207312,168.87586435236824,473.0,5068.0,8029.0,0.0,141.0,109.0,0.0,204,61.63808082917509,85.99421919902004,35.0,63.0,141.0,2103.0,109.0,2947.0,95.75,2148.25,75.0,2981.0,141.0,2103.0,109.0,2947.0,1590.0,72.0,2434.0,67.0,2767.0,39.0
893,0.0,0.0,13497.750982746082,26,12220.20919236217,12825.460952944904,-0.09464849307243617,-0.04980755910081258,-0.0494118515480344,4.1532509329607885,503,218,0.006724870984205133,0.16131469351469346,0.05494252731822331,605.2517605827367,204503.5211654733,12309.846218446877,102.25176058273665,503.0,4810.0,8215.0,0.0,140.0,119.0,0.0,185,58.84436776283644,68.28235864008339,37.837684631347656,58.0,140.0,1777.0,119.0,2745.0,103.75,1813.25,89.25,2774.75,140.0,1777.0,119.0,2745.0,1559.0,79.0,2386.0,65.0,1918.0,26.0
894,0.0,0.0,75426.0640638165,10,69917.47826531557,70647.53160571851,-0.07303292127029493,-0.06335386205562799,-0.06332812588156833,3.8129356039314684,200,99,0.004933049162480109,0.1581614389482685,0.14622325566771002,730.0533404029977,1060106.680805996,69507.25051014066,530.0533404029981,200.0,1874.0,3163.0,0.0,60.0,31.0,0.0,83,51.743018639813535,79.23254603240156,33.710105895996094,81.87166595458984,60.0,297.0,31.0,441.0,43.0,314.0,24.5,447.5,60.0,297.0,31.0,441.0,612.0,18.0,1097.0,33.0,1310.0,10.0
895,0.0,0.0,478616.52546434774,24,498740.1505453763,502269.8502125377,0.04204540380527999,0.04942020070293607,0.04977440647907638,3.261070860462776,446,204,0.002582186026796411,0.1649685133233639,0.07236646278808061,3529.699667161397,6167399.334322796,472804.762470539,3083.6996671613983,446.0,4533.0,7563.0,0.0,121.0,97.0,0.0,178,54.11624861824913,91.46765502304864,42.67985916137695,85.0,121.0,1596.0,97.0,2458.0,83.0,1634.0,64.5,2490.5,121.0,1596.0,97.0,2458.0,1554.0,61.0,2058.0,65.0,1900.0,18.0
896,0.0,0.0,28006.79130324967,18,26112.470124412273,26723.520342381602,-0.0676379224712399,-0.045819992264489295,-0.04622098380412165,4.073763590799087,394,176,0.00563593156291478,0.15611402585721795,0.0854997432298167,611.0502179693702,434100.43593874003,26640.011519028114,217.05021796937,394.0,3379.0,5685.0,0.0,117.0,83.0,0.0,154,52.63337412966352,68.43685021438272,34.0,57.0,117.0,1033.0,83.0,1536.0,79.75,1070.25,56.75,1562.25,117.0,1033.0,83.0,1536.0,1137.0,49.0,1875.0,56.0,1847.0,22.0
897,0.0,0.0,24528.578959915943,19,17611.937073295383,18102.573634525885,-0.28198298392758836,-0.26198033469004844,-0.2648959930917154,3.5707053431467033,341,149,0.005425847984308623,0.15740488327276614,0.07093222907405736,490.636561230517,299273.1224610343,20953.361710133315,149.63656123051715,341.0,3114.0,6459.0,0.0,79.0,94.0,0.0,146,54.27062929419493,92.82411690069537,35.51097869873047,73.0976791381836,79.0,950.0,94.0,1648.0,52.5,976.5,66.25,1675.75,79.0,950.0,94.0,1648.0,1222.0,63.0,1423.0,38.0,1688.0,22.0
898,0.0,0.0,233939.87361972,22,208319.08214513687,210513.71278868112,-0.10951870272543152,-0.10013752879562199,-0.10043930031812742,4.044595347324658,461,208,0.004278508407970351,0.1675684055158313,0.06240763597318844,2194.6306435444108,3467261.2870888216,214314.47334912498,1733.6306435444108,461.0,3857.0,7231.0,0.0,129.0,102.0,0.0,176,51.3247234940549,83.60009809885698,40.336483001708984,58.5,129.0,1377.0,102.0,2264.0,93.0,1413.0,73.0,2293.0,129.0,1377.0,102.0,2264.0,1395.0,61.0,1968.0,63.0,2078.0,20.0
899,0.0,0.0,214528.22040448905,11,188911.38494774658,190558.54163172934,-0.1194100962961534,-0.11173205430765853,-0.11171418852875892,3.8219716192982425,230,114,0.005367064949269448,0.1726461714255002,0.14116357016468864,1647.1566839828538,2834313.367965707,185396.02398238893,1417.1566839828536,230.0,1515.0,4029.0,0.0,49.0,56.0,0.0,95,46.22266872570562,69.84421946502273,30.0,63.08094787597656,49.0,278.0,56.0,662.0,31.25,295.75,40.25,677.75,49.0,278.0,56.0,662.0,827.0,36.0,904.0,29.0,1147.0,17.0
900,0.0,0.0,10710.95289059658,13,9212.99579678201,9463.560827767209,-0.1398528318735922,-0.11645948549773644,-0.11623556378872768,2.91277990977243,197,81,0.007863554935395587,0.16470845997832825,0.09667306068844722,250.56503098520614,107130.06197041243,9194.82979223637,53.565030985206214,197.0,2398.0,4147.0,0.0,54.0,49.0,0.0,89,97.92338506610587,103.0929432334345,58.19574737548828,84.0,54.0,384.0,49.0,667.0,31.5,406.5,32.25,683.75,54.0,384.0,49.0,667.0,806.0,25.0,936.0,24.0,1337.0,15.0
901,0.0,0.0,20928.920876007913,18,20035.81664705863,20605.115262527474,-0.04267320968149402,-0.015471682242902296,-0.016433711501355308,4.578179385052708,377,174,0.00503722026557596,0.16321862153456837,0.08149056301266429,569.2986154688526,384597.23093770485,21001.647084503493,192.29861546885243,377.0,3402.0,5666.0,0.0,117.0,68.0,0.0,143,57.93354226699911,65.98551872264463,49.02621841430664,44.159385681152344,117.0,963.0,68.0,1425.0,83.25,996.75,51.0,1442.0,117.0,963.0,68.0,1425.0,1062.0,39.0,1610.0,57.0,1920.0,27.0
902,0.0,0.0,185963.41398152165,14,187529.28205502112,189119.31237394907,0.008420301821599585,0.01697053374563784,0.017259924535885984,3.6753770654695725,270,127,0.004000112882769267,0.1713462077759634,0.11254587395480313,1590.030318928152,2640060.6378563037,179577.53659208602,1320.030318928152,270.0,2564.0,4492.0,0.0,69.0,60.0,0.0,112,53.2545438787344,83.15094699047995,47.0,82.5,69.0,562.0,60.0,877.0,48.0,583.0,39.75,897.25,69.0,562.0,60.0,877.0,1015.0,36.0,1362.0,39.0,1429.0,14.0
903,0.0,0.0,217839.91676009653,29,208713.46693694315,210962.7158917006,-0.04189521350765202,-0.031569975653129245,-0.03139999132394422,4.058434574900793,590,267,0.003327448589716579,0.15752299541796944,0.04994189202541357,2249.2489547574355,3318497.90951487,204419.82298039075,1659.248954757435,590.0,5427.0,9189.0,0.0,151.0,143.0,0.0,205,60.364123684078216,80.07750847598605,45.31049728393555,68.62496948242188,151.0,2220.0,143.0,3431.0,104.25,2266.75,102.75,3471.25,151.0,2220.0,143.0,3431.0,1801.0,83.0,2203.0,67.0,2418.0,33.0
904,0.0,0.0,13280.229553922107,21,10982.490935756248,11477.461624809031,-0.17301949554684148,-0.1357482505700104,-0.13743955734421354,4.2051374851602015,397,168,0.007048554816035504,0.16012272859097845,0.06700808116095179,494.97068905279457,195941.37810558933,11648.928173993141,97.97068905279467,397.0,3355.0,7183.0,0.0,109.0,99.0,0.0,166,59.119268194416414,79.28693940081811,43.005584716796875,67.8895263671875,109.0,1134.0,99.0,2128.0,80.0,1163.0,65.75,2161.25,109.0,1134.0,99.0,2128.0,1490.0,69.0,1649.0,48.0,2024.0,33.0
905,0.0,0.0,189908.8304947907,8,130209.98581787662,131411.06375472504,-0.31435528575145244,-0.3080307881821761,-0.30899305670889865,3.380420889576436,147,74,0.00530089933398492,0.18282054174680473,0.16859042381829012,1201.0779368484807,2108155.8736969614,155909.27450761254,1054.0779368484807,147.0,1150.0,2882.0,0.0,32.0,33.0,0.0,60,51.834154366306734,102.64057523132986,32.90221405029297,104.0,32.0,134.0,33.0,281.0,23.75,142.25,21.5,292.5,32.0,134.0,33.0,281.0,606.0,22.0,679.0,16.0,1032.0,16.0
906,0.0,0.0,416649.22283311724,23,359703.34600335394,363217.18269200064,-0.13667582635230824,-0.12824226522682847,-0.12875879429316772,3.9977996935117073,459,209,0.003948852288992157,0.16054142546993785,0.06543150039837634,3513.8366886471676,6109673.377294339,382064.7509685222,3054.8366886471695,459.0,3859.0,7733.0,0.0,115.0,112.0,0.0,173,54.715856748775934,84.0396072892598,41.131736755371094,70.65364074707031,115.0,1387.0,112.0,2365.0,79.75,1422.25,74.5,2402.5,115.0,1387.0,112.0,2365.0,1592.0,78.0,1677.0,56.0,2336.0,36.0
907,0.0,0.0,68831.98798210426,26,60132.19718148639,61188.36890480782,-0.1263916829320656,-0.11104748390070773,-0.1117454241412863,4.131713872498037,536,241,0.0034239838028993544,0.1568532315300406,0.05437842301598488,1056.1717233214918,1040343.4466429853,62948.662392126935,520.1717233214927,536.0,4523.0,8580.0,0.0,143.0,126.0,0.0,203,44.09474182741854,88.59724505799676,28.0,65.29676818847656,143.0,1882.0,126.0,3126.0,104.0,1921.0,85.5,3166.5,143.0,1882.0,126.0,3126.0,1745.0,83.0,1939.0,65.0,2736.0,40.0
908,0.0,0.0,105456.6169416658,29,100384.1134781729,101774.12916273525,-0.04810038109129544,-0.034919456793949144,-0.03479088239853245,4.13322966235857,568,247,0.0031513728747759578,0.16142512222421848,0.05146687810459267,1390.0156845623833,1644031.3691247674,99439.8753169346,822.0156845623837,568.0,5159.0,9457.0,0.0,157.0,135.0,0.0,214,50.20875338810957,83.30113858796582,41.0,74.0,157.0,2257.0,135.0,3657.0,111.75,2302.25,96.0,3696.0,157.0,2257.0,135.0,3657.0,1953.0,83.0,2509.0,74.0,2724.0,38.0
909,0.0,0.0,73577.94490957452,30,60928.01712283098,61936.23297108722,-0.17192553831572754,-0.1582228472512337,-0.15905204781652205,3.5513920538116355,547,235,0.004753429734863369,0.16043228698813888,0.04771506617706584,1008.2158482563627,922431.6965127256,64934.51599653006,461.2158482563628,547.0,5707.0,9413.0,0.0,152.0,130.0,0.0,213,69.64132263557346,91.02061868721397,56.0,64.36233520507812,152.0,2490.0,130.0,3618.0,93.25,2548.75,92.25,3655.75,152.0,2490.0,130.0,3618.0,1733.0,79.0,3136.0,79.0,3127.0,42.0
910,0.0,0.0,249251.57344597255,5,228702.32682221668,230500.1231420688,-0.08244379900859522,-0.07523102079019894,-0.07543306625093138,3.6359448272662664,95,48,0.005625923366667304,0.18249448887013803,0.29819015598839216,1797.7963198523114,3405592.63970462,234161.46294119925,1702.79631985231,95.0,799.0,1721.0,0.0,25.0,17.0,0.0,40,60.62322139717687,89.29843728508101,46.89463806152344,65.08544158935547,25.0,50.0,17.0,108.0,16.5,58.5,12.0,113.0,25.0,50.0,17.0,108.0,335.0,9.0,372.0,9.0,541.0,5.0
911,0.0,0.0,435542.7133489189,13,315146.58484651346,317989.03434371017,-0.2764278331662836,-0.26990160873391755,-0.2709822129432914,3.454939688694569,249,122,0.0027633525780067815,0.1732610130906062,0.11953028414959302,2842.4494971967993,5186898.9943935955,375324.85815645586,2593.449497196798,249.0,2127.0,4425.0,0.0,48.0,66.0,0.0,100,74.48654500300263,98.81778495949177,57.5,67.63771057128906,48.0,438.0,66.0,748.0,31.75,454.25,45.5,768.5,48.0,438.0,66.0,748.0,931.0,40.0,1046.0,25.0,1721.0,24.0
912,0.0,0.0,20773.450665431432,7,15190.348737853326,15445.217259068479,-0.26876141174122803,-0.25649245723193836,-0.25820612485415073,3.610979381921692,127,61,0.004827615521560745,0.18001774787224403,0.18419681386701015,254.86852121517413,255737.0424303481,17705.518045235272,127.86852121517406,127.0,1090.0,2438.0,0.0,21.0,38.0,0.0,54,51.75670183732315,89.23863510162315,47.0,63.600135803222656,21.0,122.0,38.0,197.0,13.5,129.5,27.0,208.0,21.0,122.0,38.0,197.0,557.0,27.0,573.0,8.0,839.0,13.0
913,0.0,0.0,108132.00729934135,27,100198.15029896527,101390.09222573074,-0.07337195709696598,-0.0623489311073917,-0.06269139992983264,3.5046491399787825,469,192,0.006722720450412709,0.15708291241517583,0.06282701199431541,1191.9419267655028,1445883.8535310042,103140.41404582355,722.9419267655021,469.0,4576.0,9032.0,0.0,143.0,107.0,0.0,185,73.81722763470302,104.50160495491225,45.0,74.3779525756836,143.0,1683.0,107.0,3062.0,96.5,1729.5,68.75,3100.25,143.0,1683.0,107.0,3062.0,1937.0,71.0,2404.0,71.0,2392.0,25.0
914,0.0,0.0,401825.94548611436,5,295548.0829956545,297353.9035191494,-0.26448730771202145,-0.2599932710680951,-0.26024938846662937,2.782123177119016,75,37,0.003964609958118482,0.2047121012973219,0.2808014054269426,1805.820523495108,3461641.0469902176,311061.0877566235,1730.8205234951088,75.0,790.0,1730.0,0.0,14.0,19.0,0.0,32,71.23743368142189,88.61902018305102,75.23454284667969,79.0,14.0,53.0,19.0,74.0,8.0,59.0,13.25,79.75,14.0,53.0,19.0,74.0,362.0,14.0,529.0,7.0,507.0,7.0
915,0.0,0.0,123464.79819081348,20,117669.16590677707,118892.74772427087,-0.04694157661910503,-0.03703120673697258,-0.0368245490172181,3.7744768758498757,358,170,0.002643119601101939,0.16096831558680205,0.07377425039972299,1223.5818174939184,1731163.634987839,114662.48780488578,865.5818174939195,358.0,3591.0,6489.0,0.0,82.0,86.0,0.0,141,54.67347513211838,84.68135610767436,47.0,70.27330780029297,82.0,1024.0,86.0,1628.0,59.0,1047.0,61.0,1653.0,82.0,1024.0,86.0,1628.0,1414.0,59.0,1589.0,25.0,1751.0,24.0
916,0.0,0.0,81414.28359668801,24,77164.28367919358,78231.38676477467,-0.05220214107082455,-0.03909506650799566,-0.038919026254354394,3.950972523889227,469,209,0.004046430449589959,0.16072011430548924,0.06531917368279505,1067.1030855811666,1196206.1711623326,75690.61566042104,598.1030855811663,469.0,3975.0,8121.0,0.0,125.0,111.0,0.0,183,61.931200072188176,87.75416884490151,47.63216781616211,70.0,125.0,1516.0,111.0,2640.0,85.25,1555.75,78.75,2672.25,125.0,1516.0,111.0,2640.0,1754.0,71.0,1754.0,54.0,2136.0,37.0
917,0.0,0.0,15955.867495509554,22,13649.975892389535,14138.831871370976,-0.14451684333483994,-0.11387883639983498,-0.11469772620987873,3.825062441433732,381,160,0.005780923861971494,0.15915082875362396,0.062302395328396425,488.8559789814533,215711.95796290587,14098.590628631115,107.85597898145294,381.0,3017.0,8041.0,0.0,100.0,99.0,0.0,163,54.650531037497366,94.24249213296162,37.5,79.0,100.0,1006.0,99.0,2376.0,72.0,1034.0,62.25,2412.75,100.0,1006.0,99.0,2376.0,1754.0,71.0,1605.0,41.0,2615.0,31.0
918,0.0,0.0,27612.30091583385,9,30675.50027810419,31045.766144105237,0.11093604157101589,0.12434549510151549,0.12516382995256503,3.4893644966498822,172,82,0.00564539091026062,0.1695358548675768,0.1550608050928198,370.2658660010656,396531.7320021315,28410.025119390597,198.26586600106577,172.0,2004.0,2532.0,0.0,56.0,25.0,0.0,74,70.33475375431019,67.43888983509508,55.7227897644043,45.88475036621094,56.0,287.0,25.0,298.0,37.25,305.75,16.75,306.25,56.0,287.0,25.0,298.0,487.0,14.0,1053.0,33.0,646.0,7.0
919,0.0,0.0,12551.115353109855,19,11084.528705184925,11532.34746974007,-0.116849109155988,-0.08116951001628392,-0.08274207289201929,4.002834753303658,354,146,0.0070960139133239225,0.15791881530752339,0.07207733776300701,447.8187645551561,187637.52911031258,11719.040422256365,93.81876455515629,354.0,3699.0,5847.0,0.0,111.0,78.0,0.0,152,67.23050273052391,74.69409917227622,60.0,61.83210754394531,111.0,1135.0,78.0,1558.0,72.25,1173.75,53.25,1582.75,111.0,1135.0,78.0,1558.0,1111.0,44.0,2109.0,59.0,2022.0,33.0
920,0.0,0.0,134121.60273898277,21,118860.73399847577,120320.0057940732,-0.11378382325333924,-0.1029036088374905,-0.10335046499858158,4.199836576177817,424,187,0.005036638892243606,0.15756674059889667,0.06956688112904338,1459.2717955975083,2070543.5911950201,123251.4380999664,1035.2717955975102,424.0,3215.0,7369.0,0.0,121.0,95.0,0.0,163,50.04898527113959,107.29145364639122,32.02405548095703,79.0,121.0,1039.0,95.0,2168.0,85.25,1074.75,60.0,2203.0,121.0,1039.0,95.0,2168.0,1576.0,60.0,1717.0,53.0,2576.0,28.0
921,0.0,0.0,14280.04566414565,21,11564.552913701564,11997.91992827171,-0.19015994866614094,-0.1598122155592192,-0.1617419069708088,3.299196802646946,351,141,0.007111280906122493,0.1582036278169914,0.06905227170507669,433.3670145701489,164734.0291402983,12482.888941948853,82.36701457014915,351.0,3310.0,7203.0,0.0,107.0,82.0,0.0,161,72.14683564124164,99.37431050917287,51.0,66.26712036132812,107.0,1081.0,82.0,2089.0,70.5,1117.5,59.75,2111.25,107.0,1081.0,82.0,2089.0,1410.0,54.0,1826.0,63.0,2145.0,22.0
922,0.0,0.0,80714.16856994097,7,68724.64692329316,69321.25516694922,-0.1485429616518762,-0.14115134436551235,-0.14146562793961814,3.28585914117205,132,70,0.0021145132543915154,0.17628276356460798,0.19467114904379892,596.6082436561238,929216.4873122474,70698.13763994767,464.6082436561237,132.0,1109.0,2419.0,0.0,27.0,28.0,0.0,51,54.637286861190155,98.54254914449231,38.757469177246094,93.5,27.0,125.0,28.0,177.0,20.25,131.75,20.25,184.75,27.0,125.0,28.0,177.0,571.0,20.0,424.0,13.0,573.0,9.0
923,0.0,0.0,10817.700883487927,8,10244.71242462227,10523.658986212778,-0.052967674465862036,-0.02718155183269788,-0.02774273230857316,4.584048572809509,183,89,0.010758084365991792,0.17978187508637314,0.2207608102682083,278.9465615905203,191893.12318104086,10465.264499991534,95.94656159052043,183.0,1289.0,2720.0,0.0,43.0,43.0,0.0,81,52.36139067443749,75.6923378072296,46.0,56.66200256347656,43.0,206.0,43.0,354.0,32.5,216.5,28.75,368.25,43.0,206.0,43.0,354.0,560.0,25.0,665.0,22.0,787.0,12.0
924,0.0,0.0,238513.30379296193,14,192529.39369163706,194494.1866725646,-0.19279390025656828,-0.18455623405647636,-0.1853469371063703,3.9065918885291424,305,140,0.005652855267844498,0.16806845313422808,0.10275215912666533,1964.7929809277493,3319585.9618555014,212434.90851979854,1659.7929809277507,305.0,2634.0,4422.0,0.0,75.0,76.0,0.0,128,52.902427136638195,76.97990431417453,44.0,62.0,75.0,661.0,76.0,980.0,50.0,686.0,52.0,1004.0,75.0,661.0,76.0,980.0,806.0,52.0,1529.0,42.0,1423.0,20.0
925,0.0,0.0,58166.823457621686,20,54665.38204732628,55528.33396872993,-0.06019653820096316,-0.04536072853993933,-0.04577265354064797,4.1673149337317135,395,181,0.0055888539514624075,0.16714871133319606,0.06796072440319452,862.9519214037141,935903.8428074286,56145.495222348894,467.95192140371427,395.0,4132.0,5948.0,0.0,111.0,83.0,0.0,149,52.92589175436035,88.11385868534825,43.02210235595703,60.837650299072266,111.0,1217.0,83.0,1569.0,72.5,1255.5,59.5,1592.5,111.0,1217.0,83.0,1569.0,1139.0,56.0,2052.0,49.0,2051.0,30.0
926,0.0,0.0,213006.81046530907,20,200152.29854124083,202229.79465909672,-0.060347891675331056,-0.05059470062328142,-0.050660378186480615,4.250107694506399,386,174,0.003787539229796852,0.1646389099669223,0.08958473155589236,2077.4961178560725,3382992.235712146,198994.5007796468,1691.496117856073,386.0,3536.0,6544.0,0.0,103.0,89.0,0.0,146,58.269284098989374,85.27345216536888,36.55453872680664,67.0,103.0,1036.0,89.0,1692.0,75.75,1063.25,56.0,1725.0,103.0,1036.0,89.0,1692.0,1344.0,52.0,2053.0,56.0,1564.0,27.0
927,0.0,0.0,71167.4096376937,14,64284.680834016115,65014.636406668455,-0.0967118072544283,-0.08645492736560745,-0.08686173737478897,3.5214830530372585,261,115,0.005852482518487777,0.1608718105521615,0.0922626397021297,729.955572652386,937911.1453047713,66584.95378075357,468.9555726523856,261.0,2654.0,4402.0,0.0,72.0,60.0,0.0,113,54.02582388685273,99.33496988717918,38.963844299316406,85.02947998046875,72.0,603.0,60.0,847.0,44.0,631.0,40.25,866.75,72.0,603.0,60.0,847.0,914.0,42.0,1023.0,25.0,1428.0,19.0
928,0.0,0.0,26857.052989666958,21,26365.465089303994,26948.32401970425,-0.01830386604785339,0.003398400787770983,0.004392788731816477,4.0615430865565525,378,170,0.005218520681297397,0.1603798341613936,0.07154637519661847,582.8589304002717,409717.86080054374,25219.347183382324,204.85893040027187,378.0,3322.0,7249.0,0.0,97.0,90.0,0.0,156,49.02281296737046,85.24180755223034,43.0,61.0,97.0,1026.0,90.0,2060.0,68.0,1055.0,65.75,2084.25,97.0,1026.0,90.0,2060.0,1480.0,57.0,1366.0,39.0,1772.0,24.0
929,0.0,0.0,23376.842005619983,16,23345.070105643816,23874.71458184265,-0.0013591185656526283,0.021297683241516374,0.022235010673028688,4.1809552715584415,342,152,0.007334269477725279,0.16793729462948093,0.09376099240757552,529.6444761988465,375288.9523976934,22440.38311953797,187.64447619884672,342.0,2791.0,5271.0,0.0,101.0,73.0,0.0,139,50.083605887068664,77.32597841582587,33.0,68.0,101.0,801.0,73.0,1248.0,68.0,834.0,50.75,1270.25,101.0,801.0,73.0,1248.0,1035.0,42.0,1500.0,52.0,1529.0,22.0
930,0.0,0.0,16132.695996846285,27,13938.375113936598,14550.299187186612,-0.1360169982338133,-0.09808632171392861,-0.09960244468466006,3.7100878871261935,503,205,0.0050170593913744285,0.15760295546730738,0.05620577680610504,611.9240732500393,217848.1465000791,14679.446493437563,108.92407325003956,503.0,4867.0,8675.0,0.0,155.0,116.0,0.0,198,58.737558077864016,84.28783254474033,42.0,69.0,155.0,1962.0,116.0,3086.0,109.0,2008.0,80.5,3121.5,155.0,1962.0,116.0,3086.0,1816.0,77.0,2586.0,92.0,2526.0,29.0
931,0.0,0.0,69073.85263101924,17,63378.44685788719,64197.39047885008,-0.08245385998021482,-0.0705978017212735,-0.07101288276381768,3.7390266655623265,329,151,0.004209722200925365,0.16471661588159453,0.08180837570238522,818.9436209629323,979887.2419258642,65517.53501459017,489.94362096293213,329.0,3399.0,5169.0,0.0,97.0,64.0,0.0,134,55.15349115556819,91.00899231049546,34.0,79.44320678710938,97.0,920.0,64.0,1197.0,65.5,951.5,42.5,1218.5,97.0,920.0,64.0,1197.0,1049.0,47.0,1855.0,48.0,1890.0,25.0
932,0.0,0.0,37858.27938429922,16,34246.03703373617,34801.47697500567,-0.09541485797321092,-0.08074329998635066,-0.08066697541949508,3.784405011816956,299,139,0.006872478395616611,0.16121088001834527,0.08875122620272075,555.4399412695315,512879.8825390634,33881.143861292294,256.4399412695317,299.0,2328.0,5735.0,0.0,82.0,62.0,0.0,124,44.982617543774026,104.35047312241663,33.54084777832031,87.54863739013672,82.0,616.0,62.0,1223.0,54.75,643.25,45.0,1240.0,82.0,616.0,62.0,1223.0,1188.0,42.0,1140.0,37.0,1868.0,23.0
933,0.0,0.0,15691.115440270894,9,12623.54861854069,12900.231746810794,-0.19549705267334683,-0.17786394498745195,-0.17972390863472043,3.6733759548735136,173,77,0.008887540225577046,0.1806113861344082,0.16120985323766468,276.68312827011556,207366.25654023097,14112.784744038761,103.68312827011549,173.0,1385.0,3146.0,0.0,41.0,46.0,0.0,79,44.82713452405993,82.92077950833786,29.0,69.56779479980469,41.0,215.0,46.0,408.0,27.0,229.0,28.0,426.0,41.0,215.0,46.0,408.0,645.0,27.0,621.0,20.0,871.0,15.0
934,0.0,0.0,369518.80559588433,29,331108.1606476812,334237.21758022433,-0.10394774059269407,-0.09547981721462073,-0.09585428732605339,3.7424857088933625,551,242,0.003524351868377786,0.1562696198719955,0.05188990225759169,3129.0569325434108,5156113.865086819,344431.0991511749,2578.0569325434094,551.0,5160.0,9456.0,0.0,142.0,138.0,0.0,209,61.88417439422803,97.31083996809208,39.0,72.06944274902344,142.0,2209.0,138.0,3572.0,93.5,2257.5,93.0,3617.0,142.0,2209.0,138.0,3572.0,2057.0,93.0,2342.0,62.0,2909.0,33.0
935,0.0,0.0,245434.185164272,19,193430.42171100475,195564.6075738412,-0.21188476013828517,-0.2031892075549806,-0.20407763234514453,4.0684039426840215,409,190,0.005270943634034136,0.16554778809071738,0.07388675346632706,2134.18586283654,3450371.7256730804,212022.44014373785,1725.1858628365403,409.0,3252.0,6324.0,0.0,103.0,97.0,0.0,155,49.71493879358891,67.49382926554442,35.0,59.59053039550781,103.0,995.0,97.0,1750.0,66.0,1032.0,70.75,1776.25,103.0,995.0,97.0,1750.0,1268.0,63.0,1781.0,61.0,2059.0,39.0
936,0.0,0.0,40186.51888271721,27,36982.07865478587,37829.42705067045,-0.07973918411005865,-0.05865379479436483,-0.05828790605425571,4.245834493761795,538,235,0.0033664158327984793,0.15776070286842694,0.05017847843909523,847.3483958846512,618696.791769302,36429.634308539586,309.348395884651,538.0,4954.0,8648.0,0.0,157.0,119.0,0.0,214,51.968148403925426,88.92491515533922,36.0,81.0,157.0,2188.0,119.0,3311.0,106.25,2238.75,82.25,3347.75,157.0,2188.0,119.0,3311.0,1714.0,77.0,2346.0,70.0,2594.0,34.0
937,0.0,0.0,240239.56399279094,24,221761.65851637893,223906.27472872825,-0.07691449805064787,-0.06798750793833774,-0.06807203544970575,3.825853495982067,446,195,0.00326516351824281,0.1559454748869624,0.05895513591733654,2144.6162123495374,3397232.424699076,221991.80053985788,1698.616212349538,446.0,3854.0,8242.0,0.0,121.0,106.0,0.0,176,48.933672483660324,94.05389925992296,38.0,82.21319580078125,121.0,1386.0,106.0,2611.0,79.5,1427.5,74.0,2643.0,121.0,1386.0,106.0,2611.0,1719.0,71.0,1878.0,56.0,2390.0,25.0
938,0.0,0.0,14686.390839245936,6,12971.581514295403,13187.820143605657,-0.11676179285438237,-0.1020380508760328,-0.10187074002940699,4.1620869573758785,114,57,0.007533712546949478,0.184955118997989,0.2650798287047788,216.23862931026795,204477.25862053575,12282.135183298466,102.23862931026788,114.0,626.0,2398.0,0.0,19.0,32.0,0.0,48,56.872986700730905,108.00727727413889,31.0,78.95074462890625,19.0,59.0,32.0,178.0,14.75,63.25,22.5,187.5,19.0,59.0,32.0,178.0,530.0,23.0,307.0,9.0,810.0,9.0
939,0.0,0.0,33575.45009759066,19,32683.563053371836,33455.7103960377,-0.02656366606036442,-0.0035662873082841218,-0.003654254015929892,4.862919992226257,453,211,0.004477620671415132,0.16397789644888636,0.07551455419360767,772.1473426658883,638294.6853317752,32814.37317250424,319.1473426658876,453.0,3772.0,5804.0,0.0,139.0,84.0,0.0,174,46.33868255384026,72.05559261587676,27.582843780517578,49.85935592651367,139.0,1361.0,84.0,1722.0,94.25,1405.75,61.5,1744.5,139.0,1361.0,84.0,1722.0,1102.0,47.0,1824.0,51.0,1624.0,23.0
940,0.0,0.0,11000.144745161164,6,10632.14507179074,10846.923888555133,-0.03345407555044255,-0.013928985495707313,-0.014287051599044198,3.7391575506422026,134,66,0.009946683824002031,0.18632358892816317,0.21906459989604027,214.77881676440165,161557.6335288036,10801.740187509347,80.7788167644018,134.0,1196.0,1809.0,0.0,37.0,25.0,0.0,60,62.39140261506812,70.49836529717635,47.12301254272461,64.0,37.0,126.0,25.0,171.0,23.75,139.25,17.25,178.75,37.0,126.0,25.0,171.0,372.0,16.0,555.0,12.0,631.0,9.0
941,0.0,0.0,445470.16046710446,19,376494.1184513958,380269.15135224396,-0.15483874821914623,-0.14636448162205296,-0.14692708667840726,4.179436384631816,395,186,0.004363140716818813,0.16389244975509906,0.0752664448991621,3775.0329008487333,6760065.801697473,404364.6786056414,3380.0329008487365,395.0,3328.0,6246.0,0.0,106.0,84.0,0.0,149,47.12747592410779,77.27164568938366,39.431968688964844,68.0,106.0,975.0,84.0,1665.0,73.0,1008.0,62.25,1686.75,106.0,975.0,84.0,1665.0,1218.0,58.0,1788.0,60.0,2026.0,33.0
942,0.0,0.0,71597.64293649487,15,58606.57053958955,59297.47030162523,-0.181445531781375,-0.1717957760953046,-0.17250344585850974,3.428917713330431,262,121,0.0036753960064788006,0.16910153743702508,0.08969419413854904,690.899762035712,857799.5240714229,62541.56528287328,428.89976203571143,262.0,2143.0,5417.0,0.0,59.0,67.0,0.0,110,64.53597803498984,86.15325374251275,42.096073150634766,78.0,59.0,509.0,67.0,1015.0,37.25,530.75,48.25,1033.75,59.0,509.0,67.0,1015.0,1115.0,37.0,934.0,25.0,1528.0,15.0
943,0.0,0.0,451703.1380404039,15,416639.8423800708,419878.2889719997,-0.07762464483298925,-0.07045523129741349,-0.07069437761790909,3.481272656889672,274,127,0.00694298983410666,0.16826536784113863,0.10034923565268412,3238.446591929302,5928893.183858601,425770.5276348381,2964.4465919293007,274.0,2739.0,4821.0,0.0,67.0,65.0,0.0,109,64.7328393198536,82.36103565329225,44.0,79.50979614257812,67.0,563.0,65.0,940.0,46.25,583.75,41.75,963.25,67.0,563.0,65.0,940.0,1062.0,35.0,1533.0,32.0,1514.0,22.0
944,0.0,0.0,60928.215268794615,29,53917.6129584428,55016.67004326451,-0.11506331310417373,-0.09702475609125216,-0.09784885427257206,4.386590657441523,602,262,0.0031048060149724017,0.15852332168232733,0.047979710489903064,1099.057084821763,994114.1696435276,56656.42450345162,497.0570848217638,602.0,5302.0,9314.0,0.0,187.0,124.0,0.0,221,54.162822461243145,77.01879203719167,40.0,62.5,187.0,2358.0,124.0,3740.0,132.0,2413.0,88.25,3775.75,187.0,2358.0,124.0,3740.0,1776.0,84.0,2681.0,90.0,3007.0,39.0
945,0.0,0.0,29080.472883215894,12,24889.059547151992,25423.5063688277,-0.144131539844492,-0.1257533372677324,-0.12613360454523648,4.885342529601425,288,131,0.004818509249137004,0.180433156084664,0.14303292414507482,534.4468216757356,492893.6433514712,25223.08519642759,246.4468216757356,288.0,2038.0,4005.0,0.0,77.0,68.0,0.0,117,51.67988107044784,62.55550786718253,38.007755279541016,50.15314483642578,77.0,450.0,68.0,807.0,54.5,472.5,43.75,831.25,77.0,450.0,68.0,807.0,820.0,41.0,1448.0,47.0,1346.0,22.0
946,0.0,0.0,40266.740128736514,10,33156.40330335091,33550.67362989535,-0.17658089039870606,-0.16678942664266527,-0.16758045935295962,3.135921376487954,168,81,0.00878342270545939,0.16429286407750102,0.1268515764151257,394.2703265444618,452540.65308892337,36077.16829907755,226.27032654446168,168.0,1436.0,3604.0,0.0,36.0,41.0,0.0,73,52.26082699725817,104.71002624309894,41.072486877441406,85.0,36.0,210.0,41.0,443.0,26.0,220.0,26.5,457.5,36.0,210.0,41.0,443.0,773.0,23.0,309.0,12.0,953.0,9.0
947,0.0,0.0,242626.62916519662,20,202622.9831843797,204885.55453904657,-0.16487739255355904,-0.15555207091655787,-0.1563511571184495,4.21024201579153,411,186,0.005660351043243189,0.16423066344568507,0.07583171263849497,2262.5713546670945,3703142.709334193,219888.94554307454,1851.5713546670963,411.0,2978.0,7101.0,0.0,101.0,104.0,0.0,166,42.200553942148936,77.61132531721454,32.0,66.20112609863281,101.0,986.0,104.0,2128.0,70.0,1017.0,70.25,2161.75,101.0,986.0,104.0,2128.0,1419.0,70.0,1505.0,48.0,1925.0,30.0
948,0.0,0.0,118490.89491107618,22,111904.53427142795,113412.8623977029,-0.05558537341279335,-0.042855887932859105,-0.04333498148916326,4.4930141751529735,471,215,0.004995265817322131,0.15725897189658278,0.06372492084772856,1508.3281262749615,2074656.252549924,115437.88711056582,1037.328126274962,471.0,3800.0,7288.0,0.0,140.0,94.0,0.0,179,48.67410851965778,82.76205326431646,29.852752685546875,62.51243209838867,140.0,1429.0,94.0,2275.0,99.0,1470.0,63.5,2305.5,140.0,1429.0,94.0,2275.0,1504.0,62.0,1695.0,58.0,2371.0,30.0
949,0.0,0.0,332765.2885005048,11,294652.45575283567,297822.3785212294,-0.11453367903669232,-0.10500767714305159,-0.10535450132147983,4.75749018174803,276,131,0.006514338780117038,0.16949043849263187,0.12646395599402807,3169.922768393931,5787845.536787865,304143.8508371895,2893.9227683939325,276.0,1802.0,3742.0,0.0,65.0,69.0,0.0,112,38.21918753799681,76.61620265418948,29.0,59.943634033203125,65.0,407.0,69.0,691.0,46.0,426.0,44.25,715.75,65.0,407.0,69.0,691.0,778.0,52.0,907.0,30.0,1372.0,24.0
950,0.0,0.0,16076.223797293258,5,14956.330466734378,15204.010951258908,-0.06966146681457841,-0.054254833537537794,-0.0547201503141761,4.316648426208108,116,57,0.00948045173237526,0.17452944595942851,0.2752008346225555,247.68048452454022,263360.96904908057,15252.630226387575,131.68048452454028,116.0,935.0,1585.0,0.0,34.0,20.0,0.0,53,60.20910557864903,50.75878826871412,42.723995208740234,35.5,34.0,103.0,20.0,108.0,22.25,114.75,15.5,112.5,34.0,103.0,20.0,108.0,257.0,13.0,426.0,14.0,391.0,7.0
951,0.0,0.0,352700.7712061465,6,360336.52182658203,363733.80051460513,0.021649373190546717,0.03128155708514191,0.031150315413151386,4.519933882447851,126,62,0.009177820820920755,0.18626651799248184,0.23571849653777902,3397.2786880235158,6542557.376047031,361872.40489587607,3271.2786880235158,126.0,945.0,2079.0,0.0,33.0,25.0,0.0,54,41.0404092717107,78.11146439074122,37.73575973510742,68.0,33.0,104.0,25.0,162.0,25.25,111.75,16.5,170.5,33.0,104.0,25.0,162.0,419.0,19.0,340.0,10.0,673.0,7.0
952,0.0,0.0,295719.5382482959,13,258492.16605022197,260841.67763889668,-0.12588742840121914,-0.11794236125214896,-0.11813586035330592,3.961139476580208,270,120,0.0065233681206938975,0.1687018072931269,0.10458008425885419,2349.511588674832,4159023.1773496615,262489.0641909619,2079.511588674831,270.0,2267.0,4285.0,0.0,81.0,56.0,0.0,116,67.9085525713389,78.36568920336722,39.0,55.0,81.0,527.0,56.0,844.0,52.0,556.0,39.5,860.5,81.0,527.0,56.0,844.0,884.0,33.0,1130.0,37.0,1163.0,17.0
953,0.0,0.0,16503.71234089647,8,15030.325798083104,15311.518110530802,-0.08927606785549025,-0.07223794293914043,-0.07224058120478094,3.8970419340292297,164,77,0.00514422062425152,0.17424480100009385,0.18419328510792607,281.1923124477098,234384.62489541955,15036.059969534674,117.19231244770978,164.0,1229.0,2803.0,0.0,48.0,31.0,0.0,71,44.29366098699006,107.04767040618546,35.97484588623047,119.0,48.0,154.0,31.0,335.0,31.25,170.75,19.5,346.5,48.0,154.0,31.0,335.0,569.0,23.0,571.0,25.0,626.0,7.0
954,0.0,0.0,36542.34844497547,12,33421.12027100212,33882.369228186275,-0.08541400065387739,-0.07279168772621503,-0.07327855470372802,3.5850687602825526,212,100,0.005179830253606903,0.15803876911969125,0.11694020221721674,461.2489571841858,498497.91436837194,34762.08879806,249.24895718418597,212.0,2271.0,3777.0,0.0,57.0,43.0,0.0,86,69.43103094808275,77.26150290006471,60.201881408691406,66.0,57.0,377.0,43.0,555.0,42.25,391.75,27.25,570.75,57.0,377.0,43.0,555.0,722.0,32.0,1105.0,23.0,1004.0,14.0
955,0.0,0.0,322908.70222819754,22,279515.4860345935,282369.75374098256,-0.13438230649769956,-0.1255430659114487,-0.12628323262003283,3.925086513559461,470,214,0.005620570652225763,0.1640829182762484,0.07284095575546774,2854.2677063894416,4768535.412778882,303721.6757073808,2384.267706389441,470.0,4165.0,6923.0,0.0,130.0,104.0,0.0,186,58.168726971400574,84.37395908194115,47.045860290527344,62.20807647705078,130.0,1548.0,104.0,2310.0,86.75,1591.25,71.5,2342.5,130.0,1548.0,104.0,2310.0,1373.0,64.0,2251.0,67.0,1723.0,26.0
956,0.0,0.0,241665.07535754508,8,182849.58674087978,184275.95248826643,-0.24337603822003406,-0.23747379626274534,-0.23823860575202072,3.073257930657273,150,72,0.0056916656769642505,0.1853617402171551,0.16804352565985592,1426.3657473867927,2552731.4947735877,207656.78901442213,1276.3657473867938,150.0,953.0,3071.0,0.0,31.0,39.0,0.0,65,53.46372513962394,102.94645047912398,35.008243560791016,80.95817565917969,31.0,120.0,39.0,329.0,18.5,132.5,28.0,340.0,31.0,120.0,39.0,329.0,702.0,24.0,341.0,15.0,1062.0,13.0
957,0.0,0.0,47536.96858021981,10,42705.799312824565,43220.17605354823,-0.10162972969642614,-0.09080916717242671,-0.09128765081346779,3.6923585933855154,186,87,0.0037123665334480725,0.1687246451392292,0.16687583413013576,514.3767407236936,656753.4814473866,44467.07062958982,328.3767407236933,186.0,1755.0,3285.0,0.0,40.0,49.0,0.0,77,57.180126658050156,84.6229290436285,26.5,57.4395866394043,40.0,259.0,49.0,422.0,26.5,272.5,32.0,439.0,40.0,259.0,49.0,422.0,683.0,28.0,581.0,19.0,516.0,12.0
958,0.0,0.0,10178.499053722644,15,7780.991518911146,8108.208310508694,-0.23554627476579104,-0.20339843156509108,-0.20617737235766753,3.872331216807337,260,112,0.010639202901956626,0.15612599964778207,0.08195273574036259,327.2167915975522,134433.58319510406,8679.111862359103,67.21679159755203,260.0,2340.0,5220.0,0.0,62.0,71.0,0.0,115,54.19822177236753,79.71556085901689,50.42341232299805,72.0,62.0,531.0,71.0,1061.0,41.5,551.5,48.25,1083.75,62.0,531.0,71.0,1061.0,1082.0,48.0,1166.0,18.0,1532.0,23.0
959,0.0,0.0,185719.47211260934,26,158587.24011062027,160540.12241749384,-0.14609255396514198,-0.13557732750741514,-0.13621512967390081,4.2454899641012505,519,236,0.004054681663700622,0.16248776886077645,0.059071820054116604,1952.8823068737884,2867764.613747577,168871.23971535926,1433.8823068737886,519.0,4396.0,8703.0,0.0,143.0,114.0,0.0,187,53.63302854551373,87.05715469734172,46.0,75.95390319824219,143.0,1695.0,114.0,2908.0,100.25,1737.75,78.5,2943.5,143.0,1695.0,114.0,2908.0,1771.0,70.0,1967.0,60.0,2339.0,34.0
960,0.0,0.0,208250.11474768235,5,198231.46239274854,199866.33838348946,-0.048108748305241034,-0.040258207657415945,-0.04052031004328749,3.7549627154256875,113,57,0.004889455530897689,0.19045374760991848,0.2704024766765196,1634.8759907410704,3043751.9814821384,202648.6154561643,1521.8759907410692,113.0,793.0,1727.0,0.0,27.0,24.0,0.0,48,56.30668594406743,69.11124209583254,45.0,52.0,27.0,71.0,24.0,118.0,19.0,79.0,17.25,124.75,27.0,71.0,24.0,118.0,364.0,12.0,292.0,13.0,672.0,7.0
961,0.0,0.0,141490.96072312797,15,140009.43276241835,141396.89261775644,-0.010470831162201932,-0.0006648347349594852,-0.00041023687982033596,3.990360923990926,312,151,0.0034185043976716974,0.1597463237780559,0.09189637294467422,1387.4598553381804,2150919.71067636,134757.21567844643,1075.45985533818,312.0,2331.0,5229.0,0.0,80.0,66.0,0.0,127,62.32947658379597,93.67143409222831,44.5,73.12102508544922,80.0,596.0,66.0,1163.0,59.25,616.75,42.5,1186.5,80.0,596.0,66.0,1163.0,1058.0,46.0,818.0,31.0,1312.0,12.0
962,0.0,0.0,436745.05657453934,28,398353.2972802542,402289.56422144966,-0.08790427897546871,-0.07889154515755614,-0.07917871686618005,4.118853208076546,555,244,0.004825748511020233,0.1581344125249928,0.05641917399455157,3936.2669411961824,6762533.88239236,410462.1809009783,3381.26694119618,555.0,4762.0,9350.0,0.0,148.0,135.0,0.0,212,57.72511133559675,85.27180272405462,45.29117202758789,75.04828643798828,148.0,2036.0,135.0,3617.0,102.75,2081.25,86.0,3666.0,148.0,2036.0,135.0,3617.0,1864.0,85.0,2515.0,74.0,2650.0,48.0
963,0.0,0.0,235094.67957699043,12,226723.95575592422,228642.1531941089,-0.03560575609846972,-0.027446501105391485,-0.027384654019284693,3.7317417318286665,248,114,0.006670741139731554,0.15958632005225332,0.11454262692203372,1918.1974381847756,3340394.8763695494,223782.5602907315,1670.1974381847747,248.0,2244.0,3804.0,0.0,73.0,49.0,0.0,108,57.41416643123868,83.73110976258523,42.0,73.0,73.0,440.0,49.0,734.0,51.75,461.25,30.5,752.5,73.0,440.0,49.0,734.0,788.0,33.0,1051.0,33.0,1299.0,11.0
964,0.0,0.0,163861.99212142007,23,151138.50423668927,152758.78896398348,-0.07764758453139531,-0.06775947865450849,-0.0677320516030594,3.8979508765049826,453,204,0.003919215420853858,0.15761058282550622,0.06607926246416242,1620.284727294312,2334569.454588623,149730.55898807698,1167.2847272943113,453.0,4093.0,7499.0,0.0,125.0,101.0,0.0,172,58.37881377225347,76.22712985509214,48.325984954833984,63.0,125.0,1420.0,101.0,2310.0,87.5,1457.5,71.5,2339.5,125.0,1420.0,101.0,2310.0,1510.0,71.0,2068.0,63.0,2381.0,34.0
965,0.0,0.0,297599.98812155955,23,265266.4834777795,267945.9286824395,-0.10864753338152999,-0.0996440209097299,-0.10010649686121365,4.01232078600732,438,200,0.00349938340207898,0.1641445428503733,0.06918897939893508,2679.445204660467,4482890.409320934,279320.28920485947,2241.445204660467,438.0,4186.0,7406.0,0.0,120.0,95.0,0.0,167,57.647424276242766,87.51808272293431,44.9569091796875,61.0,120.0,1385.0,95.0,2241.0,82.25,1422.75,68.25,2267.75,120.0,1385.0,95.0,2241.0,1507.0,66.0,2349.0,56.0,2170.0,32.0
966,0.0,0.0,143927.26771572506,10,144198.5192885296,145669.7855214793,0.0018846433834922571,0.012106933129557795,0.011945457506317592,4.322036130415953,215,103,0.006168708546677128,0.16913591966310654,0.12740969278435743,1471.2662329498742,2512532.465899751,145332.68522549028,1256.2662329498755,215.0,1752.0,3288.0,0.0,61.0,41.0,0.0,92,52.9652133866836,82.04087682814276,41.98299026489258,69.83475494384766,61.0,310.0,41.0,508.0,42.25,328.75,29.5,519.5,61.0,310.0,41.0,508.0,609.0,21.0,690.0,23.0,1058.0,16.0
967,0.0,0.0,57340.78515400185,16,44988.01179861553,45693.37078178271,-0.21542734935020702,-0.2031261752160759,-0.20417640036630957,3.7808407793582584,337,148,0.005810039600885609,0.15851726054377155,0.08546097431142083,705.3589831671802,736717.9663343615,48713.897868730695,368.3589831671807,337.0,2143.0,5921.0,0.0,74.0,99.0,0.0,137,49.536851982195486,90.26773783588082,45.5,75.0,74.0,557.0,99.0,1462.0,48.25,582.75,60.75,1500.25,74.0,557.0,99.0,1462.0,1199.0,72.0,1121.0,40.0,2243.0,33.0
968,0.0,0.0,167158.74934926594,12,185622.37855793812,187440.17987545842,0.11045565536084379,0.12133035575550943,0.12170254977544492,4.337592642983129,256,124,0.005050756470853909,0.16920687769882478,0.11843940567268543,1817.8013175204417,3123602.6350408844,180030.88879806973,1561.8013175204421,256.0,2584.0,3464.0,0.0,80.0,40.0,0.0,104,59.05265029390696,77.8875131326188,52.95143127441406,61.98398971557617,80.0,519.0,40.0,609.0,56.0,543.0,27.25,621.75,80.0,519.0,40.0,609.0,710.0,22.0,891.0,35.0,834.0,12.0
969,0.0,0.0,417925.898139841,12,387177.61928688694,390341.5748954157,-0.07357351863048567,-0.06600290474268566,-0.06636693532398774,3.621924303457434,226,102,0.006084341513368232,0.15776300274015767,0.11611659898272922,3163.955608529007,5875911.217058013,405579.37747683993,2937.9556085290064,226.0,2756.0,3292.0,0.0,62.0,50.0,0.0,95,79.7030111567591,79.11708187211124,50.5,74.83464050292969,62.0,514.0,50.0,514.0,40.25,535.75,32.75,531.25,62.0,514.0,50.0,514.0,613.0,34.0,1449.0,29.0,1085.0,18.0
970,0.0,0.0,17539.120705183603,29,16496.8164555986,17167.18169236318,-0.05942739474259695,-0.02120625195939818,-0.021128145257873654,3.850534671743363,542,223,0.00428554085773314,0.15815108289824337,0.05905810264309665,670.3652367645852,256730.47352917123,16668.49511920732,128.3652367645856,542.0,5008.0,9543.0,0.0,155.0,135.0,0.0,209,57.64102827017726,89.0399635330526,39.964134216308594,89.0,155.0,2116.0,135.0,3637.0,106.75,2164.25,95.25,3676.75,155.0,2116.0,135.0,3637.0,1903.0,82.0,2511.0,83.0,1929.0,27.0
971,0.0,0.0,19113.731687346626,30,15887.360880493798,16616.31356092279,-0.168798582068027,-0.13066093880961704,-0.13349092858801948,4.180331495803154,583,234,0.005452690924118703,0.15901177577805917,0.04515739640500312,728.9526804290063,291905.36085801147,17457.070160050105,145.95268042900574,583.0,4831.0,10265.0,0.0,172.0,148.0,0.0,227,57.31192531394197,86.91165066223135,39.373207092285156,70.81950378417969,172.0,2255.0,148.0,4228.0,112.25,2314.75,101.75,4274.25,172.0,2255.0,148.0,4228.0,2216.0,98.0,2175.0,78.0,3244.0,49.0
972,0.0,0.0,14208.604351501437,26,12029.414878471398,12503.893121636078,-0.1533711136660486,-0.11997738748248143,-0.12090297337052336,3.3326961575812333,391,157,0.006798033068538016,0.15265122315840307,0.05859179303097804,474.4782431646754,166956.4863293512,12524.13049638187,83.4782431646756,391.0,3870.0,9178.0,0.0,105.0,103.0,0.0,166,65.10096166886467,112.91331125801074,47.0,95.1033935546875,105.0,1274.0,103.0,2819.0,70.5,1308.5,68.25,2853.75,105.0,1274.0,103.0,2819.0,1876.0,66.0,1893.0,48.0,2088.0,20.0
973,0.0,0.0,217696.27660999013,24,209395.45028969448,211346.40232651486,-0.03813030911487225,-0.02916850201738308,-0.029421163628024605,3.614593104289737,407,177,0.0053086138340504505,0.15720451846442735,0.062109041246561386,1950.9520368205228,3087904.073641048,213572.0387155318,1543.952036820524,407.0,4058.0,8038.0,0.0,117.0,89.0,0.0,154,67.35483818817646,89.50028632335649,58.67658233642578,67.0,117.0,1330.0,89.0,2160.0,72.75,1374.25,59.0,2190.0,117.0,1330.0,89.0,2160.0,1757.0,56.0,1702.0,46.0,1904.0,19.0
974,0.0,0.0,73871.44274828784,16,62331.19477607638,63143.394715685776,-0.15622069290746232,-0.14522591726219825,-0.1461374226377159,3.6895236349676175,312,139,0.004909377613378645,0.15932936967572386,0.0975209473562765,812.1999396094684,1000399.8792189371,67786.5205779958,500.1999396094686,312.0,2496.0,5565.0,0.0,82.0,75.0,0.0,125,60.45782237475142,89.99214484890085,36.0,63.0,82.0,624.0,75.0,1218.0,54.75,651.25,50.5,1242.5,82.0,624.0,75.0,1218.0,1202.0,51.0,1344.0,42.0,1847.0,24.0
975,0.0,0.0,126686.17252177981,9,111531.45568915273,112765.36972988796,-0.11962407996833035,-0.10988415321726286,-0.1109165135649508,4.149473703797041,197,96,0.005634674876347822,0.16252157575079132,0.16661016147618415,1233.9140407353523,2073828.0814707032,124945.247849927,1036.9140407353516,197.0,1758.0,2778.0,0.0,45.0,47.0,0.0,83,44.49611136120893,71.03709440376835,31.0,61.61833572387695,45.0,277.0,47.0,378.0,30.25,291.75,36.25,388.75,45.0,277.0,47.0,378.0,567.0,32.0,903.0,24.0,689.0,12.0
976,0.0,0.0,479268.97577280627,6,425984.39834320004,429679.14386023936,-0.11117885805916505,-0.10346973081786659,-0.10374661794420681,4.016180999896703,138,71,0.004681048842920663,0.16786450705521902,0.21103407770201357,3694.745517039698,7113491.034079393,442801.94507309026,3556.7455170396966,138.0,1164.0,1860.0,0.0,40.0,21.0,0.0,57,51.15608721355527,96.94240151148911,39.5,80.51378631591797,40.0,112.0,21.0,169.0,26.75,125.25,17.0,173.0,40.0,112.0,21.0,169.0,305.0,14.0,561.0,22.0,560.0,6.0
977,0.0,0.0,34583.392381252146,9,29581.053470418185,29965.864768192492,-0.14464569744018974,-0.13351864276804848,-0.13411735381057044,3.52462792783358,166,75,0.006761579554908168,0.17182404233959153,0.1632026486333269,384.8112977743415,437622.59554868273,31040.339896080066,218.81129777434137,166.0,1097.0,3439.0,0.0,35.0,47.0,0.0,73,46.69614551230904,117.13416251390734,26.0,93.0,35.0,168.0,47.0,407.0,24.75,178.25,27.75,426.25,35.0,168.0,47.0,407.0,706.0,29.0,438.0,18.0,930.0,13.0
978,0.0,0.0,13830.538539397898,15,12965.991677431371,13338.649728333416,-0.06250999261552714,-0.03556541270343738,-0.036359186141279976,3.807873574523531,271,117,0.009087839421202754,0.16404992503789012,0.08958144725696328,372.65805090205276,203316.10180410574,13348.401530737936,101.65805090205288,271.0,2591.0,4968.0,0.0,79.0,60.0,0.0,122,61.51622376305206,85.53539455278627,44.0,77.10626983642578,79.0,642.0,60.0,1048.0,55.0,666.0,41.25,1066.75,79.0,642.0,60.0,1048.0,1081.0,40.0,1259.0,35.0,1589.0,19.0
979,0.0,0.0,89789.22680192001,6,85017.07118263995,85874.24454202555,-0.05314842091031369,-0.04360191527800017,-0.04400081733901773,4.063430700591962,130,67,0.0040172048198770524,0.18662771615539298,0.2550549978577633,857.1733593856966,1454346.7187713934,89477.76066166969,727.1733593856967,130.0,1068.0,1956.0,0.0,24.0,33.0,0.0,55,63.33849517831553,79.03695195555981,63.5817756652832,64.0,24.0,94.0,33.0,179.0,13.75,104.25,23.5,188.5,24.0,94.0,33.0,179.0,369.0,24.0,505.0,11.0,485.0,15.0
980,0.0,0.0,108073.08127854945,18,96372.62279305942,97422.9908189874,-0.10826431843220108,-0.09854526523688467,-0.09884085847015256,3.5111233024871704,360,161,0.006051800662283125,0.162647457858433,0.09894877437674837,1050.3680259280145,1380736.05185603,98311.56106636583,690.3680259280151,360.0,2872.0,6200.0,0.0,90.0,91.0,0.0,152,68.36762112895046,83.17777303281409,49.18511962890625,78.95045471191406,90.0,870.0,91.0,1685.0,57.0,903.0,57.0,1719.0,90.0,870.0,91.0,1685.0,1252.0,65.0,1683.0,53.0,1728.0,22.0
981,0.0,0.0,16908.268856857703,13,15853.328686797158,16285.049039197856,-0.062391968035963585,-0.03685887792156084,-0.03658501837911321,4.211287417304942,299,129,0.0069984562450151324,0.1609500985341925,0.11510643417216783,431.720352400709,265440.7048014183,15757.693461545417,132.72035240070915,299.0,2283.0,4267.0,0.0,98.0,59.0,0.0,131,49.81404734573401,85.71514405800083,33.680572509765625,81.0,98.0,563.0,59.0,982.0,62.25,598.75,38.5,1002.5,98.0,563.0,59.0,982.0,858.0,43.0,1085.0,50.0,1351.0,16.0
982,0.0,0.0,51177.77649386952,8,39739.533044147,40145.58626313758,-0.22350020327852038,-0.21556603249563733,-0.2162912675997677,3.098787304844962,138,69,0.003795776088274286,0.18137019109260236,0.17130048346514673,406.05321899060215,536106.4379812045,43251.309725501385,268.05321899060226,138.0,1768.0,2264.0,0.0,38.0,23.0,0.0,56,61.26261911036984,73.66952599942833,48.5,66.61427307128906,38.0,163.0,23.0,224.0,25.0,176.0,16.5,230.5,38.0,163.0,23.0,224.0,487.0,11.0,997.0,19.0,760.0,6.0
983,0.0,0.0,38555.3443781212,11,41691.811173508046,42205.5164428109,0.08134972844819632,0.09467356921758019,0.09508874137214662,3.7552436333511787,208,101,0.004994501505554812,0.16790814733753415,0.11740456215770971,513.705269302883,611410.5386057656,40703.78637857798,305.7052693028828,208.0,2597.0,2947.0,0.0,61.0,35.0,0.0,90,68.26119163930154,74.93371082874411,45.0,57.351531982421875,61.0,437.0,35.0,457.0,40.75,457.25,26.0,466.0,61.0,437.0,35.0,457.0,600.0,28.0,1007.0,22.0,886.0,11.0
984,0.0,0.0,11223.88121980631,19,10358.3898539721,10825.960145594854,-0.07711159347507301,-0.03545307246385154,-0.03620430988606116,4.14522667920789,379,157,0.007186110167980372,0.15668370450944002,0.06825888932028129,467.570291622774,177140.5832455484,10683.407504230752,88.57029162277419,379.0,3412.0,6134.0,0.0,112.0,91.0,0.0,172,48.568942052554505,76.41590255668135,34.5,62.0,112.0,1195.0,91.0,1860.0,78.75,1228.25,64.25,1886.75,112.0,1195.0,91.0,1860.0,1250.0,61.0,1444.0,52.0,1314.0,19.0
985,0.0,0.0,42182.94969208293,18,35799.97902844825,36394.87253274446,-0.15131636621496536,-0.13721366574857619,-0.13839130102164743,3.2679098684469405,340,152,0.0055756227427841325,0.1565707208133996,0.10108239799786846,594.8935042962707,509787.00859254156,38999.46977690174,254.89350429627078,340.0,3380.0,5689.0,0.0,88.0,83.0,0.0,139,52.27577805342216,83.96735236934988,39.5,71.92711639404297,88.0,949.0,83.0,1380.0,58.0,979.0,55.75,1407.25,88.0,949.0,83.0,1380.0,1171.0,50.0,2103.0,54.0,1507.0,24.0
986,0.0,0.0,316030.2116730666,29,276815.04931807425,279474.5223587962,-0.12408675153994597,-0.11567150216665767,-0.11605268885286402,3.6350517501566166,554,245,0.0026873724137608697,0.15541519841395704,0.049247880261613475,2659.473040722201,4210946.0814443985,289607.0242509594,2105.473040722199,554.0,4885.0,9731.0,0.0,143.0,137.0,0.0,207,60.02162928309602,89.41230971836373,47.18284225463867,75.0,143.0,2020.0,137.0,3703.0,92.5,2070.5,88.75,3751.25,143.0,2020.0,137.0,3703.0,1960.0,89.0,2394.0,67.0,3045.0,41.0
987,0.0,0.0,12176.177719192588,18,10477.117962482116,10947.808790858377,-0.13953966473668866,-0.10088296644997274,-0.10151914951871566,4.904103699095933,365,160,0.005854002446997789,0.16559841819416818,0.07878696240094533,470.69082837627025,211381.65675254067,10775.753823859224,105.69082837627033,365.0,2437.0,6615.0,0.0,93.0,94.0,0.0,158,41.821082186795,78.03812341722474,29.0,58.873931884765625,93.0,760.0,94.0,1891.0,70.25,782.75,66.25,1918.75,93.0,760.0,94.0,1891.0,1334.0,51.0,1078.0,35.0,1667.0,25.0
988,0.0,0.0,16518.139235034083,16,14541.118631797683,14920.59671413803,-0.11968785194904075,-0.0967144360611607,-0.09645867457343005,3.5729415605760866,276,123,0.006403971360411645,0.16860099285036814,0.08959984355229642,379.47808234035847,206956.164680717,14480.796926842837,103.4780823403585,276.0,2227.0,5806.0,0.0,68.0,69.0,0.0,119,42.98171311360259,109.80880846640818,30.5,97.0,68.0,573.0,69.0,1185.0,49.5,591.5,45.25,1208.75,68.0,573.0,69.0,1185.0,1292.0,45.0,1063.0,30.0,1583.0,15.0
989,0.0,0.0,277356.80758332135,23,287661.44278335926,290421.57162575633,0.03715299180800624,0.04710453713493279,0.047575073032151804,4.286652992463342,440,200,0.005037385926515034,0.15567171166849536,0.072141058657393,2760.128842397313,4640257.684794623,270622.4234241131,2320.128842397312,440.0,3961.0,7631.0,0.0,120.0,97.0,0.0,176,53.35344814166921,97.40053171878455,43.0,83.0,120.0,1428.0,97.0,2403.0,86.0,1462.0,64.75,2435.25,120.0,1428.0,97.0,2403.0,1592.0,64.0,1707.0,54.0,1801.0,25.0
990,0.0,0.0,43420.29496865042,11,33131.91716761096,33658.099113531025,-0.23694859301319116,-0.22483025189413686,-0.22621758470833175,4.041431369974845,222,106,0.0037102751879411707,0.16791155251016004,0.1420957567740763,526.1819459201247,608363.8918402491,37632.947101365455,304.1819459201245,222.0,1510.0,4034.0,0.0,51.0,54.0,0.0,96,50.468267538201054,86.54741650096439,47.0,65.7095947265625,51.0,249.0,54.0,702.0,38.25,261.75,35.75,720.25,51.0,249.0,54.0,702.0,813.0,33.0,668.0,23.0,1047.0,17.0
991,0.0,0.0,48641.48548169748,15,39569.07853896234,40174.45653583281,-0.186515828060984,-0.17407011447153664,-0.17500955729509693,3.616187039531244,295,134,0.005441948164813503,0.16384327694377346,0.09355611211337693,605.3779968704878,620755.9937409766,42915.09170813268,310.3779968704883,295.0,2930.0,4629.0,0.0,83.0,63.0,0.0,120,76.64031911169502,75.048597160127,47.721168518066406,71.89215087890625,83.0,714.0,63.0,939.0,54.75,742.25,42.5,959.5,83.0,714.0,63.0,939.0,893.0,42.0,1373.0,40.0,1450.0,20.0
992,0.0,0.0,302420.3579603335,17,278133.0422425548,280978.3999481507,-0.08030979092010848,-0.07090117264855311,-0.07118985385998733,4.328958426701827,365,171,0.0047961349356072484,0.1597182336591183,0.09729148215751444,2845.3577055961123,4960715.4111922225,286484.35271366895,2480.3577055961114,365.0,3025.0,5543.0,0.0,91.0,86.0,0.0,146,46.06139776364947,81.06106870478463,37.28532791137695,56.94590759277344,91.0,882.0,86.0,1423.0,61.25,911.75,58.75,1450.25,91.0,882.0,86.0,1423.0,1021.0,57.0,1452.0,47.0,1271.0,25.0
993,0.0,0.0,206623.06015952086,16,221058.07401487345,223122.34629793346,0.06986158197544956,0.07985210424080713,0.08047903476474749,4.204792677307569,320,143,0.008472643592481933,0.163821490159695,0.09180694090605936,2064.2722830601615,3488544.566120323,207414.77843529038,1744.2722830601615,320.0,2910.0,5154.0,0.0,94.0,67.0,0.0,129,50.244432315348526,75.51084230932953,40.00139617919922,53.0,94.0,745.0,67.0,1158.0,59.5,779.5,49.25,1175.75,94.0,745.0,67.0,1158.0,1136.0,40.0,1303.0,38.0,1457.0,19.0
994,0.0,0.0,448101.4024373765,28,455952.0809878852,460220.0080007744,0.01751987051994508,0.02704433750370039,0.02717055299709381,4.125346355478904,564,252,0.0029482014766842113,0.1571485239305164,0.05167513684697947,4267.927012889554,7407854.025779104,448923.15623030515,3703.927012889552,564.0,5449.0,8663.0,0.0,169.0,115.0,0.0,206,57.944126823648986,77.46218147794318,37.496097564697266,65.08486938476562,169.0,2227.0,115.0,3257.0,117.25,2278.75,79.25,3292.75,169.0,2227.0,115.0,3257.0,1757.0,73.0,2630.0,72.0,2435.0,38.0
995,0.0,0.0,28119.655755649925,12,30238.611552233167,30714.544792776334,0.07535496931385777,0.09228025619072633,0.09209379153364483,4.038690207754189,230,110,0.0078502222458993,0.1662593304748715,0.12128996092261218,475.9332405431836,491866.48108636733,30447.153395300993,245.93324054318367,230.0,2537.0,3504.0,0.0,66.0,42.0,0.0,95,69.68994032747459,77.40157023603038,49.41592788696289,57.964378356933594,66.0,465.0,42.0,566.0,47.75,483.25,31.0,577.0,66.0,465.0,42.0,566.0,726.0,28.0,955.0,28.0,991.0,13.0
996,0.0,0.0,219294.06285502904,12,205626.7708930951,207855.63736552355,-0.062324040076584875,-0.05216021510380431,-0.05213406670873433,4.838376549632248,277,133,0.005690236364049934,0.1719445727961638,0.11374720450676798,2228.8664724287933,3903732.9448575843,201706.75560350384,1951.8664724287921,277.0,1691.0,4357.0,0.0,66.0,66.0,0.0,111,40.552706945206474,80.63925237770661,29.0,63.742008209228516,66.0,375.0,66.0,825.0,47.0,394.0,45.75,845.25,66.0,375.0,66.0,825.0,930.0,38.0,802.0,25.0,1285.0,24.0
997,0.0,0.0,15340.521149658322,29,14569.292469320428,15215.24286031315,-0.050273955676862436,-0.00816649500515576,-0.007201780039155836,3.9827528876183087,531,214,0.005857620056590749,0.15657091298549405,0.046728958076400366,645.9503909927356,229900.78198547114,14431.022239679556,114.95039099273558,531.0,5686.0,8893.0,0.0,175.0,113.0,0.0,216,57.405863899212115,86.99959929146246,46.0,73.0,175.0,2517.0,113.0,3444.0,117.5,2574.5,81.5,3475.5,175.0,2517.0,113.0,3444.0,1695.0,68.0,2620.0,78.0,2933.0,38.0
998,0.0,0.0,128558.60483226762,28,122897.62095424514,124251.62682763368,-0.04403426659311105,-0.0335020593156975,-0.033313698221904886,3.5577428712760426,499,212,0.0046168360657151825,0.15430659828024865,0.053478221909147854,1354.0058733885078,1710011.7467770146,120161.2798231601,855.0058733885073,499.0,5392.0,8719.0,0.0,155.0,104.0,0.0,190,66.46058134202555,87.8508999725086,44.0,82.07632446289062,155.0,2105.0,104.0,2955.0,103.5,2156.5,70.25,2988.75,155.0,2105.0,104.0,2955.0,1777.0,71.0,2769.0,76.0,2177.0,25.0
999,0.0,0.0,16387.57427813485,18,14434.940158468378,14885.412723345884,-0.11915333450367793,-0.09166466795474582,-0.09287705856341066,3.906912132540323,332,144,0.006345585631322423,0.1645619563691736,0.0795541063278787,450.4725648775145,236945.12975502954,15161.918269260184,118.47256487751477,332.0,2714.0,6322.0,0.0,84.0,86.0,0.0,146,52.41337297211624,82.83512183290068,46.347103118896484,58.5,84.0,850.0,86.0,1599.0,58.25,875.75,59.25,1625.75,84.0,850.0,86.0,1599.0,1250.0,48.0,1253.0,43.0,1656.0,25.0
