agent_id,delta,kappa,initial_wealth,capacity,final_net,final_gross,net_return,gross_return,gross_return_comp,turnover,trade_count,num_lots_opened,mean_cash_weight,portfolio_vol,hhi,costs_paid,volume_mid,mean_portfolio_value,spread_cost,commission_cost,position_days_in_gain,position_days_in_loss,position_days_neutral,sells_from_gain,sells_from_loss,sells_from_neutral,sale_days,mean_holding_winners,mean_holding_losers,median_holding_winners,median_holding_losers,G_r_full,G_p_full,L_r_full,L_p_full,G_r_frac,G_p_frac,L_r_frac,L_p_frac,G_r,G_p,L_r,L_p,cell_A_rebote_bajo_agua_opp,cell_A_rebote_bajo_agua_sell,cell_B_ganadora_infraponderada_opp,cell_B_ganadora_infraponderada_sell,cell_C_perdedora_sobreponderada_opp,cell_C_perdedora_sobreponderada_sell
0,0.01017619096642186,0.31494027382968026,131880.84797012885,7,142752.52360120782,144351.71732551712,0.08243559090203467,0.09456164065773165,0.09614920243187153,5.398680491641805,231,108,0.014000826569845285,0.18394536008794352,0.22895460587651995,1599.1937243094615,2736387.4486189187,126715.56748243263,1368.1937243094594,231.0,1706.0,1822.0,0.0,61.0,55.0,0.0,109,49.51232993864186,46.719005049650114,35.10663986206055,35.0,61.0,282.0,55.0,365.0,41.75,301.25,32.25,387.75,61.0,282.0,55.0,365.0,308.0,8.0,922.0,31.0,550.0,11.0
1,0.8650588105593133,0.8763601783337313,52957.69556215866,27,51491.19055049574,53119.347183385464,-0.027692009557735098,0.003052467059052155,0.003274648494277388,6.86587071852473,925,383,0.004910407025767941,0.17095056714149745,0.05602184933446541,1628.1566328898098,1406313.2657796186,51206.66130463469,703.1566328898093,925.0,3576.0,10031.0,0.0,431.0,84.0,0.0,309,28.796791425827518,62.86137719784489,17.0,45.5,431.0,2176.0,84.0,5651.0,299.0,2308.0,59.5,5675.5,431.0,2176.0,84.0,5651.0,2379.0,15.0,1867.0,225.0,3389.0,28.0
2,0.03817956181747728,0.5353037446409902,58687.53309081687,15,54901.42427656731,56479.304552787304,-0.06451299986303205,-0.03762687613078586,-0.037164823327610286,8.497534742347804,646,266,0.011116905299779368,0.180964944278717,0.09956826083855783,1577.8802762200733,1863760.5524401509,54832.38989162426,931.8802762200754,646.0,3820.0,3740.0,0.0,178.0,187.0,0.0,259,33.63007180278809,33.09122791886093,25.8131046295166,22.0,178.0,1737.0,187.0,1783.0,115.5,1799.5,122.0,1848.0,178.0,1737.0,187.0,1783.0,583.0,32.0,1905.0,92.0,1016.0,55.0
3,0.9751263221367706,0.928217278950552,71849.55067423181,8,68521.21060556505,69460.599575392,-0.04632374228417324,-0.03324935335603407,-0.03390314255795335,5.114394925014018,212,102,0.00430899214440795,0.18310478806974506,0.17279224988749206,939.3889698270156,1454777.9396540301,71111.92824291148,727.3889698270151,212.0,670.0,3362.0,0.0,89.0,13.0,0.0,91,23.17994938769673,101.271256989866,15.327666282653809,63.9110221862793,89.0,147.0,13.0,479.0,64.75,171.25,10.0,482.0,89.0,147.0,13.0,479.0,877.0,3.0,334.0,43.0,1008.0,5.0
4,0.7385357681042328,0.9078622223377144,147902.65426724902,26,135030.41635690452,138680.54585704478,-0.08703182491292771,-0.06235255517146143,-0.061952901178509934,9.396634229241421,1151,470,0.004415020341979499,0.16924214149920866,0.05976526714062277,3650.1295001406265,4998259.000281262,132980.0351472435,2499.129500140631,1151.0,3963.0,9139.0,0.0,471.0,184.0,0.0,356,24.9356269321299,41.984685708376325,18.0,30.97690200805664,471.0,2604.0,184.0,5995.0,321.0,2754.0,124.25,6054.75,471.0,2604.0,184.0,5995.0,1776.0,37.0,2095.0,242.0,3023.0,56.0
5,0.3417026371668783,0.05536274302031374,14051.663114569987,29,12881.947464095665,13361.432400639751,-0.08324392927278901,-0.04912092670472179,-0.048192106505263954,3.135236927341276,400,165,0.006968044994935952,0.16997074480099003,0.04834231827720739,479.4849365440942,158969.8730881886,12676.065379769976,79.4849365440943,400.0,5236.0,9320.0,0.0,108.0,98.0,0.0,171,78.24597695398181,100.80732191913188,60.0,63.5,108.0,1732.0,98.0,3005.0,71.25,1768.75,71.75,3031.25,108.0,1732.0,98.0,3005.0,2160.0,26.0,2234.0,42.0,1871.0,27.0
6,0.3789856829846291,0.460682171711736,61027.848273221796,23,56572.582377512954,58177.83293877076,-0.07300381746645579,-0.046700242841456685,-0.04656488313259932,6.791594198838213,836,353,0.003898736598435796,0.1694007283592594,0.06505070055858445,1605.2505612579225,1538501.1225158444,56632.54743558678,769.2505612579222,836.0,4986.0,6604.0,0.0,289.0,171.0,0.0,306,36.37005327301477,49.105764118644565,25.0,39.184932708740234,289.0,2873.0,171.0,3704.0,198.0,2964.0,112.0,3763.0,289.0,2873.0,171.0,3704.0,1161.0,24.0,2504.0,151.0,2107.0,39.0
7,0.9977315149001659,0.7760830114235664,24132.047488719494,20,21565.50439846652,21997.988563648672,-0.10635413722986842,-0.0884325677739689,-0.08896550467674957,2.7101104229769994,316,136,0.005434845013470124,0.1841013372862224,0.07721944832995599,432.48416518216516,232968.33036433003,21490.667722352362,116.48416518216501,316.0,1383.0,8603.0,0.0,160.0,0.0,0.0,126,51.363576675518786,,22.17422866821289,,160.0,446.0,0.0,1899.0,109.5,496.5,0.0,1899.0,160.0,446.0,0.0,1899.0,2347.0,0.0,985.0,106.0,3243.0,0.0
8,0.0018894296088022289,0.05804548975538382,125869.52327540731,13,98396.29062717178,99341.07254294709,-0.2182675514558282,-0.21076150955473916,-0.21165016257564195,3.206341088796526,224,109,0.005018492694620551,0.1846541837590015,0.10929047057190226,944.7819157753821,1441563.8315507649,112399.44469630992,720.7819157753825,224.0,2577.0,3975.0,0.0,36.0,66.0,0.0,96,72.23462818577015,91.02199147798797,58.13957977294922,77.291259765625,36.0,465.0,66.0,681.0,24.5,476.5,41.75,705.25,36.0,465.0,66.0,681.0,801.0,14.0,1154.0,16.0,1198.0,23.0
9,0.691392653036887,0.8400963510722687,48527.023387878355,11,53967.90906937427,55408.7258433833,0.11212073812990142,0.14181175714197902,0.14502800969167073,9.193621574987377,539,245,0.011983425735504923,0.1784679877641242,0.13571123851933706,1440.8167740091224,1803633.5480182439,49045.78498546478,901.8167740091219,539.0,1938.0,3606.0,0.0,216.0,67.0,0.0,221,22.154940823345356,40.59161332490222,17.0,32.81480026245117,216.0,720.0,67.0,1428.0,148.75,787.25,45.0,1450.0,216.0,720.0,67.0,1428.0,603.0,8.0,1112.0,116.0,1320.0,27.0
10,0.2288932618545182,0.26578068937199484,201133.70937129259,13,218001.28578806788,220620.82849571435,0.08386250355298608,0.09688639057736737,0.0979408997540987,5.560686402307154,389,173,0.007314025970271636,0.1815735857884075,0.10648625997957624,2619.5427076468295,4461085.415293659,200563.61267930584,2230.5427076468295,389.0,2924.0,3628.0,0.0,111.0,92.0,0.0,165,43.91393266519033,42.755770648489154,30.988685607910156,34.867759704589844,111.0,869.0,92.0,1073.0,74.25,905.75,62.75,1102.25,111.0,869.0,92.0,1073.0,654.0,14.0,1256.0,43.0,1295.0,27.0
11,0.17463633307346282,0.12044298233230788,121346.90731992062,13,111690.31849322615,112720.79100654244,-0.07957836783788574,-0.0710864125332521,-0.07084308293256092,3.5562968872922203,255,118,0.005984444602051623,0.18798204124817858,0.10737534833433533,1030.4725133163206,1550945.0266326398,109028.08987732854,775.4725133163199,255.0,2811.0,3736.0,0.0,62.0,62.0,0.0,110,69.24256814787738,80.71258954527217,53.5,81.90541076660156,62.0,543.0,62.0,761.0,38.75,566.25,41.25,781.75,62.0,543.0,62.0,761.0,779.0,12.0,1312.0,32.0,1284.0,21.0
12,0.5976911377333081,0.6084562987325255,82360.63210192222,26,71807.9917525175,73758.92563884759,-0.12812723846443663,-0.10443953917728466,-0.1045483674098312,7.011224251309936,932,393,0.004618797298471321,0.17496614056542112,0.056924029569392506,1950.9338863301944,2037867.7726603863,72664.47697346305,1018.9338863301932,932.0,4167.0,8937.0,0.0,328.0,185.0,0.0,327,27.58813842560759,57.690750419813156,21.0,45.0,328.0,2587.0,185.0,5402.0,226.5,2688.5,123.75,5463.25,328.0,2587.0,185.0,5402.0,1704.0,29.0,2128.0,180.0,2896.0,57.0
13,0.4331606256649164,0.6712664764786078,77357.69540790564,28,64447.991136312325,66922.38938590047,-0.16688325839492368,-0.13489680589603914,-0.1365394253416472,9.072338490194921,1222,503,0.004250737437484844,0.1737645587347636,0.05487630329577438,2474.398249588294,2504796.4991765823,69022.90136891614,1252.3982495882913,1222.0,5274.0,8833.0,0.0,394.0,297.0,0.0,378,25.319714229359025,37.89643473549283,17.483657836914062,29.0,394.0,3703.0,297.0,6188.0,270.75,3826.25,210.25,6274.75,394.0,3703.0,297.0,6188.0,1569.0,51.0,2502.0,189.0,2808.0,93.0
14,0.7231517129230968,0.23992222538042984,208717.8881785089,13,189902.44859627064,191853.49142493497,-0.09014770964981256,-0.08079995874215828,-0.08077761230481484,4.412115633352484,299,146,0.006199263399049053,0.18495193452659106,0.10670566345833131,1951.0428286645747,3304085.6573291495,187216.62870486616,1652.0428286645747,299.0,1937.0,4615.0,0.0,106.0,34.0,0.0,123,50.206941668372245,77.25542971080513,31.369548797607422,61.0,106.0,461.0,34.0,998.0,72.75,494.25,26.25,1005.75,106.0,461.0,34.0,998.0,1022.0,10.0,968.0,55.0,1289.0,14.0
15,0.6223281108942532,0.6727426779752435,16536.05138877434,26,14140.829468679662,15317.2524672513,-0.1448484806790512,-0.07370555962050496,-0.07244410443662119,8.03405859503729,946,362,0.0073653214995256,0.17483922103166674,0.054133836307111716,1176.4229985716518,460845.9971433031,14340.3857369167,230.42299857165156,946.0,4152.0,8911.0,0.0,370.0,188.0,0.0,322,28.167368643964856,49.6505503697856,19.5,41.0,370.0,2585.0,188.0,5208.0,251.25,2703.75,128.75,5267.25,370.0,2585.0,188.0,5208.0,1815.0,37.0,2163.0,184.0,2888.0,65.0
16,0.9902866684363276,0.32545778784835555,13381.502713964135,8,11788.866189004553,11903.06181770741,-0.11901776347566717,-0.11048392156389975,-0.11083986621989528,1.558050464606777,77,40,0.0020279104772658063,0.18949247543237818,0.15453339339306085,114.19562870286654,74391.2574057331,11936.593052605018,37.19562870286655,77.0,570.0,3462.0,0.0,29.0,0.0,0.0,28,56.344056420619864,,53.28702926635742,,29.0,30.0,0.0,165.0,18.5,40.5,0.0,165.0,29.0,30.0,0.0,165.0,914.0,0.0,195.0,14.0,1294.0,0.0
17,0.14832596836425394,0.5505526721101544,444808.34048552695,27,385315.1975658,394006.9295838339,-0.13375006155412394,-0.1142096635288834,-0.11531079158659252,9.113151223100335,1167,469,0.00542251346127026,0.17260792096576497,0.06102072388194544,8691.732018034696,15049464.03606936,412850.1675118002,7524.73201803468,1167.0,6360.0,7248.0,0.0,351.0,320.0,0.0,382,30.82275205833778,35.764926569716,24.894628524780273,27.017444610595703,351.0,4518.0,320.0,5125.0,226.5,4642.5,221.25,5223.75,351.0,4518.0,320.0,5125.0,1124.0,47.0,3311.0,178.0,2173.0,106.0
18,0.19115306242131425,0.06117905883660113,79262.1961483431,29,81526.33801020173,82578.30715123215,0.028565217365680518,0.04183723343575774,0.042524690149563726,3.568559856171016,498,219,0.003241948592418364,0.16995807994440312,0.04654847704126109,1051.9691410304983,1107938.2820609978,77618.02566832874,553.9691410304989,498.0,6326.0,8290.0,0.0,143.0,107.0,0.0,196,68.83858881838357,86.16935351538655,45.0,68.0,143.0,2431.0,107.0,3003.0,97.75,2476.25,73.25,3036.75,143.0,2431.0,107.0,3003.0,1700.0,22.0,2425.0,56.0,2042.0,26.0
19,0.20399583323321502,0.6968224914940713,16798.02776421664,23,15225.877131057756,16576.52401934527,-0.09359138198996775,-0.013186294723432912,-0.012310698071124171,9.11747206261056,1064,424,0.005633389722307868,0.1695162448682159,0.06248793273129697,1350.6468882875556,573293.7765751093,15719.647196016773,286.6468882875547,1064.0,5512.0,6053.0,0.0,335.0,282.0,0.0,370,27.02227001359654,32.66993516054255,21.0,23.0,335.0,3754.0,282.0,4119.0,233.0,3856.0,190.25,4210.75,335.0,3754.0,282.0,4119.0,859.0,40.0,2535.0,173.0,1949.0,87.0
20,0.6439794777883456,0.5247342047985837,462598.9338168745,19,452441.09720517625,458776.72751201515,-0.02195819287322298,-0.008262462417114924,-0.0082299762350877,6.379144807977711,641,283,0.005279829221398738,0.1823415766477132,0.08268487726878715,6335.630306839616,11389260.613679215,446347.47119378333,5694.630306839607,641.0,2889.0,6687.0,0.0,230.0,109.0,0.0,245,31.51688812067313,53.947697022916486,21.751293182373047,39.0,230.0,1406.0,109.0,2910.0,159.5,1476.5,72.25,2946.75,230.0,1406.0,109.0,2910.0,1433.0,23.0,1728.0,133.0,2078.0,37.0
21,0.9627956631879931,0.8679784931461161,408710.31083071505,22,385888.39720023185,390289.4586399401,-0.05583884973221509,-0.04507068136679515,-0.04551321067017644,4.924702892177468,538,231,0.00404876662363064,0.1768690031453171,0.06603768454663944,4401.06143970897,7726122.879417953,392212.6394513229,3863.0614397089766,538.0,1929.0,9159.0,0.0,256.0,29.0,0.0,196,37.47267651182448,109.74684115056536,19.0,67.0,256.0,867.0,29.0,3160.0,175.75,947.25,17.25,3171.75,256.0,867.0,29.0,3160.0,2323.0,7.0,1027.0,129.0,3206.0,9.0
22,0.8519536380754064,0.01252158268119008,19458.424084008573,10,20648.914776196514,20842.739355885817,0.06118124916222367,0.07114220894254797,0.071423346224043,2.1904094750847833,106,53,0.002167720758941644,0.17910081984782458,0.12596835911841053,193.82457968931703,175649.15937863386,20047.525517099384,87.82457968931693,106.0,1469.0,3562.0,0.0,35.0,8.0,0.0,41,91.49470865971618,117.71483698571693,60.0,82.0,35.0,131.0,8.0,235.0,26.0,140.0,4.75,238.25,35.0,131.0,8.0,235.0,948.0,2.0,383.0,8.0,925.0,2.0
23,0.27919151803843745,0.825664702460862,47321.38772772227,28,45872.35537146341,48309.24931616811,-0.03062108754283155,0.020875583660601826,0.022936031024860748,10.972026196267809,1445,569,0.004580433492613215,0.17484045447123261,0.05586680999832968,2436.893944704839,1983787.8894096795,45201.037937834924,991.8939447048398,1445.0,6135.0,7974.0,0.0,492.0,356.0,0.0,410,27.057979112676676,29.643819562614294,19.0,21.0,492.0,4526.0,356.0,6103.0,342.75,4675.25,245.25,6213.75,492.0,4526.0,356.0,6103.0,1243.0,51.0,3022.0,240.0,2208.0,99.0
24,0.18429491025480516,0.1572994008047106,14933.009860619064,5,18715.466992276753,18986.46364722957,0.2532950267201446,0.2714425172449775,0.27609961230718527,4.92484955315583,129,60,0.008343144174042402,0.2053274180974781,0.3624051792176392,270.9966549528306,283993.30990566086,14416.344440597113,141.99665495283043,129.0,1189.0,1308.0,0.0,39.0,25.0,0.0,62,52.699714801679725,65.20316547525243,33.0,48.0,39.0,130.0,25.0,114.0,26.25,142.75,18.25,120.75,39.0,130.0,25.0,114.0,280.0,5.0,732.0,22.0,503.0,7.0
25,0.9499284805960682,0.8719909754508436,398708.143089869,28,383402.0371822444,387777.9918563394,-0.038389248308316026,-0.027413915223361673,-0.027375900408629583,4.8308723335204515,754,310,0.004167681847374189,0.1764981763904816,0.05747540387542563,4375.954674095207,7243909.348190411,374875.8427089027,3621.9546740952055,754.0,2717.0,11395.0,0.0,384.0,32.0,0.0,266,35.78846828934407,83.28004567533499,21.0,51.5,384.0,1479.0,32.0,5553.0,251.0,1612.0,22.25,5562.75,384.0,1479.0,32.0,5553.0,2771.0,9.0,1558.0,217.0,3506.0,10.0
26,0.7211184235146361,0.5200624830085817,29127.372852973742,23,28336.497614455166,29376.305398180244,-0.027152302492596148,0.008546343896617126,0.010309684272501007,6.400002113542219,690,294,0.0058540708365083,0.1721348182570136,0.06542926666104915,1039.8077837251212,699615.5674502422,27328.72407846069,349.8077837251211,690.0,3439.0,8129.0,0.0,259.0,114.0,0.0,257,34.25008140084461,61.74093768427272,24.0,42.68605041503906,259.0,1691.0,114.0,3840.0,175.75,1774.25,77.5,3876.5,259.0,1691.0,114.0,3840.0,1754.0,21.0,1559.0,113.0,2228.0,40.0
27,0.20326092507110793,0.7629718488094126,264945.9369856603,17,240078.07028426483,245912.95838890775,-0.09386015495961875,-0.0718372163517369,-0.07219065072494557,10.116232322045965,864,360,0.00898694386432023,0.18106623749780848,0.09346365950074505,5834.888104643356,9941776.209286712,245688.70832525595,4970.888104643356,864.0,3637.0,4931.0,0.0,253.0,234.0,0.0,323,24.969930411561986,27.332784278020974,17.95671844482422,21.0,253.0,2120.0,234.0,2884.0,178.5,2194.5,157.75,2960.25,253.0,2120.0,234.0,2884.0,774.0,36.0,1867.0,134.0,1418.0,70.0
28,0.16150588906283525,0.7921191288434654,188111.0502436173,23,157892.31529123275,162649.49922783318,-0.16064306117715632,-0.13535382946833574,-0.13633217193890534,10.744673551257577,1186,476,0.005687303196612525,0.17613400121264608,0.0685873632122009,4757.183936600867,7142367.8732017465,166183.91985407946,3571.1839366008735,1186.0,4970.0,6622.0,0.0,347.0,340.0,0.0,387,26.925880872617242,32.13558332976131,20.0,23.0,347.0,3521.0,340.0,4693.0,234.5,3633.5,227.75,4805.25,347.0,3521.0,340.0,4693.0,983.0,53.0,2233.0,172.0,2164.0,102.0
29,0.0062946645909371934,0.5837182812848434,14133.124756263542,5,10837.56779500647,11329.757153967008,-0.23317964131014568,-0.1983544085715463,-0.20050763701667607,9.790423322956132,264,127,0.012357928322405218,0.20003684868012836,0.2954175617080848,492.1893589605647,456378.7179211291,11653.702369820756,228.18935896056453,264.0,1359.0,1152.0,0.0,69.0,63.0,0.0,120,24.672198548832167,23.5024191626161,14.0,16.0,69.0,263.0,63.0,204.0,49.5,282.5,45.75,221.25,69.0,263.0,63.0,204.0,131.0,7.0,664.0,36.0,337.0,22.0
30,0.39641301810534735,0.6547187851230531,361340.41337199695,15,317643.1959959168,324298.9241100693,-0.12093088887650727,-0.10251133803788992,-0.102825470846582,9.163285889435718,692,306,0.006843714751723604,0.1739727262561691,0.1004439117562048,6655.728114153291,11927456.22830658,325414.2774825364,5963.72811415329,692.0,2864.0,4696.0,0.0,227.0,144.0,0.0,273,25.892553087886604,33.127139404533814,18.0,26.287765502929688,227.0,1450.0,144.0,2274.0,158.0,1519.0,98.75,2319.25,227.0,1450.0,144.0,2274.0,789.0,22.0,1521.0,111.0,1533.0,48.0
31,0.8892195965598884,0.18855767471461904,35914.654076549756,30,33147.52411023591,33741.44776034066,-0.0770473790563565,-0.06051029508949313,-0.06075072302061191,2.7059979295689254,414,178,0.0040106776093080995,0.1729606321912319,0.04613843599808949,593.9236501047719,359847.3002095439,33245.34142075903,179.92365010477195,414.0,3081.0,12030.0,0.0,172.0,34.0,0.0,163,64.99757252343873,147.88617824030757,34.0,123.34963989257812,172.0,1035.0,34.0,3645.0,117.5,1089.5,20.0,3659.0,172.0,1035.0,34.0,3645.0,3077.0,13.0,1517.0,89.0,4038.0,11.0
32,0.9019538086460321,0.5651426416542804,14605.409887130121,26,15166.348905018724,16013.05894570174,0.0384062496173343,0.09637860693057299,0.09996743971260069,5.55883906409406,685,278,0.005227033119791804,0.16689697178354104,0.05012362970198356,846.7100406830225,323420.08136604354,14545.306926364141,161.71004068302176,685.0,3373.0,9676.0,0.0,333.0,48.0,0.0,273,36.498518092871514,84.67501529788449,22.0,62.0,333.0,1800.0,48.0,4898.0,233.0,1900.0,36.75,4909.25,333.0,1800.0,48.0,4898.0,2317.0,13.0,1678.0,175.0,3451.0,13.0
33,0.9756434628966901,0.45054319818276367,61187.70573677343,9,56731.14018182359,57168.341141507306,-0.07283433005515472,-0.06568908814063457,-0.06613043367020643,2.463876155660437,148,70,0.006243750350488666,0.20199327693886582,0.16522923220710972,437.20095968373715,578401.9193674743,58688.20943360633,289.20095968373715,148.0,721.0,3815.0,0.0,67.0,2.0,0.0,65,60.714273865620086,175.02117900630472,35.0,175.02117919921875,67.0,109.0,2.0,407.0,43.0,133.0,1.25,407.75,67.0,109.0,2.0,407.0,1006.0,0.0,400.0,44.0,1647.0,0.0
34,0.12176126995494996,0.5724352089300107,16706.809141595222,23,14646.359846299336,15854.993169822508,-0.12332991164458518,-0.05098615567780285,-0.05239285752072531,8.811252459548681,935,369,0.007322786028229119,0.17461406991202053,0.06460955003570366,1208.6333235232207,547266.6470464404,15527.493099274781,273.6333235232202,935.0,5426.0,6142.0,0.0,277.0,266.0,0.0,340,32.12409277892561,35.90381683769464,22.0,24.16553497314453,277.0,3501.0,266.0,3761.0,189.75,3588.25,184.0,3843.0,277.0,3501.0,266.0,3761.0,928.0,35.0,2664.0,122.0,1811.0,86.0
35,0.054581064248228506,0.9627902702018436,422855.7948850426,30,410559.3467655196,422800.49482099916,-0.02907953081940362,-0.00013077759537027944,0.001061247907911289,12.990616962690366,1822,703,0.004354875184593039,0.171122313120746,0.04954770326669276,12241.148055480537,20838296.110961087,401025.9129879976,10419.148055480544,1822.0,7170.0,7950.0,0.0,515.0,574.0,0.0,453,22.55965694132373,24.414867802262915,17.0,19.0,515.0,5905.0,574.0,6596.0,357.25,6062.75,384.5,6785.5,515.0,5905.0,574.0,6596.0,1134.0,84.0,3262.0,232.0,2480.0,183.0
36,0.6829671862228939,0.0841822340858035,72583.78869367071,6,57858.12226488774,58365.92781451833,-0.20287817285110998,-0.19588204384255536,-0.19636065513045142,3.3307420422932297,100,52,0.006757285619491964,0.19137589165889554,0.19982207823780337,507.80554963063713,815611.0992612741,61218.42286979709,407.8055496306371,100.0,855.0,2169.0,0.0,25.0,17.0,0.0,41,50.06638175070357,93.02186559005511,31.0,77.0,25.0,49.0,17.0,155.0,18.25,55.75,12.0,160.0,25.0,49.0,17.0,155.0,534.0,7.0,361.0,9.0,550.0,6.0
37,0.5106162257437344,0.048920239543794874,359031.7382051122,30,357241.4778942251,360206.5076953705,-0.004986356693246874,0.0032720491400879403,0.0035840136700795444,3.576181762823064,517,234,0.0039390660327301595,0.16881213581430948,0.057254051211423976,2965.029801145568,4896059.602291133,342268.6490091983,2448.0298011455666,517.0,5783.0,9337.0,0.0,173.0,80.0,0.0,195,64.34003850501075,88.65517786737618,46.780517578125,64.39176940917969,173.0,2281.0,80.0,3316.0,114.0,2340.0,58.5,3337.5,173.0,2281.0,80.0,3316.0,2017.0,22.0,2798.0,83.0,2471.0,23.0
38,0.2248442076473376,0.30347654818080483,125814.74444435645,16,112790.8271807001,114885.1662570617,-0.10351662137195994,-0.08687040803972323,-0.08731147127213812,6.659859870163179,538,242,0.010244628374622162,0.17931657893068112,0.0943069327567601,2094.3390763617635,3112678.1527235303,116844.73147357919,1556.3390763617651,538.0,3572.0,4492.0,0.0,152.0,128.0,0.0,224,34.08981068837031,42.160812165689485,27.197364807128906,31.384153366088867,152.0,1477.0,128.0,1827.0,105.5,1523.5,91.5,1863.5,152.0,1477.0,128.0,1827.0,786.0,18.0,1765.0,72.0,1354.0,37.0
39,0.6122204120464895,0.29145703021556446,14602.794068828529,27,13428.678374905414,14201.936862524099,-0.08040349596036622,-0.027450719664677714,-0.027194482999384095,4.926949733178828,639,242,0.007066920106281369,0.16964755354848837,0.055111040045523564,773.2584876187026,268516.97523740557,13624.909415513794,134.2584876187028,639.0,4238.0,9292.0,0.0,236.0,134.0,0.0,267,49.688438976961905,82.08690740560283,29.0,63.5,236.0,2271.0,134.0,4533.0,155.75,2351.25,87.0,4580.0,236.0,2271.0,134.0,4533.0,2072.0,28.0,1990.0,112.0,2895.0,45.0
40,0.45879873563491447,0.3020469867305292,17142.079400098944,15,14110.512576572039,14671.891135516391,-0.1768494214015487,-0.14410085304868525,-0.14525607038167798,5.458012985010655,400,177,0.007478541620234668,0.1754372238853634,0.0879219547985164,561.378558944362,322757.11788872327,14783.636406468404,161.37855894436163,400.0,2462.0,5088.0,0.0,116.0,92.0,0.0,180,39.684799451531504,61.64870417332913,25.372163772583008,55.12264633178711,116.0,884.0,92.0,1605.0,78.0,922.0,63.0,1634.0,116.0,884.0,92.0,1605.0,1138.0,25.0,909.0,42.0,1757.0,32.0
41,0.37281994404231733,0.8935857002463607,226777.8733763654,14,246526.1899224585,252316.56509449476,0.08708220185713778,0.11261544760914477,0.11508009546317433,11.046200557039937,779,323,0.013814076130054379,0.17136638697771295,0.10617128349977405,5790.375172036822,10022750.34407364,226837.0534356713,5011.37517203682,779.0,2753.0,4303.0,0.0,257.0,185.0,0.0,300,22.58666703062798,32.84563688899544,18.0,22.0,257.0,1502.0,185.0,2256.0,177.25,1581.75,124.0,2317.0,257.0,1502.0,185.0,2256.0,707.0,33.0,1296.0,126.0,1311.0,59.0
42,0.6391903463485175,0.5333719825321122,10154.175133647235,14,8886.456415373004,9518.35866816476,-0.12484704090571308,-0.06261625953009342,-0.0609879090897002,7.209557056234875,503,205,0.007481728615701674,0.17702693630133545,0.09668667516647644,631.902252791766,257804.5055835321,8939.67908058169,128.90225279176605,503.0,2206.0,4797.0,0.0,190.0,94.0,0.0,203,31.513198976622945,53.48252749036332,22.839765548706055,47.0,190.0,826.0,94.0,1713.0,138.0,878.0,62.0,1745.0,190.0,826.0,94.0,1713.0,971.0,20.0,1084.0,104.0,1759.0,28.0
43,0.46889509786072836,0.6970229876845259,31764.480695466213,19,29920.77993299613,31402.88703255562,-0.05804284288939232,-0.011383584903442268,-0.009430546569413,10.420515942843119,871,358,0.010057243236081904,0.17297913231044018,0.0804743338572717,1482.1070995595587,1222214.199119116,29322.305292343535,611.107099559558,871.0,3418.0,6154.0,0.0,297.0,197.0,0.0,313,25.293230610110044,37.409028029292166,16.0,27.0,297.0,1959.0,197.0,3491.0,201.25,2054.75,144.5,3543.5,297.0,1959.0,197.0,3491.0,1118.0,35.0,1623.0,136.0,1951.0,73.0
44,0.9783772164631951,0.6604823009381015,99168.72034447851,29,88015.9673276964,89074.17250522977,-0.11246240727964651,-0.10179165168395543,-0.10217888459592406,3.0585269782692888,514,220,0.0025855083696512157,0.1731743011802949,0.053704363880377005,1058.2051775334362,1088410.3550668738,88965.24068611996,544.2051775334369,514.0,2266.0,12338.0,0.0,246.0,19.0,0.0,188,44.65034485816464,120.76635513909028,21.0,100.92487335205078,246.0,871.0,19.0,4314.0,171.0,946.0,10.75,4322.25,246.0,871.0,19.0,4314.0,3206.0,6.0,1475.0,148.0,3200.0,4.0
45,0.2853983328488714,0.34629224880093423,30222.1115837896,19,28626.65183071855,29688.230700983448,-0.0527911409713282,-0.017665240938773863,-0.016350573369822374,7.291465633887133,653,283,0.0050108449049034885,0.16948470374748573,0.07938320564323356,1061.5788702649568,817157.7405299138,28017.60926953314,408.5788702649569,653.0,4162.0,5409.0,0.0,216.0,135.0,0.0,245,37.42041686791969,39.80885865993749,25.0,35.0,216.0,1940.0,135.0,2362.0,145.75,2010.25,92.5,2404.5,216.0,1940.0,135.0,2362.0,895.0,21.0,1942.0,102.0,1737.0,48.0
46,0.2955386104397115,0.6644752494585788,20749.32118747884,19,18174.306907779388,19350.42055449731,-0.1241011335471226,-0.06741910351388736,-0.06568549555793357,9.260094795632618,840,353,0.005177798704579245,0.1718929165777543,0.08015930762189134,1176.113646717967,672227.2934359361,18148.499239796707,336.11364671796804,840.0,3682.0,5885.0,0.0,244.0,224.0,0.0,314,26.02064057545762,39.143007318210664,19.0,28.260595321655273,244.0,2137.0,224.0,3354.0,172.75,2208.25,150.25,3427.75,244.0,2137.0,224.0,3354.0,1014.0,31.0,1862.0,124.0,1821.0,70.0
47,0.5554782876198209,0.805620660962891,329168.739456568,18,299320.7409085337,306130.8008120695,-0.09067689294345205,-0.06998823364129991,-0.07056598449207352,9.60271554365972,871,377,0.0067950316220773245,0.1751961541438298,0.08328880200423777,6810.059903536322,11878119.807072636,309238.5625989742,5939.059903536318,871.0,2801.0,6271.0,0.0,300.0,176.0,0.0,309,19.02838181707198,44.36703869512293,14.279687881469727,35.0,300.0,1571.0,176.0,3515.0,218.25,1652.75,119.5,3571.5,300.0,1571.0,176.0,3515.0,1176.0,32.0,1303.0,143.0,2041.0,51.0
48,0.03570365499038097,0.5088231069777839,204063.0207585303,26,175724.52310195286,179732.45581312865,-0.13887130334168019,-0.11923064186231092,-0.11947881649569492,8.26348532496945,1036,412,0.006635850090370167,0.16899913805494346,0.06070317601494044,4007.932711176081,5943865.422352166,179823.19773691075,2971.932711176083,1036.0,5928.0,7176.0,0.0,293.0,305.0,0.0,350,34.25128511243922,40.67717007597081,24.0,32.0,293.0,3787.0,305.0,4715.0,189.75,3890.25,209.75,4810.25,293.0,3787.0,305.0,4715.0,1058.0,48.0,2863.0,132.0,2417.0,106.0
49,0.5959517822765149,0.3301752227765049,52315.45147013708,6,50410.59500653076,51159.68319163997,-0.03641097247710179,-0.022092292927202384,-0.022231746475944725,5.388270965065379,200,95,0.009630796045072786,0.1923953334235653,0.233997312405819,749.0881851092621,1098176.3702185245,50952.16894893108,549.0881851092622,200.0,1239.0,1785.0,0.0,70.0,29.0,0.0,90,38.97268499913771,49.655532813101075,36.0,38.11262893676758,70.0,196.0,29.0,245.0,43.75,222.25,19.25,254.75,70.0,196.0,29.0,245.0,332.0,3.0,702.0,42.0,594.0,13.0
50,0.39718380697339806,0.2762679133322584,99900.58612012153,18,91348.78480748851,92781.59684149797,-0.08560311450375513,-0.07126073584857262,-0.07122207728874919,5.18459972061041,487,220,0.0043948298572273736,0.17940518452979273,0.08537530534257212,1432.8120340095775,1891624.0680191538,91213.60230083698,945.8120340095769,487.0,3806.0,5266.0,0.0,147.0,102.0,0.0,192,44.725632997799636,48.50451672602132,32.0,37.5,147.0,1392.0,102.0,1815.0,108.0,1431.0,66.5,1850.5,147.0,1392.0,102.0,1815.0,955.0,19.0,1844.0,77.0,1662.0,30.0
51,0.8105635754953664,0.6363976210880798,29771.44849634159,29,23517.947261990103,24522.4746203669,-0.21005028475923626,-0.17630898532262218,-0.1780928437531495,5.437568847245481,733,305,0.003965317541182959,0.1675440981246988,0.04721833452280361,1004.5273583768108,543054.7167536208,24967.71682388523,271.5273583768104,733.0,2956.0,11648.0,0.0,287.0,113.0,0.0,274,30.16779347031088,88.34764998473763,18.745702743530273,65.0,287.0,1638.0,113.0,5901.0,198.25,1726.75,78.25,5935.75,287.0,1638.0,113.0,5901.0,2698.0,33.0,1459.0,140.0,3632.0,42.0
52,0.3963666649478187,0.08625567518201094,426388.6515675105,18,326845.80939169787,329920.22602169996,-0.2334556555618177,-0.22624529332844268,-0.22678277945019243,3.901893419180934,356,167,0.004551620100706092,0.17159007035458215,0.08638108504253689,3074.416630002212,5436833.260004423,348345.83341500495,2718.416630002211,356.0,3135.0,5937.0,0.0,91.0,80.0,0.0,143,54.018346456268915,65.47429498415221,39.158695220947266,49.4588623046875,91.0,882.0,80.0,1521.0,62.0,911.0,57.25,1543.75,91.0,882.0,80.0,1521.0,1223.0,16.0,1998.0,59.0,2058.0,29.0
53,0.05443502180472737,0.71646774795548,256122.11701779987,25,230786.18987124116,236943.25288085378,-0.09892127802769146,-0.07488171798772536,-0.07483009440248023,10.558207357733929,1229,505,0.006532348919638054,0.17202254926260277,0.06306539405244087,6157.063009613291,9856126.01922658,233375.93412595105,4928.063009613291,1229.0,6031.0,6569.0,0.0,358.0,341.0,0.0,392,25.513516422248074,32.451933679459685,18.0,24.908124923706055,358.0,4334.0,341.0,4767.0,240.75,4451.25,237.25,4870.75,358.0,4334.0,341.0,4767.0,1002.0,55.0,3068.0,176.0,1929.0,116.0
54,0.8792209934400241,0.23374738566159525,312736.38394917315,9,264243.4346450593,265912.97492243076,-0.15506014583833994,-0.14972165513799718,-0.15007462670571348,2.7194683258396513,167,86,0.004068114216901929,0.19047380188006868,0.14513715832391358,1669.540277371586,3005080.55474317,276256.2562495864,1502.540277371585,167.0,1032.0,3504.0,0.0,59.0,13.0,0.0,70,45.51805041889402,133.65885621435504,31.0,133.51414489746094,59.0,126.0,13.0,432.0,43.0,142.0,9.0,436.0,59.0,126.0,13.0,432.0,916.0,6.0,580.0,37.0,1635.0,4.0
55,0.0917128935471867,0.9729544704736908,121492.9535333797,25,102739.66383343638,106927.10659326555,-0.15435701540329183,-0.11989046703117845,-0.12035796850749725,12.445480883602308,1548,611,0.007179272374433858,0.16983677293105154,0.05946848149330941,4187.442759829394,5278885.519658789,106040.20786802316,2639.4427598293946,1548.0,5537.0,7063.0,0.0,480.0,432.0,0.0,443,21.502416965899922,24.975694980372378,17.78137969970703,18.11526107788086,480.0,4501.0,432.0,5662.0,330.75,4650.25,290.0,5804.0,480.0,4501.0,432.0,5662.0,1008.0,69.0,2705.0,246.0,2275.0,125.0
56,0.784517192648275,0.34508191841808344,14814.176319059035,7,13459.670082937993,13792.788310637692,-0.09143311156479317,-0.06894666206364009,-0.06955596359507121,5.1409343096915485,192,90,0.006334115272987607,0.1915418529791006,0.22026728526221295,333.1182276997184,282236.45539943693,13724.959238798894,141.11822769971846,192.0,1221.0,2303.0,0.0,74.0,21.0,0.0,87,51.94139770895618,61.4104919007383,39.32752227783203,47.473087310791016,74.0,191.0,21.0,322.0,48.75,216.25,14.75,328.25,74.0,191.0,21.0,322.0,483.0,6.0,847.0,41.0,926.0,6.0
57,0.12402331185040827,0.7162432885703452,54910.734706344214,11,58065.634984524644,59782.9332412023,0.05745507313009823,0.08872943625529683,0.09103146978947652,10.388677306355117,577,245,0.01091444574193447,0.183023124488094,0.13548826466563474,1717.298256677759,2280596.5133555196,54881.78249507276,1140.2982566777598,577.0,2664.0,2875.0,0.0,169.0,152.0,0.0,239,26.02013177540607,28.99737589678075,19.44313621520996,21.0,169.0,1116.0,152.0,1190.0,114.5,1170.5,102.25,1239.75,169.0,1116.0,152.0,1190.0,369.0,18.0,1268.0,78.0,943.0,45.0
58,0.569627590733103,0.8782573765658483,25510.17839724182,12,22234.515070893725,23353.032581349136,-0.12840613167574955,-0.0845602011205816,-0.08517994329143896,10.39267885125468,638,278,0.01183052383531377,0.18506480734177874,0.12344275160045674,1118.5175104554617,961035.0209109236,23118.077510758943,480.51751045546183,638.0,2213.0,3831.0,0.0,242.0,106.0,0.0,260,18.49598237714303,38.760694912813825,13.091524124145508,36.40712356567383,242.0,959.0,106.0,1812.0,168.25,1032.75,71.25,1846.75,242.0,959.0,106.0,1812.0,639.0,16.0,1265.0,133.0,1492.0,42.0
59,0.7068686993206135,0.514480622296125,134558.723094386,30,123109.27172712225,125512.89114767901,-0.08508888241479928,-0.06722590508206439,-0.06709663064991966,6.170924984826791,900,379,0.003854641124657397,0.1673781299001396,0.06168690645055232,2403.6194205568327,3007238.8411136656,121830.95923657846,1503.619420556833,900.0,4594.0,10526.0,0.0,353.0,138.0,0.0,310,34.60314123289254,69.46598014689685,24.0,44.0,353.0,2806.0,138.0,6003.0,233.5,2925.5,101.0,6040.0,353.0,2806.0,138.0,6003.0,2329.0,32.0,2468.0,177.0,2908.0,45.0
60,0.5175885543465906,0.6570350193014518,101328.33114454156,20,87386.74468660944,89656.80603161553,-0.13758823717371704,-0.11518521010947058,-0.11634089986697616,8.028425166915113,781,329,0.009469193381873112,0.17508777863130354,0.06986869599060012,2270.061345006251,2978122.690012509,92736.82659101248,1489.0613450062544,781.0,3396.0,6684.0,0.0,275.0,157.0,0.0,300,28.02120486178848,44.15651110034379,20.0,36.0,275.0,1894.0,157.0,3674.0,189.0,1980.0,107.5,3723.5,275.0,1894.0,157.0,3674.0,1276.0,26.0,1682.0,137.0,2682.0,67.0
61,0.844945347362749,0.665826144317526,336477.4482322235,27,293263.4437564346,297433.4556520163,-0.12843061162887892,-0.11603747230411887,-0.11643957774473213,5.622876410089011,791,341,0.004698984808878505,0.16783685934911127,0.053147385127908016,4170.011895581986,6758023.791163969,300470.0485252613,3379.0118955819844,791.0,3032.0,10576.0,0.0,334.0,89.0,0.0,276,31.706099939593667,83.02925605035425,17.187664031982422,57.0,334.0,1660.0,89.0,5369.0,235.25,1758.75,63.5,5394.5,334.0,1660.0,89.0,5369.0,2509.0,21.0,1803.0,181.0,3951.0,31.0
62,0.7622729226466821,0.2725792345451279,43551.95976111726,18,44349.343189854735,45077.15785079558,0.018308784107790466,0.03502019422418745,0.035545759249644204,4.206779119648278,370,177,0.0029460342050158534,0.17854630864759058,0.08397897347185959,727.8146609408824,715629.3218817646,42528.339468747596,357.8146609408823,370.0,2398.0,6671.0,0.0,136.0,39.0,0.0,137,42.13541327727273,87.17719167473506,26.0,68.9135513305664,136.0,721.0,39.0,1569.0,102.5,754.5,29.0,1579.0,136.0,721.0,39.0,1569.0,1597.0,6.0,992.0,68.0,1845.0,13.0
63,0.7068068387942177,0.06355877275377275,11682.61602408816,24,11421.937366763175,11796.601119857778,-0.022313380563693697,0.009756812646636304,0.010871440593040127,2.8431622547934547,312,125,0.006853063076787134,0.17605578913844258,0.05487253208732742,374.6637530946162,125327.50618923211,11020.0803680774,62.663753094616055,312.0,4024.0,8007.0,0.0,120.0,44.0,0.0,141,78.53729195283248,132.144529914275,48.0,106.19253540039062,120.0,1182.0,44.0,2019.0,79.5,1222.5,31.0,2032.0,120.0,1182.0,44.0,2019.0,1975.0,7.0,1814.0,51.0,2562.0,16.0
64,0.2328876631417356,0.44477520973945095,109724.59011141509,29,102497.82042098061,105028.63920091325,-0.06586280872041872,-0.04279761633863055,-0.04286981422928682,7.023837390545434,1068,437,0.0057543497671106985,0.1726352087605365,0.05663111080618301,2530.818779932912,2925637.5598658225,104132.44915820273,1462.8187799329114,1068.0,6446.0,8167.0,0.0,324.0,278.0,0.0,357,35.95666317084212,39.66810244871386,29.0,31.12799072265625,324.0,4293.0,278.0,5456.0,220.5,4396.5,188.75,5545.25,324.0,4293.0,278.0,5456.0,1391.0,55.0,3442.0,195.0,2491.0,75.0
65,0.7891341051301988,0.5374333570602673,25868.22438813659,27,21310.498083715403,22316.041661312855,-0.17619014881096373,-0.13731838233368654,-0.13861186331586917,5.828231428048189,746,299,0.006202299070401514,0.18061053788960008,0.05796318608049785,1005.5435775974819,519087.15519496496,22266.066541939017,259.5435775974825,746.0,3551.0,10047.0,0.0,315.0,105.0,0.0,298,33.448265563252974,81.05809381651171,22.0,62.0,315.0,2047.0,105.0,5570.0,213.75,2148.25,68.25,5606.75,315.0,2047.0,105.0,5570.0,2316.0,14.0,1912.0,178.0,3083.0,36.0
66,0.3622399389604276,0.5043668532645237,25403.117800090644,12,19960.381314053797,20752.77297008318,-0.21425466467810605,-0.18306197162896554,-0.18522004832395467,7.672563356392656,457,191,0.0069863637997289825,0.17926019644984478,0.14543767712310282,792.3916560294207,670783.3120588405,21856.55826158655,335.3916560294203,457.0,2342.0,3685.0,0.0,139.0,115.0,0.0,197,32.71157075317845,48.716843195685904,24.374807357788086,37.58143615722656,139.0,832.0,115.0,1269.0,95.5,875.5,76.75,1307.25,139.0,832.0,115.0,1269.0,710.0,23.0,1245.0,76.0,1228.0,37.0
67,0.7461667564052202,0.2157733632094928,177835.6139582244,27,160030.6453452847,161598.77676724957,-0.10012037643439797,-0.09130250589057509,-0.09164921247338709,3.290030698800164,479,214,0.004089703127594557,0.18112981268300665,0.05347866919775373,1568.131421964906,2178262.8439298114,165519.94824274728,1089.1314219649057,479.0,3628.0,9980.0,0.0,167.0,71.0,0.0,190,67.98202635815471,108.0212524892407,34.0,87.0,167.0,1430.0,71.0,3462.0,118.0,1479.0,49.5,3483.5,167.0,1430.0,71.0,3462.0,2439.0,16.0,1858.0,93.0,2854.0,16.0
68,0.3768622234331025,0.3814264658046682,16469.794517830527,17,14257.948790492477,14986.53973043556,-0.13429710522152916,-0.09005909489576003,-0.08967983084215159,6.474490762137742,541,233,0.007820603824499152,0.17461217289372796,0.08043840633991377,728.5909399431021,375181.8798862034,14486.92621820678,187.5909399431017,541.0,3246.0,5300.0,0.0,181.0,110.0,0.0,227,35.21084257889493,45.941284775720604,28.68401527404785,34.518287658691406,181.0,1305.0,110.0,2253.0,126.75,1359.25,75.0,2288.0,181.0,1305.0,110.0,2253.0,965.0,15.0,1487.0,89.0,1740.0,40.0
69,0.35889808363327824,0.9127768323156149,64331.69060691834,9,55888.74369871332,57706.86879992555,-0.13124086789189793,-0.10297913430368244,-0.10429456950772265,10.98270212365599,516,236,0.016034301025856065,0.18248063505192105,0.1648887479343564,1818.1251012123885,2604250.2024247795,59280.72556969843,1302.1251012123898,516.0,1838.0,2698.0,0.0,155.0,116.0,0.0,223,19.941602253584488,25.667564640142206,16.0,19.759220123291016,155.0,686.0,116.0,1050.0,109.0,732.0,86.0,1080.0,155.0,686.0,116.0,1050.0,404.0,15.0,964.0,87.0,834.0,31.0
70,0.7052344052365742,0.07791080071774648,28591.939227190014,9,23502.421338591197,23772.023323316884,-0.17800534088149045,-0.16857604045581998,-0.16946206362375293,2.7821633300215796,127,64,0.004865851675205588,0.199008750662885,0.1564690331763658,269.60198472570494,285203.96945140976,25627.895959041125,142.60198472570488,127.0,1606.0,2930.0,0.0,39.0,15.0,0.0,52,67.32503846515802,94.10066483561458,59.663673400878906,102.34293365478516,39.0,158.0,15.0,256.0,27.75,169.25,12.5,258.5,39.0,158.0,15.0,256.0,633.0,3.0,939.0,21.0,988.0,5.0
71,0.8184345143502528,0.8271374566388956,284175.2082908456,14,254166.86214570788,258397.35944983375,-0.10559804398709194,-0.0907111109236135,-0.09081304643789068,7.348574365255191,468,208,0.0063305724976255645,0.17696641980708194,0.12290162821852343,4230.4973041262665,7524994.608252536,256001.85268014288,3762.497304126268,468.0,1596.0,5460.0,0.0,182.0,64.0,0.0,197,27.52594430571772,61.05301151444922,16.0,52.773658752441406,182.0,613.0,64.0,1899.0,127.5,667.5,40.25,1922.75,182.0,613.0,64.0,1899.0,1164.0,9.0,820.0,91.0,1884.0,28.0
72,0.016407725489007374,0.4408387064626078,72721.67559189828,9,62743.120483718034,64032.5623076982,-0.1372156929411006,-0.1194845032581745,-0.11935404559335194,7.221657859781811,377,178,0.008123778435945264,0.18939705927098816,0.1551834267669946,1289.44182398029,1824883.6479605807,63173.98592515557,912.4418239802903,377.0,1951.0,2585.0,0.0,94.0,96.0,0.0,162,26.967624478907666,37.90475915099511,23.0,29.851444244384766,94.0,530.0,96.0,738.0,62.5,561.5,69.0,765.0,94.0,530.0,96.0,738.0,453.0,17.0,1025.0,55.0,1030.0,30.0
73,0.9236322809508603,0.6819403322953503,62217.0246402165,12,51561.084336827225,52284.32997974922,-0.17127049011118056,-0.15964592839187097,-0.16027063024765098,4.300736114840298,265,127,0.0064972053319717095,0.1721905074742452,0.13108698419358544,723.2456429220441,916491.2858440873,53275.256919484345,458.24564292204366,265.0,975.0,5073.0,0.0,105.0,21.0,0.0,110,50.127356567112585,84.57395858145645,24.0,60.0,105.0,212.0,21.0,982.0,72.75,244.25,15.0,988.0,105.0,212.0,21.0,982.0,1279.0,5.0,513.0,55.0,1818.0,12.0
74,0.6980557516893495,0.04669437495965434,13852.077004390381,22,12503.31955192998,12863.46942327365,-0.09736860775701117,-0.07136890596286716,-0.07184024698876179,2.825399714178087,288,124,0.0055554185105648034,0.17332332671543338,0.06198187075410826,360.14987134367874,144299.74268735707,12768.082155176942,72.14987134367854,288.0,3696.0,7367.0,0.0,96.0,46.0,0.0,125,85.84668159844506,120.37818645190399,60.0,99.64639282226562,96.0,980.0,46.0,1622.0,67.75,1008.25,31.75,1636.25,96.0,980.0,46.0,1622.0,1723.0,16.0,1844.0,41.0,2148.0,12.0
75,0.8175236901908164,0.623805633999215,15602.381396415296,27,13531.044758157006,14384.495234168155,-0.13275772368532068,-0.07805770999335748,-0.0787765366836678,5.672011955923418,696,272,0.006750628608796598,0.17110640514222053,0.05078429826382877,853.4504760111661,314900.95202233095,13879.59662591474,157.45047601116548,696.0,3191.0,10376.0,0.0,305.0,92.0,0.0,277,31.885697128857675,91.18982153777152,19.0,71.5,305.0,1766.0,92.0,5295.0,207.75,1863.25,60.25,5326.75,305.0,1766.0,92.0,5295.0,2429.0,19.0,1614.0,145.0,3284.0,30.0
76,0.9709502206744363,0.21638407319357889,301038.7996604128,8,327949.3790648115,330360.1558946745,0.08939239538144306,0.09740058845350719,0.09768750197120912,3.6579146408907337,161,79,0.00693466511951967,0.18599803671182613,0.18056934844752476,2410.7768298632727,4499553.659726544,307521.7782167044,2249.7768298632723,161.0,1031.0,3001.0,0.0,72.0,2.0,0.0,71,64.3156907165883,83.9122120989413,21.0,83.91221618652344,72.0,145.0,2.0,349.0,50.25,166.75,2.0,349.0,72.0,145.0,2.0,349.0,774.0,1.0,508.0,36.0,1122.0,1.0
77,0.5908081710607779,0.20099402371459996,17605.548405480196,26,15504.682884238038,16226.55586112851,-0.1193297404236614,-0.07832715645043109,-0.07835059600406669,4.703272548330568,574,244,0.004867757252405973,0.17394894383436996,0.05434763030986874,721.8729768904825,295745.9537809651,15720.221970016413,147.87297689048256,574.0,4780.0,8302.0,0.0,208.0,96.0,0.0,231,47.93184695380312,76.56856234150969,30.0,59.0,208.0,2200.0,96.0,3493.0,153.25,2254.75,69.0,3520.0,208.0,2200.0,96.0,3493.0,1743.0,16.0,2349.0,101.0,2532.0,23.0
78,0.24419454621998582,0.7823511962062527,129610.4843200439,18,110478.26360388706,114000.47901322294,-0.14761321830195573,-0.12043782868888575,-0.1213768909604962,10.959737141942005,980,406,0.008710312402931982,0.17566375856274138,0.08230346982338414,3522.215409336169,5084430.818672346,115979.76194188661,2542.2154093361733,980.0,4072.0,5000.0,0.0,312.0,244.0,0.0,337,24.27134923851449,27.799481634419262,19.0,22.5,312.0,2510.0,244.0,3000.0,210.25,2611.75,166.5,3077.5,312.0,2510.0,244.0,3000.0,669.0,26.0,2010.0,156.0,1591.0,83.0
79,0.8086081583743505,0.2692966575925162,171608.88299632398,26,153928.9725318961,155707.1163584141,-0.10302444812723699,-0.09266284099203959,-0.09294077747386431,4.200552894353065,481,220,0.004753002871670313,0.17439418909783208,0.05777459346587234,1778.1438265181132,2594287.6530362256,154401.55845459108,1297.1438265181127,481.0,3021.0,10083.0,0.0,157.0,78.0,0.0,188,43.19238937789687,99.13094773877864,28.0,73.62802124023438,157.0,1269.0,78.0,3384.0,114.75,1311.25,55.0,3407.0,157.0,1269.0,78.0,3384.0,2470.0,15.0,1169.0,61.0,2585.0,22.0
80,0.1786989607903926,0.827295853776426,16492.72644667163,23,16614.91999834444,18189.344174378486,0.007408935815913731,0.10287066442245196,0.11321630517650916,11.643124882288356,1209,459,0.007008500927979979,0.1691113067144515,0.06688349003715188,1574.4241760340844,730848.3520681727,15692.701904708307,365.4241760340863,1209.0,4928.0,6640.0,0.0,381.0,346.0,0.0,398,23.04434100942239,30.113309709067444,18.0,21.0,381.0,3592.0,346.0,4818.0,266.0,3707.0,232.0,4932.0,381.0,3592.0,346.0,4818.0,980.0,46.0,2467.0,183.0,2068.0,98.0
81,0.6637326389979532,0.0840200227776493,26298.084268507075,16,22099.184607662777,22573.012175777127,-0.15966560978255873,-0.14164804001297004,-0.14314633813325162,3.5538409709172143,302,145,0.0050213832036595015,0.17992810320033772,0.09873111521451351,473.82756811436343,343655.1362287267,24174.909558490486,171.82756811436337,302.0,2823.0,5233.0,0.0,102.0,39.0,0.0,123,55.198098935033634,86.8238913766086,35.49012756347656,84.0,102.0,684.0,39.0,1141.0,71.5,714.5,30.25,1149.75,102.0,684.0,39.0,1141.0,1134.0,10.0,1453.0,51.0,1652.0,15.0
82,0.18217928308157338,0.8306623817635614,29256.96124806903,11,26867.288975097774,28160.937956049267,-0.08167875852551076,-0.03746196615316988,-0.03612839597484352,11.918951456199842,657,291,0.01033701560697186,0.18458128558192222,0.13623557099617897,1293.6489809515608,1273297.9619031202,26707.424025139244,636.6489809515601,657.0,2347.0,3196.0,0.0,185.0,170.0,0.0,265,21.056496791618656,25.90438410500669,15.358315467834473,22.03706932067871,185.0,1079.0,170.0,1480.0,125.75,1138.25,117.5,1532.5,185.0,1079.0,170.0,1480.0,489.0,27.0,1042.0,80.0,1003.0,56.0
83,0.2629880586461314,0.9989505975644255,145076.8821341684,27,142849.12628762433,148040.24085732334,-0.015355691504893465,0.02042612633771923,0.023336894838982047,13.30298347376213,1640,640,0.004885167146275748,0.17394922282824252,0.0556463148517527,5191.11456969949,7102229.139398977,133470.6074281554,3551.1145696994886,1640.0,5620.0,7988.0,0.0,539.0,434.0,0.0,430,19.625024808496438,26.290741066321747,15.0,20.496421813964844,539.0,4398.0,434.0,6239.0,373.75,4563.25,289.0,6384.0,539.0,4398.0,434.0,6239.0,1282.0,76.0,2924.0,255.0,2661.0,138.0
84,0.16258726537571722,0.1723536942797369,21497.51620489528,11,23129.14628320528,23596.799414405603,0.0758985392897833,0.09765236083563389,0.0990580486159951,4.778043404322202,259,118,0.0074490081880045,0.17664306747003006,0.13273096327027661,467.6531312003466,417306.26240069343,21834.578879254193,208.65313120034673,259.0,2224.0,3318.0,0.0,65.0,65.0,0.0,121,45.65153581911863,64.66622404921561,35.0,52.0,65.0,516.0,65.0,684.0,44.25,536.75,46.25,702.75,65.0,516.0,65.0,684.0,694.0,14.0,813.0,20.0,937.0,20.0
85,0.15651544965107933,0.03167255160877125,337271.94520260836,15,261058.99108742233,263444.53188001056,-0.2259688515432342,-0.21889580314261736,-0.21965419811782905,3.5499138815102462,298,143,0.005432077923603663,0.18298652512946142,0.10332967530755204,2385.540792588289,4175081.5851765787,294026.9626625679,2087.5407925882896,298.0,2659.0,4901.0,0.0,57.0,83.0,0.0,124,59.15197933714136,88.39338658616785,39.0,73.32032012939453,57.0,580.0,83.0,1140.0,42.5,594.5,52.75,1170.25,57.0,580.0,83.0,1140.0,1066.0,21.0,1408.0,24.0,1517.0,19.0
86,0.0008475526407082379,0.6634517556332966,368801.79155233223,28,310467.62264428823,318188.17363837943,-0.15817214081989217,-0.13723799361416833,-0.13773277347742163,9.927925980035752,1349,559,0.005208500938990099,0.17060841078833394,0.050287060979307054,7720.55099409157,12743101.98818314,320890.3353482006,6371.550994091571,1349.0,6279.0,7833.0,0.0,367.0,395.0,0.0,399,26.130973959536227,28.87978547501202,21.0,21.472612380981445,367.0,4661.0,395.0,5749.0,260.5,4767.5,277.0,5867.0,367.0,4661.0,395.0,5749.0,1160.0,55.0,2994.0,168.0,2588.0,120.0
87,0.10225849656706354,0.6188818525780292,459010.4801287807,23,404735.39299233264,413280.56601878005,-0.11824367740192021,-0.09962716776569158,-0.0995628944120247,9.223146360010553,1058,426,0.009023786611502533,0.17201062430340974,0.064199867189669,8545.173026448529,14974346.05289705,405890.3943512807,7487.173026448525,1058.0,5016.0,6576.0,0.0,296.0,313.0,0.0,351,30.67245911545946,32.68668317055726,22.49518585205078,25.0,296.0,3329.0,313.0,4135.0,205.5,3419.5,207.25,4240.75,296.0,3329.0,313.0,4135.0,989.0,39.0,2487.0,150.0,1927.0,83.0
88,0.016663584573836765,0.6779134930864836,15017.104118502384,6,11999.882439195735,12632.952463972244,-0.2009190091176879,-0.15876241089603005,-0.1593538881401828,11.181186777895512,354,164,0.01484547694032629,0.19152817779306303,0.2313002310986761,633.0700247765383,558140.0495530781,12479.445622366427,279.07002477653907,354.0,1476.0,1547.0,0.0,80.0,104.0,0.0,164,22.32492652954963,23.47907296742317,20.0,18.0,80.0,386.0,104.0,413.0,53.0,413.0,75.75,441.25,80.0,386.0,104.0,413.0,151.0,13.0,702.0,32.0,556.0,34.0
89,0.05415164289376939,0.8772871753450396,40729.78517454849,10,45701.88279226976,47282.829779220476,0.12207522324051623,0.16089072349850997,0.1654643233769475,11.661907156347185,609,266,0.014492425267455882,0.1789101362783352,0.15814145236644844,1580.9469869508116,1943893.9739016201,41671.87124371042,971.9469869508101,609.0,2563.0,2477.0,0.0,174.0,159.0,0.0,252,22.886586520253694,23.77709198481145,16.0,16.0,174.0,1133.0,159.0,1054.0,122.5,1184.5,107.25,1105.75,174.0,1133.0,159.0,1054.0,340.0,20.0,1349.0,82.0,764.0,47.0
90,0.0715159568698015,0.6882156396596197,300669.8699698036,11,305748.5028974078,312093.91435304715,0.01689106037832877,0.03799530822423569,0.03941089884125848,10.059380604980047,573,247,0.01251376786158201,0.17580568576674035,0.12671603868415268,6345.411455639923,11544822.911279842,286916.84320912376,5772.411455639921,573.0,2662.0,2882.0,0.0,165.0,150.0,0.0,242,30.890062563404424,29.84629311730183,19.96392250061035,22.065092086791992,165.0,1132.0,150.0,1215.0,108.25,1188.75,104.0,1261.0,165.0,1132.0,150.0,1215.0,414.0,15.0,1251.0,78.0,952.0,56.0
91,0.6522545989524792,0.5509060461626112,18588.433762436103,18,18309.731741047177,19198.59006500038,-0.014993303091093813,0.0328245139080674,0.036238179434738615,7.549961112000963,627,269,0.005880949561592407,0.17741089789305917,0.08297640630374689,888.8583239532296,523716.647906459,17341.70018021651,261.8583239532295,627.0,3016.0,6048.0,0.0,239.0,102.0,0.0,240,26.738814341905645,50.07091143143194,20.0,34.11425018310547,239.0,1351.0,102.0,2623.0,171.0,1419.0,67.5,2657.5,239.0,1351.0,102.0,2623.0,1259.0,13.0,1447.0,115.0,1803.0,30.0
92,0.9684361013801038,0.6522672769667732,25456.325829368005,24,24729.743548293412,25336.097247551326,-0.02854230755627596,-0.004722935376556769,-0.004179702335952773,3.8019117795957063,426,182,0.0034743916205016464,0.17471138726272947,0.06645050236735453,606.3536992579409,360707.39851588244,23718.81696806757,180.35369925794123,426.0,2186.0,9906.0,0.0,203.0,17.0,0.0,169,44.19167188761992,118.24795590208606,20.0,94.0,203.0,895.0,17.0,2939.0,141.0,957.0,14.5,2941.5,203.0,895.0,17.0,2939.0,2590.0,6.0,1176.0,111.0,2517.0,3.0
93,0.08396039487991169,0.5061221075327624,22081.111975215095,5,20889.685170790373,21475.58957087717,-0.05395682997133644,-0.027422640898592032,-0.0272485816165835,8.608481249321763,228,108,0.019312702000843812,0.21241582863107902,0.28501896550012423,585.9044000868341,715808.800173669,20787.894503169926,357.9044000868345,228.0,1127.0,1393.0,0.0,50.0,65.0,0.0,107,24.006224435660233,31.436558317234706,19.5,26.0,50.0,195.0,65.0,225.0,34.25,210.75,44.0,246.0,50.0,195.0,65.0,225.0,193.0,7.0,515.0,24.0,355.0,20.0
94,0.9372217342841639,0.3798444434478955,405135.4087677868,26,367542.6850165588,370160.3110902834,-0.09279051630062574,-0.0863294022704153,-0.08651239456820925,2.98295683036656,410,182,0.00440426827807012,0.17444225256741505,0.05767927387553753,2617.6260737247653,4415252.14744953,370039.8965300281,2207.626073724765,410.0,2284.0,10820.0,0.0,183.0,19.0,0.0,161,49.18062807124911,138.29765509971506,29.0,123.0,183.0,833.0,19.0,3151.0,122.75,893.25,13.25,3156.75,183.0,833.0,19.0,3151.0,2816.0,5.0,1068.0,88.0,3679.0,6.0
95,0.34652408733976003,0.31813712536217864,369373.3273186994,7,355499.53192703106,360386.27379043086,-0.03756036065835866,-0.024330542742504013,-0.02409121126960656,6.672119294200596,251,129,0.010924268550455706,0.18174868296609367,0.23696933373360463,4886.741863400319,9271483.726800641,347396.5061917962,4635.741863400321,251.0,1455.0,2073.0,0.0,70.0,45.0,0.0,107,32.270583630272945,55.81177578869384,21.376506805419922,42.350711822509766,70.0,268.0,45.0,366.0,49.75,288.25,34.75,376.25,70.0,268.0,45.0,366.0,406.0,9.0,858.0,36.0,736.0,9.0
96,0.107167099631018,0.03592402335999012,15099.219100492364,23,12260.485303856403,12706.548100957389,-0.1880053384047784,-0.15846322803918744,-0.15998965094568984,3.203556309477728,363,157,0.006053974398968462,0.1690147377584734,0.058543821039450314,446.0627971010071,166125.59420201418,12964.15437669468,83.06279710100709,363.0,4133.0,7411.0,0.0,82.0,102.0,0.0,157,80.08682747364284,86.87267292398982,57.27908706665039,58.0,82.0,1242.0,102.0,2172.0,57.75,1266.25,73.25,2200.75,82.0,1242.0,102.0,2172.0,1587.0,29.0,1728.0,41.0,1944.0,24.0
97,0.9312681476251466,0.30026465840925953,52416.43609555603,30,52609.44345626788,53498.379796158195,0.0036821916003597632,0.020641306071053078,0.020889451302328554,3.496102699772208,530,225,0.002770373364296567,0.1737480598792585,0.04742232986619094,888.9363398903106,717872.6797806222,51333.78088602746,358.9363398903111,530.0,3754.0,11337.0,0.0,246.0,29.0,0.0,211,50.42878460587611,118.9003913373927,31.0,79.86499786376953,246.0,1696.0,29.0,4350.0,167.5,1774.5,20.75,4358.25,246.0,1696.0,29.0,4350.0,2834.0,6.0,2095.0,142.0,4647.0,10.0
98,0.7770751249733561,0.5092183127200044,11513.030229331569,20,9874.479319158585,10430.578664626995,-0.14232142863643948,-0.09401969274316924,-0.09585770013061268,4.471953870948482,463,188,0.005911095984281697,0.16374309425407302,0.07104367043846119,556.0993454684211,186198.69093684253,10409.247071311504,93.09934546842126,463.0,2512.0,7526.0,0.0,185.0,70.0,0.0,188,42.928548495739335,81.83162004749245,25.0,66.5,185.0,959.0,70.0,2529.0,126.5,1017.5,49.0,2550.0,185.0,959.0,70.0,2529.0,1823.0,23.0,1354.0,107.0,2325.0,20.0
99,0.48888971467404996,0.7013601566353233,109174.29771374738,22,103377.13293879252,106189.33140484657,-0.053100087624606496,-0.027341291598937723,-0.027061471351337962,8.835990397122456,987,418,0.007978417602028009,0.17073993560340825,0.07042790941072676,2812.198466054324,3650396.932108648,103282.05351200479,1825.1984660543242,987.0,4100.0,6988.0,0.0,341.0,206.0,0.0,327,26.50781506729876,37.013184529315915,21.0,24.843082427978516,341.0,2484.0,206.0,4163.0,239.0,2586.0,138.0,4231.0,341.0,2484.0,206.0,4163.0,1152.0,37.0,2052.0,169.0,2031.0,66.0
100,0.31222058407187214,0.40155301443730695,144560.51127808675,22,126685.38752685254,129299.09041294114,-0.12365149786201546,-0.10557115999533007,-0.10621279509180281,6.8767385013760105,800,360,0.004396211066464707,0.1764790095537523,0.079532533538118,2613.702886088873,3627405.7721777493,131872.31750385443,1813.7028860888747,800.0,4582.0,6503.0,0.0,235.0,183.0,0.0,305,30.28476274824494,50.243871038740046,20.0,31.0,235.0,2663.0,183.0,3627.0,171.75,2726.25,123.25,3686.75,235.0,2663.0,183.0,3627.0,1179.0,40.0,2658.0,133.0,2137.0,51.0
101,0.7996091786524808,0.34816150071139607,12399.663688718645,10,12192.196162303942,12530.838361348906,-0.016731705925496887,0.010578889550819426,0.012282205160053294,4.150308760667194,243,112,0.0052106507133002486,0.17323327775473635,0.14689585183040066,338.6421990449701,191284.3980899401,11522.2992505255,95.64219904497006,243.0,1584.0,3449.0,0.0,100.0,21.0,0.0,107,42.173574021463224,54.505349921179274,26.5,24.0,100.0,313.0,21.0,633.0,67.5,345.5,15.25,638.75,100.0,313.0,21.0,633.0,789.0,3.0,935.0,61.0,1578.0,8.0
102,0.05649458168076149,0.7472089472382639,196666.09175510195,16,207036.28194599974,211859.38149287735,0.052729934776002185,0.07725424145151982,0.07964019466651084,10.376026520019927,850,359,0.00997535470387777,0.1698933444244777,0.09352741809397229,4823.099546878127,7946199.093756265,191455.73400435477,3973.0995468781325,850.0,4386.0,3678.0,0.0,258.0,217.0,0.0,323,29.074404493625195,25.98728534610754,24.5,21.0,258.0,2531.0,217.0,2162.0,176.25,2612.75,154.5,2224.5,258.0,2531.0,217.0,2162.0,490.0,26.0,2176.0,129.0,1243.0,66.0
103,0.5262464458504229,0.08365284129903017,60950.77391080885,11,56868.577511548996,57450.07449277026,-0.06697530051437017,-0.05743486412758714,-0.05736036995891258,3.535839828370087,186,94,0.003599690675068123,0.1868701048123422,0.11336201595949248,581.4969812213365,790993.9624426723,55926.880234793905,395.49698122133617,186.0,1766.0,3778.0,0.0,52.0,29.0,0.0,76,69.57523966009418,86.30194115154468,46.910430908203125,71.7628173828125,52.0,259.0,29.0,496.0,38.75,272.25,21.25,503.75,52.0,259.0,29.0,496.0,941.0,5.0,576.0,22.0,1205.0,12.0
104,0.4038645757453595,0.13049179419872503,38548.298193504415,14,35249.39679802033,35800.11428544695,-0.08557839256416166,-0.07129196454437892,-0.07132130083563126,3.747484940149066,286,136,0.005156148099312257,0.17054082657555966,0.0990469966918916,550.7174874266677,529434.9748533359,35319.35306671814,264.71748742666796,286.0,2590.0,4465.0,0.0,84.0,52.0,0.0,121,60.50084724688924,58.80276251301161,36.35112762451172,49.5,84.0,594.0,52.0,963.0,58.0,620.0,38.25,976.75,84.0,594.0,52.0,963.0,913.0,11.0,1077.0,33.0,1362.0,16.0
105,0.5336697846193827,0.3660461647929312,161755.52029302323,21,138751.93381221875,140867.41004840503,-0.1422120644731818,-0.12913383238345744,-0.12949583023240274,5.478508708703344,565,247,0.005188830989443919,0.1750067300987056,0.07446409802203705,2115.4762361865114,3100952.472373022,141505.3182012262,1550.4762361865112,565.0,3386.0,7198.0,0.0,180.0,117.0,0.0,217,40.42368804200395,56.977897940301226,23.276193618774414,41.685035705566406,180.0,1492.0,117.0,2768.0,122.25,1549.75,77.0,2808.0,180.0,1492.0,117.0,2768.0,1421.0,21.0,1665.0,86.0,2098.0,38.0
106,0.012876696025102441,0.073766890912486,312744.55087240826,14,318839.81557182287,321504.47402989375,0.019489595206092947,0.028009834649554977,0.028443850518624858,3.9297056459491233,298,143,0.00559590885299029,0.1746121526785705,0.11526706328884061,2664.6584580712306,4733316.916142461,301124.138968381,2366.6584580712306,298.0,3064.0,3992.0,0.0,57.0,84.0,0.0,121,70.04366618106415,71.1810426943377,45.03761672973633,55.143524169921875,57.0,672.0,84.0,881.0,37.5,691.5,58.25,906.75,57.0,672.0,84.0,881.0,810.0,14.0,1437.0,28.0,958.0,21.0
107,0.3104175119341036,0.18548817932608475,30903.850567984562,7,32158.10672176802,32569.50360791714,0.04058575649090246,0.05389791269758937,0.05571559370201862,4.5293722984893705,158,77,0.00910263481581173,0.18225115295069227,0.19324703985926384,411.3968861491465,506793.7722982927,27972.627270412162,253.39688614914635,158.0,1502.0,2026.0,0.0,40.0,34.0,0.0,72,50.57881323052207,74.77389352542059,35.5,49.87657928466797,40.0,197.0,34.0,233.0,26.5,210.5,23.75,243.25,40.0,197.0,34.0,233.0,382.0,6.0,617.0,12.0,710.0,10.0
108,0.8768655626898594,0.16140929935635084,398128.6103149773,20,356703.9009267727,358924.23732717306,-0.10404856198461021,-0.09847162944855414,-0.09863770293789764,2.656968763574978,308,140,0.004019751460862479,0.1823344472640724,0.07187972473999513,2220.3364004006303,3824672.8008012557,359871.82585984946,1912.336400400628,308.0,2107.0,7973.0,0.0,119.0,29.0,0.0,120,50.183430440977524,112.0243038967399,35.0,93.31698608398438,119.0,509.0,29.0,1743.0,81.75,546.25,17.5,1754.5,119.0,509.0,29.0,1743.0,2036.0,10.0,1068.0,67.0,2739.0,10.0
109,0.46430990894430435,0.08009918253786286,119687.66583413754,7,118775.82024382886,119648.15486066655,-0.007618542679011853,-0.00033011733661636455,-0.00026400033137985446,3.2058984347682835,124,65,0.00892290122068224,0.1958101333824352,0.2078663284989888,872.3346168377864,1496669.2336755728,116712.15293691527,748.3346168377864,124.0,1187.0,2341.0,0.0,37.0,15.0,0.0,52,51.71051693541024,75.9145130892205,37.0,61.93980407714844,37.0,117.0,15.0,195.0,26.5,127.5,11.25,198.75,37.0,117.0,15.0,195.0,498.0,4.0,573.0,13.0,741.0,5.0
110,0.5320368836607139,0.1709305460107482,89568.33826240402,18,75494.50854235479,76421.4075898063,-0.15712951689265264,-0.14678100462332788,-0.14756132452970938,3.489975266106848,356,163,0.005280091413462837,0.18385592651211274,0.07395348973148451,926.8990474515791,1141798.0949031585,81791.27413823064,570.8990474515792,356.0,2843.0,6229.0,0.0,106.0,69.0,0.0,152,52.79240565973827,92.62831143507003,36.0,65.0,106.0,834.0,69.0,1727.0,70.0,870.0,42.0,1754.0,106.0,834.0,69.0,1727.0,1439.0,11.0,1347.0,55.0,1697.0,20.0
111,0.8412590453068596,0.21327156548576498,14938.011907486112,18,12967.249522602831,13329.859393810908,-0.1319293622932275,-0.10765505635119266,-0.10882866081295706,3.3018414844447244,273,118,0.006578208179034783,0.16749901589700045,0.07754681226529687,362.6098712080881,179219.7424161759,13569.680984118742,89.60987120808795,273.0,2197.0,6872.0,0.0,102.0,35.0,0.0,113,54.03054976790295,121.7935528894856,38.71295166015625,134.0,102.0,450.0,35.0,1446.0,68.0,484.0,21.0,1460.0,102.0,450.0,35.0,1446.0,1792.0,9.0,808.0,36.0,1990.0,9.0
112,0.4185397086939875,0.19147881141248924,127498.26005961077,26,116323.51442931328,118102.25016150842,-0.08764625983972507,-0.07369520096752158,-0.07343837736861458,5.004002601536722,640,279,0.004924623867061992,0.17568530341273092,0.05847372015934316,1778.7357321951895,2277471.464390376,113782.48802723284,1138.7357321951881,640.0,4774.0,8326.0,0.0,183.0,152.0,0.0,241,45.50442432319683,65.15862029409095,31.0,45.07106018066406,183.0,2182.0,152.0,3748.0,129.5,2235.5,101.5,3798.5,183.0,2182.0,152.0,3748.0,1726.0,25.0,2191.0,77.0,2603.0,39.0
113,0.38730174671727546,0.7840277002487287,36683.31289498978,23,33526.89619902207,35178.920463954964,-0.08604502829401794,-0.04101026631213256,-0.040103481571439725,8.908361979742898,1056,414,0.008295001022543063,0.17393191779970363,0.06633866995476988,1652.024264932947,1192048.5298658956,33453.07848335489,596.0242649329479,1056.0,4529.0,7055.0,0.0,378.0,241.0,0.0,365,25.79060686903568,36.628433696454024,18.269807815551758,27.776269912719727,378.0,3087.0,241.0,4685.0,248.25,3216.75,160.25,4765.75,378.0,3087.0,241.0,4685.0,1132.0,42.0,2306.0,197.0,2201.0,73.0
114,0.09052020440379271,0.3528897460188367,200660.29805160165,6,158989.63292279773,161026.04272534553,-0.20766771271359286,-0.19751916901899458,-0.19818107038849753,5.319619892173216,188,91,0.00954778269798913,0.18154868868189664,0.24054773905254379,2036.4098025480234,3696819.6050960454,173735.13897746694,1848.4098025480228,188.0,1523.0,1501.0,0.0,42.0,49.0,0.0,82,40.242242911664285,48.10517646644379,29.0,35.014339447021484,42.0,194.0,49.0,207.0,29.75,206.25,34.75,221.25,42.0,194.0,49.0,207.0,249.0,6.0,760.0,18.0,615.0,17.0
115,0.7420454942101156,0.5606929852924148,360808.6781004543,7,329793.3770990288,334237.5935538113,-0.08596051836865848,-0.07364314153010809,-0.07419665250246787,6.0876735890228515,254,118,0.01010465379583139,0.18655725012312524,0.1992056655102018,4444.216454783007,8380432.90956601,344155.8087426619,4190.216454783005,254.0,1134.0,2394.0,0.0,94.0,35.0,0.0,111,39.59075265124195,39.198922547832666,24.0,30.0,94.0,206.0,35.0,442.0,63.5,236.5,22.0,455.0,94.0,206.0,35.0,442.0,485.0,3.0,736.0,58.0,1054.0,13.0
116,0.6818510364625379,0.08047776141174057,11449.631315032851,9,11547.706831220545,11776.603705412143,0.008565823081038815,0.028557460182145,0.02932523147705024,3.486887331274257,151,74,0.008813712545004041,0.18434976793527016,0.14775399885160362,228.89687419160143,155793.74838320297,11169.972928711557,77.89687419160148,151.0,1409.0,3127.0,0.0,47.0,21.0,0.0,67,61.241717093208536,99.65854097274016,42.0,80.0,47.0,171.0,21.0,364.0,34.0,184.0,12.0,373.0,47.0,171.0,21.0,364.0,677.0,3.0,447.0,13.0,1122.0,12.0
117,0.7917889682685896,0.35959958141686343,464770.875596787,11,386609.2765316822,390698.58547464316,-0.1681723256964882,-0.15937377751355797,-0.16028109436887372,4.439108529365618,280,136,0.006586195215261917,0.19175977583466858,0.1554878735205416,4089.3089429614924,7618617.885922985,429062.3801786021,3809.3089429614924,280.0,1466.0,4078.0,0.0,95.0,38.0,0.0,122,38.21868754346107,67.55014875432518,30.141094207763672,54.1656379699707,95.0,318.0,38.0,891.0,68.5,344.5,23.75,905.25,95.0,318.0,38.0,891.0,906.0,8.0,854.0,59.0,1073.0,9.0
118,0.0656141107159468,0.032210218561754766,23424.12220582703,16,22684.9138134829,23096.810195569415,-0.03155757068925469,-0.013973288193321998,-0.013372287601655541,3.319926811848164,267,123,0.0047872182930507184,0.17311963837658595,0.08850345560579839,411.8963820865187,289792.76417303726,21822.22535289212,144.89638208651863,267.0,3217.0,4845.0,0.0,58.0,70.0,0.0,113,67.32647828584408,90.3891685552904,39.06092834472656,78.0,58.0,709.0,70.0,970.0,40.5,726.5,49.0,991.0,58.0,709.0,70.0,970.0,1098.0,20.0,1414.0,22.0,1491.0,20.0
119,0.24075608602015652,0.6040626402462672,10833.876642296631,25,8923.701732040274,10091.939720897126,-0.17631499539129203,-0.06848305051793768,-0.07009401712640817,8.856839530329209,998,374,0.008310137001325954,0.16613344341730008,0.05587111428393769,1168.2379888568687,340475.97771373694,9610.538176395114,170.23798885686847,998.0,5459.0,7072.0,0.0,332.0,268.0,0.0,352,30.73589586158476,41.69407907388488,21.0,33.0,332.0,3601.0,268.0,4556.0,229.5,3703.5,185.5,4638.5,332.0,3601.0,268.0,4556.0,1189.0,40.0,2224.0,145.0,1927.0,76.0
120,0.6861018755162065,0.5809133373670116,53159.26526021597,10,49331.404163912106,50314.05528861716,-0.07200741164435565,-0.05352237202059584,-0.053526419963640604,6.57971862763739,337,156,0.00847626528065938,0.1784545468075775,0.13570163190182105,982.6511247050948,1291302.2494101897,49063.73366735682,645.6511247050948,337.0,1374.0,3666.0,0.0,116.0,55.0,0.0,150,32.204931698583025,66.25970772153305,20.0,45.305908203125,116.0,393.0,55.0,936.0,83.5,425.5,32.75,958.25,116.0,393.0,55.0,936.0,769.0,11.0,641.0,57.0,987.0,17.0
121,0.3222307839494629,0.7076194195316071,31924.863123375304,17,30515.070748649563,31975.01482618071,-0.04415969989526736,0.0015709292976948674,0.0034233914931030007,10.270955643626023,842,351,0.007823284526344568,0.18176883131524255,0.09430716093123596,1459.9440775312146,1235888.1550624296,30082.112072731044,617.9440775312148,842.0,3587.0,4977.0,0.0,270.0,204.0,0.0,319,26.103907852060498,34.33968189833433,17.0,27.0,270.0,2062.0,204.0,2884.0,185.5,2146.5,138.5,2949.5,270.0,2062.0,204.0,2884.0,764.0,30.0,1869.0,141.0,1489.0,64.0
122,0.7677963865028865,0.9389009696381857,41124.093533634106,21,36600.68160185816,38019.28987383881,-0.10999420395920434,-0.07549840964290133,-0.07558877698233601,8.23346705073657,813,336,0.007210379833646519,0.1803153134917299,0.07176401039796086,1418.6082719807075,1211216.5439614148,36777.23298391833,605.6082719807074,813.0,2829.0,7753.0,0.0,329.0,127.0,0.0,289,24.2809837533942,49.162315825012286,16.0,35.286346435546875,329.0,1546.0,127.0,4065.0,229.25,1645.75,86.5,4105.5,329.0,1546.0,127.0,4065.0,1647.0,26.0,1517.0,167.0,2413.0,40.0
123,0.18635546659201474,0.3974371285770548,70082.54713957229,5,53819.71915888136,54760.59215880208,-0.232052467332599,-0.21862725608782307,-0.21924895062981697,6.723749842362482,176,85,0.011541841100775854,0.1966458099499113,0.2814308787634007,940.8729999208307,1529745.999841662,56878.45457171874,764.8729999208309,176.0,954.0,1566.0,0.0,50.0,36.0,0.0,82,28.31601573663967,49.3498573771802,21.103792190551758,43.30308532714844,50.0,139.0,36.0,185.0,34.5,154.5,25.5,195.5,50.0,139.0,36.0,185.0,259.0,3.0,579.0,34.0,591.0,19.0
124,0.8824816965061779,0.18773269534747183,23679.83897951327,10,19393.78047967769,19675.052213871517,-0.18100032282920864,-0.1691222127442047,-0.17047805600264998,2.900537969672288,156,74,0.006844831397986036,0.186069151084416,0.13594769424162792,281.27173419384053,250543.46838768086,21594.568921984155,125.27173419384043,156.0,1169.0,3871.0,0.0,62.0,10.0,0.0,67,49.01462825849492,83.89412230878483,33.0,73.5,62.0,162.0,10.0,436.0,40.75,183.25,7.5,438.5,62.0,162.0,10.0,436.0,958.0,2.0,720.0,30.0,1515.0,5.0
125,0.7542143449111882,0.3364499268325126,28002.61466416891,24,26426.844756301358,27325.240537607584,-0.05627224195902847,-0.024189674238815573,-0.02376049647609846,5.338852396515635,618,256,0.005419484391987251,0.16687663860059576,0.05650878384207496,898.3957813062705,560791.5626125415,26259.930082471386,280.39578130627075,618.0,3986.0,8099.0,0.0,257.0,81.0,0.0,243,44.43783146250637,78.24828990559773,27.0,74.14311981201172,257.0,1930.0,81.0,3559.0,173.5,2013.5,56.25,3583.75,257.0,1930.0,81.0,3559.0,1765.0,15.0,2179.0,129.0,3403.0,38.0
126,0.9467767008525411,0.4230226256106745,214620.85797167898,21,192820.5087933729,194059.8792792098,-0.10157609742284612,-0.0958014001378299,-0.09609505144962793,2.3772163828566253,315,142,0.0026713043420075423,0.17930666398673695,0.07025037073757998,1239.3704858368872,1848740.971673775,194422.8746913861,924.3704858368875,315.0,1761.0,8823.0,0.0,134.0,18.0,0.0,122,59.5010232739576,125.10443232879271,27.5,93.5,134.0,495.0,18.0,1915.0,86.75,542.25,11.75,1921.25,134.0,495.0,18.0,1915.0,2436.0,4.0,1125.0,81.0,3416.0,6.0
127,0.3306456814679546,0.8036556753103076,20803.79275238723,15,20636.340146581017,21792.77260329293,-0.008049138337383188,0.04753843987376838,0.04963833145772911,10.051672205041196,748,316,0.006462655900308181,0.17193292464212362,0.09700381993402575,1156.4324567119572,816864.9134239141,20316.64226511071,408.43245671195706,748.0,3169.0,4372.0,0.0,255.0,162.0,0.0,283,24.962176990366498,32.02959169590829,16.116565704345703,21.862648010253906,255.0,1644.0,162.0,2176.0,175.0,1724.0,113.5,2224.5,255.0,1644.0,162.0,2176.0,694.0,32.0,1509.0,124.0,1484.0,50.0
128,0.5709500483852841,0.5377851677657092,362738.8481333465,20,329766.3371289395,335833.5412142967,-0.09089875863609165,-0.07417266459742167,-0.0744586765261398,7.848325936170668,803,345,0.0066713872811290514,0.17374096127657074,0.07874767229935636,6067.204085357724,10528408.170715453,335371.1433604286,5264.204085357726,803.0,3607.0,6473.0,0.0,282.0,156.0,0.0,304,30.603526658997648,39.46348594329398,20.5,31.166179656982422,282.0,2116.0,156.0,3526.0,190.5,2207.5,108.25,3573.75,282.0,2116.0,156.0,3526.0,1169.0,34.0,1904.0,142.0,2281.0,51.0
129,0.1122313507529975,0.5695646482256996,156117.2009506154,22,135724.72149388088,139164.5670843987,-0.13062288673229083,-0.10858914817195142,-0.10815395272961315,9.220935972088617,965,391,0.010324713276881826,0.16889423640951898,0.07161964860201375,3439.8455905180494,4949691.181036094,134197.09224797244,2474.845590518047,965.0,4340.0,6748.0,0.0,269.0,283.0,0.0,338,24.10687792462891,37.99800373506874,18.0,25.0,269.0,2785.0,283.0,4099.0,186.5,2867.5,191.25,4190.75,269.0,2785.0,283.0,4099.0,1208.0,47.0,2125.0,123.0,2104.0,85.0
130,0.45082803957041084,0.5777531810477854,59846.02119222669,15,58244.2348753591,59732.91519293328,-0.026765126318466836,-0.0018899501928475448,-0.0008393371785401227,7.91924453889243,599,261,0.008556840337166272,0.16991118567247,0.10047711674823886,1488.6803175742914,1779360.6351485807,56172.04477049267,889.6803175742904,599.0,2675.0,4885.0,0.0,198.0,125.0,0.0,244,29.580650294071223,46.42163215709051,23.0,33.0,198.0,1229.0,125.0,2108.0,139.0,1288.0,81.0,2152.0,198.0,1229.0,125.0,2108.0,953.0,19.0,1291.0,90.0,1425.0,34.0
131,0.09794778140333149,0.9535730418016729,237425.48839813675,9,229174.8620119865,235011.64921448907,-0.034750381864287694,-0.010166723041967307,-0.009365635221896484,11.70401436140895,590,268,0.011833166688575012,0.17454850293342583,0.15956885137575835,5836.787202503162,10493574.405006327,224144.76949905013,5246.787202503164,590.0,2253.0,2283.0,0.0,168.0,145.0,0.0,241,18.999977321501724,22.57192579803558,15.164802551269531,19.0,168.0,939.0,145.0,917.0,120.5,986.5,104.0,958.0,168.0,939.0,145.0,917.0,252.0,16.0,960.0,77.0,649.0,34.0
132,0.813461097812028,0.6855173637003064,85278.20118814301,21,90857.26844565241,92446.65382424345,0.06542196223394448,0.08405961354983571,0.08582641672977487,6.2019950034550515,575,259,0.006496639856679055,0.17008343908917548,0.07576444459410686,1589.3853785911353,2028770.7571822717,81778.95806317442,1014.3853785911359,575.0,2657.0,7925.0,0.0,217.0,78.0,0.0,226,36.78344805192813,74.51262554159618,21.0,49.185516357421875,217.0,1170.0,78.0,3279.0,152.25,1234.75,48.75,3308.25,217.0,1170.0,78.0,3279.0,1790.0,17.0,1269.0,101.0,2490.0,25.0
133,0.7076184859363978,0.8726328790810773,14613.230939839903,7,14143.84216957063,14716.323386664408,-0.03212080697291819,0.007054733292652271,0.009789854649368213,8.736921092390208,340,150,0.009320006411878816,0.18327848029490723,0.19118697458542522,572.4812170938068,464962.4341876135,13304.527684031398,232.48121709380675,340.0,1087.0,2441.0,0.0,133.0,50.0,0.0,150,24.3699475644088,32.00434045448615,16.274185180664062,24.687915802001953,133.0,290.0,50.0,577.0,89.5,333.5,32.5,594.5,133.0,290.0,50.0,577.0,433.0,6.0,486.0,63.0,862.0,14.0
134,0.011256351653858965,0.6701402096556208,29660.233324717196,23,26850.14339793732,28498.426930463953,-0.0947426777131285,-0.03917050757942142,-0.03808711236669726,9.909201306141076,1111,444,0.007240882322036948,0.16869998475974252,0.06858277872591786,1648.2835325266883,1074567.0650533752,27110.334926474567,537.2835325266876,1111.0,5412.0,6169.0,0.0,288.0,356.0,0.0,375,27.3545815451548,27.25905220721166,22.0,19.976200103759766,288.0,3763.0,356.0,4212.0,202.25,3848.75,239.0,4329.0,288.0,3763.0,356.0,4212.0,875.0,52.0,2908.0,150.0,1798.0,90.0
135,0.6991295357637966,0.3977606557613501,102476.99726871224,22,101384.53073800399,103021.68241827222,-0.01066060247494971,0.005315194278494806,0.005719280427784135,5.271479624914585,599,267,0.0057343141844847945,0.17212843616441278,0.07145471032887869,1637.151680268394,2076303.360536786,98468.71790623818,1038.151680268393,599.0,3397.0,7691.0,0.0,214.0,96.0,0.0,232,43.99388113186089,72.92137520878578,28.69009780883789,53.5,214.0,1582.0,96.0,3212.0,154.0,1642.0,62.75,3245.25,214.0,1582.0,96.0,3212.0,1654.0,25.0,1739.0,110.0,2477.0,21.0
136,0.1338830324603837,0.7916642508652111,18666.204688918446,17,15975.37924701351,17116.14419290174,-0.14415493062188456,-0.08304101030976752,-0.08438653905340732,9.800707046770603,809,315,0.010869149421324545,0.1827230803635878,0.09263112152235775,1140.7649458882736,663529.891776547,16925.561814317887,331.7649458882735,809.0,3731.0,4827.0,0.0,250.0,227.0,0.0,309,28.094888539126558,36.54982596984144,19.0,28.0,250.0,2134.0,227.0,2634.0,165.0,2219.0,143.5,2717.5,250.0,2134.0,227.0,2634.0,761.0,39.0,1875.0,113.0,1290.0,73.0
137,0.6931944242030267,0.31099079675247887,12295.625592060573,29,11585.425612149178,12321.765084442082,-0.05776037783469745,0.0021259180499435537,0.0036435877880867107,4.946389606076372,622,243,0.005887357659449261,0.16839330214823492,0.04684768481736605,736.33947229293,228678.9445858591,11557.871639596455,114.33947229292956,622.0,4531.0,9927.0,0.0,247.0,104.0,0.0,254,42.52608443987622,89.77196153582996,28.30862808227539,72.0,247.0,2205.0,104.0,4733.0,175.0,2277.0,75.75,4761.25,247.0,2205.0,104.0,4733.0,2280.0,16.0,2158.0,116.0,2630.0,33.0
138,0.3674025624065237,0.06051086501432368,22952.99295019045,24,23125.957647637,23790.389038828533,0.007535605392372746,0.03648308917513665,0.03718596831065746,4.201839217024297,474,217,0.004325524918355705,0.16945245858701588,0.055925376734919596,664.431391191561,380862.78238312155,22660.48048911573,190.43139119156078,474.0,5107.0,6976.0,0.0,133.0,100.0,0.0,191,60.25529836050237,71.61076687705027,42.37620544433594,55.0,133.0,1948.0,100.0,2399.0,99.25,1981.75,72.5,2426.5,133.0,1948.0,100.0,2399.0,1392.0,19.0,2146.0,56.0,1996.0,32.0
139,0.44013836463172484,0.7581742259840155,112472.61518399896,24,110090.97774863678,113407.59466187797,-0.021175265031989854,0.008312952235968174,0.009290083901719148,10.090367664331508,1139,465,0.006418286006978198,0.17446778238151867,0.06279746446513924,3316.616913241391,4355233.82648279,107905.72681206968,2177.6169132413947,1139.0,4619.0,7477.0,0.0,397.0,253.0,0.0,367,25.22163242635198,36.647303131035244,16.0,29.0,397.0,3143.0,253.0,5015.0,270.75,3269.25,175.0,5093.0,397.0,3143.0,253.0,5015.0,1364.0,38.0,2238.0,187.0,2294.0,83.0
140,0.6591980961044118,0.0028233612378573136,31427.828742576068,15,29838.869733831336,30190.433896637773,-0.050558981397023084,-0.03937258459926518,-0.03940636641200479,2.5725100013213047,200,100,0.0033662658606990184,0.17587326540895235,0.10382699049239896,351.5641628064704,303128.3256129407,29458.420517048187,151.56416280647036,200.0,2323.0,5237.0,0.0,61.0,24.0,0.0,77,66.28390684939845,116.38289676902372,57.0,109.09367370605469,61.0,401.0,24.0,669.0,44.25,417.75,16.75,676.25,61.0,401.0,24.0,669.0,1244.0,5.0,1098.0,32.0,1664.0,8.0
141,0.34893230883106896,0.8433469945583951,10074.855097178995,14,7793.703612797359,8678.425488878001,-0.22642027725246083,-0.1386054285477516,-0.14052047867841921,10.463893582251929,709,273,0.01957384920124857,0.1749813577102243,0.105912264255307,884.7218760806657,351443.7521613299,8396.58176468419,175.72187608066494,709.0,2571.0,4445.0,0.0,229.0,193.0,0.0,298,21.436617982739335,33.94699469407812,16.0,27.0,229.0,1377.0,193.0,2347.0,155.0,1451.0,130.0,2410.0,229.0,1377.0,193.0,2347.0,743.0,31.0,1389.0,127.0,1266.0,63.0
142,0.9067586801272353,0.49103171589820394,254317.9682113992,15,243005.66927237462,245782.0684371831,-0.044480926843601276,-0.03356388789297304,-0.033711338049436934,4.938418211209827,367,180,0.0038847141737555933,0.17070485571242888,0.08932338062330346,2776.3991648087344,4818798.3296174705,243944.42327095606,2409.3991648087353,367.0,1580.0,5980.0,0.0,146.0,26.0,0.0,144,38.29052427911256,76.90673119255693,21.5,60.04076385498047,146.0,453.0,26.0,1535.0,110.25,488.75,19.25,1541.75,146.0,453.0,26.0,1535.0,1452.0,7.0,652.0,60.0,1959.0,7.0
143,0.8198548052675034,0.4916810619459716,84133.38177365604,19,80827.93553877568,82245.28792811261,-0.039288165591310764,-0.022441673040351273,-0.022244313649265823,5.583725125135007,534,233,0.006329162474640533,0.1718790064824738,0.07987222160613462,1417.3523893369636,1766704.778673928,79100.63349649629,883.352389336964,534.0,2513.0,7058.0,0.0,218.0,64.0,0.0,213,38.75674836310583,77.56579772774957,27.0,57.964996337890625,218.0,1086.0,64.0,2678.0,158.25,1145.75,43.25,2698.75,218.0,1086.0,64.0,2678.0,1529.0,20.0,1250.0,114.0,2083.0,17.0
144,0.4116060202398616,0.24692198477560012,33080.89546046179,24,30539.492243820492,31449.198514978667,-0.07682389431322312,-0.04932444913510048,-0.04921264185550367,5.208340137010663,591,258,0.005859080894659383,0.17495733422646104,0.0610290722251484,909.7062711582339,637412.5423164669,30595.762063761405,318.70627115823345,591.0,4822.0,7273.0,0.0,184.0,125.0,0.0,236,43.220826168483356,59.73604459969737,33.5,49.0,184.0,2190.0,125.0,3164.0,128.75,2245.25,91.0,3198.0,184.0,2190.0,125.0,3164.0,1397.0,21.0,2350.0,72.0,2185.0,39.0
145,0.6112735168103135,0.23317134950008078,25737.994608246394,13,21960.309895697425,22433.773009557775,-0.1467746329909716,-0.12837913943885715,-0.12903365025362634,4.187312592249457,284,130,0.009271029569682915,0.17975183088798144,0.12244171469341443,473.4631138603783,378926.22772075655,22623.473849440652,189.4631138603783,284.0,2118.0,4414.0,0.0,91.0,50.0,0.0,120,55.02508225738394,72.66527928958848,32.0,56.0,91.0,511.0,50.0,907.0,60.25,541.75,34.25,922.75,91.0,511.0,50.0,907.0,980.0,9.0,1051.0,42.0,1359.0,16.0
146,0.3739008878919964,0.5825251132816739,136605.4889577988,21,121156.19140739542,124286.59078703173,-0.113094266330514,-0.09017864702766609,-0.09014515588952432,9.03645250859645,914,387,0.00742504652939269,0.16846694840354678,0.07426820356650952,3130.3993796364616,4432798.759272915,122636.5865104685,2216.3993796364575,914.0,4369.0,6215.0,0.0,285.0,221.0,0.0,323,29.286615711105632,35.66787278052093,21.687360763549805,31.90363121032715,285.0,2544.0,221.0,3733.0,194.25,2634.75,150.5,3803.5,285.0,2544.0,221.0,3733.0,951.0,27.0,2068.0,139.0,1716.0,77.0
147,0.34943433064625684,0.3464735101931272,53009.282983421625,9,49259.650898734384,50170.26857344182,-0.07073538583534356,-0.0535569290923571,-0.05374654847367,6.266769008066999,285,132,0.00769977385521416,0.1805026765199915,0.1708623112787563,910.617674707511,1251235.349415022,49915.48865948104,625.617674707511,285.0,1678.0,2858.0,0.0,82.0,62.0,0.0,122,37.87175691161864,57.72469906678599,28.51822280883789,43.85129165649414,82.0,381.0,62.0,573.0,58.25,404.75,42.5,592.5,82.0,381.0,62.0,573.0,565.0,8.0,741.0,47.0,923.0,26.0
148,0.9295691621150566,0.5884902848340992,49560.16823442993,23,44349.286892577606,45136.59909442182,-0.1051425273054718,-0.08925654003198102,-0.08961107004646995,3.578425580841361,470,210,0.0026258437233098535,0.1706332400250649,0.07260830186068258,787.3122018442693,634624.403688538,44336.84516776543,317.312201844269,470.0,2040.0,9545.0,0.0,209.0,28.0,0.0,169,34.29077224214147,93.88435045242637,20.0,69.5,209.0,832.0,28.0,2814.0,146.5,894.5,21.25,2820.75,209.0,832.0,28.0,2814.0,2412.0,4.0,1296.0,130.0,3076.0,5.0
149,0.952507304615801,0.5716017385670157,17480.649246002286,18,14400.660413774494,14785.31378840423,-0.17619418986581203,-0.15418966536465817,-0.15549622747796732,2.8491818079643867,299,132,0.005350501068671812,0.17024563454761674,0.0825458526685358,384.65337462974406,171306.7492594879,15031.223067323222,85.65337462974395,299.0,1199.0,7851.0,0.0,126.0,23.0,0.0,125,35.54262712558234,162.52424645284862,23.0,160.10345458984375,126.0,335.0,23.0,1760.0,86.5,374.5,16.0,1767.0,126.0,335.0,23.0,1760.0,2148.0,5.0,684.0,80.0,2180.0,11.0
150,0.9616761131266853,0.802152128400799,128827.09252475273,24,124383.10972326351,126197.98939873348,-0.03449571603609203,-0.020407998616549516,-0.020556976097745316,4.793906163704241,628,276,0.003277193901423749,0.18297357161341993,0.05958751829468517,1814.8796754701511,2373759.3509402988,123790.45760806568,1186.8796754701493,628.0,2211.0,9885.0,0.0,299.0,29.0,0.0,227,30.259334911738957,140.28145365763774,17.0,123.0,299.0,1057.0,29.0,4063.0,208.25,1147.75,21.5,4070.5,299.0,1057.0,29.0,4063.0,2499.0,9.0,1161.0,166.0,3369.0,12.0
151,0.34962618275877155,0.6996247448717609,13770.582810507067,9,11808.6525579817,12513.562254104116,-0.1424725648524039,-0.09128303236692603,-0.09190215958880465,9.677989152647676,468,198,0.01358094684013957,0.18278482463340318,0.17425610283103998,704.9096961224438,473819.3922448881,12239.613642139235,236.90969612244407,468.0,1857.0,2665.0,0.0,148.0,113.0,0.0,213,23.971259833238744,29.916720913648884,16.835309982299805,24.0,148.0,650.0,113.0,1000.0,98.75,699.25,78.75,1034.25,148.0,650.0,113.0,1000.0,418.0,14.0,967.0,76.0,947.0,28.0
152,0.7323931268786943,0.440098125312949,317989.15464827826,27,291681.3378195836,295415.99737939757,-0.08273180529629454,-0.07098719229543671,-0.07127407484546078,5.157842838589856,686,302,0.004071834124715568,0.1759461015718922,0.053401289503543066,3734.659559814435,6097319.119628878,295536.2983343572,3048.659559814439,686.0,3544.0,10064.0,0.0,261.0,96.0,0.0,255,37.02966715500529,80.7860282285782,21.0,59.968936920166016,261.0,1881.0,96.0,4647.0,184.75,1957.25,67.25,4675.75,261.0,1881.0,96.0,4647.0,2407.0,15.0,1870.0,136.0,3615.0,33.0
153,0.7799088990887023,0.1540654389018864,20037.650288640853,18,20166.15451343503,20610.0582726844,0.006413138414089747,0.028566622123754826,0.02959427737227016,3.420232055530538,314,143,0.0075607300482766725,0.17904630291022663,0.07161017070367824,443.903759249391,259807.51849878186,18990.489115984936,129.90375924939093,314.0,2522.0,6544.0,0.0,124.0,29.0,0.0,133,66.6383532840129,89.29146294290027,37.5,63.319435119628906,124.0,731.0,29.0,1508.0,85.75,769.25,19.25,1517.75,124.0,731.0,29.0,1508.0,1583.0,5.0,1049.0,60.0,1998.0,7.0
154,0.11274742467754428,0.9728364619267832,24303.05652108496,8,20140.01150891351,21204.246107055293,-0.1712971785487004,-0.1275070241202454,-0.1297037768252125,12.794179571293913,509,233,0.013306417011069622,0.18181588881222452,0.1690058968136634,1064.2345981418446,1110469.1962836883,21698.718352664626,555.2345981418441,509.0,1746.0,2282.0,0.0,145.0,123.0,0.0,207,18.79709293459384,26.041392470652486,15.0,23.0,145.0,598.0,123.0,789.0,100.5,642.5,86.25,825.75,145.0,598.0,123.0,789.0,336.0,19.0,864.0,67.0,636.0,46.0
155,0.9123321672072504,0.49879802123471617,99933.46948395309,25,94951.18631594931,96320.74301856422,-0.04985600113487321,-0.036151316311188286,-0.036200999251262744,4.46806541312459,532,227,0.00400394480497667,0.1696336957091533,0.058912745953852846,1369.5567026150666,1675113.4052301312,93726.99649324839,837.5567026150657,532.0,2601.0,9999.0,0.0,234.0,46.0,0.0,202,49.9996914533337,95.08504010092888,25.5,69.5,234.0,1096.0,46.0,3674.0,163.5,1166.5,29.0,3691.0,234.0,1096.0,46.0,3674.0,2514.0,12.0,1478.0,118.0,3524.0,18.0
156,0.3393632684629919,0.37142918202065567,268335.8006418553,23,242181.21123953062,245742.5149991338,-0.09746962328456832,-0.08419780584133274,-0.08461577015868915,5.677021236424119,723,303,0.005391935267682784,0.17351820605226925,0.0854669544183568,3561.3037596036834,5676607.519207375,249981.7810608982,2838.3037596036875,723.0,4778.0,6814.0,0.0,220.0,177.0,0.0,272,38.631583823495035,53.14213300514267,26.013477325439453,44.0,220.0,2475.0,177.0,3384.0,145.75,2549.25,125.25,3435.75,220.0,2475.0,177.0,3384.0,1232.0,33.0,2159.0,111.0,1632.0,38.0
157,0.018479606006274296,0.9566456233756268,16970.52032820133,15,13400.367956909555,14660.807113533781,-0.21037377182589723,-0.13610149659520498,-0.13984127656233913,11.888388230345846,911,370,0.009111842547601084,0.18169768094979105,0.10422188704645831,1260.4391566242587,698878.3132485171,14696.658195107284,349.43915662425854,911.0,3580.0,3968.0,0.0,249.0,277.0,0.0,332,24.076009936360457,24.17673338954982,19.0,20.0,249.0,2084.0,277.0,2362.0,174.0,2159.0,186.5,2452.5,249.0,2084.0,277.0,2362.0,451.0,27.0,1792.0,130.0,959.0,67.0
158,0.5920653069640099,0.4961711695302319,18919.464937977813,23,17155.21508710202,18199.44538351138,-0.09325051509962856,-0.038057078084756335,-0.03659555704677009,7.087211242454408,802,320,0.005449252787143673,0.16837737648868117,0.06623838360103355,1044.230296409376,484460.5928187513,17089.253312949626,242.23029640937565,802.0,4561.0,6998.0,0.0,322.0,137.0,0.0,297,35.75846411499439,45.218389850720385,27.0,37.0,322.0,2632.0,137.0,3720.0,211.0,2743.0,106.0,3751.0,322.0,2632.0,137.0,3720.0,1283.0,19.0,2435.0,174.0,2371.0,40.0
159,0.19120292115127158,0.30921781128069215,342700.4144826249,20,311474.2042298561,315912.78449005657,-0.09111809887919475,-0.07816631921210149,-0.07834268500956998,6.069244302996456,597,265,0.005473859969408853,0.17275872494566458,0.07426639345338977,4438.580260200745,7683160.520401491,316479.2903709703,3841.5802602007457,597.0,4107.0,5973.0,0.0,154.0,158.0,0.0,236,41.08738194222851,50.36966121544963,32.0,39.23769760131836,154.0,1840.0,158.0,2568.0,109.5,1884.5,104.5,2621.5,154.0,1840.0,158.0,2568.0,1094.0,29.0,1768.0,74.0,1626.0,43.0
160,0.6350054186656287,0.6222469833013352,30626.40777337519,23,27738.096063554374,29096.42281336323,-0.09430788394098721,-0.04995639617069425,-0.05002275833593006,8.112551757201578,901,387,0.00391062030649745,0.1787756731804767,0.06968439729194506,1358.3267498088933,914653.4996177875,28186.36869730422,457.3267498088938,901.0,3887.0,7689.0,0.0,341.0,150.0,0.0,304,28.514586805275314,49.583159579675936,21.0,38.87641143798828,341.0,2238.0,150.0,4257.0,237.25,2341.75,108.75,4298.25,341.0,2238.0,150.0,4257.0,1536.0,36.0,2048.0,184.0,2452.0,48.0
161,0.5471332967608721,0.651031444613825,64930.95498651236,21,58540.51304151869,60436.59219731096,-0.0984190352093407,-0.0692175679556074,-0.06905492331750407,8.727633628512105,867,356,0.005848684246230283,0.17688618537595172,0.07919621484083034,1896.0791557923735,2058158.311584746,58955.22197623523,1029.079155792373,867.0,3765.0,6814.0,0.0,302.0,188.0,0.0,314,24.975922209686566,46.78674256156271,18.0,35.5,302.0,2141.0,188.0,3961.0,211.0,2232.0,129.75,4019.25,302.0,2141.0,188.0,3961.0,1266.0,33.0,1940.0,162.0,1980.0,51.0
162,0.31420333729364147,0.18557494171348243,248913.27513688116,5,218395.34160968437,220939.14535921486,-0.12260468434403315,-0.11238504560386708,-0.11205451123535015,5.622809773620258,146,76,0.008368242833077385,0.1966819587476104,0.2463473527964915,2543.803749530818,4795607.4990616385,213221.13374529016,2397.8037495308195,146.0,1011.0,1509.0,0.0,35.0,30.0,0.0,61,43.3483311038518,38.3904136243777,36.89161682128906,33.366302490234375,35.0,95.0,30.0,145.0,25.75,104.25,23.25,151.75,35.0,95.0,30.0,145.0,237.0,6.0,493.0,15.0,502.0,10.0
163,0.2777392815436778,0.7208709181643574,53320.497827413914,28,47561.07211784671,49799.333677471965,-0.10801522761863802,-0.06603772082809767,-0.06599450564447296,9.834209074365246,1283,519,0.004429084414861293,0.17100992314743904,0.05092034706154732,2238.261559625412,1910523.1192508223,48568.29626062577,955.2615596254112,1283.0,5823.0,8284.0,0.0,392.0,344.0,0.0,380,26.597910802482417,34.990013379686474,19.0,28.0,392.0,4058.0,344.0,5844.0,279.0,4171.0,238.25,5949.75,392.0,4058.0,344.0,5844.0,1409.0,68.0,2622.0,167.0,2709.0,102.0
164,0.9322213632809,0.9742490589726236,128457.90130708559,16,133314.80315941307,135489.5307637976,0.03780928851326015,0.05473878512075747,0.05512649174577322,6.4372858028050235,506,238,0.0034944228211141594,0.17809984703740328,0.10260181819869944,2174.7276043847387,3337455.208769481,129614.22371969244,1668.7276043847405,506.0,1443.0,6619.0,0.0,215.0,37.0,0.0,189,27.347146979891107,71.41801325086827,14.0,51.198699951171875,215.0,578.0,37.0,2193.0,155.25,637.75,27.25,2202.75,215.0,578.0,37.0,2193.0,1546.0,11.0,692.0,109.0,1995.0,16.0
165,0.6183114765061598,0.13850051951994846,39875.954885474035,5,31416.211465126846,31792.652434435535,-0.21215149441923198,-0.20271119460973896,-0.2033118694242051,4.0554775051172385,104,54,0.006236406434575989,0.21008210724435214,0.3178106904412663,376.44096930871274,544881.9386174254,33589.259090322186,272.4409693087127,104.0,722.0,1798.0,0.0,26.0,19.0,0.0,42,39.529131693364675,100.67073038006556,31.56902503967285,116.7736587524414,26.0,42.0,19.0,123.0,18.25,49.75,13.0,129.0,26.0,42.0,19.0,123.0,360.0,9.0,363.0,13.0,626.0,7.0
166,0.47498529508813847,0.23876139963367848,156129.82596632696,8,142749.35159993824,143887.83602474595,-0.08570094972932674,-0.07840904110289137,-0.07843207665375429,3.491759522578867,159,77,0.007359795083609454,0.18617549854920132,0.15038728103625595,1138.484424807788,1958968.8496155762,140256.56957103134,979.4844248077882,159.0,807.0,3225.0,0.0,36.0,38.0,0.0,69,43.21197478428758,104.1858031864836,26.0,101.85063171386719,36.0,122.0,38.0,356.0,26.0,132.0,22.5,371.5,36.0,122.0,38.0,356.0,777.0,15.0,236.0,14.0,826.0,10.0
167,0.613092688284846,0.5199831685617536,17359.718027761406,25,16729.968912137036,17760.255552406474,-0.036276459941186,0.02307281281899476,0.02606491814261025,6.6638045064795906,813,320,0.006251166827701814,0.16903795248153206,0.05943092291370603,1030.2866402694767,434573.2805389529,16303.497503430397,217.28664026947646,813.0,4296.0,8274.0,0.0,328.0,140.0,0.0,308,30.43365545700559,53.900758726395956,23.0,39.0,328.0,2545.0,140.0,4669.0,215.5,2657.5,93.0,4716.0,328.0,2545.0,140.0,4669.0,1694.0,26.0,1966.0,163.0,2179.0,43.0
168,0.8006750099443677,0.281964532004258,205463.3213689193,13,211997.099775804,213529.3251881602,0.03180021798223032,0.03925763374942237,0.03949966216632772,3.1848294298451516,253,118,0.010572879459580324,0.18152379823530324,0.12862434270167597,1532.2254123562755,2558450.8247125507,200831.0712606157,1279.2254123562755,253.0,1623.0,4929.0,0.0,96.0,26.0,0.0,109,64.63883150429847,85.60169811781755,34.97359848022461,66.28422546386719,96.0,340.0,26.0,955.0,61.0,375.0,16.5,964.5,96.0,340.0,26.0,955.0,1200.0,8.0,895.0,54.0,1820.0,5.0
169,0.10512142616116948,0.01844705695154536,10887.515811053478,16,9053.548233273026,9361.209735162645,-0.16844683485267853,-0.14018864379891516,-0.1409383798984769,3.1999151392690117,248,103,0.009396889896201145,0.18247535935886944,0.08127493946598624,307.66150188962274,119323.00377924541,9322.356889634857,59.661501889622706,248.0,2540.0,5506.0,0.0,56.0,73.0,0.0,115,96.14723376135815,102.30763769035165,67.42813110351562,79.0,56.0,526.0,73.0,1180.0,36.75,545.25,41.5,1211.5,56.0,526.0,73.0,1180.0,1319.0,11.0,996.0,20.0,1766.0,24.0
170,0.871407006864692,0.4959354901440932,148094.01312358363,25,140861.0521330175,142539.3552090883,-0.04884033350173489,-0.03750764664510775,-0.03732170983530214,4.203843262444313,537,239,0.003221849625438538,0.17771316299218426,0.05894008206933121,1678.3030760708953,2282606.152141791,135745.19847908028,1141.3030760708955,537.0,2639.0,9960.0,0.0,226.0,47.0,0.0,200,37.366759973531806,110.04772469840668,19.0,90.0,226.0,1077.0,47.0,3649.0,158.75,1144.25,33.0,3663.0,226.0,1077.0,47.0,3649.0,2504.0,10.0,1552.0,130.0,3284.0,14.0
171,0.7196697833527391,0.6229139399902434,41177.43930903185,24,36205.44440637626,37433.54473409539,-0.12074560696553649,-0.09092101494799054,-0.0907958135246798,6.137353274741828,785,326,0.0042120907096698185,0.1714011975805946,0.0667640748928897,1228.100327719175,886200.6554383502,36098.64935938647,443.1003277191751,785.0,3244.0,8848.0,0.0,295.0,140.0,0.0,280,28.13721881797645,63.54255542406211,18.0,44.453590393066406,295.0,1752.0,140.0,4530.0,202.5,1844.5,95.0,4575.0,295.0,1752.0,140.0,4530.0,1866.0,31.0,1744.0,161.0,3190.0,44.0
172,0.6828322892911448,0.06970251946480743,115309.90081584785,8,107079.78367479747,107975.66571776371,-0.07137389836276109,-0.06360455647080177,-0.06347673045459135,3.6105741551767223,148,72,0.008562461340723106,0.1979786002169577,0.16911331214531564,895.8820429663643,1495764.0859327286,103568.29839571023,747.8820429663643,148.0,1561.0,2471.0,0.0,44.0,24.0,0.0,67,59.751026750039436,110.82799642701922,45.90695571899414,75.5,44.0,181.0,24.0,287.0,30.75,194.25,17.5,293.5,44.0,181.0,24.0,287.0,593.0,5.0,858.0,23.0,1074.0,6.0
173,0.10113502881159919,0.5859162168166965,24311.028345865707,23,24700.400591330665,26165.394768417988,0.016016280345095835,0.07627675786358212,0.08122691519356451,9.165969573812024,1033,426,0.0052421827919568445,0.17207659050631158,0.07173389661156025,1464.9941770873947,863988.3541747904,23565.110794260123,431.9941770873952,1033.0,5501.0,6071.0,0.0,295.0,289.0,0.0,349,34.91807298227336,31.545546198569593,21.0,23.0,295.0,3449.0,289.0,3979.0,213.25,3530.75,205.25,4062.75,295.0,3449.0,289.0,3979.0,820.0,39.0,2643.0,140.0,1827.0,82.0
174,0.42149097116935696,0.4784967620417363,38033.25786797066,16,35077.35942333676,36083.04781217448,-0.07771878114925246,-0.05127643975612528,-0.05124665436511011,6.6345556600615945,538,227,0.008023089636176324,0.1793059258375528,0.102581190987261,1005.6883888377572,935376.777675514,35246.398764360885,467.68838883775703,538.0,2814.0,5240.0,0.0,174.0,121.0,0.0,227,37.76883707519508,46.386102138918076,26.0,38.0,174.0,1192.0,121.0,2142.0,121.75,1244.25,78.5,2184.5,174.0,1192.0,121.0,2142.0,1060.0,16.0,1561.0,92.0,1691.0,35.0
175,0.34351767649110176,0.9387135195544866,13096.63836756481,23,9496.820183026539,11022.567911864675,-0.274865815448764,-0.15836662794605272,-0.16654380202323582,11.882910709668456,1264,494,0.006439421864936715,0.17336890306844238,0.061412091193380265,1525.7477288381579,523495.45767631417,11013.620115195668,261.7477288381571,1264.0,4503.0,7053.0,0.0,399.0,348.0,0.0,386,24.78329648604512,28.285837298187012,16.0,20.043502807617188,399.0,3095.0,348.0,5007.0,277.0,3217.0,248.25,5106.75,399.0,3095.0,348.0,5007.0,1132.0,54.0,2026.0,184.0,2147.0,106.0
176,0.4056200885751202,0.4651609980902093,73130.63585890099,15,61665.00142145893,63070.063126275134,-0.1567829173475802,-0.13756987908647245,-0.1384079176876697,6.844915807809237,516,221,0.010158900413455622,0.1788261493679228,0.09919748809230038,1405.0617048163324,1778123.4096326658,64943.21696418961,889.061704816333,516.0,2584.0,4976.0,0.0,152.0,128.0,0.0,223,32.07317623951005,47.42394669966495,22.0,39.295955657958984,152.0,1030.0,128.0,2035.0,104.5,1077.5,85.25,2077.75,152.0,1030.0,128.0,2035.0,916.0,26.0,1265.0,72.0,1539.0,38.0
177,0.15267675398734115,0.11410759587559882,440312.513620285,10,457977.7344235379,462047.43651417946,0.04011973372732025,0.04936249191554465,0.04981872491026951,4.480696691328915,211,104,0.005007576425769349,0.18729707454233532,0.15338312821652053,4069.702090641939,7717404.181283883,430591.7535223191,3858.7020906419416,211.0,2372.0,2668.0,0.0,59.0,38.0,0.0,90,74.74816877563218,62.17737445334704,51.0,49.87437438964844,59.0,405.0,38.0,398.0,41.5,422.5,24.0,412.0,59.0,405.0,38.0,398.0,550.0,13.0,1280.0,25.0,1038.0,14.0
178,0.8986054697259533,0.6709915194456063,12635.593734560443,12,10614.636911850595,11009.792357981834,-0.15994157972823997,-0.12866838003280945,-0.13026912155606873,4.101790178635293,303,125,0.009271193393969318,0.1784258358587183,0.11008211079268473,395.155446131251,184310.89226250164,11233.564141244286,92.15544613125083,303.0,1199.0,4810.0,0.0,138.0,28.0,0.0,141,35.71268907429532,78.98040490895058,23.56662940979004,72.5,138.0,352.0,28.0,1165.0,93.0,397.0,21.0,1172.0,138.0,352.0,28.0,1165.0,1220.0,10.0,798.0,93.0,1975.0,14.0
179,0.8079325106824851,0.10032253654839007,201564.31572698554,23,192205.07304027549,193468.91373677863,-0.04643303380835995,-0.040162872882578915,-0.04008547387604755,2.5532703705164166,315,152,0.0027066085003083704,0.17436364286416403,0.05868464594503004,1263.8406965032038,1897681.3930064067,185808.8958106097,948.8406965032034,315.0,2970.0,8622.0,0.0,112.0,28.0,0.0,121,79.45678401447701,115.96169710851002,52.5,92.10253143310547,112.0,830.0,28.0,1813.0,77.75,864.25,20.5,1820.5,112.0,830.0,28.0,1813.0,2165.0,8.0,1235.0,49.0,2589.0,9.0
180,0.4648849881419582,0.9483804810326019,69737.30525934538,15,62346.082468480185,64662.90263639478,-0.10598664177484407,-0.07276453548182649,-0.07308125242248398,11.268475764629903,879,363,0.01141107109580831,0.17471143943677792,0.10186777270307296,2316.820167914754,2875640.3358295076,63798.34318088791,1437.8201679147537,879.0,2699.0,4860.0,0.0,314.0,187.0,0.0,330,20.5020084957246,34.901543782637845,13.799210548400879,23.0,314.0,1625.0,187.0,2823.0,212.0,1727.0,121.5,2888.5,314.0,1625.0,187.0,2823.0,748.0,24.0,1379.0,154.0,1552.0,52.0
181,0.7171892369072124,0.9705239119153214,17938.829417375568,29,15219.51715445981,16837.01811722351,-0.15158805514265206,-0.06142046810952129,-0.060880967779621376,9.779531588720694,1308,519,0.0037518392124184117,0.17064518744737736,0.049671446105403895,1617.5009627637387,619001.9255274758,15823.915488994557,309.5009627637379,1308.0,4319.0,10244.0,0.0,552.0,208.0,0.0,371,21.85001224623536,47.998584413599545,15.0,36.0,552.0,2925.0,208.0,7039.0,390.75,3086.25,150.25,7096.75,552.0,2925.0,208.0,7039.0,2095.0,47.0,2307.0,286.0,3466.0,65.0
182,0.41769099645684693,0.8048856963758658,53745.11644256463,16,52292.044945001806,54393.1730864675,-0.027036344764750142,0.012057963342500644,0.013824882232683411,11.665749709377707,913,377,0.010647696454654259,0.17471916305478405,0.09585712124880903,2101.128141465816,2376256.2829316356,50923.77991406422,1188.1281414658179,913.0,3569.0,4494.0,0.0,332.0,188.0,0.0,336,24.980267818874662,25.677499243550283,18.0,20.0,332.0,2132.0,188.0,2723.0,231.75,2232.25,124.0,2787.0,332.0,2132.0,188.0,2723.0,665.0,26.0,1664.0,157.0,1226.0,50.0
183,0.8500424293007067,0.8877734223124397,51364.4468177554,29,46441.80569129276,48025.467071579624,-0.09583751858417777,-0.06500565961554516,-0.06529237875680749,6.71440264120494,955,397,0.004655905973539024,0.1678008659744893,0.05454719593724996,1583.661380286942,1257322.7605738868,46814.393914134285,628.6613802869434,955.0,3245.0,11354.0,0.0,421.0,108.0,0.0,325,29.790957544710622,77.54791754812256,16.405576705932617,46.0,421.0,1982.0,108.0,6909.0,295.75,2107.25,75.5,6941.5,421.0,1982.0,108.0,6909.0,2681.0,24.0,1785.0,238.0,3586.0,29.0
184,0.47850685959820616,0.31515502377322735,225187.04790780073,9,197168.3756739959,199290.58048076768,-0.12442399549230132,-0.11499980868187387,-0.11524353692255263,4.674753901806412,249,122,0.007918649849363153,0.17715562134928506,0.1690797965830184,2122.2048067719693,3746409.6135439393,200353.30694607567,1873.2048067719697,249.0,1677.0,2859.0,0.0,74.0,44.0,0.0,109,37.72474888816406,66.10020670457988,30.5,58.5,74.0,322.0,44.0,541.0,52.25,343.75,32.25,552.75,74.0,322.0,44.0,541.0,532.0,10.0,815.0,40.0,1044.0,14.0
185,0.4496612243672998,0.15626926352313208,92953.02131147917,28,81707.12851680057,83034.58037740129,-0.12098469351517238,-0.10670380364336807,-0.10720109593952476,4.419167591550318,580,252,0.0040893104458536505,0.17508303290631358,0.05365876861290776,1327.451860600733,1494903.7212014638,84569.3046389437,747.451860600732,580.0,4932.0,9180.0,0.0,164.0,136.0,0.0,229,54.97518861944077,83.31166484699327,36.0,60.68328094482422,164.0,2147.0,136.0,3965.0,111.0,2200.0,89.75,4011.25,164.0,2147.0,136.0,3965.0,1998.0,29.0,2434.0,67.0,3255.0,46.0
186,0.0613363562463749,0.12956389071456909,33619.6703772057,9,34943.60722820823,35445.97470207512,0.039379828420333496,0.05432249348011631,0.05605670993599943,4.615727722973014,214,108,0.004373825064228509,0.1814611344681745,0.17540664780969759,502.3674738669144,576734.9477338286,31237.48747480011,288.3674738669143,214.0,2157.0,2379.0,0.0,48.0,49.0,0.0,91,51.06184436816184,54.95352664162044,36.5,41.0,48.0,354.0,49.0,368.0,35.25,366.75,38.0,379.0,48.0,354.0,49.0,368.0,415.0,11.0,1052.0,20.0,512.0,11.0
187,0.4435856525711578,0.9998617543142478,14667.561633600644,9,15810.052426900975,16714.28914573927,0.07789234651539467,0.13954108823718547,0.14468742909071697,11.787631580354825,554,239,0.015979951397632978,0.1967087364637907,0.19357932837762795,904.2367188383296,700473.4376766587,14856.110680538708,350.23671883832935,554.0,1842.0,2686.0,0.0,199.0,107.0,0.0,228,19.963369732162604,25.216166942229517,15.0,19.0,199.0,747.0,107.0,994.0,137.5,808.5,78.0,1023.0,199.0,747.0,107.0,994.0,396.0,12.0,1000.0,121.0,687.0,28.0
188,0.46855484307099904,0.24088956369474102,41923.40833169499,26,39031.800316001594,40001.56207390125,-0.06897359090690347,-0.045841841927264815,-0.04576111615692158,4.488862495968014,619,263,0.004898667062109157,0.17000585648908703,0.06173028058477832,969.7617578996861,701523.5157993716,39070.22750359885,350.76175789968585,619.0,4732.0,8358.0,0.0,216.0,114.0,0.0,235,50.87060732653576,63.96428512411941,38.036643981933594,53.5,216.0,2147.0,114.0,3627.0,145.25,2217.75,80.5,3660.5,216.0,2147.0,114.0,3627.0,1647.0,19.0,2418.0,117.0,2245.0,23.0
189,0.6494244131115641,0.5093717586619162,210287.3206677906,8,214724.44203145543,217881.83861131326,0.021100280081434608,0.03611495890197003,0.036734873211273555,7.014494387943152,279,128,0.00865277699272391,0.18826857792507823,0.1686886383346552,3157.3965798581426,5756793.159716287,205174.91501637443,2878.3965798581435,279.0,1186.0,2846.0,0.0,100.0,43.0,0.0,121,32.821555349035656,61.416408918530855,16.288951873779297,61.0,100.0,273.0,43.0,552.0,71.0,302.0,27.0,568.0,100.0,273.0,43.0,552.0,601.0,9.0,426.0,41.0,838.0,17.0
190,0.5046681191742449,0.33772644282861275,98012.50084252324,21,90520.41613808063,92102.4168169009,-0.07644009325382017,-0.06029928809915852,-0.06090888298021757,5.184002345202036,602,278,0.00475647168757078,0.16812314251519359,0.07133316250591487,1582.0006788203336,1960001.3576406685,94521.6276500489,980.0006788203343,602.0,3939.0,6642.0,0.0,196.0,107.0,0.0,235,38.65314066331047,65.77070319999596,24.0,51.0,196.0,1816.0,107.0,2815.0,134.75,1877.25,78.5,2843.5,196.0,1816.0,107.0,2815.0,1352.0,21.0,2081.0,107.0,2224.0,31.0
191,0.8243430552385842,0.9040370840466392,228554.27175162404,17,246082.730774167,250326.82910997095,0.07669276486589416,0.09526208891867793,0.09669816405031817,7.915008868868966,652,277,0.007008791377770796,0.1739350861715131,0.0922366920413653,4244.098335804233,7184196.671608471,226916.88634314423,3592.098335804236,652.0,2345.0,6219.0,0.0,286.0,72.0,0.0,241,24.919030527389562,54.78261769748647,17.821949005126953,44.16800308227539,286.0,1142.0,72.0,2596.0,196.5,1231.5,49.25,2618.75,286.0,1142.0,72.0,2596.0,1262.0,16.0,1175.0,147.0,1944.0,29.0
192,0.452878367954505,0.04710561114852885,18555.15335409406,15,16916.41013897735,17276.836406102677,-0.08831741693771211,-0.06889282581484746,-0.06929480343237704,3.340013393894451,245,118,0.004606248507877067,0.16970456819858795,0.08959852946079312,360.42626712534513,230852.53425068982,17279.312013590166,115.4262671253449,245.0,2699.0,4853.0,0.0,75.0,37.0,0.0,99,61.56050362160329,88.74327038013922,46.0,70.84349822998047,75.0,535.0,37.0,837.0,55.75,554.25,27.0,847.0,75.0,535.0,37.0,837.0,985.0,10.0,1506.0,34.0,1678.0,14.0
193,0.1871776242864509,0.02785162061509694,14134.919040936897,26,12060.632057668667,12476.780964496897,-0.14674912373114957,-0.11730792879943475,-0.11781198402278892,2.8820326657394864,345,138,0.006031880963069473,0.17051224094136141,0.0504216101297722,416.1489068282228,142297.81365644553,12343.528870094715,71.14890682822276,345.0,5024.0,8024.0,0.0,91.0,90.0,0.0,152,100.18686623529732,89.81500524358754,49.0,75.5,91.0,1463.0,90.0,2293.0,59.75,1494.25,64.0,2319.0,91.0,1463.0,90.0,2293.0,1790.0,16.0,2211.0,36.0,2227.0,17.0
194,0.5292658173717846,0.3451038916532706,32086.8127559205,13,26203.083475879794,26886.78988151779,-0.18336907828139049,-0.16206105959973305,-0.1633182057702317,5.511382317395033,374,165,0.00905134054797408,0.18675871511698042,0.12095283533228597,683.7064056380226,619412.8112760445,28096.980739344323,309.70640563802226,374.0,2442.0,4095.0,0.0,125.0,71.0,0.0,159,42.37566677167014,63.47393211240214,34.50312805175781,45.0,125.0,741.0,71.0,1126.0,78.5,787.5,49.75,1147.25,125.0,741.0,71.0,1126.0,833.0,15.0,1213.0,64.0,1209.0,21.0
195,0.4499033720721174,0.3821383279116921,134466.77946400555,24,133259.1238699542,135507.17853441852,-0.008981070260365875,0.007737220111614818,0.008723793539804792,6.078139860104241,710,308,0.005159173313065997,0.1693322773520046,0.058340924410599335,2248.054664464427,3076109.328928856,126523.46769444444,1538.054664464428,710.0,4360.0,7736.0,0.0,233.0,145.0,0.0,272,36.784813356470366,55.959344716359425,27.0,42.6177978515625,233.0,2283.0,145.0,3867.0,161.5,2354.5,97.5,3914.5,233.0,2283.0,145.0,3867.0,1528.0,27.0,2023.0,102.0,2608.0,45.0
196,0.898853886893154,0.8515773935195597,437612.24025372026,12,404944.7602944989,409085.21758511715,-0.0746493743874288,-0.06518789934226621,-0.06574946188238961,4.429856171943276,368,172,0.0050285138258803095,0.1766490806917046,0.13142527225436565,4140.457290618757,7544914.581237514,425799.0715942214,3772.457290618757,368.0,1349.0,4699.0,0.0,156.0,28.0,0.0,149,29.571893327991322,91.88629297075009,15.177989959716797,55.12653732299805,156.0,424.0,28.0,1180.0,112.25,467.75,17.75,1190.25,156.0,424.0,28.0,1180.0,1044.0,5.0,859.0,104.0,1719.0,8.0
197,0.7709725582819134,0.8911021742583434,19453.781980381907,9,21139.465708427673,21829.436667199952,0.08665069495205024,0.12211788377261379,0.1267592091003673,8.373781480102659,377,175,0.008836685246738203,0.1933379352062859,0.1553254935643864,689.9709587723197,625941.9175446405,18687.55230334022,312.9709587723203,377.0,1278.0,3245.0,0.0,148.0,45.0,0.0,161,26.126478794742518,54.307466127323195,20.0,25.200252532958984,148.0,403.0,45.0,851.0,105.75,445.25,33.75,862.25,148.0,403.0,45.0,851.0,687.0,6.0,721.0,79.0,1117.0,13.0
198,0.42578975974905564,0.6587579692059541,428716.65080090606,28,392238.60279164,401089.3284307955,-0.0850866135969287,-0.06444191593328275,-0.06392159432781508,9.865065432219861,1261,508,0.006515946399547298,0.17279935912502514,0.053336819589963315,8850.725639156184,15179451.278312372,384676.9031236079,7589.725639156186,1261.0,5519.0,8593.0,0.0,450.0,275.0,0.0,385,27.63313467514558,38.90157155147292,22.0,27.0,450.0,3934.0,275.0,6121.0,301.5,4082.5,198.75,6197.25,450.0,3934.0,275.0,6121.0,1492.0,48.0,2868.0,243.0,2756.0,97.0
199,0.7413522770430121,0.8587772093739123,209043.79301266567,28,184614.83140932588,189008.61038197635,-0.11686049727321812,-0.09584203549863557,-0.09591548508529535,8.658417327542152,1164,481,0.004635834283367332,0.17051506335671743,0.05140367658760414,4393.77897265084,6459557.945301696,186510.9321063229,3229.778972650848,1164.0,3916.0,10196.0,0.0,452.0,203.0,0.0,367,26.198193999265442,44.34172170877087,17.0,29.0,452.0,2671.0,203.0,6950.0,311.25,2811.75,147.0,7006.0,452.0,2671.0,203.0,6950.0,2141.0,39.0,2015.0,226.0,3429.0,77.0
200,0.10019557892430841,0.06531719616415588,40910.581914078364,14,36147.37579920838,36693.87218111021,-0.11642968376430862,-0.1030713701854502,-0.10309791370087373,3.7773658198447806,273,124,0.006486920459182123,0.18406421352730729,0.1013852356190519,546.4963819018546,546992.7638037091,36201.998290053496,273.49638190185453,273.0,3021.0,4035.0,0.0,64.0,71.0,0.0,119,63.810805072226536,87.23544981545406,56.70491027832031,71.998291015625,64.0,697.0,71.0,834.0,44.5,716.5,46.25,858.75,64.0,697.0,71.0,834.0,785.0,14.0,1501.0,24.0,1190.0,16.0
201,0.07168848825455831,0.2320455789259669,37965.64641266578,15,33788.80302297093,34587.25346630473,-0.11001639072057012,-0.08898552416676297,-0.08909829850327144,5.584739487068424,420,189,0.008905694580178833,0.17339288844852385,0.09677517866239976,798.4504433338415,756900.8866676845,33882.5512103252,378.45044333384226,420.0,3255.0,4296.0,0.0,106.0,110.0,0.0,167,53.166746303807145,52.35416429673817,36.5,45.0,106.0,1033.0,110.0,1255.0,66.5,1072.5,77.5,1287.5,106.0,1033.0,110.0,1255.0,761.0,21.0,1576.0,48.0,1310.0,36.0
202,0.7056609630525352,0.532403452891619,434275.6908414819,8,449833.4691015948,456463.8835960395,0.03582465836383131,0.05109241254458485,0.0514073344208088,7.375618670634566,280,139,0.0042326959439273355,0.18076451579896693,0.1991325551493346,6630.414494445163,12700828.98889032,430500.4622682587,6350.41449444516,280.0,1322.0,2710.0,0.0,92.0,41.0,0.0,117,28.835065473510085,39.243189965882166,22.0,29.690258026123047,92.0,292.0,41.0,511.0,68.0,316.0,31.75,520.25,92.0,292.0,41.0,511.0,541.0,5.0,669.0,50.0,1079.0,15.0
203,0.20310827524554997,0.32568028352674916,17200.340519628353,10,17382.80404952174,17950.991375266753,0.010608134745074826,0.04364162760509216,0.04450207931206851,6.762806688247432,336,144,0.014148814330939735,0.1765582128294058,0.1629551759863587,568.1873257450396,464374.65149007813,17166.491402788415,232.18732574503906,336.0,1983.0,3052.0,0.0,97.0,85.0,0.0,152,38.58140938366942,51.846123997887574,29.0,37.0,97.0,549.0,85.0,787.0,69.25,576.75,51.75,820.25,97.0,549.0,85.0,787.0,543.0,17.0,903.0,47.0,932.0,22.0
204,0.0888672391549219,0.668559243698112,70450.90590244293,13,55237.15021155794,56983.703458007636,-0.21594833304134198,-0.1911572643662529,-0.1916196049768989,9.601053920632934,637,272,0.010386557038763724,0.18271345274689796,0.11045400048892262,1746.5532464498028,2219106.492899607,57782.88798406509,1109.5532464498035,637.0,2994.0,3553.0,0.0,172.0,180.0,0.0,256,28.819854842321057,30.14846137752901,23.2845516204834,22.903961181640625,172.0,1361.0,180.0,1612.0,113.0,1420.0,121.5,1670.5,172.0,1361.0,180.0,1612.0,495.0,33.0,1449.0,88.0,1267.0,61.0
205,0.07138299374457624,0.5427403133808044,54965.42757663727,9,47574.16093319868,48814.50830333825,-0.13447119342668779,-0.11190523833773347,-0.11278009550951884,8.191776685402543,414,198,0.010315566674848476,0.18720330888755943,0.16542605313874081,1240.3473701396404,1652694.7402792813,50437.615786826966,826.3473701396407,414.0,2137.0,2399.0,0.0,109.0,98.0,0.0,174,36.354711888978514,31.98747811693067,25.0,25.01876449584961,109.0,621.0,98.0,738.0,74.0,656.0,70.0,766.0,109.0,621.0,98.0,738.0,353.0,8.0,1214.0,61.0,826.0,30.0
206,0.2825355488604856,0.038340881414027694,24084.603566291986,26,22476.5685696898,23029.853244278507,-0.06676609777595588,-0.04379355130800955,-0.04293698792126455,3.2073025119586207,414,176,0.004399005823116174,0.1760251098480817,0.05519710345109415,553.2846745887458,278569.3491774916,21713.6790292488,139.28467458874582,414.0,4793.0,8300.0,0.0,115.0,97.0,0.0,167,72.18952491128948,93.71514172067151,47.9948616027832,79.0,115.0,1530.0,97.0,2597.0,74.25,1570.75,65.75,2628.25,115.0,1530.0,97.0,2597.0,1880.0,26.0,1985.0,44.0,2219.0,23.0
207,0.37001381515094944,0.9898660588766741,397256.60802859144,12,404340.17318549805,414080.3225655282,0.017831207873568733,0.042349741192287294,0.044368931826141544,11.990425887199263,701,301,0.01441929960459176,0.1804068000159154,0.1345246217959595,9740.149380031238,18078298.760062482,376931.95659051836,9039.149380031242,701.0,2318.0,3730.0,0.0,240.0,148.0,0.0,284,20.65507535642505,27.838246360873317,13.497490882873535,19.864521026611328,240.0,1199.0,148.0,1821.0,167.75,1271.25,101.75,1867.25,240.0,1199.0,148.0,1821.0,687.0,23.0,1223.0,126.0,1201.0,53.0
208,0.7981945590476478,0.2033836600026706,66197.72851977446,20,52568.508623411435,53331.516602465366,-0.20588651908640243,-0.1943603233072525,-0.1953220812932296,3.524219095209138,366,174,0.0027923151109849323,0.177934118352771,0.07390866270428147,763.0079790540032,794015.9581080055,56325.66652761455,397.00797905400276,366.0,2483.0,7597.0,0.0,127.0,45.0,0.0,146,53.60368755032657,108.24201827204993,32.0,79.07003021240234,127.0,745.0,45.0,2003.0,89.0,783.0,36.5,2011.5,127.0,745.0,45.0,2003.0,1835.0,9.0,1395.0,68.0,2456.0,16.0
209,0.9536309560666558,0.8611129727602841,76167.15050364014,19,71543.44429093058,72534.87830717018,-0.0607047287726562,-0.04768817229543554,-0.047878813654007035,3.5519590897914664,487,204,0.0030146195038342617,0.1795854951588812,0.08477812337419326,991.4340162396821,1008868.0324793637,71007.858408259,504.43401623968185,487.0,1652.0,7919.0,0.0,237.0,28.0,0.0,190,38.29096805125263,90.77125457542509,20.0,91.5,237.0,708.0,28.0,2635.0,155.75,789.25,21.75,2641.25,237.0,708.0,28.0,2635.0,1911.0,11.0,1096.0,165.0,2821.0,4.0
210,0.01854963399284515,0.8061660988333699,402375.8995714198,8,305829.07370942744,315005.08734254097,-0.2399418701886139,-0.21713728958901257,-0.22002161136008058,12.243789701220003,504,229,0.01751722350802332,0.1858077892852262,0.1767145472311782,9176.013633114539,17344027.26622906,354139.2756954339,8672.01363311453,504.0,2028.0,2004.0,0.0,146.0,121.0,0.0,211,21.435762186267024,22.285014110392222,15.0,16.0,146.0,719.0,121.0,702.0,96.75,768.25,84.25,738.75,146.0,719.0,121.0,702.0,252.0,16.0,1004.0,69.0,742.0,51.0
211,0.8876224883608361,0.0758123889492931,334634.2049601142,18,290618.3396909529,292121.6580791431,-0.13153426821507275,-0.1270418452472254,-0.1272480490046517,2.189453700456311,198,96,0.002857507173310647,0.1821523795887095,0.07522903021948751,1503.3183881906102,2610636.7763812193,298092.2565109653,1305.3183881906098,198.0,2098.0,6974.0,0.0,68.0,16.0,0.0,78,69.14268024111055,161.14910699145491,46.0,153.52320861816406,68.0,333.0,16.0,987.0,48.0,353.0,10.75,992.25,68.0,333.0,16.0,987.0,1844.0,2.0,839.0,28.0,2118.0,3.0
212,0.05023535715310734,0.7000741294997368,374752.86507267324,17,362863.0110285314,371002.7399266668,-0.03172718650686268,-0.010006928553512817,-0.008950884459075659,10.420067193969151,883,355,0.007854924874472117,0.17158159122758174,0.10538928381249948,8139.7288981361435,14513457.79627231,348209.31396374054,7256.728898136155,883.0,3893.0,4675.0,0.0,240.0,271.0,0.0,317,30.979874657169542,29.36098937192176,20.0,21.0,240.0,2267.0,271.0,2611.0,165.25,2341.75,182.5,2699.5,240.0,2267.0,271.0,2611.0,704.0,45.0,2004.0,130.0,1309.0,65.0
213,0.5995055412577003,0.878262085839748,50841.98660388256,15,47349.09234553352,49033.989168234366,-0.06870097908570516,-0.03556110916228683,-0.03379677814439741,10.385854479898164,738,318,0.006909339018562122,0.17717872270881238,0.09652971211551141,1684.8968227009595,1893793.6454019172,45585.889179059785,946.8968227009586,738.0,2717.0,4842.0,0.0,282.0,123.0,0.0,288,21.827322386578352,37.6905396403089,16.0,28.0,282.0,1386.0,123.0,2528.0,192.75,1475.25,85.0,2566.0,282.0,1386.0,123.0,2528.0,893.0,27.0,1360.0,131.0,1664.0,45.0
214,0.779116285216808,0.8558858632064822,155927.87699849298,12,162426.43901637837,165883.84359598544,0.041676717101382765,0.0638498181924756,0.06449081699807535,9.299403368431355,560,247,0.010225273296982721,0.18457798107162557,0.13168845005894647,3457.404579607346,5794809.15921469,155784.4339478354,2897.404579607345,560.0,1908.0,4137.0,0.0,223.0,78.0,0.0,222,28.006801894006102,44.058491554024236,15.556073188781738,29.5,223.0,827.0,78.0,1535.0,157.5,892.5,53.75,1559.25,223.0,827.0,78.0,1535.0,831.0,14.0,1022.0,126.0,1290.0,29.0
215,0.7154288194668431,0.018727080173942867,41332.1522484765,20,36676.456273907694,37085.817955412764,-0.11264102451234959,-0.10273682985429966,-0.10283500037384785,2.0437531851686215,259,122,0.003699463992888436,0.18361687734491994,0.0651187634531452,409.3616815050884,300723.363010177,36785.67514811794,150.36168150508848,259.0,3331.0,6749.0,0.0,86.0,31.0,0.0,106,89.81544441798552,93.79077505041533,55.0,55.94801712036133,86.0,661.0,31.0,1342.0,52.5,694.5,24.75,1348.25,86.0,661.0,31.0,1342.0,1715.0,7.0,1786.0,53.0,2645.0,10.0
216,0.5149270734558153,0.7235888206238136,10350.72464446204,22,8066.486296994421,9221.111046621065,-0.22068390628957146,-0.10913376953229581,-0.11406736723889921,10.269650113960772,971,376,0.006740318316571187,0.17170739884645053,0.0645138583910654,1154.6247496266615,367249.499253323,8940.165808426047,183.6247496266615,971.0,3888.0,7086.0,0.0,353.0,220.0,0.0,341,28.810288280975,36.845694187645975,20.0,26.0,353.0,2491.0,220.0,4367.0,257.0,2587.0,151.0,4436.0,353.0,2491.0,220.0,4367.0,1248.0,40.0,1797.0,166.0,2040.0,61.0
217,0.8578582087686374,0.9146462689069057,265224.43287247204,14,225759.775716778,229066.0349872989,-0.14879721573264648,-0.13633132322525965,-0.13702400219522226,5.87240108784525,519,228,0.0059494372334694305,0.18267111762669594,0.10769986894051023,3306.2592705212382,5574518.541042476,237318.5370708357,2787.2592705212382,519.0,1840.0,5212.0,0.0,229.0,48.0,0.0,208,29.01075402035029,53.884289495166804,18.0,47.10342025756836,229.0,705.0,48.0,1929.0,155.75,778.25,35.0,1942.0,229.0,705.0,48.0,1929.0,1147.0,9.0,1242.0,150.0,2182.0,16.0
218,0.6129960838859905,0.9459444256238068,12447.844355998754,20,10290.777904313787,11453.913005656636,-0.17328835338830795,-0.07984766855340153,-0.08171769483780811,9.324130786206432,958,364,0.009512740461781957,0.17608049684341992,0.08009826150705385,1163.1351013428753,410270.2026857504,11000.22651153392,205.1351013428752,958.0,3256.0,6760.0,0.0,391.0,183.0,0.0,345,23.52059208870405,40.30002502389523,16.469606399536133,30.369295120239258,391.0,2060.0,183.0,4224.0,267.0,2184.0,126.5,4280.5,391.0,2060.0,183.0,4224.0,1250.0,20.0,1764.0,219.0,1984.0,47.0
219,0.6733781778535074,0.5430091135917188,45239.68574230639,20,46289.031300809154,47716.41985264253,0.02319524420395025,0.054746934460245145,0.05617459370884226,7.771355707228188,735,310,0.008722068654755041,0.17387180452556247,0.07493527256475681,1427.3885518334123,1384777.1036668238,44547.475235847,692.388551833412,735.0,3431.0,6643.0,0.0,285.0,120.0,0.0,270,33.85399500076798,51.809882015325734,19.213788986206055,37.0,285.0,1723.0,120.0,3270.0,204.0,1804.0,79.75,3310.25,285.0,1723.0,120.0,3270.0,1389.0,18.0,1811.0,152.0,2146.0,43.0
220,0.9427277476529082,0.05562657043940067,73696.6075848632,25,70529.0084510468,71063.1874278368,-0.042981613911723726,-0.03573326158865531,-0.035809067660989125,2.029474017678269,253,122,0.0017236205627159547,0.17393472224419326,0.05479079648044825,534.178976790072,562357.9535801444,69273.8547871982,281.1789767900722,253.0,3287.0,9311.0,0.0,98.0,8.0,0.0,93,96.05052558867618,176.64566621553448,58.5,177.17446899414062,98.0,702.0,8.0,1516.0,69.5,730.5,5.0,1519.0,98.0,702.0,8.0,1516.0,2441.0,3.0,1300.0,41.0,2778.0,2.0
221,0.6541514517576391,0.41547887578380494,24750.90676219504,20,22761.497474168566,23538.957741350325,-0.08037722848461992,-0.04896584325128117,-0.04801597373724098,5.467893448094649,535,232,0.006041094975834409,0.17360701620020003,0.07342444298300435,777.460267181783,484920.5343635652,22171.268467774433,242.4602671817826,535.0,2915.0,7158.0,0.0,199.0,84.0,0.0,211,38.26757767024295,79.234260145642,26.0,48.5,199.0,1220.0,84.0,2713.0,134.5,1284.5,61.75,2735.25,199.0,1220.0,84.0,2713.0,1518.0,30.0,1594.0,104.0,2262.0,29.0
222,0.511379938771372,0.16746210783444326,21272.82505103938,22,19891.62420909605,20540.7349718282,-0.06492794627086185,-0.034414332720487106,-0.03476525214585391,4.485577995079238,467,209,0.0032474943304948638,0.17299741495615606,0.06114952442797943,649.1107627321686,364221.525464337,20299.58713592177,182.11076273216852,467.0,4232.0,6851.0,0.0,146.0,90.0,0.0,191,48.44604556769324,76.18588468796658,35.0,54.1881103515625,146.0,1571.0,90.0,2393.0,101.5,1615.5,62.0,2421.0,146.0,1571.0,90.0,2393.0,1439.0,19.0,1621.0,56.0,2179.0,33.0
223,0.5734069874463811,0.7254513900964866,21558.21094720126,24,18873.292579430443,20143.12030664676,-0.1245427264046407,-0.0656404487376171,-0.06604106686552169,8.291861347176388,948,383,0.005039846318870606,0.16888286122035878,0.061434404207153875,1269.8277272163443,643655.4544326888,19406.241478334403,321.8277272163444,948.0,3916.0,8153.0,0.0,361.0,180.0,0.0,334,28.84495507450135,47.58996306214189,18.24212074279785,39.32905578613281,361.0,2515.0,180.0,4941.0,255.75,2620.25,122.75,4998.25,361.0,2515.0,180.0,4941.0,1718.0,45.0,2323.0,198.0,2653.0,61.0
224,0.12912129969155262,0.9946537921363044,444100.5863481276,29,382885.45351522503,394113.91197457333,-0.1378406935606169,-0.11255710059875945,-0.1135698856887234,11.78535528566644,1710,654,0.004108863990030306,0.16954096802833138,0.05246144635773498,11228.458459349471,19036916.918698967,403825.68996142194,9518.458459349484,1710.0,6544.0,8072.0,0.0,512.0,515.0,0.0,444,22.793882316994285,26.19790150066331,17.0,19.0,512.0,5297.0,515.0,6552.0,337.75,5471.25,351.5,6715.5,512.0,5297.0,515.0,6552.0,1075.0,65.0,3239.0,264.0,2388.0,140.0
225,0.7390496333829643,0.32002733332339517,12373.534940594327,9,13400.628208631848,13836.28608513196,0.08300726291788263,0.11821610813404093,0.1217506632916725,6.387495156097727,280,129,0.010956334771348036,0.18255002261770809,0.1615191498813308,435.6578765001255,311315.7530002501,12184.57882911493,155.65787650012504,280.0,1792.0,2728.0,0.0,113.0,29.0,0.0,127,38.49534173517224,47.76240105800452,24.97229766845703,47.2403450012207,113.0,422.0,29.0,578.0,76.25,458.75,25.0,582.0,113.0,422.0,29.0,578.0,511.0,5.0,898.0,55.0,968.0,10.0
226,0.8929030531065499,0.46064972182798314,81158.74287709374,9,88382.45020697005,89496.73876166028,0.08900713680121752,0.10273687823372946,0.10399443892338822,5.183199969969679,282,132,0.007993481487073241,0.19227427894432783,0.1486574920611872,1114.2885546903053,1664577.1093806103,80287.13531335874,832.2885546903052,282.0,1372.0,3164.0,0.0,131.0,10.0,0.0,124,34.488788902141025,85.61540486946276,21.0,69.3397445678711,131.0,292.0,10.0,683.0,88.75,334.25,8.0,685.0,131.0,292.0,10.0,683.0,754.0,4.0,775.0,68.0,1023.0,2.0
227,0.9433831451269896,0.2033484706029295,392274.60519559326,22,384046.0219469433,386034.33016184834,-0.020976589204766638,-0.01590792508893979,-0.015800935104525626,2.3378763271903704,271,124,0.0032532844579100423,0.1801675328644771,0.056079149892334305,1988.3082149051857,3434616.429810374,367279.52521103324,1717.308214905187,271.0,2422.0,8666.0,0.0,114.0,11.0,0.0,106,90.22972486184581,176.66459986409052,41.880950927734375,185.0,114.0,519.0,11.0,1688.0,77.75,555.25,8.0,1691.0,114.0,519.0,11.0,1688.0,2342.0,2.0,1204.0,62.0,3206.0,5.0
228,0.2830138370299137,0.2809808083526425,13251.303870789156,13,11449.549752548955,12006.841905288195,-0.13596806290224328,-0.09391241629016012,-0.09757526112165615,6.074490307294051,401,180,0.00921686305496502,0.1717864696300363,0.10744097965851075,557.2921527392583,312584.30547851656,12864.631008760334,156.29215273925828,401.0,2620.0,3924.0,0.0,103.0,105.0,0.0,169,38.656157405173076,47.22177122096383,23.0,37.12514877319336,103.0,816.0,105.0,1170.0,77.75,841.25,68.75,1206.25,103.0,816.0,105.0,1170.0,690.0,21.0,1074.0,44.0,986.0,35.0
229,0.953982671761241,0.547121965357304,300919.85153697256,19,308442.9319200729,310753.7074504227,0.0250002794587183,0.03267931930453538,0.03287946806062636,3.377706143775806,320,153,0.0032877873584868265,0.16988761444684075,0.07570106052774783,2310.775530350059,3981551.060700119,294693.4170129805,1990.7755303500596,320.0,1601.0,7975.0,0.0,130.0,18.0,0.0,130,47.834371051899076,148.38326762159602,23.897403717041016,99.30061340332031,130.0,498.0,18.0,1824.0,94.0,534.0,10.75,1831.25,130.0,498.0,18.0,1824.0,2049.0,5.0,643.0,61.0,2511.0,8.0
230,0.45184015443857417,0.12065477922690382,364034.93890066235,19,340047.1726727255,343438.0562205102,-0.06589413175662961,-0.056579411696998094,-0.05648225869305967,4.467673647318773,400,192,0.005226203443635826,0.17168650292315735,0.08787092727500233,3390.8835477850535,5981767.095570113,334724.93560267135,2990.883547785056,400.0,3981.0,5595.0,0.0,123.0,66.0,0.0,160,57.60437659963832,80.74103389726248,35.0,57.71501159667969,123.0,1233.0,66.0,1618.0,86.5,1269.5,47.0,1637.0,123.0,1233.0,66.0,1618.0,1225.0,7.0,2186.0,72.0,1716.0,22.0
231,0.4200911802811187,0.5606318242264918,29190.28978795643,18,26569.854817863656,27743.079160592668,-0.08977077614261764,-0.049578494693837016,-0.05060890920393357,8.095490293199358,723,303,0.006014895607900902,0.16803528053570982,0.0819082005463088,1173.2243427290664,900448.6854581323,27807.107810831327,450.22434272906617,723.0,3506.0,5563.0,0.0,237.0,165.0,0.0,279,30.379540838090758,40.95551053478373,20.170886993408203,34.0,237.0,1781.0,165.0,2836.0,165.25,1852.75,110.75,2890.25,237.0,1781.0,165.0,2836.0,1038.0,25.0,1660.0,116.0,1732.0,40.0
232,0.20272380267537726,0.5594718013879618,173173.48187761367,9,142801.4410656187,145963.1284239797,-0.17538505597213605,-0.15712771469747455,-0.15772117902070748,9.333281152035694,387,179,0.010826510761411693,0.18949822707333755,0.19268134607661155,3161.68735836136,5549374.716722719,148644.7966777562,2774.6873583613597,387.0,1919.0,2617.0,0.0,111.0,88.0,0.0,176,28.368614780271887,37.42847581082072,15.085094451904297,24.75571060180664,111.0,575.0,88.0,810.0,78.25,607.75,62.5,835.5,111.0,575.0,88.0,810.0,415.0,15.0,1252.0,57.0,833.0,32.0
233,0.7765227612631389,0.8759413454401117,186140.3581319777,10,175974.55101225525,178878.85599496885,-0.05461366477287355,-0.039010895916834376,-0.039072690717877334,7.0199364353506555,439,204,0.005831748812701356,0.18483662190101602,0.1752733097625709,2904.304982713886,4930609.9654277675,175593.11294467145,2465.304982713884,439.0,1524.0,3516.0,0.0,173.0,52.0,0.0,183,23.850751205065297,46.60156017913989,17.862855911254883,39.5,173.0,533.0,52.0,1072.0,115.75,590.25,37.0,1087.0,173.0,533.0,52.0,1072.0,740.0,9.0,843.0,97.0,1125.0,15.0
234,0.7025269732326401,0.09509721615881428,118936.76631638635,7,96047.2725291826,96665.15155104091,-0.19245095100630938,-0.18725592981147832,-0.1877669713174952,2.5517556092404083,89,47,0.001163914356120341,0.18303306759821136,0.1833314101020854,617.8790218583704,1057758.043716741,103630.42211863778,528.8790218583705,89.0,674.0,2854.0,0.0,21.0,14.0,0.0,35,45.443582109933175,116.72232607804561,41.0,115.77928161621094,21.0,54.0,14.0,156.0,15.25,59.75,10.5,159.5,21.0,54.0,14.0,156.0,689.0,5.0,203.0,7.0,663.0,4.0
235,0.9020931015951035,0.33469055976749795,383492.5817362649,17,333800.35816588387,335877.6061300544,-0.12957805688287172,-0.12416139939561133,-0.12448977097936542,2.605771841387545,262,119,0.005309875634966374,0.17803008603049453,0.09477519435412737,2077.247964170722,3630495.9283414423,348312.91353661293,1815.2479641707212,262.0,1647.0,6921.0,0.0,108.0,18.0,0.0,106,61.807333349744745,131.26235597675137,33.58941650390625,92.69703674316406,108.0,400.0,18.0,1276.0,72.25,435.75,11.25,1282.75,108.0,400.0,18.0,1276.0,1869.0,3.0,862.0,64.0,2294.0,9.0
236,0.0024059779540785975,0.3740408156860138,33367.400111862,18,29677.735556516625,30797.468247647354,-0.11057692667022356,-0.07701924200264687,-0.07731764594573232,7.432051777306849,667,293,0.005352584787209661,0.17707109159530002,0.08943539793977677,1119.7326911307866,905465.3822615714,30458.122783345458,452.73269113078567,667.0,4444.0,4628.0,0.0,179.0,177.0,0.0,256,35.9979725728525,34.206471669432865,28.0,29.0,179.0,2094.0,177.0,2158.0,120.5,2152.5,128.0,2207.0,179.0,2094.0,177.0,2158.0,684.0,33.0,2322.0,89.0,1267.0,51.0
237,0.17693640802498,0.8355635588759932,476918.20766708476,16,411004.70785772154,421361.5271084334,-0.13820713646431904,-0.11649100341631946,-0.11788384503338412,10.6493306441058,884,369,0.009546458833477359,0.17438586996742744,0.09394270586741096,10356.819250712935,18945638.50142586,444761.25154194323,9472.81925071293,884.0,3483.0,4581.0,0.0,257.0,242.0,0.0,320,22.847539066261678,29.81620952296727,16.03837013244629,22.0,257.0,2015.0,242.0,2606.0,172.75,2099.25,165.25,2682.75,257.0,2015.0,242.0,2606.0,664.0,35.0,1627.0,122.0,1448.0,68.0
238,0.15362479774694093,0.627423626885551,64654.6244002154,6,56915.41367854163,58261.11562441148,-0.11970080707247888,-0.09888710722728467,-0.09911011984261764,8.943808703670195,298,141,0.01692775017032121,0.1961247188000073,0.23904145913086355,1345.7019458699608,2095403.8917399228,58571.35257376563,1047.7019458699615,298.0,1364.0,1660.0,0.0,75.0,76.0,0.0,138,23.32188486556729,34.23757352851691,17.0,30.268049240112305,75.0,320.0,76.0,357.0,49.25,345.75,51.5,381.5,75.0,320.0,76.0,357.0,233.0,13.0,631.0,38.0,548.0,27.0
239,0.3786007382942488,0.27934140123103857,16968.70897745543,17,15475.256742835592,16132.055588951016,-0.08801213083470483,-0.04930565958883426,-0.04772472543954964,5.89411019897968,478,207,0.007826580481081839,0.17430869873089827,0.08595387387841771,656.798846115447,357597.6922308943,15167.585952702302,178.79884611544713,478.0,3321.0,5236.0,0.0,147.0,107.0,0.0,194,41.98981376573299,58.02053471299213,32.0,44.543636322021484,147.0,1261.0,107.0,1779.0,101.75,1306.25,74.0,1812.0,147.0,1261.0,107.0,1779.0,997.0,28.0,1825.0,72.0,1570.0,35.0
240,0.25170226479456703,0.9110090258335991,27215.592325346985,11,23028.160705558974,24311.62598022186,-0.15386149122641313,-0.1067023017691422,-0.10795127543745997,12.049746842183234,700,289,0.013635616338799303,0.18099243550650318,0.13990358225367472,1283.4652746629572,1166930.5493259137,24210.686012937083,583.4652746629569,700.0,2344.0,3197.0,0.0,220.0,180.0,0.0,278,22.356752158843918,29.02304845411638,16.0,18.5,220.0,1126.0,180.0,1531.0,146.25,1199.75,121.0,1590.0,220.0,1126.0,180.0,1531.0,500.0,16.0,1272.0,123.0,1093.0,52.0
241,0.6839195969696906,0.9581347546711765,139669.50297090047,26,129534.26829013092,133221.19445601627,-0.07256583910720427,-0.04616833580504465,-0.04668983944106697,9.346613644061966,1196,501,0.005185733594862427,0.17005625167651237,0.06395645682610741,3686.9261658855885,4981852.331771178,133252.86893976352,2490.926165885589,1196.0,3851.0,9253.0,0.0,471.0,198.0,0.0,374,22.018055323688454,48.58792564214207,15.186700820922852,40.79718017578125,471.0,2725.0,198.0,6330.0,332.0,2864.0,131.5,6396.5,471.0,2725.0,198.0,6330.0,1889.0,50.0,2166.0,256.0,3045.0,71.0
242,0.1544839691224894,0.9175061422615154,396472.9384760098,15,325094.67662914074,334088.5464467791,-0.18003312438230412,-0.1573484240034847,-0.15888522698002094,11.551721942498252,905,392,0.008495448751857197,0.1807909383490139,0.10185913984506183,8993.869817639128,16177739.635278273,350115.3273037398,8088.869817639137,905.0,2964.0,4596.0,0.0,251.0,247.0,0.0,316,21.511564926797355,26.955235961993495,14.0,21.773860931396484,251.0,1684.0,247.0,2558.0,173.0,1762.0,175.5,2629.5,251.0,1684.0,247.0,2558.0,679.0,38.0,1520.0,125.0,1446.0,69.0
243,0.7933696363181263,0.7489551719811828,181065.93243529112,14,145283.41029624396,147351.9683297506,-0.19762150536979128,-0.18619716946250575,-0.18703673565527623,5.180394187352636,462,216,0.0063648551775987204,0.18740066721843837,0.10998540629061361,2068.558033506799,3213116.067013601,155061.36940592623,1606.5580335068005,462.0,1569.0,5487.0,0.0,171.0,61.0,0.0,184,22.865346182204664,81.59336387182229,17.0,62.0,171.0,552.0,61.0,1792.0,120.75,602.25,46.0,1807.0,171.0,552.0,61.0,1792.0,1192.0,17.0,1095.0,118.0,1686.0,21.0
244,0.23493726772378531,0.9200595188502303,21048.87537122722,12,18530.49166546598,19732.64433214714,-0.11964457299242448,-0.06253213133084068,-0.06111940181556885,12.121648105612092,750,323,0.011372922947743884,0.1805420384331409,0.13584731961566984,1202.1526666812144,904305.333362428,18650.626661562463,452.152666681214,750.0,2632.0,3399.0,0.0,216.0,199.0,0.0,288,18.478592112411135,24.557015253833875,15.0,20.0,216.0,1330.0,199.0,1702.0,153.75,1392.25,145.25,1755.75,216.0,1330.0,199.0,1702.0,499.0,34.0,1332.0,115.0,771.0,48.0
245,0.9080369712724677,0.5463461569704918,453335.55094634084,8,464450.53092882625,469189.6559229504,0.024518218258600788,0.03497211931319755,0.03578396904235981,5.336554867458589,222,105,0.01161109511822827,0.17210925639912278,0.18349800100406813,4739.124994124651,9034249.98824931,423224.824471432,4517.124994124655,222.0,918.0,3114.0,0.0,88.0,21.0,0.0,94,48.1668550032038,73.57057330433422,26.779193878173828,83.91683197021484,88.0,179.0,21.0,464.0,59.25,207.75,12.25,472.75,88.0,179.0,21.0,464.0,694.0,4.0,404.0,39.0,1137.0,7.0
246,0.13683031038257987,0.7500233813009157,93549.17084651047,17,83856.68651684972,86598.22681637251,-0.1036084472150327,-0.07430257229690074,-0.07303270890137736,11.224073358343782,916,396,0.006577504225782554,0.17791533893387113,0.10012972439458942,2741.540299522911,3651080.599045829,81322.53956474007,1825.5402995229144,916.0,3730.0,4835.0,0.0,255.0,248.0,0.0,320,23.02463119100373,29.343667684776378,16.40882110595703,21.0,255.0,2089.0,248.0,2846.0,188.25,2155.75,169.0,2925.0,255.0,2089.0,248.0,2846.0,700.0,36.0,2193.0,130.0,1546.0,75.0
247,0.4786424950314523,0.09105994558094177,107866.58317331709,24,102656.86262381992,103912.56650397401,-0.0482978175096761,-0.036656548794077204,-0.036496691256555414,3.8576148835716717,474,222,0.0042426970920332215,0.17252850150217414,0.06446306840306894,1255.7038801541187,1563407.7603082368,101319.58525501615,781.7038801541185,474.0,4315.0,7780.0,0.0,132.0,96.0,0.0,180,49.83835705292817,96.46085862654293,36.5030517578125,75.5,132.0,1535.0,96.0,2556.0,95.5,1571.5,66.25,2585.75,132.0,1535.0,96.0,2556.0,1662.0,19.0,1971.0,65.0,2720.0,28.0
248,0.6794474519636371,0.9501122141854526,282942.5862948428,10,233986.7139612695,239488.8326086915,-0.17302405047841907,-0.15357798999147465,-0.15520286303002384,9.811998682210035,499,215,0.015526317376212954,0.17951800087455674,0.15325386910247654,5502.118647422622,10006237.294845235,254949.00730539666,5003.118647422617,499.0,1538.0,3502.0,0.0,190.0,84.0,0.0,215,22.25426835325724,38.45681925173836,17.0,26.655364990234375,190.0,604.0,84.0,1272.0,127.25,666.75,58.0,1298.0,190.0,604.0,84.0,1272.0,680.0,21.0,793.0,92.0,1206.0,31.0
249,0.8431048107421627,0.8971528082003326,314237.1475843505,26,271558.10013142624,276284.1194902237,-0.13581795717346856,-0.12077829876539048,-0.12079800464350188,7.149707537338585,884,374,0.0068705374335979825,0.17472929690896405,0.062140228736542145,4726.019358798042,7684038.717596084,268683.6726351047,3842.019358798042,884.0,2685.0,10419.0,0.0,377.0,107.0,0.0,306,26.688248801714916,68.33400949549389,17.0,41.0,377.0,1607.0,107.0,5865.0,261.75,1722.25,68.5,5903.5,377.0,1607.0,107.0,5865.0,2288.0,17.0,1556.0,196.0,3385.0,36.0
250,0.5687374846375434,0.7676650891201823,37674.22362252072,26,30288.054030209594,32004.68534502723,-0.19605366433870874,-0.15048852324867512,-0.15346713511343668,9.199653588935279,1108,444,0.00710304399611364,0.17103273382370948,0.05706623305085385,1716.631314817716,1217262.6296354318,33079.034386128216,608.6313148177159,1108.0,4233.0,8858.0,0.0,402.0,236.0,0.0,356,25.163877715019357,40.827345295741694,18.0,29.0,402.0,2843.0,236.0,5768.0,274.0,2971.0,161.75,5842.25,402.0,2843.0,236.0,5768.0,1612.0,54.0,2123.0,207.0,3032.0,82.0
251,0.42296981445711357,0.38485089894302105,98638.94667244413,16,111398.5109230946,113222.49588200107,0.12935625005224227,0.14784777921428272,0.15042949241962944,6.593167266047575,524,229,0.005438061828652736,0.1801652036211332,0.09846377300684984,1823.9849589065673,2599969.917813136,98585.77118170654,1299.984958906568,524.0,3235.0,4829.0,0.0,191.0,88.0,0.0,217,37.986628127250114,51.0139557873857,27.401336669921875,44.114990234375,191.0,1265.0,88.0,1928.0,131.0,1325.0,58.25,1957.75,191.0,1265.0,88.0,1928.0,897.0,14.0,1350.0,84.0,1410.0,20.0
252,0.6414321491519429,0.17095725657277516,185543.29106168993,5,176855.75161588326,178353.43222919648,-0.046822169619262666,-0.03875030345399533,-0.0381856301157929,4.332110452636428,108,58,0.01001996192524261,0.19644181075897676,0.2731125065508891,1497.680613313336,2779361.226626672,160393.0265060078,1389.680613313336,108.0,601.0,1919.0,0.0,26.0,19.0,0.0,43,58.20943589515908,64.94767980089519,48.5,48.0,26.0,45.0,19.0,125.0,20.5,50.5,14.5,129.5,26.0,45.0,19.0,125.0,436.0,3.0,276.0,12.0,655.0,5.0
253,0.17391173144584127,0.19325570724957997,278417.4659929315,13,249748.44964166713,252927.5129133546,-0.10297132850132407,-0.09155299574569087,-0.09181036918337604,5.504099921446912,354,158,0.0066369854909805424,0.18312607533837502,0.11104724399550658,3179.063271687934,5650126.543375867,256632.62949496784,2825.0632716879336,354.0,2937.0,3615.0,0.0,94.0,89.0,0.0,158,47.316874250217545,51.09799968045337,33.5,46.47980880737305,94.0,875.0,89.0,996.0,65.0,904.0,59.75,1025.25,94.0,875.0,89.0,996.0,616.0,13.0,1581.0,46.0,1144.0,32.0
254,0.01305762213319206,0.30870980800273573,311239.2481864723,15,291294.8026001351,295477.592284985,-0.06408075364064592,-0.05064160768067405,-0.05005153956780184,6.5755252472207895,514,237,0.008449054719456723,0.17653135810034767,0.09438064458958362,4182.789684850319,7337579.369700633,278973.127386361,3668.7896848503165,514.0,3894.0,3666.0,0.0,137.0,125.0,0.0,210,42.08765946530857,37.524651583339555,33.0228271484375,30.99895477294922,137.0,1509.0,125.0,1379.0,93.5,1552.5,89.5,1414.5,137.0,1509.0,125.0,1379.0,551.0,16.0,1977.0,69.0,1141.0,38.0
255,0.48047364340465404,0.02521957142766762,30416.121948817916,25,26225.793851863564,26813.853105048634,-0.1377666786056927,-0.1184328774664608,-0.1188458289434895,3.5746685300659164,396,181,0.004227417345994811,0.17645359759176088,0.06503455525446447,588.0592531850824,384118.5063701641,26863.924804454597,192.05925318508207,396.0,4329.0,8260.0,0.0,109.0,81.0,0.0,152,55.452374372028316,97.97682397925345,34.0,77.0,109.0,1205.0,81.0,2403.0,79.25,1234.75,56.25,2427.75,109.0,1205.0,81.0,2403.0,1782.0,13.0,1975.0,44.0,2138.0,24.0
256,0.7498877999234559,0.715818434015853,304956.8373123022,29,287620.47416866466,292611.6799837467,-0.05684857993816217,-0.040481654510054366,-0.040274912740037694,7.016615035768833,1016,434,0.002957779107870371,0.17308397753140006,0.05072342570610948,4991.2058150822895,7950411.630164565,283270.90732623514,3975.2058150822822,1016.0,4316.0,10300.0,0.0,425.0,128.0,0.0,332,28.161105503579396,60.76106662555168,19.38351058959961,44.3997802734375,425.0,2701.0,128.0,6374.0,290.25,2835.75,93.25,6408.75,425.0,2701.0,128.0,6374.0,2125.0,24.0,2195.0,227.0,3677.0,49.0
257,0.8178964994126405,0.3598167037953338,175829.31420895393,17,167134.7476171493,168792.0940113103,-0.04944890236830535,-0.040023020218805216,-0.03952571851661413,4.079155586817849,381,172,0.005982125496770551,0.1739285264279947,0.07839762209024542,1657.3463941611167,2552692.788322233,156447.3782620284,1276.3463941611167,381.0,2361.0,6207.0,0.0,146.0,46.0,0.0,162,35.37391253242541,110.01676190247757,26.0,64.5,146.0,735.0,46.0,1827.0,98.5,782.5,31.25,1841.75,146.0,735.0,46.0,1827.0,1463.0,15.0,1229.0,75.0,2697.0,15.0
258,0.5647203687264104,0.6237046107785061,22085.65003698812,19,21148.537640078197,22215.085654494836,-0.04243082704563772,0.005860620687638374,0.008255452969240018,7.942317245902532,740,311,0.006685663409604384,0.1707046469925093,0.08197394257181796,1066.548014416677,653096.0288333542,20557.477390187625,326.5480144166771,740.0,3483.0,6085.0,0.0,276.0,134.0,0.0,285,29.469264011904635,43.36398748570886,21.0,36.517189025878906,276.0,1855.0,134.0,3145.0,185.5,1945.5,92.75,3186.25,276.0,1855.0,134.0,3145.0,1083.0,24.0,2000.0,149.0,2113.0,51.0
259,0.493542056489803,0.9527483141067107,12981.248177496142,22,9853.4299509845,11226.871188162582,-0.24094895835470753,-0.135147018633762,-0.13761561076763362,11.089743542991274,1135,432,0.005525476602432666,0.16699156635152915,0.06708683785121253,1373.4412371781088,476882.4743562187,10750.529814046258,238.44123717810936,1135.0,4095.0,6940.0,0.0,422.0,259.0,0.0,376,22.587983843542776,33.75054706935096,16.19696807861328,24.0,422.0,2788.0,259.0,4766.0,287.0,2923.0,174.25,4850.75,422.0,2788.0,259.0,4766.0,1170.0,51.0,2099.0,220.0,2057.0,79.0
260,0.6404439250326435,0.7588602607824515,35594.465181001244,16,28071.93791773538,29184.91313190831,-0.2113398031130148,-0.18007159305526155,-0.18291729351630692,7.645610805996651,639,269,0.007195030492329041,0.1807593602258857,0.10411851977821611,1112.9752141729746,947950.4283459514,30996.556468792827,473.9752141729757,639.0,2271.0,5785.0,0.0,230.0,124.0,0.0,252,25.000444994599338,47.28768959164222,18.101398468017578,39.422767639160156,230.0,1113.0,124.0,2563.0,153.25,1189.75,88.75,2598.25,230.0,1113.0,124.0,2563.0,1211.0,31.0,1424.0,142.0,2152.0,47.0
261,0.8782133666069204,0.7391626147301353,83477.68013488968,18,73271.86057648627,74597.72403262871,-0.12225806397485006,-0.10637521416397833,-0.10704758019247707,5.129319569046599,542,243,0.0051430869893070875,0.176871887135479,0.07994966787183007,1325.863456142518,1567726.9122850394,76410.08184329394,783.8634561425197,542.0,2186.0,6886.0,0.0,228.0,53.0,0.0,218,27.606752503489023,88.96873846700267,18.0,75.50025177001953,228.0,980.0,53.0,2663.0,160.0,1048.0,37.25,2678.75,228.0,980.0,53.0,2663.0,1614.0,4.0,1313.0,135.0,2523.0,15.0
262,0.3398083079050356,0.5418649912827752,155163.97649685916,24,139724.40164462588,142999.83908292523,-0.09950489282894737,-0.07839537042401179,-0.07844084275616348,8.197836062667356,952,400,0.007257056205513592,0.17759461292444367,0.060759371410283154,3275.437438299639,4646874.876599276,141710.41117060676,2323.4374382996384,952.0,4966.0,7129.0,0.0,307.0,221.0,0.0,343,30.45028246775379,41.49677283541473,23.39177894592285,33.30018615722656,307.0,3158.0,221.0,4545.0,209.5,3255.5,151.75,4614.25,307.0,3158.0,221.0,4545.0,1192.0,45.0,2449.0,140.0,2291.0,78.0
263,0.16900258381200695,0.5614038962764516,51409.1046143972,27,42551.57009562898,44441.62393277556,-0.17229505522816768,-0.1355300920699246,-0.13723840762419015,8.450581962583266,1119,455,0.005370973715020752,0.1740474917679786,0.05035894503831189,1890.0538371466882,1542107.6742933793,45621.34540323336,771.0538371466897,1119.0,5948.0,7654.0,0.0,313.0,324.0,0.0,358,31.940638939938175,34.950350849185874,24.0,26.5,313.0,3973.0,324.0,5050.0,212.75,4073.25,224.5,5149.5,313.0,3973.0,324.0,5050.0,1305.0,49.0,2463.0,135.0,2174.0,93.0
264,0.8378719181791611,0.8752510257908577,29117.158423115492,22,25183.42736728812,26232.132186781888,-0.13510010141320883,-0.09908337188711536,-0.09963307978361302,6.543424147158079,713,299,0.006069820986055265,0.1714119861831032,0.06408492685425606,1048.7048194938054,671409.6389876098,25652.07542289668,335.7048194938049,713.0,2437.0,8636.0,0.0,294.0,98.0,0.0,262,25.65510943451913,65.89219987918435,14.0,45.5,294.0,1268.0,98.0,4100.0,213.0,1349.0,68.5,4129.5,294.0,1268.0,98.0,4100.0,1971.0,27.0,1347.0,166.0,3224.0,33.0
265,0.2628848591456674,0.11881291991151366,221748.03256485102,9,208366.63532340017,210344.5417911596,-0.060345055091018285,-0.05142544284065487,-0.05160754980454496,4.189805591158412,212,106,0.003785008781156742,0.19106778025628943,0.19103602418899843,1977.9064677596853,3531812.935519368,210738.47334184308,1765.906467759684,212.0,1780.0,2756.0,0.0,48.0,49.0,0.0,90,60.45105445917125,59.73401399318173,26.5,52.0694465637207,48.0,279.0,49.0,434.0,33.75,293.25,36.25,446.75,48.0,279.0,49.0,434.0,555.0,10.0,661.0,21.0,566.0,7.0
266,0.6344381387981792,0.5841023039089164,78910.98242918556,26,70393.44738534336,72191.57049864136,-0.10793852492567568,-0.08515179666625206,-0.08475538352313328,6.896809099453621,834,350,0.004392142996939558,0.1738861648121893,0.056248058635042536,1798.123113298133,1928246.226596267,69896.31722404157,964.1231132981335,834.0,4061.0,9035.0,0.0,303.0,155.0,0.0,303,31.977984725286774,56.5768017378517,22.0,42.0,303.0,2307.0,155.0,5110.0,206.25,2403.75,107.25,5157.75,303.0,2307.0,155.0,5110.0,1824.0,28.0,1792.0,136.0,3049.0,51.0
267,0.9629468839613723,0.6465173216414425,401457.46066835796,26,349999.89004806033,353366.90499629604,-0.12817689459458437,-0.11978991645092207,-0.12035864307269684,3.8561195688196617,536,250,0.002139071412663708,0.1729989435608728,0.057063658413615014,3367.014948236141,5662029.89647228,367080.8046419965,2831.01494823614,536.0,2215.0,10886.0,0.0,231.0,29.0,0.0,192,42.92510471244654,112.36572792339443,23.0,86.19990539550781,231.0,914.0,29.0,3817.0,161.5,983.5,20.25,3825.75,231.0,914.0,29.0,3817.0,2810.0,9.0,1254.0,133.0,4016.0,12.0
268,0.3458147814348236,0.34517372435820926,103597.77402876006,11,107216.38803907331,109184.65318983822,0.03492945716486795,0.05392856375009725,0.055004037224839264,7.799474297178596,375,181,0.006687679599724258,0.18393146444465328,0.14696638057426464,1968.2651507650369,3186530.3015300743,102139.26542083672,1593.265150765037,375.0,2252.0,3292.0,0.0,108.0,75.0,0.0,152,35.59744019593867,42.06571927427621,26.931400299072266,23.0,108.0,572.0,75.0,917.0,79.25,600.75,55.0,937.0,108.0,572.0,75.0,917.0,578.0,18.0,1148.0,48.0,893.0,23.0
269,0.09021824794629563,0.014019044820866355,268657.8076527907,6,272618.0529864179,274135.1251674386,0.014740853311605129,0.02038771016000651,0.0209314197806727,2.9190164182263483,87,42,0.006266908285087629,0.17863014705824967,0.22933525633959415,1517.072181020822,2860144.3620416443,244957.8858295292,1430.0721810208222,87.0,868.0,2156.0,0.0,15.0,24.0,0.0,39,80.21393962929326,83.58375014012903,52.500606536865234,69.46680450439453,15.0,55.0,24.0,140.0,10.25,59.75,15.0,149.0,15.0,55.0,24.0,140.0,520.0,10.0,207.0,4.0,392.0,7.0
270,0.8984823223528257,0.6491918872068403,406326.5594932929,30,382029.87164823996,386554.6494304428,-0.05979596282200195,-0.04866014687178344,-0.04873618906992716,4.897202331863459,799,346,0.003150400303116934,0.17246637398347162,0.05111943947756352,4524.777782203271,7451555.564406541,380398.59594544827,3725.777782203271,799.0,3468.0,11652.0,0.0,346.0,77.0,0.0,294,34.78211369015798,81.49238801340222,20.75130844116211,65.23165130615234,346.0,2060.0,77.0,6337.0,243.5,2162.5,55.75,6358.25,346.0,2060.0,77.0,6337.0,2809.0,18.0,1928.0,195.0,4008.0,24.0
271,0.8480966546139721,0.5327157838429775,63775.57328516042,28,56653.622765756256,58067.30163723972,-0.11167207368814558,-0.08950561090838405,-0.08983926660734332,5.578527425591236,776,335,0.004428028486239578,0.17328311569165367,0.05030208076382106,1413.6788714835327,1275357.7429670612,57154.76709482581,637.6788714835307,776.0,3337.0,10773.0,0.0,320.0,93.0,0.0,276,30.634620392179166,67.08705729981918,19.0,43.05237579345703,320.0,1918.0,93.0,5396.0,219.75,2018.25,66.5,5422.5,320.0,1918.0,93.0,5396.0,2590.0,19.0,1793.0,160.0,3504.0,29.0
272,0.7144204274473392,0.16794220968466,207195.72512536525,18,184741.76797141228,186256.2334917159,-0.10837075494857362,-0.10106140761823046,-0.10120257526687437,3.2279201061791927,318,146,0.0031726361890396884,0.17777652747878708,0.08294819534189239,1514.465520303739,2392931.0406074766,185330.72085851038,1196.4655203037382,318.0,2267.0,6805.0,0.0,105.0,49.0,0.0,127,49.80737332778679,96.4574102255666,38.0,74.95793914794922,105.0,654.0,49.0,1478.0,72.25,686.75,33.5,1493.5,105.0,654.0,49.0,1478.0,1659.0,14.0,1001.0,55.0,1945.0,13.0
273,0.7113069127736832,0.03542511768826839,32249.285439439784,9,28601.66053923699,28885.75304900459,-0.11310715417408512,-0.10429788891761638,-0.10480141920619557,2.541539293468811,132,67,0.003430359502137524,0.19619696321000435,0.1447155001569955,284.0925097676147,304185.0195352295,29921.337466325735,152.09250976761476,132.0,1398.0,3138.0,0.0,42.0,14.0,0.0,55,77.07601274870073,104.22132557640325,54.94202423095703,89.85279846191406,42.0,168.0,14.0,271.0,31.25,178.75,10.0,275.0,42.0,168.0,14.0,271.0,767.0,5.0,631.0,20.0,1243.0,6.0
274,0.2294571815109282,0.32092853100742413,27357.077386684457,14,21958.59834739388,22637.423322347273,-0.19733390972232234,-0.1725204047795832,-0.17351038195513224,5.674420357400841,416,182,0.0077612798390009445,0.1748882464917646,0.11563008610358032,678.8249749534157,525649.9499068311,23158.750885509136,262.82497495341556,416.0,2768.0,4276.0,0.0,114.0,106.0,0.0,180,53.263149147338325,55.1315288859969,33.425270080566406,39.5,114.0,889.0,106.0,1405.0,75.75,927.25,75.0,1436.0,114.0,889.0,106.0,1405.0,829.0,13.0,1363.0,67.0,1208.0,31.0
275,0.14114870501677323,0.631158897859846,52036.783259067044,10,56830.6318411684,58417.93772372271,0.09212422985938629,0.12262776568810674,0.12568030413961373,10.433048713683169,490,216,0.009908291278961985,0.18317745448626835,0.17801358500213948,1587.3058825544515,2194611.7651089053,52587.978483955136,1097.3058825544526,490.0,2464.0,2576.0,0.0,149.0,115.0,0.0,206,23.244823304579004,34.12930582182594,17.272384643554688,25.435626983642578,149.0,855.0,115.0,941.0,102.75,901.25,77.25,978.75,149.0,855.0,115.0,941.0,396.0,20.0,1261.0,72.0,683.0,39.0
276,0.65225390302776,0.6542506217947781,50258.661586989896,8,41198.28732783586,42239.686526493955,-0.18027488144450365,-0.1595540909225437,-0.16097319973433433,7.800054661991,348,160,0.017168086297716944,0.1838117470074792,0.1952929990565823,1041.399198658185,1386798.3973163709,44448.355088911136,693.3991986581855,348.0,1234.0,2798.0,0.0,126.0,54.0,0.0,157,24.03417859803599,50.960528723381536,16.0,47.0,126.0,328.0,54.0,748.0,84.75,369.25,37.0,765.0,126.0,328.0,54.0,748.0,537.0,13.0,799.0,67.0,1100.0,20.0
277,0.8656125858165992,0.9387870603631993,11486.69128880744,17,10517.534687341926,11267.822776931982,-0.08437212919701731,-0.019054095419864026,-0.017674497687921287,6.9620665320076105,604,249,0.008544873841128803,0.18700993650855374,0.08805307788974756,750.2880895900724,292576.17918014544,10506.08241946005,146.28808959007273,604.0,2042.0,6489.0,0.0,272.0,66.0,0.0,246,25.604737049535203,59.566513230597224,16.0,47.5,272.0,925.0,66.0,2898.0,194.5,1002.5,43.25,2920.75,272.0,925.0,66.0,2898.0,1436.0,14.0,1197.0,162.0,2246.0,27.0
278,0.7238180659140117,0.25393380032948143,140977.35266010015,10,141935.12466372794,143438.52677310834,0.006793800461957877,0.017457939637596676,0.016868253259540777,4.197204024905059,240,111,0.00842413529713226,0.18004639740794598,0.14896097501066968,1503.4021093805338,2526804.218761067,150505.20559446854,1263.4021093805334,240.0,1934.0,3106.0,0.0,91.0,28.0,0.0,108,43.10865118470879,75.93150607252804,23.964122772216797,53.0,91.0,404.0,28.0,557.0,59.25,435.75,21.0,564.0,91.0,404.0,28.0,557.0,673.0,8.0,829.0,42.0,1083.0,9.0
279,0.42774762518352427,0.6888610593413635,83304.84799786107,11,68892.11552989419,70912.51315372791,-0.17301192924974718,-0.14875886748453515,-0.1503063556341322,9.882984836658872,559,241,0.014191336214258738,0.18638812927148568,0.15115218424951804,2020.3976238338914,2922795.2476677867,73935.03319023336,1461.3976238338935,559.0,2024.0,3520.0,0.0,179.0,128.0,0.0,235,24.08722178653893,29.416736108299485,17.0,21.32183265686035,179.0,886.0,128.0,1392.0,114.75,950.25,90.25,1429.75,179.0,886.0,128.0,1392.0,711.0,26.0,1116.0,95.0,871.0,38.0
280,0.18911231037829979,0.5330338127778048,83061.28403878275,16,81673.69785327176,83400.13242726984,-0.016705571092099802,0.004079498558303918,0.004856350195561188,7.016180459806039,619,278,0.010903582203974773,0.17494857448558773,0.0997589563746492,1726.4345739981975,2214869.147996392,78920.0463373494,1107.4345739981961,619.0,3382.0,4680.0,0.0,167.0,158.0,0.0,255,34.866641939119766,39.843586282637055,24.0,30.5,167.0,1626.0,158.0,2128.0,112.25,1680.75,107.5,2178.5,167.0,1626.0,158.0,2128.0,794.0,22.0,1569.0,77.0,1371.0,39.0
281,0.2252231811890676,0.8485938065809397,37415.06741516106,9,28539.14145032174,29610.70355310271,-0.23722865086279876,-0.20858879593775426,-0.21060156006599995,9.8973910993907,457,196,0.011063682874559815,0.18920923776299042,0.18682564716824668,1071.5621027810364,1229124.205562072,31046.671623336653,614.5621027810361,457.0,1736.0,2791.0,0.0,135.0,117.0,0.0,190,21.59547976682275,33.39468184318415,15.0,28.0,135.0,548.0,117.0,907.0,87.25,595.75,80.5,943.5,135.0,548.0,117.0,907.0,459.0,21.0,858.0,71.0,997.0,42.0
282,0.2776576874327592,0.4340788413509712,23025.17171006522,23,21805.465001382432,22846.370010130417,-0.05297275191001538,-0.007765488231153639,-0.0068976567594420946,7.018723605197577,735,308,0.006299526070627321,0.17173657499032421,0.06084284958793051,1040.905008747993,611810.0174959857,21792.068327171408,305.9050087479929,735.0,4583.0,6992.0,0.0,216.0,188.0,0.0,283,38.38535617392446,42.01782744057076,31.081491470336914,33.5,216.0,2478.0,188.0,3620.0,151.0,2543.0,127.5,3680.5,216.0,2478.0,188.0,3620.0,1266.0,33.0,1915.0,93.0,1966.0,64.0
283,0.3407961808419695,0.6617254067972502,195059.78656441378,18,173191.318840961,177090.28719287488,-0.11211161515462464,-0.09212303411192801,-0.09209983813178568,8.898121302710255,795,333,0.006821747099935161,0.1735283034384772,0.08643721925017696,3898.968351914158,6207936.703828319,174417.06211448985,3103.9683519141595,795.0,3633.0,5439.0,0.0,272.0,172.0,0.0,296,29.649126297265667,40.4484824577074,24.479476928710938,30.0,272.0,2035.0,172.0,2849.0,182.25,2124.75,109.0,2912.0,272.0,2035.0,172.0,2849.0,950.0,25.0,1701.0,142.0,1511.0,57.0
284,0.6705960557682606,0.9648756634713692,58561.862685348344,7,54347.902855190834,55775.6597230847,-0.07195740772111414,-0.04757708915841452,-0.048266187737120214,9.53506743677277,355,156,0.013507596395913113,0.1823498619184169,0.21451319159469587,1427.756867893955,2145513.735787906,56253.23968642205,1072.756867893953,355.0,1058.0,2470.0,0.0,141.0,51.0,0.0,156,19.637524241206506,39.33636885133175,12.765750885009766,31.932432174682617,141.0,300.0,51.0,600.0,92.5,348.5,35.5,615.5,141.0,300.0,51.0,600.0,420.0,8.0,549.0,73.0,843.0,19.0
285,0.25723640191726393,0.3371492806487054,25967.543092426862,9,25930.582506199833,26485.839692022677,-0.0014233378219677961,0.01995940077007008,0.020307034273287172,5.541786749074919,268,124,0.007393795959709689,0.17731112531147908,0.17586539130864126,555.2571858228698,574514.3716457398,25917.379974141124,287.25718582286987,268.0,2001.0,2535.0,0.0,83.0,52.0,0.0,117,43.638574449185235,57.387036749248395,31.42894744873047,39.69054412841797,83.0,423.0,52.0,495.0,53.5,452.5,38.0,509.0,83.0,423.0,52.0,495.0,466.0,8.0,1037.0,37.0,808.0,18.0
286,0.9390949326339365,0.3699129971707159,87763.1587375092,22,67721.81202660782,68384.53149986632,-0.22835717172444814,-0.2208059454150051,-0.2217512947568412,2.4543149897051744,300,138,0.0014910778575466662,0.18408777623116632,0.0620762230180607,662.7194732585525,725438.9465171049,73894.23826607608,362.71947325855245,300.0,1536.0,9552.0,0.0,125.0,15.0,0.0,113,46.080691764088165,185.09926678431364,25.0,190.6311492919922,125.0,528.0,15.0,1818.0,87.0,566.0,10.5,1822.5,125.0,528.0,15.0,1818.0,2440.0,4.0,872.0,71.0,2823.0,5.0
287,0.12825822878780502,0.5616897717759413,13226.444358421879,7,10847.567876377676,11341.415444090258,-0.17985759570594373,-0.14251970244227707,-0.14157850233145652,8.522531208197526,309,141,0.012645828971678087,0.18488144159754485,0.18703653969218548,493.8475677126008,369695.1354252009,10844.640119053012,184.84756771260047,309.0,1328.0,2186.0,0.0,74.0,87.0,0.0,140,27.838513706327024,38.087394085985,22.671066284179688,30.0,74.0,327.0,87.0,490.0,52.25,348.75,58.5,518.5,74.0,327.0,87.0,490.0,344.0,17.0,587.0,37.0,872.0,38.0
288,0.8249036724893871,0.6327372328281169,20494.817637930264,21,19684.750370350233,20462.565586670342,-0.03952546843260607,-0.001573668613680801,-0.0006079341370829328,5.353307042512035,571,228,0.007221964835897664,0.17363986180877425,0.07493552032517793,777.8152163201214,413630.4326402426,19316.5845595766,206.81521632012132,571.0,2584.0,7974.0,0.0,252.0,70.0,0.0,230,36.224557744492145,85.88762164943991,19.0,61.46842956542969,252.0,1172.0,70.0,3327.0,172.25,1251.75,45.25,3351.75,252.0,1172.0,70.0,3327.0,1800.0,11.0,1330.0,138.0,2194.0,22.0
289,0.8525163447067492,0.8256728217138567,327055.59283313813,26,357804.60119041585,363949.80488642986,0.09401768088083329,0.11280715836012312,0.11387686546855069,7.629313657236745,960,386,0.00806450170476677,0.16844974656415415,0.058284031390880946,6145.203696014603,10370407.39202923,339821.11163408635,5185.203696014615,960.0,3754.0,9347.0,0.0,446.0,102.0,0.0,320,31.23960293371563,51.37335192433867,19.0,33.61147689819336,446.0,2257.0,102.0,5513.0,291.75,2411.25,70.25,5544.75,446.0,2257.0,102.0,5513.0,2037.0,16.0,1962.0,225.0,3034.0,37.0
290,0.8616829371941135,0.9469196620693124,484849.0870123855,19,479450.86478871,485591.00980358757,-0.011133819508538312,0.0015302138563852985,0.0021436935992487083,6.0989001105134,628,262,0.007389654996426929,0.17389995008982406,0.07512511909739246,6140.14501487791,11024290.029755825,451896.6465261476,5512.145014877913,628.0,2171.0,7405.0,0.0,282.0,65.0,0.0,233,29.279676969374638,82.38906823247042,19.219371795654297,61.0,282.0,972.0,65.0,3108.0,192.75,1061.25,45.25,3127.75,282.0,972.0,65.0,3108.0,1747.0,21.0,1317.0,170.0,2627.0,22.0
291,0.9689974024017872,0.5681095480858748,374990.0991012572,22,314814.40786595276,317279.83199896314,-0.16047274682592472,-0.15389810888503164,-0.154439922077919,3.103816938101646,410,185,0.002735891552021128,0.17223502803596893,0.06194991564200378,2465.4241330107798,4110848.2660215576,331112.3326538574,2055.424133010779,410.0,1910.0,9178.0,0.0,186.0,17.0,0.0,159,40.918189208844204,136.00841145175878,26.649085998535156,120.765869140625,186.0,713.0,17.0,2582.0,126.25,772.75,14.0,2585.0,186.0,713.0,17.0,2582.0,2345.0,3.0,1208.0,111.0,3693.0,4.0
292,0.9759500235042662,0.9747304802115021,28596.382663276025,17,26690.08674161281,27288.605810980484,-0.06666213500182716,-0.04573224759560279,-0.046311811844305883,4.250770409980537,371,169,0.004785639854923012,0.18053488381352636,0.0765477875991156,598.5190693676989,455038.13873539673,26762.09809326542,227.51906936769836,371.0,1260.0,7307.0,0.0,172.0,13.0,0.0,150,34.625648141973755,140.80341028818148,16.0,98.95175170898438,172.0,503.0,13.0,1861.0,124.0,551.0,9.25,1864.75,172.0,503.0,13.0,1861.0,1974.0,2.0,578.0,89.0,2483.0,6.0
293,0.44279738849820516,0.02292253373397901,36152.07109582069,19,37124.49398695957,37743.106498956826,0.026898123998525092,0.04400952296534033,0.04508455819711843,4.093894418815586,338,150,0.005456732682814588,0.17627406776152246,0.08262377771778552,618.6125119972847,561225.0239945698,34272.07486196842,280.6125119972849,338.0,3721.0,5853.0,0.0,121.0,49.0,0.0,145,59.81587125574061,99.43753967808365,44.0,87.0,121.0,1167.0,49.0,1417.0,80.5,1207.5,36.25,1429.75,121.0,1167.0,49.0,1417.0,1329.0,10.0,2030.0,52.0,2209.0,17.0
294,0.5983642324483647,0.06486774609679202,211363.06266250898,13,190276.3706839201,191568.401322933,-0.09976526509865513,-0.0936524153758258,-0.09352447423850974,2.9243827509272866,218,104,0.006812377660722033,0.18608724789151457,0.10914541120862309,1292.0306390130902,2148061.2780261803,183633.73239575565,1074.0306390130902,218.0,2100.0,4452.0,0.0,60.0,41.0,0.0,91,56.55882222046482,116.08385716457752,30.0,105.85078430175781,60.0,364.0,41.0,718.0,42.75,381.25,24.25,734.75,60.0,364.0,41.0,718.0,1075.0,5.0,1034.0,30.0,1465.0,12.0
295,0.4960181640347582,0.8354728141707402,266810.8578189324,19,248703.9014853338,254638.57439922815,-0.0678643908333244,-0.04562139456845038,-0.0449064125956089,10.290908898373992,946,382,0.007935219782372913,0.1789699070097471,0.08666965749580278,5934.672913894941,9977345.82778987,242382.5224360487,4988.672913894935,946.0,3425.0,6151.0,0.0,338.0,207.0,0.0,330,24.561212697197103,35.91820664069627,16.251625061035156,30.0,338.0,2096.0,207.0,3629.0,230.5,2203.5,145.0,3691.0,338.0,2096.0,207.0,3629.0,1117.0,35.0,1762.0,187.0,1827.0,62.0
296,0.04843825433665416,0.46020800159209374,34150.943080204794,13,30105.005444286566,31096.572031443695,-0.118472208114903,-0.08943738512836352,-0.09108451503323811,7.06475789282779,534,234,0.007700905621800923,0.19304137281742367,0.12987393213249984,991.5665871571741,915133.1743143488,32383.741530739535,457.5665871571744,534.0,3423.0,3123.0,0.0,151.0,136.0,0.0,217,38.28275899388591,36.383876049110086,28.0,22.0,151.0,1330.0,136.0,1202.0,96.5,1384.5,96.5,1241.5,151.0,1330.0,136.0,1202.0,425.0,22.0,1933.0,94.0,1022.0,36.0
297,0.5580493556573157,0.9915678828134254,186318.4772029382,9,167349.1599982032,171390.31481216877,-0.10181125076539577,-0.08012174967762142,-0.08007495974071821,10.599758647793708,485,206,0.015872773446842244,0.18164200594566088,0.16051560908743942,4041.1548139659067,7112309.627931808,167746.97104570875,3556.154813965904,485.0,1576.0,2960.0,0.0,178.0,92.0,0.0,207,21.689755773219474,31.3047539943994,18.0,22.796249389648438,178.0,568.0,92.0,1025.0,123.0,623.0,59.0,1058.0,178.0,568.0,92.0,1025.0,514.0,12.0,759.0,89.0,1039.0,32.0
298,0.07564482096110547,0.39902408467442196,164407.9289662874,18,158071.14927536063,160976.0324313162,-0.03854302971133561,-0.020874276298893824,-0.02086057104644523,7.010517608872798,653,282,0.008430016249418488,0.17366031127559195,0.09914310992823441,2904.8831559558384,4503766.311911679,160607.48161489275,2251.8831559558394,653.0,4134.0,4938.0,0.0,187.0,166.0,0.0,267,34.6837840891188,44.1555887744467,28.0,33.37309265136719,187.0,2021.0,166.0,2432.0,120.75,2087.25,115.25,2482.75,187.0,2021.0,166.0,2432.0,726.0,30.0,2020.0,100.0,1311.0,50.0
299,0.8138299298142097,0.5602177676228317,239398.12611995716,29,230952.14345037588,234298.777016378,-0.03528007009273404,-0.021300706008968384,-0.021191191681239285,5.5540920607293955,823,358,0.002993751822103858,0.17215945344509026,0.05018997003430382,3346.6335660022,5047267.132004399,227186.868565407,2523.6335660021996,823.0,3629.0,10986.0,0.0,331.0,105.0,0.0,278,46.180394677578185,86.49393602182295,21.63831329345703,55.0,331.0,2006.0,105.0,5619.0,227.5,2109.5,76.5,5647.5,331.0,2006.0,105.0,5619.0,2514.0,33.0,1819.0,169.0,3614.0,30.0
300,0.8163676817830506,0.8987815549444127,27597.915402358485,10,27970.316398696945,28924.042678333084,0.013493808894951442,0.04805171900270655,0.04989101385687622,9.00109459180294,470,213,0.007819036124372895,0.18360242294261317,0.16983796190135952,953.7262796361905,967452.5592723826,26870.414186998332,483.72627963619135,470.0,1456.0,3574.0,0.0,192.0,55.0,0.0,198,24.77778628844031,37.484678982214376,17.0,28.0,192.0,471.0,55.0,1261.0,131.5,531.5,41.75,1274.25,192.0,471.0,55.0,1261.0,713.0,7.0,845.0,116.0,1228.0,18.0
301,0.1842586995062443,0.2546835998987488,245141.2499247564,30,250750.57084701097,254000.08326069583,0.022881995274056433,0.03613766895069093,0.037273171013165074,5.3560064426194955,781,331,0.005699253757291826,0.17259350643648266,0.0479464766828643,3249.5124136849117,4937024.827369824,230443.37606114053,2468.512413684912,781.0,7067.0,8052.0,0.0,228.0,192.0,0.0,282,50.73746357762867,55.57302563406875,36.0,46.5,228.0,3813.0,192.0,4226.0,155.25,3885.75,134.0,4284.0,228.0,3813.0,192.0,4226.0,1472.0,27.0,3193.0,107.0,2431.0,57.0
302,0.8626347894271864,0.8812393428647315,159699.7926182592,26,144605.0344554229,146928.94891135642,-0.09451958525029702,-0.07996781647318585,-0.08033359815702135,5.2340074816475335,791,333,0.003974285102007374,0.16577341460989367,0.06199297677609994,2323.91445593371,3065828.9118674146,146437.93128961907,1532.9144559337074,791.0,2755.0,10341.0,0.0,348.0,84.0,0.0,275,28.733504394925816,63.651946994615194,17.0,43.5,348.0,1562.0,84.0,5154.0,239.0,1671.0,59.0,5179.0,348.0,1562.0,84.0,5154.0,2463.0,17.0,1783.0,236.0,3581.0,29.0
303,0.9624581561240463,0.6985176914054516,394588.62169841706,25,373032.2350457563,375970.124839253,-0.05463002597458644,-0.04718457612646043,-0.047214575935558445,3.365061570426887,495,216,0.0021947374476088697,0.17691224852291315,0.053499770599251636,2937.8897934966662,4885779.586993337,362978.4689477118,2442.8897934966685,495.0,2194.0,10405.0,0.0,230.0,24.0,0.0,180,47.8793414998644,144.84561362396244,21.32140350341797,127.13960266113281,230.0,892.0,24.0,3353.0,161.25,960.75,14.0,3363.0,230.0,892.0,24.0,3353.0,2747.0,4.0,1236.0,137.0,4368.0,5.0
304,0.20608766586705896,0.12866409008050705,466982.3839902254,21,446025.92527498683,450642.9140101783,-0.0448763367392403,-0.03498947827631349,-0.034952557478448165,4.63522210243091,495,222,0.00552201976160305,0.17162313782135993,0.06515073412223439,4616.988735191567,8243977.470383133,444637.67259715754,4121.988735191567,495.0,4561.0,6023.0,0.0,129.0,123.0,0.0,197,55.288405627048355,58.17534431334277,31.0,51.0,129.0,1675.0,123.0,2210.0,86.5,1717.5,85.0,2248.0,129.0,1675.0,123.0,2210.0,1115.0,29.0,1770.0,57.0,1985.0,45.0
305,0.22418434259668552,0.5886683741876352,66357.02807225418,30,63863.71781825376,66348.20921852427,-0.03757417000781782,-0.00013290007081556698,0.0007750854696761955,9.28452462520911,1304,517,0.005068157167692696,0.1721922325217794,0.05128534538213429,2484.4914002706737,2360982.800541351,63573.06636170874,1180.4914002706755,1304.0,6396.0,8723.0,0.0,415.0,342.0,0.0,397,28.220165833535653,38.99609029544439,19.75933074951172,29.577678680419922,415.0,4721.0,342.0,6431.0,286.0,4850.0,235.75,6537.25,415.0,4721.0,342.0,6431.0,1409.0,40.0,2984.0,188.0,2705.0,103.0
306,0.37974305870759384,0.6850084955932256,27156.974534355715,27,21417.352042771032,23052.41696176739,-0.21134984990038597,-0.15114193104963647,-0.1558210479806229,9.299128858378657,1188,469,0.006611144082767061,0.16850232406608226,0.057885485742172726,1635.0649189964072,894129.8379928124,24038.000000053442,447.0649189964062,1188.0,5115.0,8487.0,0.0,369.0,323.0,0.0,371,26.446414551189275,38.169345431982975,19.0,31.0,369.0,3559.0,323.0,5761.0,258.0,3670.0,219.25,5864.75,369.0,3559.0,323.0,5761.0,1453.0,71.0,2429.0,197.0,2400.0,111.0
307,0.3866274679568311,0.1451364602045092,94498.14657401957,26,87282.88752199477,88492.32964988796,-0.07635344515855824,-0.06355486474464667,-0.06343098530347924,3.936696135830855,530,237,0.0033718560960235445,0.16467784078542325,0.05574319472121617,1209.4421278932675,1358884.2557865316,86295.98328775595,679.4421278932658,530.0,4280.0,8821.0,0.0,152.0,115.0,0.0,210,53.20952599968799,93.48023132577406,36.0,71.47588348388672,152.0,1810.0,115.0,3381.0,111.0,1851.0,76.75,3419.25,152.0,1810.0,115.0,3381.0,1920.0,27.0,1932.0,77.0,3173.0,36.0
308,0.052962375423189045,0.3792902237325081,121883.12601529612,7,112435.82599473318,114463.88142189452,-0.07751113980599178,-0.06087179444733393,-0.06020428702846359,8.029289138988702,288,140,0.011123759280449457,0.184293840367574,0.19974865275841514,2028.055427161565,3480110.8543231306,108356.75469153222,1740.0554271615654,288.0,1547.0,1981.0,0.0,69.0,72.0,0.0,126,30.18851282242306,42.31250003219787,20.769563674926758,31.299718856811523,69.0,346.0,72.0,395.0,46.0,369.0,49.75,417.25,69.0,346.0,72.0,395.0,372.0,14.0,702.0,29.0,642.0,20.0
309,0.5349042735363887,0.10542586162461232,33833.139569357394,18,34707.64565467409,35388.219025822895,0.0258476185316463,0.04596320283187483,0.04740206287328652,4.261072850469776,404,186,0.003888699640931075,0.17320718710505054,0.0817247848100014,680.5733711488213,553146.7422976425,32453.49010148108,276.57337114882125,404.0,3435.0,5637.0,0.0,145.0,55.0,0.0,170,54.97207012268897,87.53243356755765,36.0,63.0,145.0,1167.0,55.0,1693.0,102.25,1209.75,41.25,1706.75,145.0,1167.0,55.0,1693.0,1171.0,13.0,1850.0,83.0,1753.0,15.0
310,0.5306530446391042,0.8615380177481653,69609.48816933254,15,62520.25838031689,64515.48367720023,-0.10184286618758553,-0.07317974353928014,-0.07338930435127566,10.169851273602454,703,296,0.006566020725964077,0.18000288750492308,0.09790438895815189,1995.225296883516,2584450.5937670325,63532.1629647477,1292.2252968835162,703.0,2426.0,5134.0,0.0,236.0,156.0,0.0,273,23.15907346447313,40.01115048485665,16.0,29.0,236.0,1201.0,156.0,2502.0,158.25,1278.75,106.75,2551.25,236.0,1201.0,156.0,2502.0,947.0,35.0,1043.0,105.0,1720.0,48.0
311,0.6891466479034372,0.8999399277191614,91488.94166680156,27,79511.03858372747,82362.46667102224,-0.13092186733012012,-0.09975495212325791,-0.10020950654232175,10.035213927776441,1220,489,0.004036919406562136,0.17392150542725396,0.055878040706153397,2851.4280872949043,3262856.1745898128,81285.16736346202,1631.4280872949064,1220.0,4050.0,9555.0,0.0,498.0,206.0,0.0,366,23.66813162444336,37.23512731843914,15.0,24.0,498.0,2814.0,206.0,6362.0,337.0,2975.0,145.75,6422.25,498.0,2814.0,206.0,6362.0,1898.0,47.0,2138.0,250.0,3319.0,79.0
312,0.4416405172011475,0.6801918999584533,104989.4798137389,28,96556.03554071712,99578.91328898299,-0.08032656498521085,-0.051534368341997316,-0.051241929150414145,9.266732749837882,1231,488,0.00434858051529841,0.1766229886508329,0.055714928984090396,3022.877748266087,3583755.496532172,96683.36168955742,1791.877748266086,1231.0,5118.0,8993.0,0.0,435.0,280.0,0.0,393,28.369906216041482,42.33065906643511,21.0,31.81621551513672,435.0,3709.0,280.0,6579.0,290.25,3853.75,183.0,6676.0,435.0,3709.0,280.0,6579.0,1611.0,48.0,2408.0,214.0,2583.0,89.0
313,0.46818078176245614,0.014813855251294528,454939.1419171506,21,428089.5286349486,430935.9827314948,-0.05901803298141273,-0.05276125304255974,-0.052731230496153136,2.9892978453833954,327,156,0.004985421300511769,0.1864167091272517,0.06929568449742905,2846.45409654673,5038908.193093455,421412.356155429,2519.4540965467277,327.0,3656.0,6928.0,0.0,79.0,71.0,0.0,132,67.44543136862114,105.96259595082162,48.0,85.72509765625,79.0,944.0,71.0,1678.0,53.0,970.0,51.0,1698.0,79.0,944.0,71.0,1678.0,1668.0,19.0,1762.0,31.0,2042.0,16.0
314,0.2403283083357186,0.7395909655603692,234028.1121041664,17,219918.11580255083,225445.1199891364,-0.06029188619585657,-0.03667504744562344,-0.037004259126398376,10.26561148119964,900,373,0.010170573999006513,0.1742086527810242,0.09211892672280939,5527.004186586052,9254008.373172091,225364.27542869243,4627.004186586046,900.0,3694.0,4874.0,0.0,278.0,232.0,0.0,324,24.424175018875,32.40715664925345,18.244384765625,23.0,278.0,2097.0,232.0,2901.0,188.75,2186.25,154.0,2979.0,278.0,2097.0,232.0,2901.0,756.0,30.0,1991.0,148.0,1532.0,67.0
315,0.1916976373250382,0.8144227242884252,39920.119233457044,13,33440.03871144811,34887.796885238684,-0.16232618154551948,-0.12605980254690152,-0.12661066841841884,10.811919175185375,702,305,0.009167162360040587,0.1779511087873002,0.11618366912745094,1447.7581737906412,1491516.3475812837,34487.77972287494,745.7581737906419,702.0,2973.0,3569.0,0.0,217.0,167.0,0.0,282,23.388299312810542,29.392144569059504,18.987735748291016,22.59639549255371,217.0,1501.0,167.0,1778.0,147.0,1571.0,118.75,1826.25,217.0,1501.0,167.0,1778.0,490.0,30.0,1473.0,97.0,1040.0,54.0
316,0.3261958392496874,0.07476975154522769,10845.104530500801,24,9891.76320063996,10355.612739698932,-0.08790522278320712,-0.04513481538377251,-0.0444518088669722,3.6851157850019503,391,157,0.007898371155136998,0.17188196432001177,0.05704610985966427,463.84953905897765,145699.07811795574,9884.294457648813,72.84953905897787,391.0,4560.0,7444.0,0.0,114.0,96.0,0.0,173,72.23551960777982,90.93008802710337,43.5,65.18812561035156,114.0,1506.0,96.0,2408.0,81.5,1538.5,65.0,2439.0,114.0,1506.0,96.0,2408.0,1629.0,27.0,2049.0,44.0,1769.0,27.0
317,0.19052154153749412,0.8180155188660282,43759.073012235815,26,38943.223553843425,41171.164327669954,-0.11005373576002841,-0.05913993387936334,-0.058848392544095685,10.969987087667777,1356,535,0.005719469324820862,0.1755778434164509,0.05873050521535641,2227.9407738266254,1743881.5476532525,39742.10574991666,871.9407738266262,1356.0,5827.0,7273.0,0.0,409.0,386.0,0.0,403,26.700602298125997,26.194591712130382,20.0,21.0,409.0,4257.0,386.0,5424.0,277.75,4388.25,259.75,5550.25,409.0,4257.0,386.0,5424.0,1033.0,54.0,2850.0,205.0,2261.0,123.0
318,0.21592901529271202,0.6096349845725595,29152.752470864227,24,26914.202766532384,28548.496991209326,-0.07678690739644867,-0.020727218819519888,-0.01955819850921947,10.457281866255894,1065,413,0.007414236324282923,0.17088052383811034,0.06470580274709993,1634.294224677005,1138588.4493540095,27219.990431453953,569.2942246770048,1065.0,5201.0,6887.0,0.0,328.0,300.0,0.0,362,25.530182213542275,37.56530615547466,20.0,26.247604370117188,328.0,3440.0,300.0,4616.0,224.5,3543.5,207.5,4708.5,328.0,3440.0,300.0,4616.0,1089.0,51.0,2571.0,134.0,1800.0,100.0
319,0.06666313702441506,0.6421837900707417,209513.26444367963,12,181274.83465853523,185089.7690095813,-0.13478110734480642,-0.11657254970920339,-0.11686291584405484,8.757928824883738,556,243,0.01132384826245624,0.1801274106073662,0.13385222870565308,3814.9343510464914,6517868.702092989,186056.2249482404,3258.9343510464946,556.0,2541.0,3507.0,0.0,136.0,165.0,0.0,238,29.139411100479993,40.29836496965813,22.871078491210938,31.0,136.0,1093.0,165.0,1462.0,94.25,1134.75,105.25,1521.75,136.0,1093.0,165.0,1462.0,531.0,30.0,1272.0,68.0,1159.0,51.0
320,0.5208987059751888,0.25517604517140413,424811.3302352072,25,418915.0924646898,423420.88615697186,-0.01387966221911463,-0.0032730861426542024,-0.0029149466944690117,4.81827163451121,611,269,0.006463882764784318,0.1670548900612548,0.06332476422725944,4505.793692282827,7789587.384565656,404169.16974814096,3894.793692282828,611.0,4139.0,8461.0,0.0,210.0,107.0,0.0,235,39.989405634810495,76.09251674377181,27.750030517578125,59.05602264404297,210.0,1924.0,107.0,3634.0,143.0,1991.0,66.75,3674.25,210.0,1924.0,107.0,3634.0,1865.0,18.0,1970.0,103.0,2625.0,26.0
321,0.38925561191538616,0.44674467360612957,16384.03309866336,23,15769.56860648512,16817.179730194737,-0.03750386052554844,0.026437118926884606,0.030599396259642697,7.3219789993238695,824,327,0.00659693497164855,0.1779607536175074,0.07774499338905948,1047.6111237096286,447222.247419259,15269.855576632925,223.6111237096295,824.0,4764.0,6780.0,0.0,279.0,195.0,0.0,306,36.30327439625244,44.9439383874193,23.0,31.0,279.0,2677.0,195.0,3862.0,192.5,2763.5,136.5,3920.5,279.0,2677.0,195.0,3862.0,1225.0,32.0,2329.0,156.0,1537.0,42.0
322,0.8102043769664684,0.03846865364298557,58817.082694767,27,52347.67935289164,52874.88166368786,-0.10999191128619079,-0.10102848966373201,-0.10134281978390691,2.1827942071778588,293,136,0.003283000660876545,0.16755158080962837,0.04875646363939646,527.2023107962632,468404.6215925261,53647.36401308851,234.20231079626305,293.0,3258.0,10350.0,0.0,94.0,36.0,0.0,114,83.2789819200944,143.06262987588443,54.0,113.24044799804688,94.0,800.0,36.0,2148.0,71.0,823.0,23.75,2160.25,94.0,800.0,36.0,2148.0,2745.0,10.0,1360.0,37.0,3706.0,11.0
323,0.11100180608711052,0.22215285193159373,88294.13900409837,28,78474.37549041638,79984.31642874899,-0.11121648191423195,-0.09411522292508745,-0.09431014434448304,4.929831433874118,722,307,0.004483341821406421,0.17079596682260054,0.05637324554856592,1509.9409383327375,1575881.876665476,79915.60653763906,787.940938332738,722.0,5494.0,8610.0,0.0,169.0,218.0,0.0,270,46.59745348431661,64.49971505099236,32.0,53.15480041503906,169.0,2757.0,218.0,4412.0,120.0,2806.0,137.5,4492.5,169.0,2757.0,218.0,4412.0,1724.0,37.0,2633.0,84.0,2670.0,66.0
324,0.8536187203798461,0.17560429447719683,43963.809514793575,18,42845.42155481546,43331.359297486015,-0.02543883190108409,-0.014385700972859183,-0.014117101292183576,2.6116734777241155,271,121,0.0036150808903541447,0.17302409459996065,0.0864452696696757,485.93774267055164,429875.4853411033,41149.42861422599,214.93774267055164,271.0,2299.0,6736.0,0.0,109.0,23.0,0.0,117,61.67316711149635,166.9256029667823,32.0,157.0,109.0,536.0,23.0,1431.0,75.0,570.0,17.25,1436.75,109.0,536.0,23.0,1431.0,1694.0,12.0,1146.0,67.0,2082.0,6.0
325,0.7521303014052105,0.44142562488299897,183437.36648674952,23,178961.78769228412,181400.82715076226,-0.024398403009065706,-0.011102096453910804,-0.010752177806918395,5.247288576603195,627,275,0.005541384285951231,0.16752008445536198,0.06594556522225763,2439.039458478286,3624078.9169565667,172664.3610337987,1812.0394584782834,627.0,3410.0,8182.0,0.0,235.0,94.0,0.0,247,37.65000231850137,65.99045081717865,25.0,39.984169006347656,235.0,1755.0,94.0,3597.0,161.5,1828.5,61.75,3629.25,235.0,1755.0,94.0,3597.0,1846.0,21.0,1802.0,116.0,2474.0,28.0
326,0.12026798227876745,0.878184706474933,124701.65345784527,15,119647.36966457307,123448.72713754157,-0.040531008636391364,-0.01004739139828037,-0.008397693977665766,12.513422397311809,914,377,0.009490818061728641,0.17863363341395075,0.10406812094403196,3801.357472968758,5774714.945937515,115370.4151147744,2887.3574729687575,914.0,3535.0,4024.0,0.0,264.0,258.0,0.0,335,22.234480335202186,22.89278142067131,15.178844451904297,18.0,264.0,2119.0,258.0,2383.0,174.25,2208.75,179.75,2461.25,264.0,2119.0,258.0,2383.0,502.0,41.0,1881.0,131.0,1350.0,84.0
327,0.6275744689605289,0.04135365669546587,115500.93560165186,18,101801.61060389616,102527.34987122641,-0.11860791366230095,-0.11232450770069691,-0.11266587090494184,2.2877214617363726,243,116,0.0035209299768947547,0.17308505289792994,0.08905656919637811,725.7392673303048,965478.5346606103,105506.56524503375,482.73926733030515,243.0,2385.0,6687.0,0.0,74.0,35.0,0.0,99,73.02831321234846,115.14890236143941,39.5,85.0,74.0,493.0,35.0,1180.0,51.25,515.75,20.25,1194.75,74.0,493.0,35.0,1180.0,1742.0,12.0,1250.0,36.0,1800.0,6.0
328,0.5442660947293125,0.8229976602267643,391314.77003062726,6,338894.44765802793,344922.02735160897,-0.13395947811654674,-0.1185560736063892,-0.11794339257920572,8.806956083171299,315,146,0.014045179662817377,0.18573781653105984,0.2582988245907709,6027.579693581671,11425159.387163343,324322.0267952459,5712.579693581672,315.0,983.0,2041.0,0.0,107.0,56.0,0.0,138,24.384247149292488,40.26178798823984,17.0,32.0,107.0,236.0,56.0,429.0,73.5,269.5,34.0,451.0,107.0,236.0,56.0,429.0,368.0,13.0,569.0,68.0,736.0,23.0
329,0.9422638341936576,0.7661660519454198,22139.959074046274,23,20132.718809536134,20734.117336276016,-0.09066142614794359,-0.06349793751056498,-0.06365437763289494,3.7834387425599982,450,188,0.007080112815837145,0.17165768540954846,0.05972334213328571,601.3985267399078,302797.05347981513,20008.05841479891,151.39852673990757,450.0,1833.0,9731.0,0.0,212.0,27.0,0.0,188,51.87580624454882,85.37749654476256,24.0,73.0,212.0,798.0,27.0,3282.0,143.75,866.25,18.25,3290.75,212.0,798.0,27.0,3282.0,2533.0,6.0,933.0,121.0,3413.0,9.0
330,0.5912642652959313,0.18614107060180485,467666.4580904137,21,416668.9914066214,420743.406617222,-0.10904666306843191,-0.10033443849017731,-0.10067870183340621,4.196332086801629,458,208,0.0037498803632672827,0.17044664950160868,0.07301186249468448,4074.4152106011625,7232830.421202327,430901.93242517323,3616.415210601164,458.0,3485.0,7099.0,0.0,158.0,71.0,0.0,180,46.394736392011545,104.35976644723569,31.0,81.86685943603516,158.0,1243.0,71.0,2308.0,106.0,1295.0,46.0,2333.0,158.0,1243.0,71.0,2308.0,1555.0,19.0,1915.0,77.0,2738.0,25.0
331,0.7299172167198955,0.060405613553668136,53662.578272601684,6,48517.4456940551,48908.39778690864,-0.09587933983361197,-0.08859396321850554,-0.08897421031526898,2.9274089788205293,93,47,0.005146778301442984,0.18592539032494504,0.2024272669058479,390.9520928535578,595904.1857071152,50890.06951355398,297.9520928535576,93.0,1309.0,1715.0,0.0,28.0,12.0,0.0,39,70.95575923254987,113.41189846174302,57.5,78.34272766113281,28.0,89.0,12.0,105.0,20.25,96.75,8.5,108.5,28.0,89.0,12.0,105.0,406.0,3.0,490.0,11.0,769.0,5.0
332,0.25219137627371724,0.0569647478273162,37128.21125994041,6,38606.858427043495,39017.322632479234,0.03982543507821701,0.0508807537026994,0.05248798090240747,4.26013208216348,128,64,0.00632059692355276,0.18007162260662465,0.2306483316157384,410.4642054357676,564928.4108715352,33152.04786940784,282.4642054357676,128.0,1008.0,2016.0,0.0,24.0,34.0,0.0,56,56.07327636300405,94.11778676619932,51.810829162597656,81.04873657226562,24.0,92.0,34.0,186.0,18.0,98.0,22.75,197.25,24.0,92.0,34.0,186.0,425.0,11.0,250.0,9.0,461.0,8.0
333,0.09618467635809291,0.17349998464199012,398290.3260152356,24,369257.35069348675,373366.66338423145,-0.07289400074617503,-0.06257662062836744,-0.062439199215131524,4.853236901847307,590,261,0.005264101259172765,0.1639332008121439,0.06264570669035874,4109.312690745506,7038625.381491013,362573.75870173745,3519.3126907455066,590.0,5251.0,6845.0,0.0,146.0,159.0,0.0,228,51.01795032058538,59.48152960826694,39.5,40.0,146.0,2322.0,159.0,2845.0,103.75,2364.25,106.75,2897.25,146.0,2322.0,159.0,2845.0,1358.0,33.0,2399.0,64.0,2152.0,45.0
334,0.513034719990943,0.11215192355327464,83357.58609639751,24,87365.80852778327,88454.97723953429,0.048084674941888395,0.06115089677911234,0.06196883008466014,3.7765228829364412,466,210,0.005823804134090293,0.16860257266239456,0.0566188130635719,1089.168711751142,1246337.4235022848,82505.61840454103,623.1687117511424,466.0,5179.0,6916.0,0.0,165.0,67.0,0.0,194,51.46547516106574,71.2141449786675,41.0,59.0,165.0,1920.0,67.0,2503.0,107.25,1977.75,48.75,2521.25,165.0,1920.0,67.0,2503.0,1490.0,15.0,2236.0,68.0,2087.0,25.0
335,0.3772431004509723,0.20454297512690434,79727.44568327669,10,76725.11467085363,77619.94015538812,-0.03765743385721965,-0.026433877441161213,-0.026049099402509768,4.637211943247488,217,107,0.004548840327270952,0.18220634143879588,0.13181796188916814,894.8254845345518,1355650.9690691044,73085.45445303325,677.8254845345522,217.0,2012.0,3028.0,0.0,58.0,42.0,0.0,90,62.45184552834955,68.80275836585987,48.5,52.0,58.0,343.0,42.0,457.0,42.0,359.0,26.0,473.0,58.0,343.0,42.0,457.0,569.0,6.0,788.0,18.0,906.0,15.0
336,0.6833328287136551,0.06632634324288578,22326.94735431379,13,19934.393141024866,20225.280212964848,-0.1071599343752947,-0.09413141474277176,-0.09450247654730293,2.7229099668258168,181,84,0.004718765515821702,0.18392105937105838,0.10515396925169683,290.88707193999664,219774.1438799932,20178.241895396834,109.8870719399966,181.0,1876.0,4676.0,0.0,67.0,17.0,0.0,80,55.63458223541455,111.29428781887918,41.0,63.0,67.0,316.0,17.0,640.0,42.75,340.25,12.75,644.25,67.0,316.0,17.0,640.0,1159.0,5.0,1089.0,37.0,1508.0,5.0
337,0.29934365210767544,0.24121418007833273,362859.9239399133,24,326633.85757964733,331034.96694205067,-0.09983485077912513,-0.08770590219032448,-0.08767636072429474,5.818412431422602,636,275,0.005580951896316415,0.1766198536236142,0.06401833872258976,4401.109362403485,7530218.724806965,323551.2613432006,3765.109362403483,636.0,4215.0,7881.0,0.0,181.0,156.0,0.0,231,45.885744612318625,57.57148929466975,31.0,46.23737335205078,181.0,1921.0,156.0,3286.0,130.75,1971.25,109.0,3333.0,181.0,1921.0,156.0,3286.0,1571.0,37.0,1911.0,75.0,2241.0,45.0
338,0.7873293216183406,0.6422811627943317,437317.7249185322,25,391564.82332614315,396697.11700274213,-0.10462164917031969,-0.09288580270410318,-0.09292621803125323,5.698371317405508,709,307,0.003908250427997,0.1792704154279039,0.06277069131920711,5132.293676599825,8846587.353199663,388119.11599100346,4423.293676599831,709.0,2982.0,9618.0,0.0,277.0,100.0,0.0,264,36.58485363626211,62.8269417017898,22.0,44.0,277.0,1587.0,100.0,4636.0,190.0,1674.0,68.0,4668.0,277.0,1587.0,100.0,4636.0,2192.0,20.0,1826.0,158.0,3172.0,33.0
339,0.6639124864945789,0.3893927868071577,30107.419725639586,19,25539.681890745473,26328.73957193936,-0.1517146894858018,-0.12550660894006427,-0.1267339441916545,5.276844042663594,506,225,0.0056319531311648284,0.17721158613554164,0.07769286529555955,789.0576811939043,566115.3623878083,26820.7359271343,283.05768119390416,506.0,2933.0,6638.0,0.0,176.0,86.0,0.0,195,34.4001614192451,60.39400619933977,22.106168746948242,43.0,176.0,1194.0,86.0,2245.0,126.5,1243.5,64.0,2267.0,176.0,1194.0,86.0,2245.0,1395.0,25.0,1584.0,85.0,2436.0,30.0
340,0.8778616890108156,0.9283876757396988,118358.66641982221,24,112618.28220858278,114797.92584363781,-0.048499906131741044,-0.030084324907432847,-0.029424835564643703,6.5109319083632515,771,317,0.005974842194328055,0.174843189200235,0.06369797194586528,2179.643635055099,2817287.2701101983,108175.27005970567,1408.6436350550991,771.0,2571.0,9525.0,0.0,336.0,94.0,0.0,274,30.584043600367664,68.68455279345928,17.40190887451172,48.0,336.0,1407.0,94.0,4739.0,227.0,1516.0,65.75,4767.25,336.0,1407.0,94.0,4739.0,2148.0,20.0,1311.0,175.0,2972.0,26.0
341,0.5140370457474219,0.6822649104446231,144217.32282371266,12,138882.51659317547,141943.75680488837,-0.036991438518507946,-0.01576486079694761,-0.015096588075592665,9.175707606737085,559,251,0.007996232311611319,0.17072486307037388,0.12715257175795425,3061.240211713161,5004480.423426324,136351.3485257497,2502.240211713162,559.0,2183.0,3865.0,0.0,192.0,104.0,0.0,224,22.099331710595,41.458334259851654,15.0,27.660907745361328,192.0,843.0,104.0,1549.0,136.75,898.25,70.0,1583.0,192.0,843.0,104.0,1549.0,664.0,12.0,1098.0,95.0,1152.0,29.0
342,0.807717014078387,0.0769339622169315,10345.835213366276,7,9809.745704919875,9942.34810347696,-0.05181693864153192,-0.03899995520593946,-0.039132701190388475,2.3178037479165745,87,42,0.0028794005454352415,0.18904671815497973,0.20074692743506461,132.60239855709204,91204.79711418416,9837.41582911908,45.60239855709208,87.0,1160.0,2368.0,0.0,33.0,5.0,0.0,37,87.73509491846092,151.57141971768797,75.0,120.02389526367188,33.0,70.0,5.0,151.0,23.25,79.75,3.5,152.5,33.0,70.0,5.0,151.0,606.0,2.0,607.0,18.0,667.0,2.0
343,0.6238820062571073,0.5368999851543518,10618.794281209279,5,8271.703218118588,8531.286196506784,-0.22103178580679705,-0.19658616877026147,-0.19942456793467367,5.477893161527298,157,73,0.014617560947146517,0.19865555546201777,0.2797077330602871,259.5829783882078,205165.95677641535,9363.360635497169,102.58297838820768,157.0,726.0,1767.0,0.0,52.0,27.0,0.0,74,26.191414364878167,55.77069790096378,17.5,48.97803497314453,52.0,80.0,27.0,209.0,38.0,94.0,17.25,218.75,52.0,80.0,27.0,209.0,360.0,6.0,332.0,30.0,670.0,9.0
344,0.13934121072244154,0.0011566061531540495,12216.53863968421,15,10739.431716853145,10981.315218082706,-0.12091042859168222,-0.1011107530564348,-0.10167764867278783,2.2878150537087687,191,84,0.006777174303644226,0.182704218230818,0.09337228660933035,241.8835012295685,101767.00245913693,11120.545156629118,50.883501229568466,191.0,2750.0,4784.0,0.0,43.0,49.0,0.0,85,82.06082548727592,132.6756394062694,55.0,109.0,43.0,441.0,49.0,737.0,29.25,454.75,31.5,754.5,43.0,441.0,49.0,737.0,1180.0,14.0,1330.0,26.0,1482.0,13.0
345,0.17781448653476695,0.5350302627566739,31933.066646102863,16,24711.852288946757,25868.622240942503,-0.22613594983485208,-0.18991111853958031,-0.19238961331833004,8.48296138497723,696,294,0.010189181351864833,0.17049973512106206,0.09398942063909274,1156.7699519957928,921539.9039915857,27158.555313701316,460.7699519957929,696.0,3096.0,4964.0,0.0,196.0,190.0,0.0,280,28.638324144979162,34.71406183370096,22.5,24.828166961669922,196.0,1579.0,190.0,2513.0,135.25,1639.75,129.5,2573.5,196.0,1579.0,190.0,2513.0,836.0,36.0,1663.0,104.0,1569.0,63.0
346,0.53830883287687,0.3591603510339336,122783.27069607859,15,111261.65942620917,112979.99086872138,-0.09383697961905968,-0.07984214601696793,-0.08010900075469485,5.545693343251266,460,209,0.010330311417625233,0.17810495457606623,0.09726943205187091,1718.3314425123351,2516662.8850246673,113451.2282439524,1258.3314425123338,460.0,2780.0,4780.0,0.0,148.0,88.0,0.0,194,41.098616911771614,54.76759335066503,33.478302001953125,39.032230377197266,148.0,1009.0,88.0,1665.0,97.0,1060.0,60.5,1692.5,148.0,1009.0,88.0,1665.0,867.0,12.0,1212.0,73.0,1402.0,25.0
347,0.8565726791573909,0.3265636498584251,102407.18665135668,29,104319.65498915916,105611.03354471557,0.018675137950165954,0.031285371643557935,0.03183426813114387,3.7177776792165096,557,250,0.003646564095847476,0.17150890886693562,0.0529618730184601,1291.378555556416,1468757.1111128342,98765.79759755581,734.3785555564172,557.0,3668.0,10944.0,0.0,226.0,52.0,0.0,223,50.87839337390571,103.14502530332658,30.0,86.47306060791016,226.0,1668.0,52.0,4519.0,163.0,1731.0,35.5,4535.5,226.0,1668.0,52.0,4519.0,2592.0,12.0,1865.0,118.0,3478.0,15.0
348,0.018360426615118497,0.8689535035151361,179213.88330586007,27,150217.33643822916,155753.69854925547,-0.16179855228148365,-0.13090606778809466,-0.13175976494094943,12.671029247981423,1557,606,0.004864853932599071,0.17714052998528718,0.05733042506224907,5536.362111026814,7958724.222053636,157026.00132742792,3979.362111026818,1557.0,6356.0,7251.0,0.0,440.0,484.0,0.0,432,24.49207776726204,25.097187873069107,18.0,18.0,440.0,4992.0,484.0,5747.0,294.25,5137.75,332.5,5898.5,440.0,4992.0,484.0,5747.0,942.0,67.0,2958.0,193.0,2209.0,154.0
349,0.9173691776132034,0.8838488295270259,86998.55167466249,26,82684.40081335927,84402.93742235773,-0.04958876645942689,-0.029835143256306762,-0.02975340239950852,5.649323520401788,796,337,0.003997650633377971,0.17750522133103025,0.05534499075822919,1718.5366089985216,1845073.2179970422,81650.18392617289,922.5366089985212,796.0,2982.0,10121.0,0.0,364.0,69.0,0.0,277,32.487848971257016,72.99071995100266,17.40651512145996,56.0,364.0,1686.0,69.0,5082.0,249.25,1800.75,51.25,5099.75,364.0,1686.0,69.0,5082.0,2438.0,11.0,1522.0,210.0,3886.0,22.0
350,0.6783638003027398,0.34567374746406654,325320.982415578,17,311002.97467418463,314887.274695393,-0.04401194056122382,-0.03207204048971102,-0.031672041670764206,5.7091040619799465,450,206,0.007673607863112956,0.1746078921802434,0.09928174021159995,3884.3000212086336,6868600.042417265,300773.99044795125,3434.300021208632,450.0,2935.0,5633.0,0.0,153.0,74.0,0.0,191,45.99341157457258,65.14237922562447,31.0,54.01716995239258,153.0,1075.0,74.0,1945.0,101.75,1126.25,51.75,1967.25,153.0,1075.0,74.0,1945.0,1217.0,16.0,1575.0,76.0,1750.0,26.0
351,0.14302493114363302,0.024056318255778808,11009.446498247225,11,10722.720889308292,10999.084346161624,-0.026043598920670763,-0.0009412055444614209,0.00023801175411009012,3.708808840555939,199,92,0.006275581312037664,0.17107885166849493,0.12330595865585692,276.36345685334277,154726.91370668562,10429.69052588678,77.36345685334281,199.0,2981.0,2538.0,0.0,54.0,42.0,0.0,87,73.352259530362,70.37584847369011,60.0,53.0,54.0,447.0,42.0,411.0,34.0,467.0,31.75,421.25,54.0,447.0,42.0,411.0,470.0,7.0,1312.0,25.0,980.0,18.0
352,0.48187717744439174,0.8527945709685422,11685.840775651759,26,9532.32267682967,11028.99436542943,-0.1842843951210673,-0.05620874208648419,-0.054372809539641076,11.0312847982362,1274,479,0.005520941055897906,0.1720384085589387,0.05427601078209976,1496.6716885997953,445343.37719958654,10092.735917551345,222.67168859979327,1274.0,4862.0,8163.0,0.0,469.0,300.0,0.0,399,23.94820231301588,34.569885349424254,17.0,25.81647491455078,469.0,3480.0,300.0,6062.0,336.25,3612.75,206.0,6156.0,469.0,3480.0,300.0,6062.0,1411.0,50.0,2259.0,213.0,2143.0,91.0
353,0.7418602175563477,0.9850729889405528,362853.32111299556,16,335498.9138975617,342911.6053524804,-0.07538695562032749,-0.05495806321779584,-0.055156602973023716,9.771972173568553,804,332,0.007067731175857755,0.17372475501334136,0.10204947175079211,7412.691454919352,13217382.909838706,338145.224809107,6608.691454919353,804.0,2400.0,5664.0,0.0,343.0,113.0,0.0,296,19.4534946318897,42.31152702975386,12.0,28.666259765625,343.0,1274.0,113.0,3006.0,231.5,1385.5,78.25,3040.75,343.0,1274.0,113.0,3006.0,1129.0,23.0,1281.0,191.0,1998.0,41.0
354,0.3365242811832525,0.3613105052405705,16186.342849343,19,14602.615881676527,15363.02357280498,-0.09784340924983903,-0.05086505853738532,-0.04970445838451021,6.073064775365643,583,240,0.007151140822784632,0.17318163895768293,0.08598857994059969,760.4076911284791,354815.3822569579,14606.10891621831,177.40769112847894,583.0,3851.0,5704.0,0.0,194.0,130.0,0.0,251,40.52272457109744,58.50154933248957,26.68781280517578,42.0,194.0,1810.0,130.0,2626.0,134.75,1869.25,85.25,2670.75,194.0,1810.0,130.0,2626.0,1004.0,18.0,1948.0,104.0,1669.0,36.0
355,0.5449938181714882,0.5828836615726254,350274.3870436982,22,288560.9218268626,294379.3003015777,-0.17618606298249428,-0.1595751468266715,-0.16083512759040064,7.976622190157973,829,349,0.004232818174437932,0.17763870120696645,0.08292027655214494,5818.378474715479,9978756.94943095,312750.08116039797,4989.378474715475,829.0,4019.0,7069.0,0.0,292.0,166.0,0.0,300,28.110550447412475,48.061398148705536,20.00749969482422,36.24508285522461,292.0,2323.0,166.0,3819.0,189.0,2426.0,117.25,3867.75,292.0,2323.0,166.0,3819.0,1278.0,33.0,2111.0,161.0,1951.0,47.0
356,0.3103572209736044,0.777642520298353,26651.62909098977,22,22423.200834183932,24087.380015908206,-0.1586555269236941,-0.09621359603674173,-0.0971366560070831,10.988650544455204,1147,469,0.005477174247171432,0.16908490738374155,0.07134066698717922,1664.1791817243472,1034358.3634486981,23532.424642683447,517.1791817243491,1147.0,4659.0,6407.0,0.0,350.0,306.0,0.0,377,24.91286300093084,30.45799601625028,16.0,23.0,350.0,3227.0,306.0,4397.0,251.75,3325.25,208.5,4494.5,350.0,3227.0,306.0,4397.0,1062.0,60.0,2531.0,187.0,2289.0,97.0
357,0.12541607420805,0.9716454504200528,48437.7674370494,21,39946.96904541445,42483.00197578217,-0.17529293443736327,-0.12293641462741134,-0.12495724380709894,13.80084953954747,1356,541,0.0056602883244941705,0.17383478694048587,0.07304972738776595,2536.0329303678564,2360065.8607357107,42752.18445742684,1180.0329303678554,1356.0,4449.0,6131.0,0.0,400.0,394.0,0.0,403,20.18950375969193,25.466960424944,15.0,18.67786407470703,400.0,3220.0,394.0,4447.0,279.0,3341.0,260.5,4580.5,400.0,3220.0,394.0,4447.0,804.0,61.0,2108.0,194.0,2087.0,137.0
358,0.21077693525383379,0.09632124689316246,97074.15860301146,14,89991.91119343898,90947.8910933596,-0.07295708262108769,-0.06310914869430351,-0.06253580412053317,3.924177737369305,287,140,0.004122102664347243,0.17297452946484618,0.09058928801455103,955.9798999206956,1337959.7998413914,85238.22628497546,668.9798999206957,287.0,2744.0,4312.0,0.0,65.0,68.0,0.0,119,59.92842038732817,76.99322591848565,45.089664459228516,65.79820251464844,65.0,606.0,68.0,927.0,48.75,622.25,46.25,948.75,65.0,606.0,68.0,927.0,919.0,16.0,1169.0,30.0,1381.0,25.0
359,0.5994262052146871,0.04092272182247714,65856.63438360454,29,61175.42036272466,62011.954917614385,-0.07108188969409746,-0.058379531568459764,-0.05849656332972364,3.2401451177263376,437,195,0.004203757532774865,0.1705866280608162,0.05084651223049329,836.5345548897071,799069.1097794138,61653.805674306765,399.5345548897069,437.0,4890.0,9721.0,0.0,145.0,68.0,0.0,177,65.34634689861896,119.54207855819028,44.2261962890625,108.96382904052734,145.0,1764.0,68.0,3154.0,100.0,1809.0,46.5,3175.5,145.0,1764.0,68.0,3154.0,2267.0,20.0,2249.0,69.0,2705.0,18.0
360,0.8933440578233891,0.8300530408034685,72634.23533615867,6,58823.856288857816,59619.08712169975,-0.19013594599550765,-0.17918751611032302,-0.1805465142616116,4.819421139913677,166,83,0.008869343412250373,0.21059333727817064,0.23654190762512603,795.2308328419946,1258461.6656839894,65280.74789219034,629.2308328419947,166.0,461.0,2563.0,0.0,57.0,20.0,0.0,69,26.250509452245808,53.42089964048571,15.0,40.16632080078125,57.0,62.0,20.0,275.0,41.0,78.0,12.25,282.75,57.0,62.0,20.0,275.0,635.0,9.0,223.0,28.0,925.0,10.0
361,0.019939833423905706,0.8797363704290483,331922.0356195475,8,312842.0539489671,320824.8060387806,-0.05748332325983341,-0.0334332415142411,-0.03345769801975518,11.79436893405893,508,222,0.012253594876591426,0.19087315502964997,0.17697095089275458,7982.752089814219,14949504.179628411,316878.0004934878,7474.752089814206,508.0,2178.0,1854.0,0.0,137.0,141.0,0.0,221,22.100184921523233,21.96320303551889,17.735599517822266,15.19461441040039,137.0,838.0,141.0,652.0,96.0,879.0,100.5,692.5,137.0,838.0,141.0,652.0,216.0,21.0,940.0,67.0,538.0,36.0
362,0.06389071582591299,0.5924206505503355,239159.12339232877,24,251511.28838208033,257037.90017526108,0.05164831186259389,0.0747568252021189,0.0768926483348249,9.511497919165524,1109,453,0.006045065227952525,0.17589851388749722,0.0677891536825742,5526.611793181092,8835223.586362183,232224.82046070107,4417.611793181091,1109.0,5730.0,6364.0,0.0,318.0,314.0,0.0,366,28.66543633674271,28.959152424432936,21.0,21.971370697021484,318.0,3873.0,314.0,4278.0,212.75,3978.25,216.75,4375.25,318.0,3873.0,314.0,4278.0,892.0,60.0,2786.0,156.0,1829.0,98.0
363,0.7016937507732787,0.9516811223746472,489563.7205527368,21,456709.43197314534,466347.696088813,-0.06710932040163764,-0.04742186458937758,-0.04734987512925681,9.515595145832718,978,398,0.00892540982201484,0.17560759958900635,0.07071646730721745,9638.264115668257,17320528.231336504,455056.3565885287,8660.264115668253,978.0,3075.0,7509.0,0.0,398.0,161.0,0.0,333,18.84797589093742,46.2623256414976,14.0,35.0,398.0,1875.0,161.0,4559.0,269.75,2003.25,113.75,4606.25,398.0,1875.0,161.0,4559.0,1452.0,36.0,1698.0,215.0,2179.0,53.0
364,0.10775012185129174,0.25820553924693057,44659.34549878576,27,39052.017730048974,40330.05834131456,-0.12555776861730417,-0.09694022850354833,-0.09739330113943667,5.851485609481341,804,343,0.004517104542935081,0.1750891189639838,0.051316873023602286,1278.0406112656362,948081.2225312726,40506.00504746468,474.0406112656363,804.0,5839.0,7767.0,0.0,204.0,230.0,0.0,302,40.400136413162365,50.413066108423024,29.0,39.5,204.0,3282.0,230.0,4436.0,144.75,3341.25,157.5,4508.5,204.0,3282.0,230.0,4436.0,1361.0,38.0,2435.0,102.0,2051.0,63.0
365,0.08726674267677026,0.9856474053303296,454889.21922618576,9,424722.5170136901,437074.79094215407,-0.06631659080382779,-0.03916212460329549,-0.039767205219367496,13.349632124305124,616,269,0.012668856922190991,0.1730998984401247,0.15517642924171202,12352.273928465142,23472547.856930323,439572.934264511,11736.273928465162,616.0,2185.0,2351.0,0.0,181.0,157.0,0.0,240,20.80517563166463,19.615184797650908,14.0,16.0,181.0,878.0,157.0,944.0,126.25,932.75,110.0,991.0,181.0,878.0,157.0,944.0,307.0,26.0,1160.0,91.0,900.0,58.0
366,0.05921664556009654,0.23634911689624638,50386.256768907246,16,43212.19895846007,44181.9390044385,-0.142381241840418,-0.1231351198189693,-0.12381417723974797,5.617410752737191,463,197,0.010465692819576699,0.17080832117201875,0.10616954533918063,969.7400459785077,1013480.0919570172,45104.4144966246,506.7400459785086,463.0,3421.0,4642.0,0.0,126.0,124.0,0.0,202,45.02175562239937,58.26948241817821,28.5,50.22917938232422,126.0,1250.0,124.0,1731.0,82.25,1293.75,84.75,1770.25,126.0,1250.0,124.0,1731.0,847.0,22.0,1821.0,70.0,1634.0,36.0
367,0.1791342861651246,0.05032936566516433,214479.25648482156,8,213583.41154052116,215163.88138940337,-0.0041768372335055926,0.0031920331868096063,0.0038078279607052234,3.643056518158952,161,77,0.007974367209333746,0.19061737965567138,0.1746999283840078,1580.469848882443,2838939.6977648856,194818.53243382886,1419.4698488824429,161.0,1652.0,2380.0,0.0,35.0,41.0,0.0,73,48.112980577920844,92.96625755851996,40.0,82.2129898071289,35.0,215.0,41.0,293.0,23.0,227.0,27.25,306.75,35.0,215.0,41.0,293.0,455.0,11.0,797.0,14.0,668.0,11.0
368,0.30602113924780194,0.994622863224506,38131.09964763639,19,28470.320511891376,30291.593530603743,-0.253356950757224,-0.20559349689561313,-0.21055342765461382,11.249974093989222,1082,422,0.008868925596032046,0.17508774755050335,0.081612872951353,1821.2730187124453,1478546.0374248936,32856.654270316714,739.2730187124469,1082.0,3901.0,5668.0,0.0,373.0,268.0,0.0,370,21.794744670304272,29.535963061756984,18.0,22.11567497253418,373.0,2560.0,268.0,3826.0,246.0,2687.0,186.25,3907.75,373.0,2560.0,268.0,3826.0,946.0,44.0,2292.0,208.0,2030.0,89.0
369,0.28387163008530947,0.5376227365054362,80876.09255348533,27,77496.00514495377,79771.21639464445,-0.04179340645440088,-0.01366134445862599,-0.01127794576169805,8.214415385225418,1086,444,0.004823404605281468,0.1725631837039416,0.06045822043939803,2275.2112496907885,2378422.499381573,72385.62903878231,1189.2112496907864,1086.0,5201.0,8402.0,0.0,338.0,277.0,0.0,366,29.757123200673476,41.85823741463124,19.2902774810791,33.0,338.0,3531.0,277.0,5731.0,237.25,3631.75,188.0,5820.0,338.0,3531.0,277.0,5731.0,1561.0,62.0,2461.0,176.0,2251.0,67.0
370,0.7810231418428267,0.8851222138316984,32483.66454629923,11,30783.772562997186,31694.8011218752,-0.05233067164818106,-0.02428492706848573,-0.023863863172448818,7.315550431519749,466,192,0.011305958237970317,0.18830960470710997,0.1515990133885165,911.0285588780691,890057.1177561394,30416.61478817927,445.0285588780697,466.0,1481.0,4051.0,0.0,211.0,52.0,0.0,200,25.94239345719709,70.93921657564309,16.0,41.16001892089844,211.0,526.0,52.0,1408.0,136.25,600.75,32.75,1427.25,211.0,526.0,52.0,1408.0,914.0,7.0,892.0,126.0,1512.0,14.0
371,0.3862409532594867,0.45439714710126833,38424.25546755886,29,36815.77568243439,38372.35086797483,-0.0418610527530584,-0.0013508290258963385,0.0015095319468241275,7.458611145004086,1037,437,0.00488111922365152,0.17073288868911513,0.04844999222827263,1556.5751855404803,1039150.3710809624,34830.55862809674,519.5751855404812,1037.0,5781.0,8831.0,0.0,333.0,238.0,0.0,328,31.7771051984437,48.662447680056516,23.0,37.5,333.0,3594.0,238.0,5344.0,235.5,3691.5,171.0,5411.0,333.0,3594.0,238.0,5344.0,1609.0,46.0,2654.0,157.0,2763.0,69.0
372,0.9893674030883521,0.9513073319117156,56680.40435650501,10,48530.51652183423,48922.10490073744,-0.14378669184168313,-0.13687798356147718,-0.13740665899214188,2.4316138911118816,150,69,0.0028266279224650145,0.17416118489005544,0.1556103694342719,391.5883789032135,483176.7578064267,49676.550168239184,241.58837890321337,150.0,462.0,4578.0,0.0,66.0,6.0,0.0,60,58.287718249318615,256.3731492516726,21.684097290039062,249.64794921875,66.0,78.0,6.0,450.0,45.0,99.0,3.75,452.25,66.0,78.0,6.0,450.0,1200.0,1.0,299.0,42.0,1658.0,2.0
373,0.24071159977979184,0.19544293637337673,451598.9571439022,26,400675.9944880277,405183.00399785687,-0.1127614708810053,-0.1027813559172035,-0.10265718791614575,4.924147794385977,609,266,0.004068725738696246,0.1748403642764207,0.05692954627644722,4507.009509829456,7796019.019658913,395805.49494001566,3898.0095098294564,609.0,5078.0,8026.0,0.0,169.0,148.0,0.0,223,50.44649068410343,64.14468849976652,36.0,43.18585205078125,169.0,2173.0,148.0,3308.0,108.0,2234.0,106.25,3349.75,169.0,2173.0,148.0,3308.0,1612.0,32.0,2246.0,73.0,2365.0,47.0
374,0.25009874450596303,0.7051683011708848,122801.54248474436,24,106768.34327010498,110030.60812131478,-0.13056187153863474,-0.10399653054045399,-0.10512167104289849,9.450241468611466,1126,448,0.005593510733152582,0.17119830548799522,0.06359976613818535,3262.2648512101086,4272529.702420221,113026.99821510454,2136.2648512101105,1126.0,5082.0,7014.0,0.0,352.0,302.0,0.0,373,30.715356996910263,34.53679141579967,22.910301208496094,26.94074249267578,352.0,3537.0,302.0,4761.0,235.75,3653.25,198.0,4865.0,352.0,3537.0,302.0,4761.0,1085.0,49.0,2444.0,166.0,2224.0,106.0
375,0.36709781638913874,0.6656638058564707,72045.00164905144,13,65248.986947125995,67006.6874081902,-0.09433013458769102,-0.06993287702877815,-0.06960156001282813,8.900186396622363,594,261,0.010003661994317741,0.18563131344126527,0.12275510049645173,1757.7004610643614,2327400.922128724,65375.0612181554,1163.700461064362,594.0,2631.0,3918.0,0.0,168.0,152.0,0.0,245,25.344700139413938,38.18076543502895,18.785114288330078,27.30624771118164,168.0,1198.0,152.0,1665.0,118.25,1247.75,98.0,1719.0,168.0,1198.0,152.0,1665.0,643.0,16.0,1168.0,70.0,1210.0,41.0
376,0.8531300663674052,0.7886009676687298,470366.8696299349,14,456808.5065920665,462165.52284075733,-0.02882508083219293,-0.017436063886961395,-0.017088376770503677,5.589603383916782,460,209,0.007083313028879673,0.18446908516088611,0.11640520044843357,5357.016248691588,9794032.497383177,438046.8445025987,4897.016248691589,460.0,1732.0,5324.0,0.0,199.0,38.0,0.0,188,29.203929537006225,49.748052486088206,20.0,37.5,199.0,607.0,38.0,1788.0,137.25,668.75,26.5,1799.5,199.0,607.0,38.0,1788.0,1188.0,4.0,904.0,109.0,1659.0,7.0
377,0.3450329952625474,0.7429001380687108,15628.123422245504,11,13731.838696532252,14544.524896906421,-0.12133796710448475,-0.06933644533397132,-0.06899468468571002,10.17922959362775,527,235,0.011242682183094602,0.18290164592624833,0.12691618017004627,812.6862003742001,571372.4007484005,14032.800701982458,285.68620037420027,527.0,2112.0,3422.0,0.0,160.0,121.0,0.0,222,25.23472992372561,29.52614226629765,19.5,21.175373077392578,160.0,833.0,121.0,1324.0,114.25,878.75,87.5,1357.5,160.0,833.0,121.0,1324.0,584.0,20.0,866.0,64.0,1007.0,42.0
378,0.3473706228669394,0.05947277336261447,150515.00042610988,29,139891.9202411014,141429.02464807636,-0.07057821582522938,-0.060365915372627366,-0.060435094811235435,3.753183569715486,485,215,0.003607158969398706,0.1779432991058049,0.05108251368586145,1537.1044069751176,2104208.8139502346,140161.597139102,1052.1044069751174,485.0,5898.0,8718.0,0.0,146.0,95.0,0.0,186,68.21129295203981,95.14599865603228,45.435462951660156,74.23690032958984,146.0,2159.0,95.0,2994.0,94.25,2210.75,68.0,3021.0,146.0,2159.0,95.0,2994.0,1937.0,25.0,2696.0,58.0,2697.0,32.0
379,0.486935116575108,0.13311023295278313,216920.75232809148,16,174625.839936115,176216.16669436498,-0.19497863592140618,-0.1876472637904235,-0.18827722343541164,3.377294734215245,302,145,0.005786642188789007,0.1755361015252627,0.09364318967944278,1590.32675825025,2576653.516500499,190733.5396579783,1288.3267582502497,302.0,2444.0,5620.0,0.0,73.0,68.0,0.0,123,55.49532144294936,76.56603181402016,39.0,65.50869750976562,73.0,544.0,68.0,1283.0,51.5,565.5,45.0,1306.0,73.0,544.0,68.0,1283.0,1246.0,17.0,1252.0,37.0,1810.0,19.0
380,0.04435441733426593,0.43617968858935574,19734.60493904415,27,17444.64966063898,18634.577703491388,-0.11603755360081125,-0.055741031500276095,-0.05456313356370812,7.252193918904424,933,367,0.007234794575579559,0.17317575638774757,0.06003099423955575,1189.9280428524335,513856.0857048666,17713.81500036109,256.9280428524333,933.0,6612.0,6954.0,0.0,262.0,277.0,0.0,337,35.938363269288544,44.72069110286226,23.127464294433594,30.87098503112793,262.0,4109.0,277.0,4427.0,181.75,4189.25,182.75,4521.25,262.0,4109.0,277.0,4427.0,1091.0,42.0,3651.0,134.0,2211.0,76.0
381,0.6765632285812686,0.5057619914413688,99599.41676693001,12,95928.81286216689,97748.73145480937,-0.03685366866507467,-0.018581286639974826,-0.018570028434224062,7.2620164409394805,431,201,0.005262670194518007,0.17606640535512577,0.12505121918525128,1819.9185926426849,2777837.185285368,95628.98982248799,1388.918592642684,431.0,1995.0,4053.0,0.0,159.0,59.0,0.0,180,30.787649808945147,51.99318159235796,22.0,38.0,159.0,718.0,59.0,1224.0,113.0,764.0,45.75,1237.25,159.0,718.0,59.0,1224.0,758.0,14.0,1029.0,81.0,1185.0,23.0
382,0.2961029932174385,0.5325760882145735,13889.004682048708,23,10822.260479842013,11862.294889587285,-0.22080374169434958,-0.1459218884907505,-0.14908896582494613,8.001281167399533,851,337,0.007272551184676687,0.1713125685148234,0.05954639749012618,1040.034409745285,378068.8194905707,11812.758843889167,189.03440974528536,851.0,4038.0,7513.0,0.0,256.0,235.0,0.0,325,25.62764836523632,43.31985962191498,20.5,34.0,256.0,2417.0,235.0,4538.0,183.0,2490.0,158.25,4614.75,256.0,2417.0,235.0,4538.0,1292.0,41.0,1698.0,105.0,2013.0,65.0
383,0.06718098755159196,0.09232304528631596,17556.36057771764,29,15543.88817591798,16288.458301425359,-0.11462924749642422,-0.07221896991005594,-0.07290916372018308,4.332374330205184,605,247,0.005734853819907664,0.16974723483382698,0.04925847342313495,744.570125507397,279140.2510147933,16107.81004475051,139.57012550739665,605.0,6252.0,8326.0,0.0,155.0,174.0,0.0,243,52.2617052888012,71.79561508886192,39.0,47.66094970703125,155.0,2877.0,174.0,3824.0,108.75,2923.25,118.0,3880.0,155.0,2877.0,174.0,3824.0,1667.0,37.0,2078.0,57.0,1926.0,33.0
384,0.041427608504404634,0.7821398152163261,31434.61395581448,6,24362.726425396853,25260.454882006517,-0.22497134974706867,-0.19641275323077168,-0.19781524612592138,10.670266673598636,341,152,0.018795686113894084,0.19008994952900515,0.2501493812642292,897.7284566097286,1113456.9132194582,26087.841740040025,556.728456609729,341.0,1422.0,1588.0,0.0,78.0,105.0,0.0,158,25.916877928179936,26.374890415646423,20.71499252319336,19.533418655395508,78.0,368.0,105.0,396.0,49.25,396.75,75.0,426.0,78.0,368.0,105.0,396.0,195.0,10.0,704.0,41.0,486.0,31.0
385,0.2509181028033536,0.5650169015127081,12331.773417560487,9,13518.536267348421,14176.686016720774,0.0962361867675885,0.14960643021003972,0.15497176040819682,9.966680433716823,410,189,0.0136347178476303,0.17097541808583402,0.1588952559144106,658.1497493723856,496299.4987447716,12448.966886351978,248.1497493723858,410.0,1934.0,2591.0,0.0,131.0,81.0,0.0,180,23.52037481204659,34.640188060823554,18.73910903930664,27.979883193969727,131.0,615.0,81.0,790.0,93.25,652.75,56.75,814.25,131.0,615.0,81.0,790.0,433.0,16.0,967.0,49.0,811.0,27.0
386,0.3592871885383444,0.9537289901981278,315990.3322614784,20,269541.74089455116,277532.348897197,-0.14699371032811082,-0.12170620249374553,-0.12181512685792883,12.421603672422686,1186,478,0.006943791516109362,0.173198302071385,0.07331200950358324,7990.608002646716,13609216.005293408,273902.1539446503,6804.608002646704,1186.0,4231.0,5849.0,0.0,406.0,282.0,0.0,370,19.722926851538055,26.566702872369895,13.0,21.518232345581055,406.0,2815.0,282.0,3897.0,278.5,2942.5,200.5,3978.5,406.0,2815.0,282.0,3897.0,838.0,39.0,2238.0,203.0,1997.0,97.0
387,0.10809842921296853,0.226461489475565,400516.46127187787,21,426842.57729403506,431625.31632595987,0.0657304220120094,0.07767185137732646,0.07876160793255482,5.403812260846024,558,244,0.007503554088766399,0.1723154475532887,0.07248690823938271,4782.739031925401,8449478.063850801,390903.5721444524,4224.739031925401,558.0,4666.0,5918.0,0.0,139.0,154.0,0.0,229,41.8673250351814,61.32776078187581,30.90132713317871,48.78838348388672,139.0,2014.0,154.0,2502.0,98.25,2054.75,100.25,2555.75,139.0,2014.0,154.0,2502.0,1078.0,20.0,2024.0,51.0,1504.0,42.0
388,0.8349164734581775,0.5562273809119298,71864.6363091993,28,67705.89937487736,69292.03574130563,-0.05786903194540449,-0.035797865264703854,-0.035897520003312255,5.667672077500405,815,355,0.005285924103972092,0.16877406190025773,0.05312075580591252,1586.1363664283213,1542272.732856643,68029.37395492483,771.1363664283215,815.0,3924.0,10188.0,0.0,352.0,80.0,0.0,285,33.29478811777748,67.73721968590237,21.29646873474121,58.312862396240234,352.0,2316.0,80.0,5232.0,240.25,2427.75,60.25,5251.75,352.0,2316.0,80.0,5232.0,2223.0,20.0,2026.0,185.0,3559.0,18.0
389,0.8680520339757204,0.4573092685584922,388120.7604630585,27,416913.16415668576,421066.3864420436,0.07418413706928662,0.0848849877024831,0.08574634951990556,4.6413570152385395,627,281,0.0033647605628834057,0.17159081738672197,0.055837402786863624,4153.222285357986,7052444.57071598,379869.7529387062,3526.22228535799,627.0,3265.0,10340.0,0.0,270.0,49.0,0.0,230,40.46475112961878,92.15980495317837,23.5,64.6187973022461,270.0,1604.0,49.0,4286.0,193.75,1680.25,34.75,4300.25,270.0,1604.0,49.0,4286.0,2578.0,13.0,1559.0,136.0,3471.0,19.0
390,0.7584967456932526,0.9967501118995812,430788.75838281127,15,427676.47983900673,435971.81085236906,-0.007224604828334202,0.012031540676723074,0.013267263285815956,9.40266939099074,734,310,0.008706780501557989,0.18140217025440752,0.11232591003909166,8295.331013363082,15122662.026726142,402084.2751638186,7561.331013363071,734.0,2241.0,5319.0,0.0,306.0,103.0,0.0,280,22.95326585686845,48.57718900675517,14.0,32.07776641845703,306.0,1131.0,103.0,2660.0,204.0,1233.0,70.5,2692.5,306.0,1131.0,103.0,2660.0,1050.0,19.0,1332.0,166.0,1815.0,40.0
391,0.43948481034447195,0.15265933349582295,54912.39339958514,27,53015.84733516443,54015.84697271147,-0.03453766894879218,-0.01632685030407799,-0.01558275198644743,4.438635430658909,546,236,0.005118899019691095,0.17629047678505103,0.05664082249651146,999.9996375471039,907999.2750942067,51141.802997741106,453.99963754710336,546.0,5373.0,8234.0,0.0,180.0,103.0,0.0,205,55.224004277935656,74.62632482401742,43.5,66.68216705322266,180.0,2113.0,103.0,3138.0,119.25,2173.75,73.75,3167.25,180.0,2113.0,103.0,3138.0,1661.0,20.0,2562.0,90.0,2455.0,37.0
392,0.09402408995999012,0.14028269133166393,18679.369232541896,27,16840.988634525635,17604.07806553982,-0.09841770217880608,-0.057565710791174896,-0.05668274448867605,4.7361171116591665,604,240,0.006012719268429932,0.1714009369294729,0.05491861940376889,763.0894310142113,318178.862028423,16795.343871731136,159.0894310142115,604.0,6402.0,7182.0,0.0,179.0,158.0,0.0,235,57.34696818827447,72.34305737645909,38.872474670410156,58.54833221435547,179.0,2832.0,158.0,3163.0,126.25,2884.75,105.5,3215.5,179.0,2832.0,158.0,3163.0,1373.0,29.0,3312.0,86.0,1882.0,52.0
393,0.322515056140532,0.41014056433129087,49806.19139119088,27,46267.96709276922,47804.69567629632,-0.0710398486531828,-0.04018568091613928,-0.03971210389165192,6.751755012736972,912,384,0.005487397771283321,0.1696787583947354,0.0569080619301702,1536.7285835272046,1249457.167054413,46264.162602810364,624.7285835272064,912.0,5445.0,8161.0,0.0,291.0,210.0,0.0,334,37.542674534181074,41.62552185639137,26.87782096862793,35.0,291.0,3492.0,210.0,5023.0,197.25,3585.75,142.0,5091.0,291.0,3492.0,210.0,5023.0,1462.0,49.0,2709.0,148.0,2450.0,72.0
394,0.17871762325569363,0.023118776488456394,57370.37825748415,19,50867.830836411194,51567.831885487256,-0.11334329001438437,-0.10114185313463464,-0.10146481610421543,3.295115786383675,356,161,0.004198969428428275,0.16749556092962722,0.0805350250186646,700.0010490760826,688002.0981521651,52198.62842113007,344.00104907608255,356.0,3882.0,5694.0,0.0,85.0,91.0,0.0,153,89.80636677297981,63.40118627830447,52.0,50.0,85.0,1149.0,91.0,1582.0,55.0,1179.0,62.25,1610.75,85.0,1149.0,91.0,1582.0,1123.0,12.0,1687.0,45.0,1404.0,19.0
395,0.32489893553728766,0.9634793890993646,90664.37160699573,5,77423.12681769094,79619.42737981802,-0.14604683796521334,-0.12182232150744288,-0.12288931151660365,11.628710644627143,310,147,0.01690930185155211,0.18834148585943544,0.26182055544675936,2196.300562127309,3772601.124254617,81105.31854186444,1886.3005621273085,310.0,1030.0,1490.0,0.0,90.0,68.0,0.0,136,19.855481096117696,25.13685780571811,11.635858535766602,21.3759822845459,90.0,202.0,68.0,320.0,61.25,230.75,45.5,342.5,90.0,202.0,68.0,320.0,247.0,17.0,396.0,32.0,497.0,22.0
396,0.9371523069069618,0.7918852815458909,26804.64678392993,29,22011.146041817312,22914.584969200067,-0.17883096094317663,-0.14512639715372244,-0.14798372754245037,4.377559853394034,694,286,0.003310198341743505,0.16883917578366428,0.05319120447917044,903.438927382778,418877.8547655571,23921.880499291765,209.43892738277856,694.0,2637.0,11923.0,0.0,330.0,49.0,0.0,246,31.548604008740877,104.14954365890964,16.299745559692383,92.0,330.0,1337.0,49.0,5399.0,231.25,1435.75,36.5,5411.5,330.0,1337.0,49.0,5399.0,3008.0,13.0,1786.0,213.0,3935.0,14.0
397,0.28408122231298827,0.19942598660750366,81427.8144849688,21,73131.69540011155,74309.39160700105,-0.10188311128488747,-0.08742004096501665,-0.08753267058981251,4.587379114698834,497,220,0.007439210915000621,0.17769160846710927,0.07766425998873165,1177.696206889551,1361392.4137791009,74192.27731892384,680.6962068895505,497.0,4423.0,6161.0,0.0,146.0,110.0,0.0,201,48.57413142114731,72.64937440390037,35.5,60.0,146.0,1735.0,110.0,2230.0,95.75,1785.25,79.25,2260.75,146.0,1735.0,110.0,2230.0,1271.0,26.0,2375.0,69.0,1703.0,28.0
398,0.3518577858300883,0.4765480890323719,194380.8953659105,12,200795.44155691177,204492.4891861909,0.03299987984377939,0.05201948371132836,0.053010641954781335,8.44432060277273,507,232,0.010980530146547757,0.17882627948653718,0.1327171779885915,3697.047629279526,6380095.258559055,188887.1692195143,3190.0476292795274,507.0,2548.0,3497.0,0.0,158.0,105.0,0.0,219,32.254053875413156,38.10768545632829,22.763214111328125,30.0,158.0,1047.0,105.0,1317.0,113.5,1091.5,72.25,1349.75,158.0,1047.0,105.0,1317.0,663.0,24.0,1558.0,89.0,1096.0,34.0
399,0.4252291750987933,0.06014803329605567,12472.572666357482,6,11996.325527780462,12155.217338394457,-0.038183552929830666,-0.025444255684236916,-0.025303188414966593,2.681929440984857,96,48,0.004912502758495216,0.1856664670544013,0.2179029590009707,158.89181061400234,125783.6212280047,11725.105376170384,62.89181061400235,96.0,1141.0,1883.0,0.0,23.0,19.0,0.0,40,82.96004961755631,71.12173311996175,58.737518310546875,49.35222625732422,23.0,76.0,19.0,122.0,13.5,85.5,14.0,127.0,23.0,76.0,19.0,122.0,448.0,3.0,682.0,12.0,659.0,5.0
400,0.9862906165163826,0.7145482594331702,310438.7598446243,7,327678.8646440466,329770.3304024835,0.05553464009471942,0.06227176840783266,0.0626604020388819,3.4521206869487844,129,63,0.0024793754177545617,0.1969429525550573,0.2100467780851721,2091.465758437161,3924931.5168743217,284240.60691975977,1962.465758437161,129.0,558.0,2970.0,0.0,55.0,4.0,0.0,52,47.36231111606332,291.38141964011436,21.0,290.43743896484375,55.0,70.0,4.0,235.0,38.75,86.25,2.75,236.25,55.0,70.0,4.0,235.0,849.0,0.0,313.0,32.0,767.0,1.0
401,0.5410781599364989,0.4643507136672924,46601.12860906418,19,40232.02470983707,41372.72649914513,-0.136672739251819,-0.11219475291639391,-0.11272002022527283,6.231342953929846,625,264,0.007988233708167885,0.1818325158670215,0.07930078335559614,1140.7017893081336,1031403.5786162665,41379.66672038985,515.7017893081332,625.0,3023.0,6548.0,0.0,212.0,130.0,0.0,245,33.973281728973426,52.74921129352194,24.481765747070312,41.6812744140625,212.0,1364.0,130.0,2945.0,146.75,1429.25,79.0,2996.0,212.0,1364.0,130.0,2945.0,1365.0,22.0,1580.0,112.0,1984.0,39.0
402,0.9733804957266369,0.8298749088858071,17241.703237595717,13,15216.816771672698,15568.768590671742,-0.11744120856388085,-0.09702838657355639,-0.09779826613979115,3.427813456008838,246,110,0.0043417930663363505,0.17319795223686085,0.11776019464272454,351.95181899905265,211903.63799810468,15454.723595492409,105.95181899905234,246.0,847.0,5688.0,0.0,106.0,17.0,0.0,111,25.95340629735148,104.04204996339344,14.0,87.0,106.0,204.0,17.0,1112.0,78.25,231.75,12.0,1117.0,106.0,204.0,17.0,1112.0,1439.0,6.0,552.0,70.0,1740.0,3.0
403,0.7622032784020325,0.8936069246955051,471399.7570104752,17,432658.61514805927,439637.1977158933,-0.08218320286820824,-0.06737924409637763,-0.06773121879844357,7.192990043692037,662,289,0.006727574410889871,0.1753316811414495,0.08619952689693075,6978.582567834999,12633165.135669993,439079.0567946348,6316.582567834997,662.0,2133.0,6435.0,0.0,260.0,96.0,0.0,259,27.355349494889516,43.22058982184978,18.0,31.032817840576172,260.0,1026.0,96.0,3021.0,177.25,1108.75,66.25,3050.75,260.0,1026.0,96.0,3021.0,1347.0,21.0,1232.0,145.0,2073.0,28.0
404,0.612529232713098,0.7425289741165477,19239.494169930134,26,15536.942030772723,16821.76783073794,-0.19244539936731908,-0.1256647559357833,-0.13053584464940327,8.29572420653146,998,385,0.005568776005078436,0.17220578818720356,0.0625802259387134,1284.8257999652276,573651.5999304525,17287.56844034184,286.8257999652263,998.0,4026.0,9039.0,0.0,379.0,208.0,0.0,350,31.36281713435944,46.83416562979927,20.0,31.0,379.0,2551.0,208.0,5939.0,251.75,2678.25,137.5,6009.5,379.0,2551.0,208.0,5939.0,1779.0,39.0,2192.0,202.0,2356.0,57.0
405,0.16751004086491839,0.600830532393652,30187.16971008747,9,30120.861468856558,31086.04839256001,-0.002196570326656211,0.029776845299020138,0.03206445715464312,9.184683192796005,444,204,0.009785437845847367,0.18096739566372833,0.16584457598787944,965.1869237035224,1042373.8474070452,28372.613010338504,521.1869237035226,444.0,2110.0,2425.0,0.0,123.0,108.0,0.0,194,27.148273706286478,28.10169640740517,19.0,21.0,123.0,728.0,108.0,786.0,88.5,762.5,78.25,815.75,123.0,728.0,108.0,786.0,370.0,16.0,990.0,68.0,811.0,37.0
406,0.8560146520216598,0.8240313816724159,89539.14201347006,16,80717.808705987,82067.41155973829,-0.09851929680268767,-0.08344652724735446,-0.08400405035551195,5.027787036171049,512,230,0.0047294180769601474,0.17657392957853557,0.10402807456483683,1349.6028537513403,1675205.7075026801,83297.3679797328,837.60285375134,512.0,1690.0,6373.0,0.0,205.0,61.0,0.0,209,30.37089620115655,62.598640419754595,18.0,53.731143951416016,205.0,661.0,61.0,2416.0,139.0,727.0,42.75,2434.25,205.0,661.0,61.0,2416.0,1448.0,10.0,1201.0,139.0,2276.0,14.0
407,0.7148551628646891,0.8970579625448757,134582.94101706598,11,117764.66131099279,120276.68776432856,-0.12496591008470037,-0.10630064363746738,-0.10704117862920925,8.189978323924949,508,222,0.0074459526529609635,0.1869293289269131,0.14486938777747518,2512.0264533360173,4008052.9066720325,122346.26113000569,2004.0264533360164,508.0,1525.0,4019.0,0.0,191.0,84.0,0.0,211,21.79468726418815,41.970958283388555,16.0,30.66498565673828,191.0,599.0,84.0,1447.0,125.25,664.75,55.5,1475.5,191.0,599.0,84.0,1447.0,845.0,14.0,942.0,122.0,1437.0,29.0
408,0.04304511293482782,0.42352740470924977,16471.04749861523,26,13874.480132194907,14990.868457387181,-0.15764433723104887,-0.08986550742158272,-0.08886373937295478,7.133992555519851,914,358,0.0052826662407961964,0.17131047308110436,0.056834435943160934,1116.3883251922891,404776.65038457885,14184.786682717633,202.38832519228944,914.0,6421.0,6622.0,0.0,272.0,258.0,0.0,330,38.505025671025635,44.00064689163463,28.413339614868164,29.887622833251953,272.0,4022.0,258.0,3989.0,183.25,4110.75,185.75,4061.25,272.0,4022.0,258.0,3989.0,999.0,46.0,3353.0,147.0,1858.0,71.0
409,0.340582091697067,0.7542478376721541,18521.880787709273,30,15062.097979376484,16824.661544697003,-0.18679435679278467,-0.09163320196610425,-0.09245143112719922,10.240333019430313,1433,563,0.0047802988104689356,0.16988947359657644,0.04648250772910156,1762.5635653205436,659127.1306410885,16091.44764604923,329.5635653205442,1433.0,6031.0,9062.0,0.0,462.0,378.0,0.0,405,26.429052851115546,30.494664286365744,19.46908187866211,23.0,462.0,4462.0,378.0,6828.0,324.75,4599.25,262.0,6944.0,462.0,4462.0,378.0,6828.0,1495.0,62.0,3046.0,223.0,2840.0,119.0
410,0.3828398049189835,0.7534291782868499,128052.55316898384,13,110945.45315968509,114059.0317172826,-0.1335943687645451,-0.10927951927076973,-0.11029305404802203,10.297656186676184,693,298,0.00707121129951927,0.17378794484952995,0.1072274636765354,3113.578557597816,4841157.115195638,117530.55810552939,2420.578557597819,693.0,2955.0,3597.0,0.0,226.0,156.0,0.0,270,23.959380436449536,30.72375945083754,17.0,25.0,226.0,1385.0,156.0,1743.0,155.25,1455.75,112.0,1787.0,226.0,1385.0,156.0,1743.0,552.0,18.0,1289.0,113.0,1327.0,53.0
411,0.9672462273819189,0.18625944587939935,220425.60989740153,23,207323.16524608235,208522.38123712083,-0.05944157150077889,-0.054001114778909454,-0.05414857697787956,2.118557259693252,313,150,0.0027864911196779324,0.16919545121412174,0.06156609736336666,1199.2159910386013,1772431.9820772014,209155.54370404812,886.2159910386007,313.0,2444.0,9148.0,0.0,132.0,8.0,0.0,120,60.56226715757713,165.43370871000187,32.0,168.7016143798828,132.0,669.0,8.0,1951.0,90.25,710.75,6.25,1952.75,132.0,669.0,8.0,1951.0,2355.0,3.0,1425.0,82.0,3286.0,2.0
412,0.8509748833340165,0.16249523449067982,15565.59017259249,5,13807.833071574385,13955.857092533073,-0.11292582430399078,-0.1034161289235146,-0.10402045846409436,2.764754703952998,68,34,0.00321987125274894,0.19890565876244434,0.24831641827151296,148.02402095869297,160048.04191738597,14472.173759986019,80.02402095869299,68.0,426.0,2094.0,0.0,20.0,9.0,0.0,27,37.46925350325069,111.12495675940683,26.671573638916016,116.0,20.0,30.0,9.0,76.0,14.75,35.25,6.75,78.25,20.0,30.0,9.0,76.0,543.0,3.0,149.0,6.0,575.0,2.0
413,0.9205077360149047,0.005184176113877559,368333.12584937137,19,348988.29658544686,350261.0024371741,-0.0525199280388251,-0.04906461608774182,-0.049136708523350725,1.6015336749222386,162,82,0.0019896544868837716,0.1719144329923338,0.06855665921465903,1272.7058517271391,2221411.703454278,346763.1899095311,1110.705851727139,162.0,1846.0,7730.0,0.0,59.0,2.0,0.0,54,106.43031838074982,107.83946464012728,61.0,107.83946228027344,59.0,246.0,2.0,719.0,36.75,268.25,1.25,719.75,59.0,246.0,2.0,719.0,2211.0,1.0,785.0,25.0,2417.0,0.0
414,0.38721648270608233,0.7190459958738805,22381.65376974084,17,19305.46647475289,20506.49102654806,-0.13744235911408997,-0.08378124165819811,-0.08525365266968687,9.660726219534952,807,331,0.0077971134810549516,0.1701575862049939,0.09225042377417426,1201.0245517952108,788049.1035904164,20393.11242453239,394.0245517952082,807.0,3387.0,5172.0,0.0,282.0,177.0,0.0,305,24.973577864765296,35.82297060052321,16.08559799194336,27.0,282.0,1901.0,177.0,2817.0,192.5,1990.5,121.25,2872.75,282.0,1901.0,177.0,2817.0,845.0,29.0,1617.0,136.0,1734.0,57.0
415,0.549864953540405,0.6862588635552519,15968.2027062829,5,12195.959215026234,12580.328115935692,-0.23623469470189196,-0.2121638015663594,-0.21391819153696023,7.0300571393461615,196,89,0.019015901162266365,0.21122654753789571,0.3188578664334213,384.3689009094808,376737.8018189622,13397.39472779026,188.3689009094811,196.0,737.0,1783.0,0.0,58.0,44.0,0.0,98,23.48918400608121,43.929451526096805,17.5,33.44752502441406,58.0,124.0,44.0,264.0,38.75,143.25,28.25,279.75,58.0,124.0,44.0,264.0,359.0,6.0,445.0,32.0,497.0,15.0
416,0.482725259300574,0.546940072307648,14724.612823784508,24,14003.49638036573,15022.61511526866,-0.048973541922539776,0.02023837876421397,0.021207711505192517,7.0864790393875525,818,314,0.006543974618940367,0.17494119330175983,0.06776409150654603,1019.1187349029515,402237.4698059046,14190.314667207,201.1187349029523,818.0,4275.0,7800.0,0.0,305.0,175.0,0.0,316,32.34861996362859,52.67392871200318,22.677621841430664,36.0,305.0,2574.0,175.0,4515.0,202.75,2676.25,116.75,4573.25,305.0,2574.0,175.0,4515.0,1563.0,40.0,2185.0,159.0,2347.0,46.0
417,0.9761817446641531,0.15106773875753776,37025.14884549767,5,32567.75857711543,32756.470721858117,-0.12038817958524617,-0.11529131567984596,-0.11554803186011431,1.7776401781271938,71,35,0.003340529920152109,0.19483841842689228,0.29446681100439853,188.71214474269837,235424.28948539688,33109.10334697551,117.71214474269844,71.0,587.0,1933.0,0.0,29.0,2.0,0.0,31,81.3355515561884,158.5253528719996,59.0,158.5253448486328,29.0,23.0,2.0,101.0,16.25,35.75,2.0,101.0,29.0,23.0,2.0,101.0,457.0,1.0,416.0,20.0,751.0,0.0
418,0.26903676304815705,0.9361145803102732,21725.709672475372,8,15475.378359049819,16659.846079980285,-0.28769284905543,-0.23317367620506801,-0.24090496627256164,15.775997897653927,596,273,0.013454762736398692,0.18747972523425444,0.17058688637658467,1184.4677209305398,1176935.4418610798,18650.728934809627,588.4677209305399,596.0,1620.0,2412.0,0.0,170.0,145.0,0.0,240,15.397247364994321,19.504358206252284,11.408214569091797,14.314690589904785,170.0,652.0,145.0,953.0,121.5,700.5,103.75,994.25,170.0,652.0,145.0,953.0,282.0,11.0,905.0,83.0,910.0,63.0
419,0.5394169969350314,0.618095277551931,31724.484879795353,29,27199.094323168883,28741.10985157632,-0.1426466205447703,-0.09404014090451263,-0.09415028003867654,8.162871079071131,1087,446,0.004394196329281901,0.17259300468231847,0.0491691734184381,1542.0155284074526,910031.056814906,27871.047086243463,455.01552840745296,1087.0,5077.0,9530.0,0.0,393.0,219.0,0.0,345,29.121299087730378,47.99304123448568,19.0,37.0,393.0,3291.0,219.0,6096.0,277.25,3406.75,158.5,6156.5,393.0,3291.0,219.0,6096.0,1872.0,40.0,2550.0,183.0,3266.0,76.0
420,0.05601642094947812,0.7277711715711179,239654.03429704616,27,235155.8130568253,241761.86389626664,-0.01876964539076109,0.008795301966867175,0.00915977210565977,11.061971687365649,1404,560,0.0055945649609510355,0.17209917820567477,0.05507739849658871,6606.050839441596,10404101.678883187,235132.1711202298,5202.050839441594,1404.0,6571.0,7036.0,0.0,429.0,388.0,0.0,415,24.736987557547103,29.079767486111184,19.0,21.0,429.0,5052.0,388.0,5335.0,293.75,5187.25,271.5,5451.5,429.0,5052.0,388.0,5335.0,966.0,58.0,2999.0,177.0,2191.0,117.0
421,0.03220415909829677,0.3227361065268912,433863.5117815119,14,421798.97306568694,427330.1228110473,-0.027807221368503776,-0.01505862740942987,-0.014192849693170473,6.45690082164466,431,191,0.008314954931550992,0.1767986932605644,0.11963077568490643,5531.149745360844,10200299.490721673,394937.90335637826,5100.149745360836,431.0,3094.0,3960.0,0.0,103.0,123.0,0.0,182,45.187148493206124,57.78409711551671,35.25872802734375,45.0,103.0,1029.0,123.0,1292.0,75.5,1056.5,79.0,1336.0,103.0,1029.0,123.0,1292.0,688.0,18.0,1468.0,49.0,1069.0,38.0
422,0.25670908074256804,0.7505713340393897,62158.23048278582,18,53959.76008419838,56235.24840104149,-0.13189677915393572,-0.09528878212491332,-0.09780241854675387,11.334590097843561,935,387,0.008758834979895883,0.17172717468994012,0.08903969454455454,2275.488316843241,2680976.6336864815,59132.633172957554,1340.4883168432407,935.0,3787.0,5282.0,0.0,285.0,245.0,0.0,336,24.06451739604244,30.382353306819812,19.508569717407227,24.0,285.0,2302.0,245.0,3215.0,191.25,2395.75,169.25,3290.75,285.0,2302.0,245.0,3215.0,764.0,34.0,1817.0,132.0,1558.0,81.0
423,0.8771248180927744,0.19205428709944594,27968.108817053217,18,24589.956872484956,24994.788157449388,-0.12078585529917818,-0.10631110880800354,-0.10764577194432501,2.8684682379230075,251,103,0.005444876355243959,0.1837594564381612,0.09963289389638831,404.83128496446665,307662.56992893293,26814.186563183317,153.83128496446648,251.0,2054.0,6977.0,0.0,113.0,17.0,0.0,111,70.23683709486617,106.31990941396651,40.0,44.6392936706543,113.0,560.0,17.0,1305.0,74.25,598.75,12.0,1310.0,113.0,560.0,17.0,1305.0,1851.0,5.0,1202.0,62.0,2579.0,7.0
424,0.8782583905909448,0.9608037349523479,173287.4232536625,10,158052.46562745282,160595.29002382123,-0.08791727258768434,-0.07324324519074998,-0.07368834640180433,6.719092592600289,380,174,0.011331954683271521,0.18746103203486297,0.1994999686806568,2542.8243963687232,4325648.792737449,160946.166953454,2162.824396368724,380.0,1181.0,3859.0,0.0,162.0,34.0,0.0,164,27.810148438564582,79.27833725160214,17.0,58.94422149658203,162.0,384.0,34.0,1060.0,107.75,438.25,24.25,1069.75,162.0,384.0,34.0,1060.0,862.0,9.0,712.0,102.0,1150.0,16.0
425,0.695400728369855,0.3733523640674007,44421.19909053341,15,39312.95075071526,39936.679992699625,-0.11499573276730313,-0.10095448096063397,-0.1011680967179347,3.641629393985799,335,144,0.009142114637085114,0.1840316698002578,0.11443791039308171,623.7292419844047,577458.4839688098,39642.86460083572,288.7292419844049,335.0,2155.0,5400.0,0.0,131.0,45.0,0.0,153,43.26018102206831,81.783344038867,31.0,62.0,131.0,646.0,45.0,1472.0,83.75,693.25,30.25,1486.75,131.0,646.0,45.0,1472.0,1235.0,10.0,1304.0,84.0,2043.0,12.0
426,0.2006170857519759,0.40665364139629234,40975.88482214499,13,37967.66946743935,38891.13787955908,-0.0734142866655042,-0.050877411229427016,-0.05010268386101979,6.537450121638092,437,203,0.004915525761681348,0.17733745786920457,0.12523274174489574,923.4684121197788,972936.8242395589,37206.28097104967,486.46841211977943,437.0,2693.0,3858.0,0.0,113.0,108.0,0.0,175,32.64846947912727,41.65676438663243,28.0,36.86304473876953,113.0,812.0,108.0,1241.0,85.5,839.5,74.5,1274.5,113.0,812.0,108.0,1241.0,685.0,15.0,1339.0,65.0,1116.0,33.0
427,0.7283873143653816,0.3198241304204076,141065.4307099548,16,134553.45303939396,135998.16684619436,-0.04616281705437908,-0.03592137236073978,-0.03569595111189239,4.167496238333872,363,171,0.0042675283600656444,0.18434846911546918,0.0936239774173124,1444.7138068004724,2163427.613600944,129779.81801765606,1081.7138068004722,363.0,2265.0,5799.0,0.0,120.0,56.0,0.0,149,45.30088875907371,89.88416427137135,27.110424041748047,65.0,120.0,649.0,56.0,1559.0,87.0,682.0,36.75,1578.25,120.0,649.0,56.0,1559.0,1411.0,14.0,1337.0,68.0,2053.0,16.0
428,0.06561635361384388,0.290710771037766,84279.06336248475,8,62533.86066441664,63539.33245797434,-0.2580142900324113,-0.24608402225958192,-0.24755312728287704,5.2338414552743275,252,119,0.007490080843441792,0.18974209105970977,0.18554192558507226,1005.4717935577789,1506943.5871155574,71980.76212248257,753.4717935577787,252.0,1463.0,2569.0,0.0,50.0,75.0,0.0,113,41.026582682208485,55.41042841002927,26.880271911621094,49.0,50.0,282.0,75.0,497.0,34.5,297.5,48.25,523.75,50.0,282.0,75.0,497.0,453.0,13.0,818.0,31.0,1023.0,27.0
429,0.2796254207629856,0.1797600258579849,59481.47639956881,18,52473.74814776528,53328.82119334329,-0.11781362326531519,-0.10343817232939634,-0.10383512979932485,4.411327393725803,376,174,0.005722275107454354,0.1789547413066385,0.09154291128844774,855.0730455780766,958146.0911561531,54300.32763601478,479.0730455780766,376.0,3436.0,5636.0,0.0,96.0,88.0,0.0,153,53.5236707787864,73.95752554035454,35.549171447753906,54.108802795410156,96.0,964.0,88.0,1606.0,63.75,996.25,63.25,1630.75,96.0,964.0,88.0,1606.0,1145.0,15.0,1713.0,48.0,1689.0,29.0
430,0.8662608660891312,0.5964371480889132,22294.257667461814,8,22565.51255133704,22965.832534095985,0.012167029192953205,0.030123221712572423,0.030595755459038365,4.3677524543743065,210,104,0.005137819603898819,0.191743998609368,0.20384618848352035,400.31998275895876,380639.9655179176,21786.94703363434,190.3199827589588,210.0,747.0,3277.0,0.0,76.0,22.0,0.0,90,38.578916565885834,51.99243989307286,19.0,27.5,76.0,153.0,22.0,467.0,55.25,173.75,18.75,470.25,76.0,153.0,22.0,467.0,815.0,4.0,484.0,45.0,1153.0,1.0
431,0.21507462607451389,0.745801782062726,222000.50638902775,30,216396.3408413856,222301.19579886788,-0.025243931371136452,0.0013544537115297572,0.0019564108073319986,10.333307239618835,1482,602,0.0036481956064019975,0.1721705230072567,0.04797731914150697,5904.854957482712,8845709.914965417,214009.6512627188,4422.854957482708,1482.0,6611.0,8509.0,0.0,457.0,393.0,0.0,423,25.886154156133422,30.565396270999727,19.267961502075195,26.0,457.0,5178.0,393.0,6662.0,318.75,5316.25,277.25,6777.75,457.0,5178.0,393.0,6662.0,1256.0,56.0,3192.0,234.0,2824.0,132.0
432,0.7525707885232351,0.4866825466911209,65850.30241797499,29,57453.015124425634,58908.762511185865,-0.12752086148745112,-0.10541394119542136,-0.10611514739243266,5.60124830790387,789,336,0.004279959839157932,0.17462784288392813,0.05240127794910803,1455.7473867603185,1333494.7735206357,59517.7494469828,666.7473867603178,789.0,4158.0,10448.0,0.0,318.0,106.0,0.0,284,37.86910401586206,71.33654385746607,24.746803283691406,57.66597366333008,318.0,2314.0,106.0,5495.0,215.5,2416.5,76.0,5525.0,318.0,2314.0,106.0,5495.0,2269.0,23.0,2293.0,161.0,3335.0,33.0
433,0.03294304696461747,0.948160414496209,29502.63419030878,20,26924.559961012073,28704.60107458996,-0.08738454378909566,-0.027049554645563356,-0.024838464001264438,11.51255109919142,1162,463,0.00682079191306637,0.17651755708522218,0.07785908006374177,1780.041113577956,1236082.227155914,26842.05734476023,618.041113577957,1162.0,4798.0,5273.0,0.0,307.0,372.0,0.0,385,26.425461706072227,24.622444852505932,20.0,21.33560562133789,307.0,3360.0,372.0,3653.0,210.25,3456.75,253.0,3772.0,307.0,3360.0,372.0,3653.0,661.0,45.0,2333.0,157.0,1655.0,107.0
434,0.22661928237441853,0.18252090635139873,61207.48049083666,15,56267.272050712665,57329.06766534196,-0.08071249462495989,-0.06336501346555723,-0.06272727965144698,5.792256097436367,429,192,0.007897172298603289,0.175159218459291,0.10165275560678144,1061.7956146293777,1265591.2292587545,54624.278000194994,632.7956146293773,429.0,3149.0,4407.0,0.0,107.0,115.0,0.0,183,36.86130808976427,66.63253406469106,31.0,39.09385681152344,107.0,1025.0,115.0,1495.0,73.75,1058.25,78.0,1532.0,107.0,1025.0,115.0,1495.0,824.0,20.0,1408.0,49.0,1392.0,44.0
435,0.8430972310748324,0.14166666213440182,61096.68571801315,5,55127.7909240882,55590.44653407842,-0.09769588519864891,-0.09012336952855893,-0.0901984717041201,3.465566730573054,84,43,0.004462977685866642,0.19163358573536043,0.25322014351950756,462.6556099902736,757311.2199805472,54631.12377115596,378.6556099902736,84.0,695.0,1825.0,0.0,28.0,8.0,0.0,34,65.86496901333467,73.77784907955046,52.88157272338867,46.54931640625,28.0,35.0,8.0,99.0,19.75,43.25,5.0,102.0,28.0,35.0,8.0,99.0,406.0,1.0,176.0,11.0,384.0,3.0
436,0.865170653068004,0.6635698824339402,381676.16348949575,27,384124.36887473235,389367.8307286621,0.006414352321229,0.02015233848727882,0.02076202849546349,6.084822677278527,815,357,0.0028703318799820194,0.17019143062603348,0.051586123384372455,5243.461853929973,8856923.70785995,363894.0761960405,4428.461853929975,815.0,3476.0,10132.0,0.0,354.0,77.0,0.0,283,30.064969787163548,78.49057073883169,18.0,75.24713897705078,354.0,1902.0,77.0,5308.0,253.5,2002.5,53.25,5331.75,354.0,1902.0,77.0,5308.0,2359.0,25.0,1637.0,181.0,3439.0,31.0
437,0.2518982557250833,0.6067295299930284,10092.208860284003,26,7172.179523120452,8335.259680476418,-0.289335008578229,-0.17408965709397173,-0.1778309909590552,9.072721417698927,1018,360,0.008441747404002295,0.16725990639205315,0.054520531670740474,1163.080157355988,290160.31471197616,7995.404613271157,145.0801573559881,1018.0,5270.0,7628.0,0.0,337.0,296.0,0.0,358,34.38911141279262,40.77999345070223,21.0,27.0,337.0,3468.0,296.0,5055.0,230.25,3574.75,202.5,5148.5,337.0,3468.0,296.0,5055.0,1241.0,52.0,2064.0,129.0,2351.0,99.0
438,0.5973340145348783,0.050047915313832125,47718.24244805156,28,45159.625213141386,45781.017877054685,-0.053619268096380845,-0.040597148419827866,-0.04059395963632528,2.76389426703997,373,168,0.003162544842569067,0.1718518911886877,0.053483453633171925,621.3926639133654,496785.32782673056,44935.268847926076,248.39266391336528,373.0,5202.0,8879.0,0.0,118.0,59.0,0.0,156,80.14417203635585,100.04579066960484,54.0,70.0,118.0,1601.0,59.0,2587.0,77.25,1641.75,43.75,2602.25,118.0,1601.0,59.0,2587.0,2106.0,10.0,2558.0,52.0,2454.0,15.0
439,0.8468405846808678,0.39295295336662384,16806.15715404072,25,15400.938453488718,16064.186205424188,-0.08361332621563311,-0.0441487570189798,-0.04304491386858722,4.5150843649582475,528,217,0.007295131070966471,0.16763654523897933,0.05638357885717701,663.2477519354761,270495.5038709533,14977.322792143144,135.24775193547666,528.0,2997.0,9575.0,0.0,217.0,69.0,0.0,211,46.270054548147534,92.59308910288439,25.0,73.53102111816406,217.0,1370.0,69.0,3607.0,150.25,1436.75,48.25,3627.75,217.0,1370.0,69.0,3607.0,2286.0,14.0,1544.0,113.0,2882.0,27.0
440,0.2916938599521114,0.9690623731439318,17788.325564934297,26,13833.727384042195,15623.455052009078,-0.22231424573697411,-0.12170175911288561,-0.12431089008057539,11.425612185079386,1444,550,0.006622806234328133,0.1693287664081466,0.055766265993203605,1789.7276679669399,691455.3359338769,15129.50301334494,345.72766796693844,1444.0,5223.0,7842.0,0.0,469.0,399.0,0.0,419,23.029290570389808,28.939329123304482,17.0,20.0,469.0,3984.0,399.0,6009.0,322.25,4130.75,271.0,6137.0,469.0,3984.0,399.0,6009.0,1327.0,70.0,2723.0,231.0,2638.0,132.0
441,0.769889856026099,0.722806951180167,35124.33819612301,7,32960.571284593985,33599.793335841896,-0.06160306564204132,-0.04340423018843931,-0.04324105381215004,6.15167260791989,243,116,0.00804274818280221,0.1859587780462169,0.1961210514409568,639.2220512479497,792444.1024958991,32204.41630279858,396.22205124794954,243.0,807.0,2721.0,0.0,82.0,38.0,0.0,107,32.14648245567917,60.357131376590026,20.60668182373047,51.02531433105469,82.0,169.0,38.0,460.0,59.75,191.25,23.5,474.5,82.0,169.0,38.0,460.0,594.0,8.0,387.0,39.0,939.0,12.0
442,0.9654928254599024,0.6349939873365308,16488.44089365348,6,15290.749799792202,15593.906066362293,-0.07263822586902535,-0.054252238465766545,-0.054949785619536895,4.116714737453318,172,81,0.010105295534946278,0.18793375698509782,0.22682523347232084,303.15626657010165,262312.5331402027,15929.72490622914,131.15626657010134,172.0,819.0,2182.0,0.0,77.0,9.0,0.0,80,30.85319708522821,56.435073032097556,20.0,73.73026275634766,77.0,123.0,9.0,270.0,51.75,148.25,6.75,272.25,77.0,123.0,9.0,270.0,488.0,3.0,508.0,52.0,876.0,5.0
443,0.2069096692580462,0.1479667880869251,48884.033366160904,23,42187.028404156415,43151.27815340414,-0.13699779868492545,-0.11727254929674358,-0.11816125306810521,4.735299116433107,544,247,0.005125895644662467,0.17275728441140298,0.06583119195866063,964.2497492477896,840499.4984955793,44374.15028222603,420.2497492477897,544.0,4811.0,6772.0,0.0,147.0,127.0,0.0,222,46.554257000878366,69.2819219264853,33.0,47.0,147.0,2014.0,127.0,2816.0,103.0,2058.0,88.0,2855.0,147.0,2014.0,127.0,2816.0,1336.0,18.0,2432.0,73.0,1985.0,28.0
444,0.7436466359380325,0.10165276520084898,15314.825102644432,22,13691.818969416034,14126.26311492442,-0.10597614548978118,-0.07760859035306777,-0.078554102322418,3.2710219600818733,341,149,0.004261222532255762,0.17365515091679568,0.0611340289126511,434.44414550839315,186888.29101678636,14283.631636953958,93.44414550839318,341.0,3242.0,7783.0,0.0,125.0,45.0,0.0,139,62.17088616153821,110.1297420312207,44.687660217285156,91.0,125.0,893.0,45.0,1987.0,86.25,931.75,33.0,1999.0,125.0,893.0,45.0,1987.0,1819.0,11.0,1373.0,51.0,2596.0,13.0
445,0.5382756304606783,0.8270142972803859,349431.24988915824,7,283039.30493245897,288907.49085634755,-0.190000021399801,-0.17320648640328873,-0.17410250229159308,9.230314590843886,327,153,0.010213685434716272,0.1835700728056627,0.19201821572372568,5868.185923889176,11082371.847778345,300162.35467130307,5541.185923889172,327.0,931.0,2597.0,0.0,107.0,60.0,0.0,137,18.346640168557908,48.916496761030636,14.205550193786621,34.139129638671875,107.0,248.0,60.0,544.0,76.25,278.75,39.75,564.25,107.0,248.0,60.0,544.0,467.0,9.0,475.0,46.0,958.0,21.0
446,0.5021578264397123,0.21913946533227313,26609.948168363993,13,27022.859545178977,27471.17242461494,0.01551718080029496,0.03236474760498931,0.03325195721947316,3.6870425025874853,260,115,0.007701563097373011,0.18635015963556925,0.13771119745906704,448.31287943596845,376625.7588719374,25537.11807008122,188.3128794359687,260.0,2328.0,4222.0,0.0,86.0,46.0,0.0,114,69.88471420529284,67.89884839917487,45.197181701660156,64.23811340332031,86.0,526.0,46.0,823.0,51.5,560.5,32.0,837.0,86.0,526.0,46.0,823.0,893.0,6.0,1152.0,43.0,1267.0,10.0
447,0.2729450603119643,0.14903837872017722,118215.0304718155,6,121654.85856669472,122959.52579672034,0.029098060383272006,0.04013445080518774,0.04070100586628245,5.060471086465686,161,80,0.0069292690761763595,0.19818783782738297,0.2905929179767028,1304.6672300257412,2287334.460051481,113000.07553491389,1143.6672300257405,161.0,1369.0,1655.0,0.0,44.0,31.0,0.0,73,58.71876306348275,49.70168501095362,36.0,37.74761962890625,44.0,171.0,31.0,192.0,31.25,183.75,21.75,201.25,44.0,171.0,31.0,192.0,318.0,6.0,740.0,26.0,382.0,9.0
448,0.8414430816049864,0.7643660607514269,299731.62240670115,14,293541.5510622427,297288.1549358346,-0.02065204630313988,-0.008152184448363187,-0.007283393787167136,6.040393244036514,498,222,0.004975302909703074,0.1804885546302785,0.10549301576795665,3746.6038735922516,6497207.747184501,268906.65411556547,3248.6038735922507,498.0,1887.0,5169.0,0.0,219.0,43.0,0.0,195,28.99400637575813,53.77989179627793,17.0,37.16704177856445,219.0,702.0,43.0,1766.0,145.0,776.0,30.0,1779.0,219.0,702.0,43.0,1766.0,1122.0,10.0,1189.0,135.0,2134.0,13.0
449,0.6264322692473332,0.1488314465025824,210043.82217892335,6,171893.8328264331,173566.86482951784,-0.18162871422132398,-0.17366355730440408,-0.17408946692568206,4.31226597245218,128,61,0.006965953595790297,0.18985336944606918,0.2458046413183047,1673.0320030848832,3090064.0061697653,179143.8669315539,1545.0320030848827,128.0,891.0,2133.0,0.0,39.0,22.0,0.0,57,45.869944586899386,75.05199350793873,29.0,59.60456466674805,39.0,99.0,22.0,182.0,27.0,111.0,16.5,187.5,39.0,99.0,22.0,182.0,404.0,3.0,536.0,20.0,812.0,12.0
450,0.9994523981510912,0.4408289491119328,61817.16107968766,15,67589.13232671173,68140.93277606755,0.09337166486153414,0.10229799599221323,0.10299423630681348,2.8679068951391797,201,97,0.0024874133329471507,0.17360382765336463,0.09617759672900612,551.8004493558568,701600.8987117133,61159.66490237687,350.80044935585664,201.0,1382.0,6178.0,0.0,89.0,0.0,0.0,75,75.59889444722174,,33.0,,89.0,243.0,0.0,793.0,62.5,269.5,0.0,793.0,89.0,243.0,0.0,793.0,1707.0,0.0,539.0,32.0,2017.0,0.0
451,0.032444007580329726,0.8700760390805942,172728.58266085645,10,188726.41565342003,193623.90655342923,0.0926183307135362,0.12097201036842664,0.12405075522146802,12.356307185364148,604,267,0.012686531495397214,0.18427276610054097,0.15489714464309418,4897.490900009701,8586981.800019402,173736.8145514897,4293.490900009701,604.0,2585.0,2455.0,0.0,159.0,168.0,0.0,245,22.184484590105345,26.8149286930975,17.079288482666016,20.231430053710938,159.0,1083.0,168.0,1040.0,110.75,1131.25,116.25,1091.75,159.0,1083.0,168.0,1040.0,343.0,21.0,1192.0,76.0,706.0,53.0
452,0.8001425297542463,0.12670601496666622,58479.255471986486,23,57396.07550738326,58027.11490326256,-0.018522465032443924,-0.007731640306886556,-0.00743423330423254,2.8129546733879707,324,157,0.004585258292232997,0.17395109167097184,0.064470438937974,631.0393958793513,614078.7917587026,54575.95865018824,307.03939587935133,324.0,3034.0,8557.0,0.0,109.0,35.0,0.0,129,71.78297279348443,129.59035813807486,46.0,103.2939224243164,109.0,827.0,35.0,1995.0,77.25,858.75,22.5,2007.5,109.0,827.0,35.0,1995.0,2172.0,11.0,1484.0,53.0,2498.0,14.0
453,0.6683788279915752,0.4655949924989289,30041.06071033234,7,21869.892480881772,22254.701747930052,-0.27199999055426727,-0.25919054714749945,-0.2604212536082321,4.538627343280611,166,83,0.007255882114429337,0.1921370574634713,0.18245640923482728,384.8092670483094,437618.53409661877,24105.225049183005,218.80926704830938,166.0,572.0,2956.0,0.0,38.0,38.0,0.0,73,36.03692214530621,81.59897404133774,25.505409240722656,94.12739562988281,38.0,79.0,38.0,356.0,27.25,89.75,24.5,369.5,38.0,79.0,38.0,356.0,688.0,10.0,182.0,12.0,1064.0,15.0
454,0.08967240241236674,0.7820857997455352,185200.94412708547,7,197988.4066100108,202526.96213059817,0.06904642167563968,0.09355253605847458,0.09635463383616027,11.557640777795442,418,200,0.012483606945462996,0.19120255582385065,0.21251447092568687,4538.555520587772,8241111.041175542,178261.10015913408,4120.555520587771,418.0,1654.0,1874.0,0.0,128.0,83.0,0.0,178,21.7788182877445,28.076919555648814,15.0,21.979248046875,128.0,493.0,83.0,542.0,93.5,527.5,59.25,565.75,128.0,493.0,83.0,542.0,287.0,16.0,776.0,55.0,568.0,23.0
455,0.10912053950017087,0.879281486843089,21885.079527616686,26,19447.172923646463,21399.44322608926,-0.11139583024561728,-0.02219029183396859,-0.021721707788827427,11.9588472222828,1468,568,0.005391618589849656,0.17223557357500563,0.0592683186037465,1952.270302442845,968540.6048856949,20247.365546258985,484.2703024428475,1468.0,5886.0,7204.0,0.0,440.0,434.0,0.0,423,23.031368443854156,26.78901710782448,18.0,19.317794799804688,440.0,4585.0,434.0,5526.0,296.75,4728.25,298.5,5661.5,440.0,4585.0,434.0,5526.0,980.0,63.0,2761.0,221.0,1937.0,127.0
456,0.5642758721143938,0.4225740810794456,92661.85485678264,12,85456.55395432116,86983.4005709582,-0.07775908342864413,-0.061281465761731324,-0.0611554860416309,6.629796044184453,403,182,0.009794647102993045,0.1720257015057251,0.12207201590201311,1526.8466166371159,2247693.2332742307,84757.2541558752,1123.8466166371154,403.0,2167.0,3881.0,0.0,139.0,70.0,0.0,163,34.04281922913585,58.302756352493276,25.0,56.11070251464844,139.0,749.0,70.0,998.0,92.25,795.75,49.0,1019.0,139.0,749.0,70.0,998.0,770.0,13.0,1331.0,81.0,1586.0,31.0
457,0.3145457911883941,0.27074968462329696,205177.5651623234,9,190487.97842577397,192842.39732027324,-0.07159450754242047,-0.0601194766703238,-0.06033969117710225,5.343998813434467,272,132,0.00664017213992875,0.17781126740039774,0.15009682727448467,2354.41889449946,4164837.7889989153,194837.14042604118,2082.4188944994576,272.0,2045.0,2491.0,0.0,80.0,51.0,0.0,118,41.78507894952938,48.197301419949575,33.5,44.0,80.0,432.0,51.0,499.0,55.0,457.0,34.75,515.25,80.0,432.0,51.0,499.0,395.0,13.0,985.0,38.0,974.0,15.0
458,0.22299464117312362,0.05879373411304378,51417.19535266614,25,47160.48604606031,47950.69190575896,-0.0827876603811123,-0.06741914690466344,-0.06740324014554844,3.555684704979155,456,207,0.00233904128137922,0.17694640622745064,0.06545905158456772,790.2058596986608,668411.7193973212,46995.99197176566,334.2058596986606,456.0,5171.0,7422.0,0.0,130.0,94.0,0.0,181,59.285884126769396,87.6059314934151,43.634647369384766,77.5,130.0,1762.0,94.0,2535.0,90.75,1801.25,66.0,2563.0,130.0,1762.0,94.0,2535.0,1525.0,24.0,2806.0,66.0,2491.0,27.0
459,0.23003995748994932,0.49169929198973683,15657.038076636856,7,14790.215604566825,15385.317623520114,-0.05536311962883245,-0.017354524641681635,-0.01629579772150158,9.235911419716224,324,144,0.013975207527434225,0.19148604220406523,0.23840640307179548,595.1020189533142,542204.0379066282,14676.516839181842,271.1020189533141,324.0,1460.0,2068.0,0.0,85.0,88.0,0.0,153,22.284315140238938,34.265749446057704,19.0,26.254928588867188,85.0,360.0,88.0,538.0,56.25,388.75,60.5,565.5,85.0,360.0,88.0,538.0,346.0,20.0,745.0,44.0,538.0,28.0
460,0.3396011022356219,0.9854671724861341,389753.14628936595,5,439120.0401064868,449827.3106212006,0.12666195074271247,0.15413387910724796,0.15740730837378925,13.13482270790377,360,169,0.01743558565317681,0.20055992293459995,0.29847983938729383,10707.270514715243,20694541.029430486,393886.95016373764,10347.270514715243,360.0,1143.0,1377.0,0.0,118.0,68.0,0.0,160,17.409529774837605,21.22758326921338,15.0,16.452835083007812,118.0,284.0,68.0,330.0,81.25,320.75,49.75,348.25,118.0,284.0,68.0,330.0,161.0,7.0,583.0,62.0,471.0,23.0
461,0.8035971782709267,0.3227539957317226,27689.029956734503,12,27161.607017909362,27758.701142915972,-0.01904808292848348,0.002516201769810378,0.002355267419577256,4.984995900347334,323,155,0.004184485639097051,0.18566714491971956,0.11621005487902665,597.0941250066463,548188.2500132931,27491.91077444505,274.09412500664655,323.0,1707.0,4341.0,0.0,122.0,34.0,0.0,132,35.15124415948233,67.62529644123111,21.0,50.0,122.0,439.0,34.0,989.0,90.75,470.25,21.25,1001.75,122.0,439.0,34.0,989.0,982.0,5.0,795.0,63.0,1597.0,11.0
462,0.689771187244179,0.0028224699955107235,60249.52177878679,28,55456.360949073416,56085.59443071565,-0.07955516804452034,-0.06911137591032646,-0.06928962663898541,2.3179147858685294,370,169,0.0035419747012443424,0.16741076416632483,0.04938891353726036,629.2334816422696,518466.9632845393,55919.545278955135,259.2334816422696,370.0,4318.0,9789.0,0.0,125.0,48.0,0.0,143,69.99874886336796,116.07800682971958,46.0,82.5,125.0,1248.0,48.0,2582.0,85.5,1287.5,32.5,2597.5,125.0,1248.0,48.0,2582.0,2386.0,16.0,2116.0,66.0,3029.0,13.0
463,0.8180388867212982,0.9684622083179172,229861.27800899118,16,201066.16154926733,204936.22033619278,-0.12527171478876709,-0.1084352174872335,-0.1087419353240261,7.901367802592942,670,291,0.005285501713891006,0.17495488525765013,0.10204142933281127,3870.0587869257347,6400117.573851464,202500.30544557038,3200.0587869257324,670.0,2160.0,5904.0,0.0,282.0,81.0,0.0,254,25.62716233781827,56.16015931351606,17.0,38.0,282.0,1033.0,81.0,2668.0,192.5,1122.5,61.25,2687.75,282.0,1033.0,81.0,2668.0,1215.0,19.0,1257.0,165.0,2309.0,29.0
464,0.26010214221706385,0.04646871010925435,11689.729888096896,30,10721.223129024153,11217.355712231916,-0.08285108110658124,-0.04040933198516217,-0.039727002959517255,3.360527908578153,424,164,0.009186293749630854,0.1695985733247083,0.04374135761187983,496.1325832077747,144265.16641554894,10732.329141449376,72.13258320777447,424.0,5927.0,9134.0,0.0,117.0,113.0,0.0,185,74.80178510430073,106.61012596143716,47.0,86.0,117.0,2093.0,113.0,3208.0,74.5,2135.5,79.25,3241.75,117.0,2093.0,113.0,3208.0,2021.0,20.0,2216.0,26.0,1991.0,27.0
465,0.20740570593517604,0.02722728517643469,33296.56513378289,23,30828.612556409986,31423.81988051513,-0.07412033545973495,-0.056244397755240594,-0.055741243355770353,3.5168318659676188,383,179,0.004427665179203485,0.1687798299614426,0.06030012881503866,595.2073241051478,424414.64821029635,30170.24017535191,212.2073241051482,383.0,4912.0,6679.0,0.0,95.0,86.0,0.0,161,55.81799227466211,96.55244931476011,46.0,83.3404769897461,95.0,1434.0,86.0,2087.0,69.0,1460.0,62.25,2110.75,95.0,1434.0,86.0,2087.0,1270.0,18.0,2082.0,46.0,1807.0,23.0
466,0.541354952156723,0.4155401656562675,104517.77435642412,26,101342.05681797376,103362.16402819804,-0.030384473435308812,-0.011056591429944307,-0.0100909540522921,6.356454076775883,793,343,0.005353903575114887,0.17091025301434778,0.05946027725377587,2020.1072102244389,2454214.420448875,96524.50842898642,1227.1072102244375,793.0,4105.0,8995.0,0.0,284.0,140.0,0.0,279,30.375229933650207,63.77202385915443,23.0,49.5,284.0,2336.0,140.0,4493.0,196.0,2424.0,94.75,4538.25,284.0,2336.0,140.0,4493.0,1895.0,33.0,2225.0,144.0,2912.0,50.0
467,0.9451207433157048,0.3726390682254759,164328.69264144788,20,150880.10589070327,151845.1811873677,-0.08183955299935575,-0.07596671800534671,-0.0760107306092247,2.3225794215974,287,138,0.0013934293508615955,0.17222333129031672,0.06942623220373989,965.0752966645014,1356150.593329004,145974.61993315656,678.075296664502,287.0,1654.0,8425.0,0.0,117.0,12.0,0.0,109,58.337303032042385,152.38074870715883,31.0,157.0,117.0,459.0,12.0,1591.0,82.75,493.25,9.75,1593.25,117.0,459.0,12.0,1591.0,2251.0,3.0,1068.0,73.0,3075.0,1.0
468,0.5286388608539736,0.202840923496882,10937.123843481253,20,9330.952632144132,9803.23280714661,-0.14685498987875423,-0.10367360309360163,-0.10381600399060709,4.128738274177176,394,154,0.009309755660724423,0.1750810894426101,0.07399457435656655,472.2801750024934,156560.3500049868,9479.914904280775,78.28017500249341,394.0,2695.0,7330.0,0.0,127.0,93.0,0.0,181,45.583216817444665,94.13960684826407,32.0,70.0,127.0,974.0,93.0,2405.0,86.0,1015.0,61.25,2436.75,127.0,974.0,93.0,2405.0,1719.0,25.0,1352.0,64.0,2094.0,30.0
469,0.4970606967079383,0.09473713705153519,251613.50205973207,13,218243.84337826484,219781.1815503147,-0.1326226868125122,-0.12651276759329266,-0.12680076371343196,2.9260749733199782,200,95,0.006016994249096803,0.17759424215565078,0.10544935389635286,1537.3381720501243,2674676.3441002485,228520.83153097678,1337.3381720501243,200.0,1989.0,4563.0,0.0,55.0,37.0,0.0,87,62.881714132057176,113.1631587916674,46.0,104.38059997558594,55.0,331.0,37.0,708.0,35.0,351.0,23.25,721.75,55.0,331.0,37.0,708.0,1081.0,11.0,818.0,28.0,1500.0,19.0
470,0.976733336739521,0.29831300776287006,56835.46054008401,20,49813.79788062588,50396.489208278384,-0.12354369248940977,-0.11329144288827309,-0.11385272744913433,2.6524152501183385,310,139,0.0031341560050650815,0.1737585521219173,0.07496566505344322,582.6913276525316,545382.6553050634,51404.34320010139,272.6913276525317,310.0,1810.0,8264.0,0.0,150.0,1.0,0.0,125,51.292275031737596,21.0,30.5,21.0,150.0,495.0,1.0,1853.0,107.25,537.75,0.5,1853.5,150.0,495.0,1.0,1853.0,2190.0,0.0,1156.0,88.0,3029.0,0.0
471,0.48103216218617195,0.4269167828734559,44954.515597725534,23,44236.170293953386,45596.69677055281,-0.015979380363037254,0.014285131633356096,0.015564299333873377,7.068103586659854,753,311,0.006216607729280025,0.17086274959909012,0.07370819391444175,1360.5264765995194,1215052.9531990378,42976.6251407342,607.5264765995189,753.0,4474.0,7109.0,0.0,261.0,158.0,0.0,279,38.43988518398637,51.78818432011962,26.0,41.5,261.0,2325.0,158.0,3667.0,175.5,2410.5,105.25,3719.75,261.0,2325.0,158.0,3667.0,1327.0,26.0,1835.0,122.0,1740.0,47.0
472,0.3803321986489243,0.02672174282055151,35377.68876390921,20,41107.14244171401,41659.50176328977,0.1619510453619497,0.1775642564244897,0.1795092200920474,3.441922277585774,303,138,0.005367316686005755,0.17197826539873765,0.07021211803277472,552.3593215757619,498718.6431515233,36223.84549465579,249.35932157576167,303.0,3569.0,6511.0,0.0,93.0,52.0,0.0,124,67.9868005056089,105.53061207298849,46.0,81.90630340576172,93.0,887.0,52.0,1448.0,65.25,914.75,35.0,1465.0,93.0,887.0,52.0,1448.0,1548.0,10.0,1398.0,29.0,1626.0,17.0
473,0.7856914938727292,0.38240976960048856,344871.72606719896,11,346005.635123833,349254.6349350011,0.0032879153926730353,0.012708808917980319,0.013331688421186705,4.564415693488411,300,140,0.0055328809581374335,0.1861968160484636,0.14106663275245687,3248.9998111683503,5897999.6223367015,323042.4230833521,2948.999811168351,300.0,1632.0,3912.0,0.0,119.0,30.0,0.0,125,31.685669137706974,69.7667164456194,20.0,53.42129898071289,119.0,377.0,30.0,849.0,82.5,413.5,22.25,856.75,119.0,377.0,30.0,849.0,910.0,7.0,944.0,63.0,1164.0,5.0
474,0.47035594183578366,0.03322184091200786,59786.08234835906,18,49577.434665393936,50138.74606110697,-0.17075291241666912,-0.16136424914145386,-0.16173624594988445,2.8962149195275213,265,119,0.008381541000561477,0.17250324537051973,0.08218457271878961,561.311395713033,592622.7914260658,51154.93910952094,296.31139571303294,265.0,2779.0,6291.0,0.0,68.0,60.0,0.0,111,71.33556914141671,114.27373989832157,44.57801818847656,80.41537475585938,68.0,634.0,60.0,1235.0,43.5,658.5,38.5,1256.5,68.0,634.0,60.0,1235.0,1478.0,14.0,1459.0,34.0,2267.0,16.0
475,0.5896864008572601,0.8568357053103431,338007.04689177213,19,324525.04699515295,331266.36182235245,-0.03988674206823872,-0.019942439459192718,-0.019690914612011,9.152991933861669,889,356,0.006597171987872055,0.1717047304852511,0.0886738650029778,6741.314827200109,11704629.654400203,319694.0885280009,5852.314827200102,889.0,3028.0,6548.0,0.0,338.0,176.0,0.0,307,22.438190366778475,44.25209281773462,15.0,36.56513214111328,338.0,1726.0,176.0,3593.0,232.0,1832.0,114.25,3654.75,338.0,1726.0,176.0,3593.0,1236.0,30.0,1737.0,197.0,2128.0,39.0
476,0.6853323154952176,0.9943384660975814,11597.63815531917,27,9580.48586171204,10970.618047328499,-0.17392785208443295,-0.05406446550525401,-0.05346180375288778,9.632384718371192,1195,440,0.005924233024707158,0.1714401554486012,0.053073429570038244,1390.1321856164814,390264.3712329659,10128.9655325083,195.13218561648296,1195.0,3826.0,9701.0,0.0,496.0,232.0,0.0,386,24.44775416039537,49.803980573366076,16.0,34.0,496.0,2705.0,232.0,6930.0,331.25,2869.75,165.25,6996.75,496.0,2705.0,232.0,6930.0,1933.0,48.0,1745.0,234.0,3047.0,64.0
477,0.8756859634984531,0.08359999892221526,385042.7978422571,25,358327.38879536436,360323.3370918264,-0.0693829600153627,-0.06419925496323042,-0.06432245994355401,2.316014527537897,325,152,0.003051073025863771,0.16590271469152815,0.05818439420933887,1995.948296462294,3341896.5929245874,360737.8702927743,1670.9482964622937,325.0,3122.0,9478.0,0.0,125.0,23.0,0.0,124,71.4475571046179,150.53429832204137,43.0,128.31011962890625,125.0,805.0,23.0,2147.0,83.25,846.75,15.75,2154.25,125.0,805.0,23.0,2147.0,2283.0,6.0,1341.0,65.0,2460.0,9.0
478,0.3134060961927989,0.9629207270628506,357975.2698460902,17,336911.92549874826,346660.4840041044,-0.058840221997452535,-0.031607730463756645,-0.031019155157897993,13.026066916858534,1059,434,0.008576386560857558,0.17615553298121667,0.0969686104829225,9748.55850535713,17379117.010714266,333544.9817976512,8689.558505357134,1059.0,3528.0,5040.0,0.0,351.0,257.0,0.0,363,21.755550971522457,23.802352787897004,17.0,17.98187255859375,351.0,2211.0,257.0,3352.0,233.0,2329.0,176.75,3432.25,351.0,2211.0,257.0,3352.0,728.0,37.0,1919.0,174.0,1499.0,86.0
479,0.12167719979864333,0.07206545071450732,12589.106570125683,26,10598.037177572985,11090.751718678042,-0.15815811721520912,-0.11901995134454424,-0.11970171210909897,3.677044416612617,412,165,0.006997638254824849,0.1717124955947456,0.052138188164582114,492.71454110507443,161429.08221014822,10975.464525314372,80.7145411050741,412.0,5875.0,7200.0,0.0,114.0,107.0,0.0,181,82.97558303900324,77.57177016960121,56.5,53.0,114.0,1991.0,107.0,2482.0,68.75,2036.25,77.75,2511.25,114.0,1991.0,107.0,2482.0,1421.0,17.0,3190.0,43.0,2103.0,32.0
480,0.31722728807066825,0.76474236989947,53418.05762238893,29,49549.91561340474,52026.68992189303,-0.07241262938326964,-0.026046767000242665,-0.025718188595460267,10.35152714195178,1434,568,0.003503586189143137,0.17127616723704658,0.04919017524020448,2476.7743084884064,2085548.6169768076,50368.13864218825,1042.774308488404,1434.0,6140.0,8474.0,0.0,495.0,342.0,0.0,408,25.4600081054786,34.36402587272378,17.0,23.0,495.0,4596.0,342.0,6397.0,338.75,4752.25,236.0,6503.0,495.0,4596.0,342.0,6397.0,1290.0,48.0,3025.0,256.0,2915.0,113.0
481,0.5122212961423457,0.350786354960815,331456.5597427043,23,329531.59577613615,334022.91683118074,-0.0058075904971151004,0.00774266495274234,0.008351344712334674,6.091259477958976,656,290,0.005132011361998742,0.17257783615318323,0.06960139207837757,4491.321055045105,7670642.1100902185,314821.6775958316,3835.3210550451095,656.0,3931.0,7661.0,0.0,213.0,130.0,0.0,246,36.22425057625494,53.94147082438463,27.18613624572754,38.0,213.0,1906.0,130.0,3409.0,152.75,1966.25,87.25,3451.75,213.0,1906.0,130.0,3409.0,1554.0,25.0,1821.0,97.0,2236.0,38.0
482,0.5626952188017624,0.5938409617985263,12467.827189748366,12,10546.07693870564,11115.765315760476,-0.15413674105323494,-0.10844406594756295,-0.10881314949154719,7.009259693248928,419,183,0.008909919033068722,0.17942727549713988,0.12235724582423771,569.6883770548504,301376.75410970044,10749.236270985077,150.68837705485024,419.0,1642.0,4395.0,0.0,139.0,85.0,0.0,182,25.50085138086595,52.23681856215746,19.064659118652344,43.0,139.0,565.0,85.0,1389.0,97.0,607.0,59.0,1415.0,139.0,565.0,85.0,1389.0,903.0,18.0,819.0,69.0,1243.0,22.0
483,0.43472682783463423,0.6050791728205376,76794.90640648293,13,59801.790735485534,61422.564838393104,-0.22127920282956237,-0.2001739736060426,-0.20271383131109688,7.821421563214365,547,229,0.009583368365827799,0.17570394211079343,0.11282191673752798,1620.774102907663,2147548.205815328,68643.15484270967,1073.774102907664,547.0,2512.0,4040.0,0.0,184.0,121.0,0.0,226,34.32990875587395,41.58317553737536,22.0,31.0,184.0,1009.0,121.0,1624.0,117.25,1075.75,85.5,1659.5,184.0,1009.0,121.0,1624.0,624.0,21.0,1369.0,103.0,1263.0,38.0
484,0.6314005763534982,0.31989626950294336,38524.57407163332,6,31503.397227621183,31868.237942996053,-0.1822519005909533,-0.17278156317212867,-0.17358640947854942,3.3291599046517484,136,68,0.004309758511494349,0.20350546624402474,0.23021925088262768,364.84071537489916,457681.4307497984,34369.13845068632,228.84071537489922,136.0,1005.0,2018.0,0.0,47.0,15.0,0.0,57,53.00759071383091,74.04480852375569,30.43755340576172,55.55369567871094,47.0,96.0,15.0,183.0,31.75,111.25,10.5,187.5,47.0,96.0,15.0,183.0,407.0,4.0,604.0,26.0,757.0,4.0
485,0.9659599880460519,0.3142354430931996,33100.44997605673,16,30614.099239878786,31000.213245580548,-0.07511531528956394,-0.06345039816665299,-0.0637557517567422,2.51402184460497,232,106,0.0037707004743328127,0.17631987270341984,0.08506131020120926,386.11400570180217,308228.01140360447,30650.888343020397,154.11400570180223,232.0,1496.0,6504.0,0.0,106.0,4.0,0.0,101,51.87114481149912,115.80255750767216,31.5,104.54502868652344,106.0,339.0,4.0,1163.0,74.5,370.5,2.0,1165.0,106.0,339.0,4.0,1163.0,1729.0,2.0,989.0,66.0,1911.0,2.0
486,0.3567064984009438,0.6204759597650757,382686.91925396567,9,275393.28443427954,281265.71912004985,-0.2803692246101622,-0.26502395308319604,-0.26643203187369635,8.977537251249597,434,198,0.013322976037171688,0.18581193528920723,0.16340636909964593,5872.434685770931,10876869.371541865,302891.2347322173,5438.434685770932,434.0,1696.0,2840.0,0.0,127.0,100.0,0.0,187,23.930211166915868,38.75337781470547,18.0,27.57696533203125,127.0,532.0,100.0,924.0,90.75,568.25,66.25,957.75,127.0,532.0,100.0,924.0,469.0,11.0,919.0,67.0,972.0,34.0
487,0.9999521046629299,0.4293962161841599,101898.6712427824,12,97341.26283031153,98016.98405521741,-0.04472490521110373,-0.03809359965368464,-0.038248920909798256,2.6532262957494646,170,78,0.0027111272192527633,0.1737386437177888,0.12362789868532828,675.7212249059291,1011442.4498118584,95303.07040076215,505.7212249059292,170.0,846.0,5202.0,0.0,80.0,0.0,0.0,71,43.74405615229183,,24.0,,80.0,174.0,0.0,598.0,56.0,198.0,0.0,598.0,80.0,174.0,0.0,598.0,1456.0,0.0,443.0,41.0,1495.0,0.0
488,0.6041837823009446,0.7090101310742317,14354.281413268336,17,12255.217179425203,13108.359924783554,-0.1462326238012075,-0.08679790040434343,-0.08634979399754383,7.992174300477117,653,256,0.012278844633448574,0.17680462391503746,0.08895926153926519,853.1427453583773,400285.4907167549,12521.169949110677,200.14274535837745,653.0,2691.0,5856.0,0.0,257.0,123.0,0.0,270,27.92730365530435,51.81423842210081,20.0,39.06817626953125,257.0,1371.0,123.0,2827.0,175.75,1452.25,78.75,2871.25,257.0,1371.0,123.0,2827.0,1139.0,25.0,1478.0,139.0,1851.0,41.0
489,0.15642171062915233,0.2024112317134502,42800.922362513404,30,43451.68220383419,44581.429159664505,0.015204341528180398,0.04159972960560632,0.04310128447329786,5.050205746789054,711,303,0.0037849586416144375,0.1658134682302574,0.04969400613127605,1129.746955830345,837493.9116606928,41458.40554086215,418.7469558303464,711.0,6581.0,8529.0,0.0,199.0,179.0,0.0,260,45.18490902365029,64.41080815441417,35.0,55.0,199.0,3303.0,179.0,4112.0,135.75,3366.25,125.75,4165.25,199.0,3303.0,179.0,4112.0,1609.0,39.0,3123.0,87.0,2609.0,53.0
490,0.3337265916161606,0.9231269255336916,298997.1720605867,27,266417.15893390833,274794.9649653453,-0.10896428518754209,-0.08094460201228004,-0.08211497504381737,12.158875238728026,1561,617,0.004847180063633077,0.17394425014584347,0.05485882007287969,8377.80603143788,13633612.062875763,280322.2295482245,6816.806031437882,1561.0,5576.0,8032.0,0.0,518.0,399.0,0.0,421,22.298839424449373,29.59324439402629,16.0,22.0,518.0,4235.0,399.0,6215.0,350.25,4402.75,273.75,6340.25,518.0,4235.0,399.0,6215.0,1230.0,51.0,2709.0,258.0,2515.0,132.0
491,0.21790740003865627,0.6975802140361452,32925.18656132578,26,33430.28272758612,35278.68270880865,0.015340722984805488,0.07148011578003644,0.07757191351558013,9.866617771779408,1239,504,0.0045626895037092175,0.1734714660020117,0.057024535315211546,1848.3999812226214,1218799.9624452463,30881.90884244217,609.3999812226232,1239.0,5815.0,7284.0,0.0,374.0,335.0,0.0,392,27.985300505586924,30.58951950661643,20.0,22.0,374.0,4236.0,335.0,5243.0,264.25,4345.75,221.0,5357.0,374.0,4236.0,335.0,5243.0,1184.0,46.0,2707.0,176.0,2275.0,107.0
492,0.2481252126810629,0.6520613429473562,183117.30142757163,23,154538.33625743803,158780.64223635942,-0.1560691695832872,-0.13290201964251902,-0.13412025154530105,9.720691170951643,1040,433,0.005957241625326743,0.17260957375604513,0.06966043500305115,4242.305978921667,6404611.957843335,164715.96117008242,3202.3059789216677,1040.0,5017.0,6572.0,0.0,304.0,280.0,0.0,351,28.783007689185343,33.86350880650681,21.0,27.0,304.0,3240.0,280.0,4247.0,206.0,3338.0,196.75,4330.25,304.0,3240.0,280.0,4247.0,985.0,41.0,2694.0,148.0,1941.0,96.0
493,0.32058792789873347,0.8938135247526051,43045.8759374588,6,35244.31726782,36525.434392383824,-0.1812382371071658,-0.1514765678028831,-0.15228210671434816,12.229857156775658,386,182,0.01612594752907136,0.1900428496070417,0.2301253678557489,1281.1171245639316,1790234.2491278644,36595.56743342722,895.1171245639322,386.0,1122.0,1900.0,0.0,108.0,90.0,0.0,174,18.235560350461466,31.731022192187787,13.0,19.0,108.0,307.0,90.0,538.0,79.5,335.5,60.0,568.0,108.0,307.0,90.0,538.0,302.0,12.0,523.0,53.0,706.0,37.0
494,0.16207564743937763,0.3275103133007977,62891.16073842014,20,48376.50505970361,49678.03493782055,-0.23079007460343381,-0.21009511742924003,-0.21208690381282347,6.3232719618179765,617,272,0.006280322540465379,0.17110557201802387,0.0716282410569914,1301.5298781169963,1369059.7562339886,54127.82197653476,684.5298781169943,617.0,3740.0,6340.0,0.0,140.0,185.0,0.0,245,39.195656443996114,49.97631324521538,31.940536499023438,41.44317626953125,140.0,1789.0,185.0,2786.0,95.75,1833.25,127.25,2843.75,140.0,1789.0,185.0,2786.0,1186.0,32.0,1939.0,69.0,2137.0,73.0
495,0.5865897218247272,0.7997892436521489,29033.837415890244,9,29904.599891625283,30749.681359703136,0.02999129819671964,0.05909807646969223,0.06191434602469581,8.240165138348038,393,181,0.013797623532999844,0.1896420023524448,0.14434117261215176,845.0814680778994,904162.9361558006,27431.578159399127,452.0814680779003,393.0,1444.0,3091.0,0.0,125.0,78.0,0.0,179,24.707317929413794,38.48354106561786,17.0,28.0,125.0,469.0,78.0,938.0,90.0,504.0,55.0,961.0,125.0,469.0,78.0,938.0,581.0,17.0,673.0,57.0,943.0,19.0
496,0.8806821579390566,0.24438122971663923,66741.12940799526,22,64021.139756053475,64704.70883778429,-0.04075432459816819,-0.030512228190837654,-0.030734322971183725,2.653286422223248,339,148,0.005299877546612434,0.18204670283330388,0.07139822771609376,683.5690817308405,689138.1634616797,64932.50763370615,344.56908173083986,339.0,3023.0,8060.0,0.0,151.0,18.0,0.0,142,58.51138969041858,116.09009978986033,32.0,79.5,151.0,928.0,18.0,2024.0,96.5,982.5,13.5,2028.5,151.0,928.0,18.0,2024.0,2012.0,4.0,1660.0,91.0,2656.0,6.0
497,0.852425629062566,0.7014233737185497,66437.48161890561,15,67219.67488795808,68667.28924694288,0.011773373252454533,0.033562494749992844,0.0351113905726943,7.388452465287471,532,232,0.006273658003968046,0.17616763574542496,0.1048514545326005,1447.6143589849025,1831228.7179698069,61962.52620468599,915.6143589849034,532.0,1990.0,5565.0,0.0,224.0,61.0,0.0,212,26.855192510699805,63.350861836590056,18.0,41.64752960205078,224.0,801.0,61.0,2093.0,161.5,863.5,41.0,2113.0,224.0,801.0,61.0,2093.0,1244.0,11.0,1252.0,130.0,1715.0,21.0
498,0.23548585745973905,0.5626572362981584,14887.600064550228,25,13551.357548458613,14893.621321530736,-0.08975540115921199,0.00040444779241788353,0.0053448569794147804,9.383038513884342,1089,430,0.0060024005553145285,0.1713018770135377,0.060413735255107424,1342.2637730721585,506527.54614431644,13495.829346612869,253.26377307215822,1089.0,5601.0,6973.0,0.0,363.0,271.0,0.0,368,26.63488993970954,35.68039175556106,20.0,26.0,363.0,3762.0,271.0,4783.0,253.0,3872.0,187.75,4866.25,363.0,3762.0,271.0,4783.0,1068.0,48.0,2685.0,179.0,1955.0,81.0
499,0.4092408487468824,0.5875144999265344,14165.267868832214,21,14209.863111309623,15280.459936166464,0.0031482103190954014,0.07872721346752676,0.08558214338776549,8.781391377321047,834,323,0.006637701094532011,0.17564526449342283,0.07255111726906675,1070.5968248568613,473193.64971372305,13471.488440197532,236.59682485686153,834.0,4093.0,6454.0,0.0,302.0,189.0,0.0,322,32.71875661295126,40.66531587138566,23.0,28.61610984802246,302.0,2503.0,189.0,3752.0,201.0,2604.0,131.75,3809.25,302.0,2503.0,189.0,3752.0,1230.0,39.0,2055.0,147.0,1880.0,59.0
500,0.8058343891197669,0.39636297470188786,13832.08232054388,13,14301.031145340237,14713.767717292167,0.033902981050066394,0.06374205823217083,0.06552294907059975,4.459077412188119,292,126,0.007896882120640011,0.17959192251136313,0.12071448736316401,412.7365719519479,241473.14390389482,13538.290636302345,120.73657195194741,292.0,1792.0,4736.0,0.0,123.0,30.0,0.0,130,46.702037769839215,70.42521035012108,26.871074676513672,62.5,123.0,476.0,30.0,1057.0,85.75,513.25,18.0,1069.0,123.0,476.0,30.0,1057.0,1139.0,7.0,986.0,72.0,1699.0,6.0
501,0.613751174762242,0.7247161896065094,210524.9283466795,11,170298.90491310402,173205.79943900695,-0.19107487056038197,-0.17726703056379955,-0.17803300444503,6.762458789555628,467,210,0.009606332156497763,0.1823594231697856,0.14525022924582137,2906.8945259033144,4879789.05180663,180399.95524051425,2439.894525903315,467.0,1816.0,3728.0,0.0,157.0,89.0,0.0,199,26.709405800196656,42.8535363086294,20.35262107849121,32.0,157.0,621.0,89.0,1322.0,108.0,670.0,59.0,1352.0,157.0,621.0,89.0,1322.0,793.0,19.0,981.0,90.0,1115.0,30.0
502,0.6866394115531023,0.2199767122056513,30647.32257513145,22,27164.646098049987,27803.019238847497,-0.11363721801614912,-0.09280756350937946,-0.09306874776726348,4.082127228213177,414,180,0.006661906307046444,0.1685713980536206,0.06732692525014738,638.3731407975322,448746.2815950646,27482.379682681352,224.3731407975323,414.0,2979.0,8103.0,0.0,140.0,72.0,0.0,175,48.98375351172235,95.60798532562526,39.146034240722656,72.95687866210938,140.0,1009.0,72.0,2626.0,96.75,1052.25,46.5,2651.5,140.0,1009.0,72.0,2626.0,1916.0,12.0,1388.0,54.0,2551.0,23.0
503,0.9460692063046966,0.2852742175869689,14353.917656306256,29,12358.56716507805,12807.688502381892,-0.1390108637241323,-0.1077217517159883,-0.10908962047595427,2.544940616839498,384,145,0.005939349307809096,0.17051760490720386,0.04559223623369219,449.1213373038607,130242.67460772162,12794.274426869235,65.12133730386081,384.0,2851.0,11618.0,0.0,190.0,21.0,0.0,168,61.53228527877061,160.65148683971947,35.35980987548828,121.0,190.0,1102.0,21.0,3510.0,120.25,1171.75,13.75,3517.25,190.0,1102.0,21.0,3510.0,3041.0,4.0,1624.0,103.0,3589.0,3.0
504,0.19481214853115125,0.43975190453536595,247679.53445132088,30,213952.3602715782,218891.22125003723,-0.136172632326921,-0.11623210316935462,-0.11713022598953293,8.29947332769338,1206,488,0.004592638809348063,0.17431892842107147,0.051922366129191384,4938.860978459429,7465721.956918857,224885.41327096947,3732.8609784594287,1206.0,6338.0,8782.0,0.0,345.0,343.0,0.0,382,33.800165173015635,35.42873369080773,25.0,28.0,345.0,4502.0,343.0,6270.0,236.0,4611.0,231.25,6381.75,345.0,4502.0,343.0,6270.0,1420.0,49.0,3230.0,175.0,2885.0,102.0
505,0.12704418639604553,0.5234957279093122,130848.20644356121,5,136663.9667232646,139232.02411547856,0.04444661824395668,0.06407285128156137,0.06493824015952332,8.799340579621266,258,126,0.016271646014987536,0.20022427686542454,0.2954538831967185,2568.0573922142516,4620114.784428502,131263.09700775775,2310.057392214251,258.0,1231.0,1289.0,0.0,72.0,55.0,0.0,120,26.544659018947883,31.591767193855393,22.002887725830078,23.092796325683594,72.0,241.0,55.0,232.0,46.75,266.25,37.5,249.5,72.0,241.0,55.0,232.0,193.0,6.0,671.0,32.0,534.0,17.0
506,0.5326962065737206,0.3235187486184583,108067.56957678315,13,106109.9044435631,107483.49439426088,-0.018115195343864188,-0.00540472210867371,-0.004240465322012832,5.118800549611309,372,186,0.003993589460017369,0.17550333291630585,0.12512051917752182,1373.5899506978583,2003179.9013957176,97834.43806712821,1001.5899506978589,372.0,2555.0,3997.0,0.0,110.0,63.0,0.0,145,33.17957393289075,62.562698118129084,25.5,51.98282241821289,110.0,679.0,63.0,1033.0,77.25,711.75,48.75,1047.25,110.0,679.0,63.0,1033.0,766.0,19.0,1194.0,53.0,1311.0,14.0
507,0.4016870256021168,0.36121813678491976,55461.14488895455,27,51255.05092033049,52879.03787168609,-0.07583857089581525,-0.0465570449805609,-0.046490546801639776,7.217180340604686,877,387,0.005230315862869144,0.17167849069882135,0.05277343880847191,1623.986951355631,1493973.9027112606,51750.60869360544,746.9869513556304,877.0,5138.0,8469.0,0.0,272.0,191.0,0.0,300,36.5144979074437,45.01028235297298,26.5,35.0,272.0,2870.0,191.0,4766.0,203.0,2939.0,131.75,4825.25,272.0,2870.0,191.0,4766.0,1559.0,29.0,2135.0,109.0,2597.0,66.0
508,0.48277977168145936,0.6497460261030662,18650.15753095787,26,14520.1806727459,15828.538276843212,-0.22144460985686132,-0.15129197967529118,-0.1552580472442805,8.465084014932234,1036,407,0.006731019577657059,0.16956020508433223,0.05374311950091971,1308.3576040973267,544715.2081946543,16087.11760077596,272.35760409732717,1036.0,4581.0,8508.0,0.0,345.0,258.0,0.0,354,26.865342360525926,43.220486956061364,18.0,32.65496826171875,345.0,2896.0,258.0,5694.0,239.25,3001.75,173.0,5779.0,345.0,2896.0,258.0,5694.0,1548.0,58.0,2242.0,164.0,2703.0,73.0
509,0.027027450746721082,0.28644622588471524,112856.8498632618,21,94268.62982258067,96100.87437789491,-0.16470617479756666,-0.14847105431055851,-0.14905109821117912,6.166434708025626,622,270,0.006675715627236522,0.178166226470455,0.074313197080775,1832.244555314388,2420489.110628781,98131.62813021071,1210.2445553143905,622.0,4406.0,6178.0,0.0,143.0,188.0,0.0,248,40.17483525450595,54.255224064560004,27.182817459106445,42.674041748046875,143.0,2001.0,188.0,2876.0,98.75,2045.25,126.5,2937.5,143.0,2001.0,188.0,2876.0,1151.0,33.0,2156.0,68.0,1587.0,55.0
510,0.9861644444888636,0.3395099022734366,26210.924581659983,20,23185.207295319888,23595.940328010947,-0.1154372588770568,-0.09976695959358728,-0.10035935037230148,2.5103295840950217,292,128,0.002947418879150371,0.1750132278754697,0.06812121913581586,410.73303269106566,237466.06538213123,23648.89324559928,118.73303269106562,292.0,1769.0,8268.0,0.0,140.0,4.0,0.0,116,50.381954311964336,192.8820886984894,24.0,133.0,140.0,423.0,4.0,1747.0,99.5,463.5,2.25,1748.75,140.0,423.0,4.0,1747.0,2231.0,0.0,1131.0,88.0,3362.0,1.0
511,0.9406799962750928,0.7240071646420091,15461.835276318126,19,15025.792758827194,15686.869971440297,-0.02820121348458482,0.01455420337240576,0.016530826813484056,4.925223073181652,518,213,0.005895113303989126,0.18033214741201675,0.08439383220009647,661.0772126131205,286154.42522624106,14524.947447780662,143.07721261312054,518.0,2117.0,7427.0,0.0,256.0,30.0,0.0,211,32.26519389222919,101.38622302452053,18.0,88.0,256.0,883.0,30.0,2827.0,170.0,969.0,24.25,2832.75,256.0,883.0,30.0,2827.0,1824.0,6.0,1189.0,158.0,2318.0,7.0
512,0.820952726151474,0.6741544575325689,237040.38888908963,20,204341.01773094657,207200.8377589745,-0.13794852139498892,-0.125883826254086,-0.12603385702408387,5.604093116623744,569,260,0.006231361562233164,0.17232342767012326,0.07418356691357844,2859.8200280282263,4581640.056056455,204388.1124345379,2290.8200280282276,569.0,2124.0,7956.0,0.0,216.0,73.0,0.0,219,29.685664303298672,81.59740001501102,15.5,74.0,216.0,909.0,73.0,3182.0,152.0,973.0,52.0,3203.0,216.0,909.0,73.0,3182.0,1796.0,18.0,1025.0,117.0,2330.0,24.0
513,0.609910639595184,0.11991693015740335,18966.26100823549,6,16281.934384680995,16513.803078051646,-0.14153167155028146,-0.12930634715608647,-0.13011351583935926,3.266492805805581,120,61,0.005758092923612607,0.20415530787805272,0.20131635134235537,231.8686933706691,223737.3867413383,17123.67055758449,111.86869337066915,120.0,864.0,2160.0,0.0,35.0,18.0,0.0,52,57.99930314616724,74.48946510880084,48.80380630493164,66.5778579711914,35.0,84.0,18.0,175.0,22.5,96.5,13.75,179.25,35.0,84.0,18.0,175.0,475.0,3.0,469.0,18.0,724.0,6.0
514,0.5103372170789496,0.4767119080493044,20128.521301454388,21,17958.638195932712,18989.563527758204,-0.10780141635962548,-0.056584274455068306,-0.05720319543772001,7.772875048297848,742,310,0.0054770418240526735,0.17188352807206247,0.07196003492933423,1030.9253318255212,577850.6636510432,18585.486710531404,288.9253318255216,742.0,3679.0,6897.0,0.0,259.0,152.0,0.0,281,31.240203058067436,44.86786720337684,21.258939743041992,36.096466064453125,259.0,1929.0,152.0,3553.0,186.5,2001.5,105.5,3599.5,259.0,1929.0,152.0,3553.0,1226.0,25.0,1760.0,126.0,2233.0,54.0
515,0.3821750973869389,0.9906932472643453,116264.38936938945,15,100073.67012389864,103371.46108107775,-0.1392577670025037,-0.11089318370175172,-0.11109458548364604,11.805659255023564,884,378,0.006867461034517995,0.1789484102822551,0.10742560930823405,3297.790957179377,4827581.914358752,102230.24843581927,2413.790957179376,884.0,2868.0,4692.0,0.0,283.0,208.0,0.0,327,18.120373140818984,29.154948691742316,12.41237735748291,19.5,283.0,1622.0,208.0,2792.0,202.5,1702.5,149.75,2850.25,283.0,1622.0,208.0,2792.0,718.0,27.0,1494.0,147.0,1587.0,67.0
516,0.5818636948474366,0.48762486466917665,72488.62340176165,25,74896.9012562053,76716.52250995333,0.03322283885977506,0.058325002045616525,0.05968144675428366,6.850104717468335,845,355,0.0074002181452170425,0.17723068457774493,0.06535536130869793,1819.6212537481235,1949242.5074962457,71139.1499799089,974.6212537481229,845.0,4161.0,8433.0,0.0,309.0,156.0,0.0,303,28.26699315741749,60.06074944254442,19.258398056030273,42.32704162597656,309.0,2407.0,156.0,4701.0,213.5,2502.5,109.0,4748.0,309.0,2407.0,156.0,4701.0,1649.0,32.0,2063.0,158.0,2668.0,41.0
517,0.2749704675181821,0.4667540319715039,28779.83845479045,20,24827.789906224112,25975.529946720253,-0.13732003933151027,-0.09744003645035804,-0.09743453134686697,7.618985845762718,761,317,0.007045938219278313,0.17111703195894964,0.07719591342460512,1147.740040496203,773480.0809924052,25380.020932266674,386.7400404962026,761.0,4130.0,5929.0,0.0,228.0,196.0,0.0,296,28.623372210931418,43.912619253885595,21.0,32.78119659423828,228.0,2314.0,196.0,3174.0,154.0,2388.0,134.25,3235.75,228.0,2314.0,196.0,3174.0,1038.0,42.0,2354.0,124.0,2020.0,63.0
518,0.45625888684949023,0.040655809765757334,10556.638652751852,10,9645.274193489975,9894.181344534552,-0.08633093252882218,-0.06275267440783461,-0.06282329437681777,3.518948748520656,181,82,0.007903662795924046,0.18003357342814336,0.13770682428975475,248.90715104458224,135814.30208916447,9648.783755820537,67.90715104458224,181.0,1860.0,3171.0,0.0,52.0,37.0,0.0,87,51.3594522917697,96.74157106068301,31.5,75.0,52.0,287.0,37.0,492.0,34.0,305.0,24.25,504.75,52.0,287.0,37.0,492.0,726.0,8.0,963.0,25.0,1179.0,15.0
519,0.6725253372044804,0.009815818516088926,386598.00973060436,15,361809.61991250433,363732.0264455165,-0.0641192897898607,-0.059146665811915855,-0.05911297390657455,2.4697255318582676,184,91,0.002055232787401454,0.1796954203740065,0.09701323438150393,1922.4065330124172,3476813.0660248348,351943.2646639904,1738.4065330124174,184.0,1907.0,5653.0,0.0,60.0,18.0,0.0,71,88.13221338004534,97.78743313486768,72.12445068359375,88.87661743164062,60.0,249.0,18.0,738.0,39.25,269.75,13.25,742.75,60.0,249.0,18.0,738.0,1515.0,5.0,948.0,26.0,1700.0,7.0
520,0.23589064764882373,0.45813475701377004,64874.83909741244,30,61196.14063694532,63358.20101545385,-0.05670454850675455,-0.02337790895606373,-0.02276231714125687,7.929930386075508,1194,483,0.005157209644366976,0.17149521199032788,0.05173637764736446,2162.0603785086573,1936120.7570173177,61038.39071579468,968.0603785086589,1194.0,6685.0,8430.0,0.0,384.0,297.0,0.0,382,32.568927623631815,38.59718585959539,23.155956268310547,29.0,384.0,4744.0,297.0,6031.0,263.5,4864.5,206.25,6121.75,384.0,4744.0,297.0,6031.0,1397.0,43.0,3493.0,207.0,2542.0,81.0
521,0.12833709883717115,0.14466157676426494,79702.37671753878,24,74154.57590379026,75459.01064337794,-0.06960646648480318,-0.0532401447600378,-0.05334668328301506,4.843038652976124,578,259,0.004026672221430294,0.17117618715271726,0.06225291400312062,1304.4347395877646,1452869.47917553,74997.825914662,726.434739587765,578.0,5285.0,6811.0,0.0,156.0,139.0,0.0,231,49.163504429922234,58.99191931651898,40.0,49.0,156.0,2318.0,139.0,2931.0,114.75,2359.25,98.75,2971.25,156.0,2318.0,139.0,2931.0,1289.0,24.0,2335.0,72.0,1824.0,33.0
522,0.2757358236719508,0.7736895101437005,149159.2536651878,8,143923.81118753963,147730.86681941536,-0.035099682714959,-0.009576253639473786,-0.008849289096679036,11.94709428113647,440,196,0.015677661184574244,0.18427924367969678,0.19419188093651982,3807.0556318760346,6734111.26375207,140915.2532257301,3367.055631876035,440.0,1712.0,2320.0,0.0,128.0,108.0,0.0,187,21.084621176284415,22.228732124679183,17.5,17.0,128.0,548.0,108.0,712.0,89.5,586.5,73.75,746.25,128.0,548.0,108.0,712.0,325.0,18.0,766.0,53.0,657.0,36.0
523,0.8554983744052178,0.621002566404058,124706.94660271556,8,102422.65578026266,103762.40717134596,-0.17869325991474194,-0.16795006214123376,-0.16841362129936477,5.140737904423413,262,127,0.005529759531958859,0.1954481546883303,0.19466887296958227,1339.7513910834307,2155502.782166862,104824.58074317173,1077.751391083431,262.0,983.0,3049.0,0.0,102.0,25.0,0.0,106,27.26740364197405,63.25988989956588,18.204551696777344,42.0,102.0,183.0,25.0,538.0,67.0,218.0,19.0,544.0,102.0,183.0,25.0,538.0,612.0,7.0,652.0,63.0,925.0,7.0
524,0.8830911112374139,0.19492520975408267,34795.77072897201,21,33584.76552371756,34160.02281845035,-0.03480322981453998,-0.018270838587642446,-0.018183169309333835,3.2365133202474827,361,170,0.0034835741396401685,0.17304206806378772,0.07185135202873448,575.2572947328101,428514.58946562,33100.01744661855,214.25729473281,361.0,2938.0,7634.0,0.0,141.0,29.0,0.0,150,71.93855460560378,94.14554263543063,33.0,79.77684020996094,141.0,935.0,29.0,2042.0,97.75,978.25,21.5,2049.5,141.0,935.0,29.0,2042.0,1894.0,5.0,1605.0,72.0,2608.0,10.0
525,0.46176941684486406,0.3540059297269612,109492.62660969282,13,101966.6830039552,103739.96960797154,-0.06873470697314865,-0.05253921820898233,-0.05246685679849172,6.541576101095044,447,209,0.005294043881898369,0.17829365019507928,0.11532058320676818,1773.2866040165068,2652573.2080330113,101373.62796975551,1326.2866040165056,447.0,2487.0,4065.0,0.0,149.0,76.0,0.0,179,33.5994357466814,47.31413024859242,27.0,40.5,149.0,816.0,76.0,1286.0,103.0,862.0,57.75,1304.25,149.0,816.0,76.0,1286.0,811.0,11.0,1484.0,90.0,1453.0,24.0
526,0.5820983854361652,0.1620990531194384,26326.46140128014,27,24355.496298654263,25081.0604246439,-0.07486631312060943,-0.047306052934849796,-0.04694118712881212,4.183725167933998,525,224,0.004512905214879016,0.17884324267258725,0.05337769719180062,725.5641259896405,401128.2519792808,23969.562762733138,200.5641259896404,525.0,4563.0,9024.0,0.0,184.0,90.0,0.0,222,42.76980025562861,100.26034516149804,32.5,80.0,184.0,2073.0,90.0,3638.0,129.5,2127.5,62.75,3665.25,184.0,2073.0,90.0,3638.0,2112.0,31.0,1916.0,85.0,2474.0,25.0
527,0.14969238016205422,0.8488992481387362,327045.519362927,19,319629.0950111898,327829.14411897375,-0.022677040083545985,0.0023960724414546775,0.002958401152067136,11.274778792532322,1084,433,0.008504310547774452,0.1774727913219625,0.08500770376582162,8200.049107784907,14232098.215569815,315573.7792611113,7116.049107784907,1084.0,4489.0,5084.0,0.0,335.0,297.0,0.0,362,23.921359793095736,26.979669736921235,17.0,21.425678253173828,335.0,2931.0,297.0,3314.0,234.25,3031.75,200.0,3411.0,335.0,2931.0,297.0,3314.0,753.0,33.0,2433.0,187.0,1661.0,92.0
528,0.6175909440866041,0.5731247950512643,373259.8147186414,11,373151.6302270827,378207.43186753,-0.0002898369642074794,0.013255156204313279,0.014647521813540898,6.863393349147478,416,183,0.01839402567786417,0.17166104811423824,0.1335972590230652,5055.8016404477385,9279603.28089548,338010.7626371191,4639.80164044774,416.0,1860.0,3684.0,0.0,153.0,69.0,0.0,182,30.708678816040067,56.8834808335584,22.152315139770508,50.02361297607422,153.0,615.0,69.0,1165.0,94.5,673.5,47.0,1187.0,153.0,615.0,69.0,1165.0,684.0,14.0,1053.0,84.0,1093.0,28.0
529,0.7815561305121135,0.2719258520215426,18649.32453973687,18,16463.018415687835,16905.88213423492,-0.11723245629570034,-0.0934855523473318,-0.09381822479987545,3.3545919698481605,331,143,0.0053867852143270195,0.17571718227765,0.0830838181219835,442.8637185471025,223727.43709420468,16673.222787235976,111.86371854710234,331.0,2250.0,6811.0,0.0,124.0,46.0,0.0,147,45.154324210880176,110.90051370587855,29.5,94.0,124.0,653.0,46.0,1819.0,87.25,689.75,27.75,1837.25,124.0,653.0,46.0,1819.0,1600.0,12.0,1382.0,73.0,2210.0,16.0
530,0.7107268977677644,0.43476924596887934,35651.13102090467,27,31011.37630467866,32038.12070987038,-0.13014326848439706,-0.10134349759943762,-0.10262807909626182,4.986382531769013,702,290,0.004009688379262096,0.1727394614262148,0.05357742068719892,1026.7444051917678,649488.810383536,32563.125985899725,324.744405191768,702.0,3534.0,10067.0,0.0,270.0,115.0,0.0,267,37.13132179480055,69.92795206810557,24.0,50.0,270.0,1928.0,115.0,4892.0,179.75,2018.25,83.5,4923.5,270.0,1928.0,115.0,4892.0,2198.0,28.0,1922.0,150.0,3749.0,30.0
531,0.2725085543786514,0.2762022188668589,10721.6015003846,22,9806.01089386276,10402.347277145824,-0.0853968137585599,-0.029776729085419285,-0.02763146069059008,4.75177241133853,504,192,0.007659012139299589,0.17127899400295804,0.06434628083819034,596.3363832830765,184672.76656615242,9715.9938744905,92.33638328307622,504.0,4816.0,6163.0,0.0,172.0,119.0,0.0,227,44.52506452340207,81.18515989518514,30.396690368652344,56.0,172.0,2013.0,119.0,2642.0,111.75,2073.25,82.0,2679.0,172.0,2013.0,119.0,2642.0,1287.0,20.0,1916.0,72.0,1785.0,35.0
532,0.05942661017369011,0.5699629442276075,290365.1161989063,21,256183.68852625525,262116.17659975152,-0.11771878151243231,-0.09728764931874145,-0.09826592417370594,9.135250723703129,956,403,0.005897007342353055,0.1727192353846847,0.06891494111748873,5932.488073496818,9952976.146993628,272378.2972143489,4976.488073496814,956.0,5019.0,5565.0,0.0,261.0,271.0,0.0,330,31.667400032070958,30.855421412405995,20.0,22.17574691772461,261.0,3073.0,271.0,3325.0,181.5,3152.5,191.0,3405.0,261.0,3073.0,271.0,3325.0,796.0,42.0,2381.0,123.0,1750.0,90.0
533,0.7155525261109075,0.6411239667353508,100877.3304946278,12,90350.57895037699,91916.29465771833,-0.10435200349409923,-0.08883101677028105,-0.08914216398310881,6.14484191376167,432,187,0.0100412647944863,0.17137619806227364,0.13529194099117,1565.7157073415058,2267431.4146830114,92249.37950010516,1133.7157073415058,432.0,1917.0,4131.0,0.0,174.0,59.0,0.0,189,32.2036806339503,44.75993969512959,22.040340423583984,29.388938903808594,174.0,685.0,59.0,1350.0,108.25,750.75,40.25,1368.75,174.0,685.0,59.0,1350.0,778.0,11.0,1173.0,108.0,1509.0,21.0
534,0.0975635270148627,0.03932831777389567,109075.89429355641,14,105105.36731062311,106091.5970367611,-0.036401507488422746,-0.027359823874225198,-0.02679817626537573,3.6650922257759087,264,123,0.006306963882180019,0.17791089782968886,0.11913786207314589,986.2297261380601,1444459.4522761207,98528.179053552,722.2297261380603,264.0,3307.0,3749.0,0.0,60.0,67.0,0.0,114,72.67451875443618,71.19279911142831,66.09144592285156,55.0,60.0,687.0,67.0,782.0,41.0,706.0,46.5,802.5,60.0,687.0,67.0,782.0,738.0,15.0,1510.0,29.0,1120.0,18.0
535,0.4852127226121947,0.25100693599727764,14033.584720567756,6,10354.090805157419,10597.065192139025,-0.2621920192648737,-0.24487824008302994,-0.24739453844221315,4.127479229698547,141,70,0.010936498621169941,0.19014364789591134,0.21680041455764543,242.97438698162256,203948.77396324518,12353.107224366377,101.9743869816226,141.0,916.0,2108.0,0.0,38.0,27.0,0.0,64,46.77864671752975,74.44493578826383,37.5,67.0,38.0,92.0,27.0,227.0,27.75,102.25,19.75,234.25,38.0,92.0,27.0,227.0,403.0,1.0,325.0,16.0,642.0,8.0
536,0.795283902875535,0.8708434153665316,86876.23782643506,5,63880.17486064672,64973.40435257267,-0.26469911153071357,-0.25211535423093223,-0.25366719171040075,6.325557809311012,180,87,0.007617306182420925,0.2203062146357913,0.2832694445203332,1093.2294919260896,1826458.9838521776,72185.68855554883,913.2294919260888,180.0,599.0,1921.0,0.0,65.0,23.0,0.0,77,22.996147785716843,68.33223786574402,16.0,56.49817657470703,65.0,70.0,23.0,227.0,47.0,88.0,17.75,232.25,65.0,70.0,23.0,227.0,441.0,9.0,267.0,35.0,745.0,7.0
537,0.14493324941483743,0.5285558666289695,78555.91416063036,13,66481.33179129483,68153.70492026568,-0.15370685324399058,-0.13241790069547588,-0.13251171813135076,8.36777162698061,538,242,0.006622210269883629,0.17551782124032744,0.11300510392196315,1672.3731289709633,2268746.2579419264,67782.27104772728,1134.3731289709633,538.0,2882.0,3669.0,0.0,144.0,139.0,0.0,216,27.19202711943118,40.868650219094484,18.0,34.0,144.0,1115.0,139.0,1409.0,100.5,1158.5,96.25,1451.75,144.0,1115.0,139.0,1409.0,567.0,16.0,1562.0,70.0,1229.0,47.0
538,0.1462634003116995,0.3442446135068232,31010.449915209458,5,32682.68379899242,33208.46063359187,0.053924850763380716,0.07087967844363252,0.07326721427060101,5.988417225711783,176,87,0.008676620880887524,0.21111076726718767,0.3062382623317663,525.7768345994906,699553.669198981,29204.447637490393,349.77683459949054,176.0,1191.0,1329.0,0.0,43.0,41.0,0.0,81,38.42264867220456,42.586476103845406,37.74258804321289,39.0,43.0,123.0,41.0,198.0,28.25,137.75,25.5,213.5,43.0,123.0,41.0,198.0,229.0,6.0,522.0,19.0,385.0,13.0
539,0.5426911220173932,0.4333327358222956,22994.849780568522,10,25227.727070148765,25915.577571907626,0.09710336492248395,0.12701660672761705,0.1299748089389825,6.854870420963509,370,175,0.007320999656163796,0.18564293555901434,0.17180626544695649,687.8505017589007,635701.0035178012,23184.282286857877,317.8505017589006,370.0,2102.0,2938.0,0.0,134.0,51.0,0.0,158,32.204229662033,51.21994704653612,25.5,43.0,134.0,605.0,51.0,790.0,89.25,649.75,36.5,804.5,134.0,605.0,51.0,790.0,530.0,11.0,1205.0,80.0,724.0,10.0
540,0.5848964632563411,0.8162705570241676,182123.33367218758,19,183961.0470921836,188590.8927211625,0.010090488587825908,0.035511973773861394,0.036233541720424034,10.205737554930737,957,424,0.00484561229846121,0.17794282277220963,0.07762735465202458,4629.845628979378,7345691.257958759,179940.23504969044,3672.8456289793794,957.0,3477.0,6099.0,0.0,351.0,163.0,0.0,336,21.369856868153924,32.05214522901051,15.0,24.0,351.0,2106.0,163.0,3764.0,244.75,2212.25,127.0,3800.0,351.0,2106.0,163.0,3764.0,1092.0,25.0,1653.0,169.0,1957.0,58.0
541,0.5493387386599234,0.00638636702906803,40522.96063346851,27,42608.11378685668,43289.975713895685,0.051456091084964184,0.06828264858174893,0.06971660510279243,3.3597661102519627,418,182,0.003781670214276222,0.17136394940406294,0.05214014308042893,681.8619270390409,527723.8540780816,39267.90115447243,263.8619270390408,418.0,4860.0,8738.0,0.0,130.0,79.0,0.0,169,65.87892146979962,95.3909786950518,48.34347915649414,68.0,130.0,1511.0,79.0,2840.0,96.5,1544.5,52.75,2866.25,130.0,1511.0,79.0,2840.0,2058.0,22.0,1844.0,54.0,2280.0,20.0
542,0.14071818341821007,0.384578375161687,29512.591874323356,15,26493.81870483499,27357.95701733925,-0.10228763310059419,-0.07300730705589731,-0.0738204107385928,6.3551903705401145,512,206,0.013424532671650778,0.18226528842143186,0.13061287174583855,864.1383125042984,704276.6250085968,27704.780814801215,352.1383125042984,512.0,3284.0,4270.0,0.0,148.0,143.0,0.0,225,45.45596577456797,47.761620586388666,30.88585662841797,37.0,148.0,1307.0,143.0,1773.0,99.0,1356.0,88.5,1827.5,148.0,1307.0,143.0,1773.0,721.0,14.0,1688.0,83.0,980.0,30.0
543,0.556509609931809,0.9600559171581038,477643.632750468,12,410772.54579301557,420125.0956999422,-0.14000204833126584,-0.12042144625546547,-0.1207094633031347,10.313347952509934,661,292,0.009261274434309167,0.17563346170092498,0.1298599657458371,9352.549906927781,17383099.81385558,421373.8325784184,8691.54990692779,661.0,2052.0,3996.0,0.0,226.0,131.0,0.0,248,20.0417280464382,37.25904078104727,14.0,28.9722957611084,226.0,886.0,131.0,1733.0,158.75,953.25,84.25,1779.75,226.0,886.0,131.0,1733.0,660.0,17.0,944.0,111.0,1127.0,40.0
544,0.8309657740194054,0.17959305058001274,241701.5306959784,9,207958.088623303,209287.07494471353,-0.13960789563686804,-0.13410943512822449,-0.13426413974301776,2.8277219676359655,151,75,0.0037244995748519157,0.18540008865224167,0.16223577494425898,1328.986321410703,2355972.642821407,208292.45853960753,1177.9863214107036,151.0,1033.0,3503.0,0.0,53.0,14.0,0.0,63,54.044659722727744,111.74829805317238,34.0,95.61083984375,53.0,155.0,14.0,345.0,33.25,174.75,10.25,348.75,53.0,155.0,14.0,345.0,868.0,5.0,508.0,28.0,1456.0,6.0
545,0.19915739102921914,0.7817350706707584,215330.46288073456,20,196945.08961452014,202104.306861815,-0.08538212856764982,-0.061422595957754234,-0.06092639655794496,10.531629256003802,1064,455,0.006400688320812136,0.175075546145648,0.07415540720715873,5159.217247295229,8190434.4945904715,194424.67768985796,4095.2172472952357,1064.0,4283.0,5797.0,0.0,304.0,285.0,0.0,351,25.64620972029842,27.0665689137653,19.0,21.0,304.0,2696.0,285.0,3735.0,217.25,2782.75,197.25,3822.75,304.0,2696.0,285.0,3735.0,880.0,33.0,2059.0,140.0,1833.0,78.0
546,0.39181636242345974,0.9380570773917207,23556.915131887163,30,18479.407474268093,20528.235627064765,-0.21554212973947695,-0.12856859600953052,-0.13216150352723788,11.396141301127873,1588,604,0.004133384246530831,0.1714065376485046,0.046729233019162694,2048.82815279673,921656.3055934645,20218.604728563878,460.8281527967323,1588.0,5676.0,9427.0,0.0,542.0,412.0,0.0,419,22.783335883938662,33.939660000655145,16.0,24.49862289428711,542.0,4314.0,412.0,7287.0,373.75,4482.25,279.5,7419.5,542.0,4314.0,412.0,7287.0,1524.0,60.0,2699.0,268.0,3088.0,134.0
547,0.1233409717882713,0.07647927374654973,38076.52617141269,8,28516.04317995559,28933.806996335028,-0.25108600896042277,-0.24011431961831342,-0.24107877992816718,3.7745466250619337,183,92,0.005925784336901291,0.18308873028550238,0.16073233237221798,417.7638163794601,469527.6327589201,31098.280098157215,234.76381637946005,183.0,1665.0,2367.0,0.0,29.0,54.0,0.0,78,64.27330107971088,64.99430897453483,46.0,55.5,29.0,199.0,54.0,342.0,21.0,207.0,35.25,360.75,29.0,199.0,54.0,342.0,446.0,10.0,705.0,14.0,923.0,17.0
548,0.12347476926052225,0.011940875710846122,160503.86751736066,26,184372.5213680151,185962.52921058665,0.1487107707736246,0.1586171229828608,0.15961032406498266,3.459288187239987,427,189,0.004963264593205123,0.173274507238072,0.06293677262585656,1590.0078425717602,2326015.6851435206,168099.2995700183,1163.0078425717604,427.0,5890.0,7214.0,0.0,105.0,107.0,0.0,164,66.73732084393002,90.75262621423656,46.67156219482422,73.0,105.0,1862.0,107.0,2190.0,72.5,1894.5,73.5,2223.5,105.0,1862.0,107.0,2190.0,1472.0,22.0,2366.0,54.0,1201.0,23.0
549,0.8497352786095512,0.910910038237698,12679.029657458095,5,14523.25945807873,14895.43421169015,0.1454551216019766,0.17480868915929348,0.17840039599581803,6.970040463801182,192,83,0.012788496454287725,0.2202628297290999,0.39211970797863444,372.1747536114424,360349.5072228847,12924.943158305727,180.17475361144236,192.0,754.0,1749.0,0.0,91.0,13.0,0.0,88,26.650293543736083,42.60911439658585,22.363636016845703,42.0,91.0,124.0,13.0,211.0,59.5,155.5,7.75,216.25,91.0,124.0,13.0,211.0,384.0,4.0,417.0,59.0,477.0,4.0
550,0.3780327763061484,0.5485938927724324,367977.0987257492,18,361052.9181788364,366838.3895918327,-0.018816879014727284,-0.0030945108754312223,-0.0022602470844472755,7.381799260264877,732,307,0.008359841920163303,0.16745607360379894,0.09366223597827014,5785.4714129968115,10106942.825993618,342292.6602866926,5053.471412996809,732.0,4059.0,5013.0,0.0,267.0,140.0,0.0,286,34.324227054397234,42.52031613626888,22.0,30.0,267.0,2138.0,140.0,2603.0,179.25,2225.75,98.0,2645.0,267.0,2138.0,140.0,2603.0,899.0,22.0,2370.0,164.0,1653.0,39.0
551,0.06627824379729574,0.2612687039488314,372683.67619300296,26,326537.83845846023,331368.239874983,-0.12382038893124214,-0.11085925935919938,-0.11090846813286526,6.216949619461173,743,315,0.006598385282494874,0.18227299633043306,0.079874277905883,4830.4014165229355,8174802.83304589,328730.46000951855,4087.401416522945,743.0,5913.0,7191.0,0.0,190.0,212.0,0.0,283,41.327019603137025,60.42444009348694,29.882915496826172,41.5,190.0,3162.0,212.0,3794.0,124.5,3227.5,148.0,3858.0,190.0,3162.0,212.0,3794.0,1342.0,32.0,3265.0,98.0,1772.0,61.0
552,0.7050442035397491,0.15079565434093412,153961.99476396726,9,159647.2637610066,161176.62687626918,0.03692644412509183,0.04685982487666762,0.047699673215626515,4.512107347308181,200,100,0.009271813839052791,0.18106589700252174,0.13910929836799746,1529.363115262744,2658726.230525488,147310.67026317664,1329.363115262744,200.0,1585.0,2951.0,0.0,68.0,23.0,0.0,85,53.35392338900201,72.92438504064381,32.0,53.0,68.0,251.0,23.0,423.0,47.75,271.25,17.0,429.0,68.0,251.0,23.0,423.0,660.0,1.0,710.0,22.0,1042.0,9.0
553,0.9038275724071612,0.16909646308221682,21665.298029955273,13,19221.656759399822,19517.325639671883,-0.11279056799388487,-0.09914344992224533,-0.0993987788160331,2.8579203868552887,186,89,0.004843246032046804,0.17026625841454118,0.11370260492274842,295.6688802720668,219337.7605441338,19186.83263125132,109.6688802720669,186.0,1115.0,5420.0,0.0,69.0,15.0,0.0,74,62.22194772841237,137.16919688107052,30.0,70.0,69.0,187.0,15.0,690.0,50.5,205.5,10.5,694.5,69.0,187.0,15.0,690.0,1472.0,4.0,700.0,40.0,2278.0,7.0
554,0.3658727544041307,0.41822080299813835,59771.66467980288,15,53095.06904386154,54295.882298393335,-0.11170168459767515,-0.09161167604655718,-0.09194797451037917,6.499855542956239,492,227,0.005382919604201806,0.17366306784466018,0.10660859688411667,1200.8132545318742,1417626.5090637465,54525.30828165864,708.8132545318733,492.0,2698.0,4860.0,0.0,144.0,106.0,0.0,200,33.860316360353906,50.24308252835565,25.657066345214844,41.93141174316406,144.0,968.0,106.0,1780.0,104.25,1007.75,75.75,1810.25,144.0,968.0,106.0,1780.0,897.0,16.0,1182.0,72.0,1237.0,34.0
555,0.7812661764483941,0.25367274702819553,174586.8528204537,15,149845.4442758344,151006.97246192853,-0.14171404172147795,-0.1350610311005198,-0.1354227949653336,2.8873538352009356,265,125,0.008390006167404153,0.18468068038794686,0.09115430648190197,1161.5281860942396,1793056.3721884778,155250.83472006264,896.5281860942389,265.0,1654.0,5893.0,0.0,92.0,33.0,0.0,113,55.313805679601025,96.67773656177594,31.390714645385742,96.0,92.0,402.0,33.0,1167.0,58.5,435.5,20.25,1179.75,92.0,402.0,33.0,1167.0,1486.0,10.0,909.0,51.0,2387.0,14.0
556,0.8891030952565302,0.6074979048388465,10217.649737580885,19,8350.595219199187,8812.065938049313,-0.182728373582293,-0.1375642966465942,-0.1400656377483328,4.171901238443406,388,149,0.008386174135406965,0.18240275149291474,0.0722919553152426,461.4707188501301,146941.4377002601,8805.42403222649,73.47071885013005,388.0,1763.0,7555.0,0.0,188.0,32.0,0.0,169,28.229150844719715,88.59804577255261,17.165483474731445,77.5,188.0,633.0,32.0,2299.0,130.25,690.75,24.25,2306.75,188.0,633.0,32.0,2299.0,1907.0,7.0,1111.0,119.0,2599.0,11.0
557,0.5056613084144087,0.9151824243807869,463128.52829050657,30,466124.58111705515,478148.9195814409,0.006469160596967782,0.032432446660924485,0.03383130279925162,11.650676875111492,1623,650,0.003355631143005369,0.17091237029492345,0.048164219849546684,12024.338464387372,20802676.928774748,446383.44088861527,10401.338464387374,1623.0,5844.0,9276.0,0.0,616.0,327.0,0.0,429,22.859755396257246,32.40599259270254,17.0,24.422908782958984,616.0,4456.0,327.0,7471.0,420.5,4651.5,233.0,7565.0,616.0,4456.0,327.0,7471.0,1511.0,56.0,2944.0,294.0,2966.0,110.0
558,0.1677404557615053,0.7370865189663375,27966.670909879642,14,19979.961201800674,21182.571388341334,-0.28557956482612823,-0.24257801521673872,-0.2464802196091478,10.74844010778796,715,309,0.009650437617429418,0.17746894219030815,0.10286555317671718,1202.6101865407127,975220.3730814233,22682.834981208372,487.6101865407117,715.0,2670.0,4380.0,0.0,178.0,214.0,0.0,288,25.118217339438313,31.434838967505687,16.0,22.5,178.0,1350.0,214.0,2287.0,128.25,1399.75,146.0,2355.0,178.0,1350.0,214.0,2287.0,658.0,25.0,1329.0,83.0,1381.0,74.0
559,0.9659292993242787,0.9004006283487208,51903.87672461088,10,48171.79434319411,48742.90677015031,-0.07190373083726043,-0.060900459733131185,-0.06132358942237959,3.688333249401293,210,98,0.006885975127163251,0.19144279506472417,0.16769909627805446,571.1124269562292,722224.8539124589,48953.33508907402,361.11242695622946,210.0,658.0,4372.0,0.0,89.0,13.0,0.0,89,37.92002161571928,116.12046276051751,20.0,88.35476684570312,89.0,158.0,13.0,629.0,62.75,184.25,9.5,632.5,89.0,158.0,13.0,629.0,1143.0,6.0,418.0,53.0,1393.0,4.0
560,0.2074597884938354,0.6646872984165143,141000.7301820156,28,120801.48574432117,124613.68874936111,-0.14325631088306812,-0.11621955015056107,-0.11699137238250878,9.967729805531206,1300,543,0.0038793360835648635,0.1716485354265977,0.05417448201844573,3812.2030050402136,5024406.010080422,126016.8089451101,2512.2030050402113,1300.0,5500.0,8610.0,0.0,377.0,352.0,0.0,391,23.875721697052125,30.937232500578283,17.0,21.0,377.0,3927.0,352.0,6290.0,266.75,4037.25,255.25,6386.75,377.0,3927.0,352.0,6290.0,1375.0,53.0,2516.0,184.0,2638.0,108.0
561,0.7060869943489061,0.26940742191913536,161526.5854731243,16,162138.5687075435,163888.06529126252,0.003788746184578029,0.014619759411252709,0.014963167106722963,4.410100130361419,365,170,0.0037342775654941934,0.1726697698094102,0.09191551344488305,1749.4965837190791,2768993.167438157,156968.8377580687,1384.4965837190784,365.0,2742.0,5322.0,0.0,135.0,44.0,0.0,147,40.60962435618665,60.28407663832209,31.0,42.187461853027344,135.0,742.0,44.0,1431.0,96.75,780.25,31.25,1443.75,135.0,742.0,44.0,1431.0,1168.0,7.0,1067.0,63.0,1962.0,13.0
562,0.18531250599694482,0.6244636761263253,99652.84645930474,12,95680.7887394653,97810.9563599464,-0.03985894895096165,-0.01848306561027846,-0.01787710216933902,8.344800763789943,561,253,0.00749088598129497,0.17569341679306363,0.12403232455939896,2130.1676204812416,3138335.240962484,94020.67616103133,1569.167620481242,561.0,2693.0,3355.0,0.0,164.0,132.0,0.0,221,29.282209778729694,29.160128758421397,23.5,24.5,164.0,1055.0,132.0,1301.0,111.0,1108.0,89.75,1343.25,164.0,1055.0,132.0,1301.0,418.0,18.0,1400.0,94.0,976.0,43.0
563,0.002830565083564829,0.3447843532273105,393190.83151035325,16,345646.781291235,350776.64754176507,-0.12091851184954794,-0.1078717522625432,-0.10773793586279501,6.674786026150963,563,261,0.004899592589499884,0.1795682183338684,0.10234856425725684,5129.866250530696,9133732.50106139,342098.3258967623,4566.866250530695,563.0,3443.0,4621.0,0.0,131.0,155.0,0.0,224,34.60812417613827,41.02060901964259,25.04111099243164,32.0,131.0,1402.0,155.0,1896.0,97.0,1436.0,106.75,1944.25,131.0,1402.0,155.0,1896.0,817.0,23.0,1778.0,67.0,1464.0,42.0
564,0.3801759788062924,0.11436631164124589,107787.53766425047,15,107971.44783530841,109108.29943284739,0.001706228521805686,0.012253381023611398,0.012877516152083768,3.962646112733348,328,153,0.007600930787673227,0.1749512706328735,0.09663617066936124,1136.8515975390271,1617703.1950780535,102059.52973442516,808.8515975390268,328.0,2967.0,4593.0,0.0,90.0,70.0,0.0,141,52.07220036671366,69.10933086413769,40.38530349731445,58.0,90.0,741.0,70.0,1214.0,58.5,772.5,49.5,1234.5,90.0,741.0,70.0,1214.0,871.0,12.0,1336.0,45.0,1326.0,22.0
565,0.7301445413490072,0.15314793781714886,105023.19023466874,11,101021.8410499052,101888.25350344807,-0.0380996728039088,-0.029849947656473086,-0.02955589631512512,3.4827321667170574,198,100,0.004529286873517268,0.18552966408066318,0.11722306214365091,866.4124535429198,1336824.90708584,95960.9326164447,668.4124535429199,198.0,1417.0,4124.0,0.0,54.0,33.0,0.0,79,64.81580904387178,84.94946027009209,40.5,74.0,54.0,175.0,33.0,606.0,40.0,189.0,23.5,615.5,54.0,175.0,33.0,606.0,955.0,7.0,548.0,19.0,1332.0,5.0
566,0.0620496989994318,0.2027513400336196,118459.7243742456,16,106989.63410185475,108554.81678932777,-0.09682692014505967,-0.08361413668012274,-0.08416821789940865,4.937163326706659,451,211,0.008687868373298461,0.1804818888226553,0.10901547304435524,1565.1826874731064,2228365.3749462087,112836.32054930633,1114.1826874731044,451.0,3873.0,4191.0,0.0,104.0,120.0,0.0,182,46.814730562720655,47.398629049366875,33.0,41.0,104.0,1287.0,120.0,1401.0,71.75,1319.25,85.75,1435.25,104.0,1287.0,120.0,1401.0,683.0,19.0,2135.0,59.0,1130.0,28.0
567,0.30484097275104627,0.47027915240568163,29067.319122123918,6,33210.04636127947,33894.690547373844,0.1425218205280725,0.16607556427781067,0.1682456155846519,7.181888787159038,245,109,0.009491294843613008,0.1833445007920501,0.26342736624026375,684.6441860944141,879288.3721888285,30607.83862877983,439.6441860944143,245.0,1436.0,1569.0,0.0,83.0,47.0,0.0,115,38.54439044312383,40.814169587537336,31.0,35.15402603149414,83.0,289.0,47.0,269.0,51.25,320.75,31.25,284.75,83.0,289.0,47.0,269.0,253.0,9.0,686.0,38.0,517.0,13.0
568,0.0005505139608459331,0.06486243527336932,42104.478457002326,8,35230.56284222654,35762.0293054435,-0.163258538442544,-0.15063597469888668,-0.15127694574854278,4.67560278484404,185,89,0.008091664079617221,0.1750381118706457,0.1827997299757459,531.4664632170129,692932.9264340261,37050.45949797998,346.46646321701303,185.0,1520.0,2512.0,0.0,37.0,51.0,0.0,82,80.1851943043976,56.938700229765736,48.22461700439453,56.770565032958984,37.0,207.0,51.0,361.0,26.75,217.25,36.75,375.25,37.0,207.0,51.0,361.0,480.0,1.0,613.0,14.0,604.0,15.0
569,0.6059145651658271,0.3453882367876453,42008.10002757597,14,39682.7118832646,40528.316070149216,-0.055355708608218035,-0.03522615772804194,-0.03485117334278953,5.867681528309187,389,179,0.011594171447815728,0.18098958417170294,0.12376253279787414,845.6041868846705,913208.3737693419,38908.3988864887,456.6041868846709,389.0,2228.0,4828.0,0.0,121.0,75.0,0.0,164,43.57492488651674,66.28832399364556,25.0,53.0,121.0,724.0,75.0,1376.0,89.25,755.75,50.5,1400.5,121.0,724.0,75.0,1376.0,1118.0,22.0,1090.0,59.0,1394.0,26.0
570,0.29334676614846844,0.8522869576774419,375907.03589777235,27,346815.5857153863,356041.8124446632,-0.07739001243461008,-0.05284610703192982,-0.05258425777610787,11.230908858734175,1425,563,0.0076311017224065004,0.16981789179654325,0.05538097458403418,9226.22672927801,15602453.458556045,347310.5706494573,7801.2267292780225,1425.0,5923.0,7685.0,0.0,470.0,365.0,0.0,411,23.41457498722108,29.55776988174101,17.0,24.0,470.0,4426.0,365.0,5836.0,328.25,4567.75,241.25,5959.75,470.0,4426.0,365.0,5836.0,1165.0,69.0,2650.0,214.0,2351.0,105.0
571,0.6821636425826848,0.9370957160571308,117066.46898069253,10,111804.137580753,114609.03711559362,-0.044951653925834556,-0.02099176550293158,-0.01963545744115036,10.423412690296777,591,257,0.013669309678235915,0.18225120013627935,0.16604816383611082,2804.899534840869,4427799.06968174,106198.40164737044,2213.8995348408703,591.0,1862.0,3178.0,0.0,235.0,89.0,0.0,240,18.974190220487685,29.89215101272107,14.0,24.0,235.0,795.0,89.0,1281.0,160.0,870.0,62.5,1307.5,235.0,795.0,89.0,1281.0,571.0,15.0,1082.0,149.0,1022.0,28.0
572,0.32752078077007485,0.5298459008592536,190087.1512561118,24,197884.26913501442,201947.4453422567,0.04101864764335006,0.062393980907026414,0.06365659152580272,8.231945211950276,971,410,0.0072493423722174745,0.172790518657447,0.0674598504923044,4063.17620724263,6184352.414485262,187815.64549006798,3092.176207242631,971.0,5289.0,6807.0,0.0,328.0,209.0,0.0,343,30.650694964132885,34.601726270472966,23.5,28.0,328.0,3408.0,209.0,4287.0,226.0,3510.0,153.25,4342.75,328.0,3408.0,209.0,4287.0,1156.0,33.0,2781.0,171.0,2146.0,62.0
573,0.5572333674162254,0.8627792442690397,211425.5196392453,18,214975.51908881206,220133.73874598608,0.016790780297591956,0.04118811731715066,0.04242119325556515,10.31731873584988,926,398,0.004901050903429045,0.1793216323620102,0.08345794888301891,5158.219657174461,8464439.31434891,205102.69022069857,4232.219657174455,926.0,3238.0,5834.0,0.0,354.0,156.0,0.0,326,21.794141542567584,35.99879606829607,16.442581176757812,25.289318084716797,354.0,1969.0,156.0,3389.0,252.5,2070.5,109.0,3436.0,354.0,1969.0,156.0,3389.0,1024.0,28.0,1809.0,199.0,1934.0,46.0
574,0.9234496411745957,0.6685453167768629,12819.882919318781,10,11195.076645634103,11524.56554506366,-0.12674111642908958,-0.10103971950501645,-0.10181728214630303,4.761398495617522,222,100,0.007131489649523655,0.1777491241672767,0.16799986332736025,329.48889942957067,214977.79885914107,11287.534484721798,107.48889942957054,222.0,895.0,4137.0,0.0,96.0,16.0,0.0,92,40.219556426030465,133.02858656834053,23.270000457763672,119.14900207519531,96.0,152.0,16.0,655.0,69.5,178.5,10.75,660.25,96.0,152.0,16.0,655.0,1083.0,5.0,579.0,56.0,1136.0,7.0
575,0.49185318018164126,0.927015400588561,474322.95350688417,13,392067.56176375964,401344.2174560544,-0.17341642679312308,-0.15385874858314352,-0.1550515071774532,10.283347850081135,673,295,0.007106788264925799,0.18526360932716024,0.11683852735240284,9276.655692295843,17207311.384591673,418329.50794463075,8603.655692295837,673.0,1897.0,4655.0,0.0,218.0,147.0,0.0,270,19.284409342424016,33.197313549434654,13.0,23.57206916809082,218.0,927.0,147.0,2218.0,155.25,989.75,98.75,2266.25,218.0,927.0,147.0,2218.0,962.0,29.0,1026.0,110.0,1447.0,48.0
576,0.5071336064198487,0.5762652749652528,137628.76059146682,14,150115.3030337872,152701.88860774998,0.0907262580049315,0.10952019004970759,0.11134413131378462,7.486763978715946,552,242,0.008713768058207309,0.18724494347603832,0.11226236256936088,2586.5855739630288,4069171.1479260596,135878.83762244508,2034.58557396303,552.0,2638.0,4412.0,0.0,195.0,101.0,0.0,218,28.41832414403182,46.380960495840114,20.0,30.0,195.0,1042.0,101.0,1713.0,128.75,1108.25,70.25,1743.75,195.0,1042.0,101.0,1713.0,812.0,14.0,1425.0,110.0,1405.0,31.0
577,0.7002181430972608,0.19213583973399673,44317.942264546626,7,38353.91167288413,38622.14006038252,-0.1345737253787973,-0.12852135981775092,-0.12877003957324684,2.2265960158287275,93,48,0.004200165596119058,0.18561178791750294,0.18751735230598748,268.2283874984018,350456.7749968037,39348.94032251799,175.22838749840187,93.0,797.0,2731.0,0.0,27.0,11.0,0.0,38,63.732573828534306,138.85341708199775,49.0,122.54522705078125,27.0,49.0,11.0,179.0,16.0,60.0,7.25,182.75,27.0,49.0,11.0,179.0,652.0,4.0,427.0,15.0,591.0,6.0
578,0.3740238178120475,0.24878130718839264,35094.05559021476,11,38429.55706350646,39119.96597700931,0.09504462841911421,0.11471772980028816,0.11714202000649943,5.3017669654757,323,145,0.006057197957873152,0.18397646546817595,0.12346698763191964,690.4089135028968,734817.8270057946,34649.66641267037,367.4089135028973,323.0,2563.0,2981.0,0.0,105.0,62.0,0.0,142,47.99149677464827,57.98958658925594,31.774410247802734,50.0,105.0,643.0,62.0,752.0,72.5,675.5,43.0,771.0,105.0,643.0,62.0,752.0,531.0,12.0,1042.0,46.0,922.0,13.0
579,0.8882478007401109,0.47126609677789544,63320.97083582582,24,58565.44123010469,59520.191197196255,-0.07510196926782653,-0.06002402661329942,-0.06025113319691888,4.1144839657475325,471,214,0.0041995397696733905,0.17241803183510623,0.060572069817758416,954.7499670915695,967499.9341831371,58786.225820627216,483.7499670915686,471.0,2340.0,9755.0,0.0,201.0,32.0,0.0,179,42.28645355178698,117.82861663755284,28.0,76.91242980957031,201.0,941.0,32.0,3121.0,142.25,999.75,25.0,3128.0,201.0,941.0,32.0,3121.0,2430.0,7.0,1053.0,94.0,3207.0,15.0
580,0.6282507562260058,0.988201617363224,30841.24636379574,19,27304.16914158312,28762.93476569711,-0.11468658498719964,-0.06738740625405915,-0.06788978856627559,9.457329878871287,925,375,0.005748895271278642,0.17365043887292816,0.08616681686868373,1458.7656241140514,1067531.2482281036,28219.678860232147,533.7656241140518,925.0,2788.0,6777.0,0.0,359.0,172.0,0.0,337,20.75589735010194,42.659205125032855,14.0,28.786136627197266,359.0,1672.0,172.0,4192.0,242.75,1788.25,125.25,4238.75,359.0,1672.0,172.0,4192.0,1293.0,33.0,1573.0,206.0,2082.0,46.0
581,0.45533460551033067,0.5282130645003129,124629.74077687204,15,102386.73552283586,104432.48392843845,-0.17847269131256904,-0.16205808278614076,-0.16291379857307364,6.847503208032635,559,246,0.006979828096567443,0.18339452608842774,0.09954657233254378,2045.7484056027374,2973496.811205477,108561.35151997235,1486.7484056027386,559.0,2671.0,4889.0,0.0,163.0,135.0,0.0,220,33.42635042058145,52.876036805739346,22.606847763061523,41.3237419128418,163.0,1006.0,135.0,1996.0,111.5,1057.5,89.25,2041.75,163.0,1006.0,135.0,1996.0,957.0,24.0,1427.0,88.0,1675.0,44.0
582,0.9169949665162279,0.20102363667681566,18684.8490767839,12,15693.464756457535,15921.61729963602,-0.1600967879394427,-0.1478862240627472,-0.14861537051707452,2.11200412906435,159,72,0.004769373153095671,0.18385907760314285,0.12698793904374558,228.1525431784975,138305.0863569952,16371.308707889037,69.1525431784976,159.0,1070.0,4973.0,0.0,63.0,12.0,0.0,73,59.349957080171265,83.20063894074151,24.0,68.71246337890625,63.0,164.0,12.0,636.0,43.0,184.0,7.0,641.0,63.0,164.0,12.0,636.0,1341.0,4.0,700.0,43.0,1571.0,5.0
583,0.2532084120476239,0.5227010430256197,183094.37905910492,21,163966.32306455253,167611.71430421981,-0.10447101703967454,-0.08456111451617598,-0.08441057771931171,8.465086983079244,862,361,0.006007824363781299,0.16951735205259136,0.0734721970230383,3645.3912396677238,5566782.479335445,164404.1724102427,2783.3912396677224,862.0,4474.0,6110.0,0.0,259.0,221.0,0.0,313,30.46377341362435,34.14282051059349,26.0,21.49187469482422,259.0,2591.0,221.0,3502.0,172.5,2677.5,148.0,3575.0,259.0,2591.0,221.0,3502.0,1029.0,37.0,2244.0,133.0,1858.0,83.0
584,0.41278508677700687,0.023408374175143853,32538.32023337394,9,30613.078579227706,30961.83576838929,-0.05916844017570244,-0.048450087579127055,-0.048296969019051894,3.1853229413849307,159,75,0.007430940359293435,0.18202412326663853,0.15784975829904174,348.7571891616098,379514.37832321983,29786.177516918637,189.75718916160992,159.0,1341.0,3190.0,0.0,35.0,40.0,0.0,72,61.656928245144705,95.21197233330872,36.68064498901367,63.41162109375,35.0,183.0,40.0,389.0,26.25,191.75,22.75,406.25,35.0,183.0,40.0,389.0,680.0,9.0,550.0,16.0,998.0,12.0
585,0.7625010241241046,0.636188005351158,25461.96696672465,28,21565.45610151811,22828.369429390797,-0.15303259446918427,-0.10343260364667062,-0.10463445654820802,7.341793425780822,931,370,0.005120356854105705,0.17050075390332303,0.054851106085132516,1262.9133278727254,663826.6557454539,22604.376657289766,331.91332787272694,931.0,4139.0,9945.0,0.0,390.0,143.0,0.0,330,29.50971491965416,66.46377844376924,19.0,50.004024505615234,390.0,2576.0,143.0,6111.0,260.5,2705.5,103.25,6150.75,390.0,2576.0,143.0,6111.0,2034.0,26.0,2172.0,190.0,3225.0,54.0
586,0.3312482027705965,0.2530279999740659,202819.11198249302,26,176014.0633430828,178676.97448737934,-0.13216234100129576,-0.11903285276782782,-0.11956265519529119,5.354766788633333,693,298,0.004973283312142475,0.17324023449432208,0.05793750779507121,2662.9111442968738,3939822.288593754,183939.9568696853,1969.9111442968772,693.0,5356.0,7746.0,0.0,209.0,160.0,0.0,265,42.750021244867995,58.828853810942476,33.0,51.23747634887695,209.0,2742.0,160.0,3777.0,137.0,2814.0,111.5,3825.5,209.0,2742.0,160.0,3777.0,1445.0,29.0,2568.0,107.0,2595.0,56.0
587,0.5077257005730492,0.5922981331851574,66658.57490663644,12,54651.533685924565,55935.552979703054,-0.18012748153600966,-0.16086485410095097,-0.1626961121009881,6.958920119578258,441,198,0.008385857119308246,0.18198387350158912,0.11353888060437392,1284.0192937785891,1686038.587557179,60571.128802501626,843.0192937785895,441.0,1784.0,4264.0,0.0,128.0,103.0,0.0,186,23.926159237134634,50.66139536405958,18.0,35.17720031738281,128.0,619.0,103.0,1382.0,89.0,658.0,71.0,1414.0,128.0,619.0,103.0,1382.0,852.0,16.0,614.0,49.0,1535.0,31.0
588,0.024819041966094302,0.8490563351206335,388494.6898347389,22,367435.18373584264,376341.96429210546,-0.054207963840779194,-0.031281574396301415,-0.030735786965797707,10.638581113726838,1208,483,0.005251116471151375,0.17033980781167538,0.07409315594003008,8906.780556263708,15397561.112527417,361833.05245142424,7698.780556263709,1208.0,5679.0,5409.0,0.0,341.0,362.0,0.0,370,27.646314983716522,24.509875775670803,21.603235244750977,18.24469757080078,341.0,3853.0,362.0,3584.0,220.75,3973.25,252.75,3693.25,341.0,3853.0,362.0,3584.0,647.0,48.0,2993.0,181.0,1599.0,94.0
589,0.2531547103902376,0.720722425904199,50730.770084474076,6,40512.920303699364,41752.24568331886,-0.2014132599162306,-0.17698379871239234,-0.17815959908941248,10.27735278633625,348,159,0.01338911049372305,0.19703111416077973,0.23359791794020765,1239.3253796195725,1782650.7592391423,43363.568330776245,891.3253796195712,348.0,1266.0,1758.0,0.0,98.0,85.0,0.0,152,24.95454740950134,23.919260252908757,17.0,16.0,98.0,335.0,85.0,394.0,64.5,368.5,66.25,412.75,98.0,335.0,85.0,394.0,265.0,16.0,610.0,53.0,677.0,30.0
590,0.7401416251895594,0.029942300758817098,155824.1984118399,14,130978.47234269769,131900.63791923624,-0.15944716111085333,-0.1535291741361905,-0.15406122567668423,2.629792622092571,188,93,0.0026654933682903163,0.19414584437576224,0.11634717158502492,922.1655765386463,1468331.1530772923,139586.21116566562,734.1655765386462,188.0,1503.0,5553.0,0.0,58.0,23.0,0.0,71,89.35528866333937,112.28589136986197,60.833003997802734,112.61998748779297,58.0,226.0,23.0,687.0,42.75,241.25,12.5,697.5,58.0,226.0,23.0,687.0,1502.0,9.0,731.0,24.0,1730.0,8.0
591,0.7810197406835315,0.17337999202664212,116844.9272444015,29,109727.75223402047,111093.65930427122,-0.06091128796284162,-0.049221374652409944,-0.04916753168796484,3.8152514950313074,541,235,0.0043385485047346345,0.17248716383595697,0.057535284589831,1365.907070250837,1649814.1405016736,108106.51294221795,824.9070702508368,541.0,4174.0,10438.0,0.0,210.0,67.0,0.0,197,51.24342339472402,111.47039443946618,33.5,94.0,210.0,1744.0,67.0,3691.0,148.75,1805.25,44.75,3713.25,210.0,1744.0,67.0,3691.0,2558.0,15.0,2267.0,107.0,3153.0,17.0
592,0.042931248897687624,0.5807036029028348,148260.09011667382,6,119707.07461075074,122579.23348497062,-0.19258733407927364,-0.1732148996502939,-0.17421864040376223,9.942242274380213,318,149,0.01845781673963314,0.1770536660395003,0.2619720986750656,2872.1588742201934,5108317.748440384,128449.8407769597,2554.158874220192,318.0,1253.0,1771.0,0.0,72.0,91.0,0.0,148,23.92148109302278,25.23405902443093,17.0,20.250686645507812,72.0,292.0,91.0,433.0,46.25,317.75,65.25,458.75,72.0,292.0,91.0,433.0,264.0,9.0,613.0,38.0,557.0,32.0
593,0.19817502212925742,0.8497002885299767,29863.402830884563,21,25516.839031559164,27393.937251671767,-0.14554817560275501,-0.0826920359075386,-0.08366495761028758,12.368982852781237,1214,481,0.005973577645423262,0.17383737593838658,0.0683796327371858,1877.0982201126778,1326196.4402253607,26804.880724835788,663.0982201126803,1214.0,5095.0,5481.0,0.0,418.0,294.0,0.0,378,23.125294128056066,24.842430860856748,17.0,18.968936920166016,418.0,3508.0,294.0,3713.0,282.5,3643.5,207.75,3799.25,418.0,3508.0,294.0,3713.0,767.0,34.0,2501.0,202.0,1862.0,108.0
594,0.8546603049147046,0.32291578730832704,381462.0629979174,14,382135.29233740666,385260.41341600067,0.0017648657751134778,0.009957347758862145,0.009969602416279866,3.7603845914519014,303,146,0.004852037241744262,0.1808686836377692,0.11382567012395056,3125.121078594394,5644242.157188793,375243.6765390482,2822.1210785943963,303.0,1718.0,5338.0,0.0,117.0,26.0,0.0,119,56.684663702017986,93.668110786043,33.0,79.17710876464844,117.0,426.0,26.0,1097.0,79.5,463.5,15.75,1107.25,117.0,426.0,26.0,1097.0,1355.0,12.0,789.0,59.0,1484.0,9.0
595,0.25765925965130876,0.9404332539320441,387538.9849423476,18,392573.0227524698,403582.5384317769,0.012989758464870604,0.04139855372696499,0.04224133326130386,12.878292518431497,1083,449,0.007342102484839916,0.1707745372899718,0.08501216556373542,11009.515679308097,19853031.35861619,385397.1970702327,9926.515679308095,1083.0,4120.0,4952.0,0.0,360.0,256.0,0.0,361,24.26652268740772,24.305570780300926,15.306234359741211,18.0,360.0,2657.0,256.0,3225.0,249.5,2767.5,178.25,3302.75,360.0,2657.0,256.0,3225.0,760.0,45.0,1931.0,169.0,1482.0,85.0
596,0.5179594710457197,0.6203364477923615,26177.34495194352,30,21637.415872118218,23185.064127515026,-0.17342969992410318,-0.1143080335275306,-0.11562939857231869,7.964054813070999,1185,483,0.0034973539596472184,0.16543942972569584,0.047772178844470985,1547.6482553968588,725296.5107937189,22767.81513367181,362.64825539685944,1185.0,5215.0,9877.0,0.0,421.0,251.0,0.0,375,28.90754404219657,46.58891325938154,19.0,35.0,421.0,3622.0,251.0,6934.0,294.0,3749.0,172.25,7012.75,421.0,3622.0,251.0,6934.0,1856.0,52.0,2501.0,222.0,3393.0,72.0
597,0.8156104557622814,0.9546918677487279,22934.802401207053,10,18460.677797300556,19091.098033853243,-0.1950801461307129,-0.16759265242902277,-0.17019415509641922,6.365584078175117,369,160,0.006879886974265775,0.17957944275670015,0.1591490689187072,630.4202365527194,522840.47310543875,20533.876651556475,261.42023655271936,369.0,1183.0,3857.0,0.0,150.0,49.0,0.0,166,25.132414335154422,84.36651565557187,17.96210479736328,60.0,150.0,344.0,49.0,1117.0,102.25,391.75,34.0,1132.0,150.0,344.0,49.0,1117.0,846.0,13.0,764.0,96.0,1274.0,16.0
598,0.2552629655128591,0.4641588680722949,178440.45782859344,17,173008.45287529056,176423.3787694697,-0.03044155467545795,-0.011303933444629988,-0.010460083394391861,8.165131419690097,695,308,0.005696266447233724,0.17315890873251694,0.08436581364900808,3414.925894179424,5439851.788358849,166557.386181217,2719.925894179424,695.0,3769.0,4799.0,0.0,213.0,157.0,0.0,256,31.49301216828582,37.64096148457559,24.0,32.41142272949219,213.0,1759.0,157.0,2223.0,149.0,1823.0,108.5,2271.5,213.0,1759.0,157.0,2223.0,724.0,25.0,1526.0,89.0,1516.0,41.0
599,0.5972133945804957,0.4665332796577216,112638.43399652797,28,103378.10438011112,105434.86162803757,-0.08221287608368466,-0.06395305858666711,-0.06408147723277402,5.810720957887404,855,365,0.0034040892177286744,0.17434164423668908,0.05353140428521486,2056.7572479266582,2403514.4958533165,103408.61802143563,1201.7572479266582,855.0,4490.0,9621.0,0.0,308.0,154.0,0.0,292,37.034452232340875,64.32832165567565,20.115859985351562,52.639854431152344,308.0,2566.0,154.0,5147.0,220.5,2653.5,102.5,5198.5,308.0,2566.0,154.0,5147.0,2155.0,43.0,2614.0,165.0,3650.0,47.0
600,0.5233185290832386,0.5804195591713223,104888.44499259132,18,84773.02167137589,86805.29641954397,-0.19177921192974368,-0.17240362915404683,-0.17371742110720267,7.242542997229405,719,310,0.005026085156300952,0.18393785715598523,0.11758866920853402,2032.2747481681695,2626549.4963363404,90663.92485833749,1313.2747481681702,719.0,3190.0,5879.0,0.0,249.0,142.0,0.0,258,31.488679734215527,47.876050761443175,22.452959060668945,41.5,249.0,1593.0,142.0,2658.0,167.25,1674.75,102.0,2698.0,249.0,1593.0,142.0,2658.0,1058.0,22.0,1815.0,148.0,1396.0,24.0
601,0.8340650262105889,0.23759219925852015,10436.258975901183,26,8531.66201746909,8925.818466934907,-0.1824980544110758,-0.14473007161417706,-0.14648296550978135,2.949582642879022,341,130,0.007667445666781894,0.17419131325082618,0.054423416517275336,394.15644946582614,106312.89893165218,9010.842532952605,53.15644946582609,341.0,2591.0,10426.0,0.0,141.0,44.0,0.0,158,70.20000802650793,135.54404756501415,40.0,118.63319396972656,141.0,863.0,44.0,3033.0,90.25,913.75,32.75,3044.25,141.0,863.0,44.0,3033.0,2721.0,15.0,1125.0,65.0,2520.0,9.0
602,0.2153786914576873,0.8210724277242283,414236.9488301166,22,408054.71601853566,418277.53622855205,-0.01492438767000559,0.009754290170992386,0.010306619469737432,11.194122280389022,1179,494,0.005945017248006217,0.17248067148680143,0.07164262158326008,10222.82021001759,18087640.42003517,403953.9672467867,9043.820210017584,1179.0,4980.0,6107.0,0.0,378.0,285.0,0.0,360,23.983663894328654,31.053364102869182,18.0,24.0,378.0,3306.0,285.0,3950.0,267.75,3416.25,195.0,4040.0,378.0,3306.0,285.0,3950.0,895.0,46.0,2538.0,183.0,1582.0,72.0
603,0.3948430623184874,0.8749083451319377,34652.74214131898,15,27884.86995776769,29377.078355879537,-0.19530553039499476,-0.15224376079458624,-0.15348570348128,10.514916862691413,874,367,0.009112016125231145,0.17518415051634392,0.09610865596788047,1492.2083981119333,1236416.796223864,29396.732574531,618.208398111932,874.0,3061.0,4499.0,0.0,288.0,204.0,0.0,311,20.042828961700977,26.130103023921766,14.00389289855957,19.205921173095703,288.0,1678.0,204.0,2495.0,196.0,1770.0,145.25,2553.75,288.0,1678.0,204.0,2495.0,711.0,34.0,1583.0,155.0,1632.0,59.0
604,0.5763650143659403,0.13326541565628114,116493.68637152652,18,109408.23734637875,110491.7537563123,-0.06082260117128202,-0.05152152706433033,-0.05184481301896371,3.3450209725113176,326,146,0.005086881324471342,0.17495833810173875,0.0855345464066103,1083.5164099336043,1515032.8198672093,113230.44252318835,757.5164099336047,326.0,3104.0,5965.0,0.0,111.0,51.0,0.0,141,67.51630797619069,84.50301586237659,49.0,62.0,111.0,846.0,51.0,1529.0,68.0,889.0,36.25,1543.75,111.0,846.0,51.0,1529.0,1252.0,11.0,1551.0,60.0,1764.0,11.0
605,0.07275382715595546,0.4828292737835125,474087.4514523585,23,436765.0495265638,444497.69087547023,-0.07872472011536735,-0.0624141400204552,-0.062183505806585715,7.875414724451668,913,382,0.00655411031886132,0.17040362752067686,0.07021100326459982,7732.641348907225,13639282.697814425,432970.2998201175,6819.641348907213,913.0,5570.0,6022.0,0.0,259.0,249.0,0.0,328,37.19514951324965,34.99289645483117,30.0,24.277637481689453,259.0,3377.0,249.0,3659.0,172.5,3463.5,168.75,3739.25,259.0,3377.0,249.0,3659.0,927.0,41.0,2684.0,125.0,1636.0,76.0
606,0.8591626862761349,0.026932866970645786,131832.61428228536,25,128841.20862215181,129816.3802930183,-0.022690937871627348,-0.015293893701825656,-0.015250276003639152,2.5486534214311134,328,148,0.003730795442009388,0.17469041654349257,0.05789296885377304,975.1716708665917,1294343.3417331825,126963.45164561314,647.1716708665913,328.0,4157.0,8443.0,0.0,138.0,17.0,0.0,132,73.98346256352542,126.78856639139661,52.5,81.0,138.0,1118.0,17.0,2027.0,94.75,1161.25,12.0,2032.0,138.0,1118.0,17.0,2027.0,2129.0,3.0,1822.0,61.0,2291.0,2.0
607,0.2732555485106951,0.15950167797643833,90451.46591011078,11,101181.81989956977,102316.1505590476,0.11863106784938848,0.13117183375145913,0.1321003197580617,4.601594035766105,270,125,0.0085781359875228,0.1795527938455365,0.13543811987757307,1134.3306594779058,1728661.3189558124,93916.43990754678,864.3306594779062,270.0,2467.0,3077.0,0.0,75.0,59.0,0.0,120,41.139743293646355,69.20279263131913,34.935081481933594,47.0,75.0,533.0,59.0,653.0,48.25,559.75,41.75,670.25,75.0,533.0,59.0,653.0,600.0,8.0,1141.0,41.0,940.0,16.0
608,0.17035904777809674,0.39609351276538496,99971.66328866716,18,87310.93812683578,89243.28083127613,-0.12664313811878536,-0.10731423389858918,-0.1074138188989957,7.370628947554027,635,272,0.008102057041327625,0.17227769220647302,0.08518806041193543,1932.3427044405737,2594685.4088811493,88007.59837945057,1297.3427044405746,635.0,3811.0,5261.0,0.0,183.0,162.0,0.0,249,37.21704958495036,41.34978278648197,28.0,34.54717254638672,183.0,1734.0,162.0,2403.0,123.5,1793.5,114.5,2450.5,183.0,1734.0,162.0,2403.0,888.0,22.0,1777.0,80.0,1723.0,56.0
609,0.27353026450485196,0.6128986766816128,173671.14151149482,12,204153.89752087084,208112.31306995123,0.17551998417283654,0.19831257662446378,0.2006192784365144,9.053193062923265,584,258,0.0071180226615912634,0.17286155542126425,0.12680796747929995,3958.4155490807393,6748831.098161477,186366.0437608708,3374.4155490807384,584.0,2721.0,3327.0,0.0,200.0,114.0,0.0,233,25.135197558096415,32.34756134219384,22.0,24.089492797851562,200.0,1110.0,114.0,1372.0,136.25,1173.75,79.75,1406.25,200.0,1110.0,114.0,1372.0,504.0,20.0,1277.0,99.0,1005.0,34.0
610,0.7860693516609792,0.7161820966384015,29770.56972341422,20,28481.72832847881,29539.146119464007,-0.043292466583928046,-0.007773569874553021,-0.007153380890398964,6.719406136686204,681,288,0.00748397038831959,0.17568327061679023,0.07324920366001339,1057.4177909852174,752835.5819704344,28009.751407202068,376.4177909852172,681.0,2682.0,7396.0,0.0,282.0,91.0,0.0,257,30.183199525348392,55.84620472707093,20.416736602783203,38.0,282.0,1418.0,91.0,3347.0,190.5,1509.5,61.75,3376.25,282.0,1418.0,91.0,3347.0,1669.0,21.0,1373.0,154.0,2450.0,39.0
611,0.4205315998980852,0.3362279199665468,40723.858004852686,24,39571.85918644575,40759.334178777535,-0.028288057046797044,0.000871139810000976,0.0019464347531710224,6.214028472337005,708,296,0.007610210763794342,0.16866802799036892,0.05976983705439038,1187.4749923318532,958949.9846637065,38580.04468971557,479.4749923318533,708.0,4941.0,7150.0,0.0,237.0,151.0,0.0,274,40.39279499076636,54.41691673805846,29.0,39.0,237.0,2582.0,151.0,3603.0,157.5,2661.5,106.0,3648.0,237.0,2582.0,151.0,3603.0,1355.0,21.0,2238.0,108.0,2486.0,60.0
612,0.961803168250269,0.6319949944117377,261286.08929375082,10,262815.16073926,265483.801134616,0.005852096641050686,0.016065577207770687,0.016594036365235487,4.820326602293075,287,132,0.0050509661897331325,0.19074912265526922,0.16829265121178,2668.640395356332,4763280.790712664,247041.39282008022,2381.640395356332,287.0,1304.0,3736.0,0.0,131.0,14.0,0.0,126,33.81363602095873,68.59206352320753,23.39780616760254,71.1490707397461,131.0,338.0,14.0,777.0,88.75,380.25,9.75,781.25,131.0,338.0,14.0,777.0,854.0,4.0,767.0,72.0,1205.0,4.0
613,0.13799679075780646,0.4630156255754012,141388.3946435006,6,136570.4952369431,138348.43380347444,-0.03407563554777915,-0.02150078051095472,-0.02104709425807738,6.098696255941336,192,92,0.015353378937070146,0.19748545396334288,0.2620787706705964,1777.9385665314578,3171877.1330629145,130022.75404242665,1585.9385665314574,192.0,1364.0,1660.0,0.0,52.0,42.0,0.0,90,49.065832909854244,52.74821484683875,42.087528228759766,34.0,52.0,212.0,42.0,234.0,35.5,228.5,29.0,247.0,52.0,212.0,42.0,234.0,266.0,5.0,739.0,27.0,535.0,12.0
614,0.18581779571913803,0.31768396138728094,189538.72600880914,9,184774.9814674674,187262.3942485101,-0.025133357396948663,-0.012009850484028473,-0.011878946722794992,6.057650803331927,276,133,0.00753347874069554,0.18912080547054055,0.16320967698614508,2487.4127810429377,4422825.5620858725,182530.55952206583,2211.4127810429363,276.0,1922.0,2614.0,0.0,75.0,59.0,0.0,120,35.102484596163,46.0079876248853,22.0,39.0,75.0,413.0,59.0,533.0,54.75,433.25,45.25,546.75,75.0,413.0,59.0,533.0,494.0,14.0,961.0,35.0,924.0,20.0
615,0.4528269955371169,0.2684334971868838,11115.895879729695,14,9195.457439583628,9653.485258022403,-0.17276506193693908,-0.1315603022491474,-0.13307528729181184,5.0820913104271215,359,152,0.007620833677225265,0.1770311123440118,0.11379446929852297,458.0278184387869,198055.6368775737,9742.82164466503,99.02781843878685,359.0,2370.0,4653.0,0.0,103.0,90.0,0.0,162,39.910543772541715,53.72502696418484,26.257383346557617,46.831233978271484,103.0,708.0,90.0,1355.0,72.25,738.75,63.0,1382.0,103.0,708.0,90.0,1355.0,995.0,26.0,1323.0,57.0,1417.0,27.0
616,0.6162556239018258,0.6935558019159896,30272.409367942186,29,27451.551495547083,29035.104551663637,-0.09318246982291178,-0.04087236008339756,-0.04022433367532663,8.358097208633547,1120,446,0.004356267511953882,0.17651443773291084,0.054630051609241344,1583.5530561166247,927106.112233253,27730.776787197246,463.55305611662646,1120.0,4300.0,10299.0,0.0,435.0,210.0,0.0,365,25.61381864782906,45.010013774949215,16.0,32.47642517089844,435.0,3021.0,210.0,6907.0,299.0,3157.0,148.5,6968.5,435.0,3021.0,210.0,6907.0,2079.0,39.0,2048.0,229.0,3340.0,82.0
617,0.8206865165619155,0.08679377181767656,27193.237557246146,30,26557.786361921688,27096.953897085168,-0.02336798602912693,-0.0035407207383190142,-0.0031583116048413684,2.8512684196638975,392,172,0.003371969801040061,0.17442978672872061,0.04476337154746827,539.167535163516,294335.07032703236,25807.379997717653,147.1675351635162,392.0,3769.0,11345.0,0.0,159.0,31.0,0.0,157,64.05617654032892,116.77509160120296,46.0,121.18714904785156,159.0,1253.0,31.0,3265.0,102.25,1309.75,21.25,3274.75,159.0,1253.0,31.0,3265.0,2849.0,11.0,1618.0,66.0,3320.0,12.0
618,0.3619973403826725,0.6069198214880983,243502.04853248195,21,197818.00733512075,202430.07186119957,-0.18761255386838016,-0.16867199647317788,-0.1701333512057065,8.607285310138225,901,386,0.007204305501074026,0.17357632841891207,0.06423919274238978,4612.0645260791825,7422129.052158371,215576.94397024633,3711.0645260791853,901.0,3439.0,7145.0,0.0,266.0,228.0,0.0,313,23.44019691597144,43.45649120166138,17.0,34.470279693603516,266.0,1984.0,228.0,4095.0,193.5,2056.5,147.5,4175.5,266.0,1984.0,228.0,4095.0,1371.0,50.0,1624.0,122.0,2418.0,79.0
619,0.39570251742266616,0.9206996017719699,41429.72030826859,27,38532.746868644776,40876.94013224945,-0.06992500596354811,-0.013342599754621376,-0.011416271959957536,11.453589702566958,1468,582,0.004240447838104061,0.17541805692939244,0.06008805728586248,2344.193263604749,1752386.527209497,38249.72285362979,876.1932636047485,1468.0,5346.0,8251.0,0.0,521.0,338.0,0.0,414,20.068249691988555,34.17083491508132,15.784385681152344,24.0,521.0,3984.0,338.0,6329.0,368.5,4136.5,231.75,6435.25,521.0,3984.0,338.0,6329.0,1358.0,58.0,2821.0,266.0,2397.0,92.0
620,0.876756114566633,0.7397050673757875,153039.3148178759,15,139362.96409058705,141306.45764501195,-0.08936495006896983,-0.0766656410271217,-0.0769068606753387,5.413860264479051,428,199,0.004751310139173127,0.16856142616394337,0.09110449758550888,1943.4935544250009,3030987.1088500046,139964.22888565547,1515.4935544250022,428.0,1531.0,6029.0,0.0,171.0,43.0,0.0,170,26.24161475775193,89.61274547156304,17.847686767578125,62.0,171.0,498.0,43.0,1838.0,119.75,549.25,34.0,1847.0,171.0,498.0,43.0,1838.0,1369.0,14.0,716.0,92.0,2296.0,20.0
621,0.1236429910413872,0.083744157754576,76016.76293765471,28,63342.10049683545,64353.81484363465,-0.16673509829949495,-0.15342600294076514,-0.15391120677592207,3.7587915079161522,517,230,0.006146344218582703,0.17070157848095543,0.04956432783190885,1011.7143467992129,989428.693598426,65807.63335201307,494.714346799213,517.0,5655.0,8457.0,0.0,116.0,143.0,0.0,198,59.62510056494907,85.67095861664485,49.093536376953125,73.0,116.0,2185.0,143.0,3100.0,80.0,2221.0,100.5,3142.5,116.0,2185.0,143.0,3100.0,1658.0,31.0,2220.0,44.0,2528.0,35.0
622,0.6771757872851192,0.4905846049038103,14498.674224407454,15,13435.299643609587,14054.60032547389,-0.07334288393125998,-0.030628586590765505,-0.029562985162712385,6.6619800925304595,443,194,0.006836402683009314,0.17706595560105132,0.09123059997915006,619.3006818643204,352601.3637286411,13231.852948794629,176.30068186432055,443.0,1999.0,5558.0,0.0,154.0,80.0,0.0,187,34.096809965354254,63.266472171275936,20.0,46.541805267333984,154.0,728.0,80.0,1842.0,113.25,768.75,51.25,1870.75,154.0,728.0,80.0,1842.0,1329.0,14.0,904.0,60.0,1497.0,23.0
623,0.446938301401574,0.9166932281554224,315680.76787015545,5,276687.0359411417,283356.8840370701,-0.12352267194513566,-0.10239421315137165,-0.10240372182929347,11.378160121665665,307,142,0.02154965184089815,0.20014386553543762,0.2703722051239117,6669.848095929105,12725696.191858208,279607.95189607673,6362.848095929104,307.0,880.0,1640.0,0.0,91.0,69.0,0.0,145,22.99619400202915,22.659588088491592,14.0,18.088512420654297,91.0,192.0,69.0,373.0,61.5,221.5,44.5,397.5,91.0,192.0,69.0,373.0,281.0,10.0,429.0,44.0,478.0,25.0
624,0.1094406575116087,0.9119719294320033,66808.29756658581,19,60918.04602037918,63723.81387413129,-0.08816646675266637,-0.04616917066896231,-0.04444498951674103,13.416168637828642,1195,480,0.006553262838140402,0.17899692033121456,0.08175986376545809,2805.767853752242,3221535.7075044937,60030.84402243112,1610.7678537522468,1195.0,4448.0,5128.0,0.0,351.0,345.0,0.0,386,20.113403156458137,22.596795963694042,16.0,16.295907974243164,351.0,3140.0,345.0,3498.0,244.25,3246.75,237.75,3605.25,351.0,3140.0,345.0,3498.0,715.0,46.0,2031.0,173.0,1690.0,122.0
625,0.03777327253221896,0.17850718867096693,356370.5448864795,22,338132.44646940514,342458.4738801553,-0.05117734526259465,-0.03903821796146434,-0.038853055408822,5.573022733213732,616,281,0.0044310733130628645,0.16978384289764908,0.06796844163491282,4326.027410750327,7420054.821500648,332855.93728512427,3710.027410750324,616.0,5112.0,5976.0,0.0,140.0,173.0,0.0,237,46.698647143407456,49.44097246662746,36.57918930053711,41.974273681640625,140.0,2210.0,173.0,2691.0,97.0,2253.0,124.5,2739.5,140.0,2210.0,173.0,2691.0,995.0,27.0,2307.0,57.0,1430.0,43.0
626,0.3280441042011767,0.7847689989102142,59990.159990538734,10,55197.02620330882,56841.42372660849,-0.07989866651440591,-0.052487545697941895,-0.05286857662786315,9.88514483277165,525,223,0.012129905966153643,0.18580630135728138,0.17931594821632812,1644.3975232998155,2238795.046599627,56620.188284381,1119.3975232998134,525.0,2100.0,2930.0,0.0,179.0,113.0,0.0,216,23.04558585992692,31.73635384447308,17.0,23.386703491210938,179.0,815.0,113.0,1051.0,122.75,871.25,77.75,1086.25,179.0,815.0,113.0,1051.0,434.0,13.0,1356.0,117.0,1056.0,42.0
627,0.7345328936308676,0.8327427253079275,56926.176245095034,25,58384.12106545305,60281.365922993486,0.025611149677098544,0.05893931226739557,0.06008701208664147,8.127755883790899,973,392,0.005764573494289443,0.17168905821143615,0.06776375485143432,1897.2448575405394,1848489.7150810752,56857.32142766183,924.2448575405376,973.0,3811.0,8787.0,0.0,414.0,142.0,0.0,327,25.210468355891088,59.300572943390364,17.0,45.675262451171875,414.0,2326.0,142.0,5292.0,281.5,2458.5,97.25,5336.75,414.0,2326.0,142.0,5292.0,1807.0,33.0,1958.0,204.0,2648.0,35.0
628,0.7517280210620082,0.6206301047981356,13413.876474668263,19,12033.10445068057,12754.608975331084,-0.1029360920830934,-0.04914817134198213,-0.04841184967905099,6.269855034838387,569,230,0.007320467155145592,0.18366669350142975,0.07635319993763102,721.504524650537,305009.0493010744,12161.726531406814,152.5045246505372,569.0,2869.0,6673.0,0.0,240.0,80.0,0.0,231,32.942944401057645,64.86235898581246,22.999778747558594,47.5,240.0,1268.0,80.0,2791.0,163.75,1344.25,52.25,2818.75,240.0,1268.0,80.0,2791.0,1508.0,20.0,1511.0,130.0,1972.0,27.0
629,0.3113692192044418,0.8923530170033922,14298.702837553577,9,11644.712397874502,12484.863022186077,-0.1856105738982654,-0.1268534520910316,-0.1258506151422608,12.39179094092325,547,236,0.01663675034526509,0.18695049892453078,0.16987451131046394,840.1506243116072,586301.2486232154,11828.420351391374,293.1506243116077,547.0,1817.0,2712.0,0.0,173.0,129.0,0.0,246,21.493907876301602,25.067236574948456,12.435297966003418,20.407581329345703,173.0,752.0,129.0,1156.0,116.5,808.5,91.25,1193.75,173.0,752.0,129.0,1156.0,402.0,16.0,921.0,85.0,924.0,55.0
630,0.7277160259348084,0.49498496009060566,34549.406566923506,7,33680.561952282376,34325.37438316876,-0.025147888226622506,-0.006484400341892571,-0.006091904181066976,6.201573667241183,236,106,0.0145924157136375,0.19015301127647888,0.21565861125454075,644.8124308864203,817624.8617728405,32960.37851214332,408.81243088642026,236.0,942.0,2586.0,0.0,91.0,32.0,0.0,111,25.725462889639967,64.87435830806,15.0,52.08142852783203,91.0,221.0,32.0,433.0,62.0,250.0,20.5,444.5,91.0,221.0,32.0,433.0,573.0,8.0,505.0,48.0,730.0,10.0
631,0.8505429897886562,0.8317362197848946,44276.45358280137,5,31675.138170254275,32128.410976372237,-0.2846053464734112,-0.2743680133213715,-0.27583891381537706,4.170284093136302,149,74,0.008316913920950434,0.23543476516070747,0.3041264429496234,453.2728061179947,608545.6122359891,36481.06451773688,304.27280611799455,149.0,495.0,2025.0,0.0,56.0,14.0,0.0,67,29.816009661048984,139.58902786721504,22.942161560058594,94.09381103515625,56.0,48.0,14.0,217.0,38.0,66.0,10.25,220.75,56.0,48.0,14.0,217.0,476.0,2.0,268.0,35.0,715.0,5.0
632,0.23214382569602343,0.07644950382882476,481325.02381185954,12,408139.012306144,411354.45058547665,-0.15205112530015163,-0.1453707365394179,-0.14549824391585442,3.570879459504321,229,113,0.0041225815059466615,0.17910501077368604,0.10862557992319748,3215.438279332885,5972876.558665771,418165.6526355327,2986.4382793328855,229.0,2541.0,3507.0,0.0,48.0,56.0,0.0,96,56.92926676828413,77.83443693383357,33.5,59.47160339355469,48.0,408.0,56.0,640.0,30.75,425.25,42.0,654.0,48.0,408.0,56.0,640.0,709.0,12.0,1071.0,24.0,891.0,21.0
633,0.06550734416896542,0.30739893669500395,19130.70614636644,21,17076.574215845027,17980.013581619834,-0.10737355510066005,-0.060148985402985744,-0.06103427331305811,6.615496677142105,668,267,0.00780704117535063,0.1756936018455179,0.07586609949666548,903.4393657748326,470878.73154966615,17794.53435358257,235.43936577483308,668.0,4452.0,6109.0,0.0,177.0,203.0,0.0,263,40.40081443223239,47.05694357078721,29.46567153930664,38.0,177.0,2205.0,203.0,2927.0,117.75,2264.25,136.25,2993.75,177.0,2205.0,203.0,2927.0,1205.0,38.0,2268.0,88.0,1683.0,55.0
634,0.9662600851944046,0.9074622980725239,13633.098118965709,20,11413.033886108464,11903.780712322117,-0.16284370679976246,-0.12684698603011213,-0.12899594178759932,3.6726482458752163,402,161,0.008629217694256295,0.16276796907272242,0.0696556034519047,490.74682621366026,177493.65242732014,12082.129879077367,88.74682621366007,402.0,1451.0,8551.0,0.0,195.0,26.0,0.0,169,39.20365189878097,135.089339836136,17.0,95.52371215820312,195.0,577.0,26.0,2561.0,138.25,633.75,16.25,2570.75,195.0,577.0,26.0,2561.0,2280.0,7.0,954.0,128.0,2788.0,11.0
635,0.8208376439268352,0.6665115956024967,147817.23595789354,20,146520.0267384685,149028.6797773516,-0.008775764280929743,0.008195551835397108,0.00869447577479332,6.634101289568295,629,269,0.00696134503278529,0.1767468470078227,0.09119693717263277,2508.6530388833316,3759306.0777666615,141665.98886867813,1879.6530388833307,629.0,2453.0,7627.0,0.0,247.0,93.0,0.0,238,34.573653650522616,77.69929042485288,22.0,55.0,247.0,1149.0,93.0,3271.0,175.0,1221.0,61.25,3302.75,247.0,1149.0,93.0,3271.0,1726.0,28.0,1297.0,126.0,2197.0,23.0
636,0.28422688808687646,0.6252308029042656,138637.85330374437,27,119866.67963706834,123531.83724016049,-0.13539717486500524,-0.10896025655048058,-0.109032841431987,9.964744612296114,1230,493,0.005230516802131072,0.1766607185284981,0.06240552405052469,3665.157603092447,4870315.2061848985,122188.66101633743,2435.1576030924493,1230.0,5600.0,8006.0,0.0,397.0,313.0,0.0,399,26.647540356340713,35.516977815058205,19.0,26.315509796142578,397.0,4087.0,313.0,5974.0,272.0,4212.0,216.0,6071.0,397.0,4087.0,313.0,5974.0,1297.0,45.0,3046.0,201.0,2469.0,99.0
637,0.4300490226799111,0.7650935510201395,23532.900792002045,15,24517.557253627554,25780.227790020763,0.041841695179378746,0.09549723673600408,0.09889421929461917,10.904373899735038,749,327,0.007820253806867579,0.17950846897974126,0.09886343931743358,1262.6705363932736,1027341.0727865461,23553.41723956084,513.6705363932731,749.0,2718.0,4837.0,0.0,229.0,178.0,0.0,279,23.583698807566314,31.392462421792317,16.0,25.71630859375,229.0,1389.0,178.0,2384.0,169.75,1448.25,120.25,2441.75,229.0,1389.0,178.0,2384.0,819.0,26.0,1246.0,102.0,1406.0,58.0
638,0.44622234473562195,0.16834252927620252,21113.937946863556,8,18788.623751000054,19132.570098518936,-0.1101317149702491,-0.09384170083908716,-0.09313961457986175,3.9625561135284673,200,100,0.005485624575170202,0.17394926324640067,0.16874017238252662,343.94634751889333,287892.69503778656,18163.31976062743,143.94634751889328,200.0,1673.0,2359.0,0.0,46.0,46.0,0.0,89,55.60724304954956,58.60849105315542,35.88652420043945,44.957401275634766,46.0,260.0,46.0,360.0,32.25,273.75,31.0,375.0,46.0,260.0,46.0,360.0,454.0,10.0,822.0,23.0,898.0,14.0
639,0.2436898194584992,0.5764530853382966,12392.013868978118,21,10603.127024649033,11617.073220036382,-0.14435804085140214,-0.06253548915739227,-0.05930930200318085,8.698968445730252,828,324,0.008553560131534717,0.1712419860767758,0.07352922344269085,1013.9461953873622,371892.3907747264,10687.830203512916,185.94619538736322,828.0,4440.0,6098.0,0.0,274.0,209.0,0.0,311,27.35244079585076,42.506528810704644,20.0,32.0,274.0,2582.0,209.0,3435.0,187.75,2668.25,147.0,3497.0,274.0,2582.0,209.0,3435.0,1027.0,37.0,2016.0,130.0,1507.0,56.0
640,0.5277001932050533,0.36917958519161076,59202.06293758898,12,50525.68414050303,51478.46864641762,-0.14655534565125905,-0.130461573599447,-0.13113158531048263,5.827448878680825,336,162,0.005083442978973125,0.18756517222398136,0.1370726486131442,952.7845059146439,1233569.011829289,52920.627769991486,616.7845059146445,336.0,1696.0,4348.0,0.0,93.0,69.0,0.0,147,34.975457688512535,54.098226905550774,25.445276260375977,44.27711486816406,93.0,478.0,69.0,1123.0,72.0,499.0,48.25,1143.75,93.0,478.0,69.0,1123.0,825.0,16.0,742.0,42.0,1212.0,19.0
641,0.9708786584146338,0.14420870929075236,42203.58822783659,20,35727.35297430559,36096.54926524272,-0.15345224246263045,-0.1447042590223595,-0.14543002522433135,2.182412350990993,204,103,0.0015005084733593157,0.17226781797804053,0.06486444389305203,369.1962909371325,330392.5818742651,37847.176511377416,165.19629093713255,204.0,1598.0,8482.0,0.0,68.0,13.0,0.0,73,52.2092621698632,125.67058891150563,23.0,105.0,68.0,316.0,13.0,1063.0,53.5,330.5,11.25,1064.75,68.0,316.0,13.0,1063.0,2236.0,6.0,784.0,33.0,2848.0,3.0
642,0.9424191646070186,0.1755823078222759,22925.19934734564,11,16618.472665516092,16789.570439107836,-0.2751001893712982,-0.2676368835566181,-0.2687435284415096,1.652142747087649,111,49,0.004067746875209573,0.1919480154337045,0.1338862673956805,171.0977735917579,120195.54718351574,18187.82720128044,60.09777359175787,111.0,778.0,4727.0,0.0,44.0,7.0,0.0,47,44.297668821264445,180.97682216887986,25.0,205.14654541015625,44.0,120.0,7.0,344.0,27.25,136.75,3.5,347.5,44.0,120.0,7.0,344.0,1379.0,1.0,571.0,31.0,1930.0,3.0
643,0.4393449709741699,0.8784523901473104,438555.88936695084,5,345327.6672808188,353217.5959401112,-0.212580025366221,-0.1945893225833183,-0.19583591472796846,10.303827001116305,291,139,0.020339112611770342,0.20286613728576128,0.26834723323014764,7889.928659293219,15197857.318586424,368743.02424089384,7598.928659293212,291.0,864.0,1656.0,0.0,84.0,63.0,0.0,128,20.904902070752556,28.136175218861652,17.0,24.0,84.0,158.0,63.0,335.0,55.5,186.5,40.0,358.0,84.0,158.0,63.0,335.0,268.0,10.0,413.0,39.0,485.0,23.0
644,0.8322916293282356,0.5589822736961044,102013.0315474226,5,120402.53528987711,122084.05335383973,0.18026622151607974,0.19674958681221777,0.1989399709168298,7.018624035059144,204,103,0.007832059513017641,0.1938658654439744,0.24836981412513326,1681.5180639627918,2955036.127925581,105256.96038015091,1477.5180639627904,204.0,872.0,1648.0,0.0,80.0,16.0,0.0,87,35.15217458236539,33.924399128207,23.14068031311035,32.09660339355469,80.0,146.0,16.0,193.0,56.5,169.5,12.0,197.0,80.0,146.0,16.0,193.0,342.0,3.0,423.0,38.0,676.0,5.0
645,0.6710654042508909,0.134010137437389,32582.75381649467,12,31174.583356798248,31642.629865953288,-0.04321827638103293,-0.028853422145842522,-0.029069308393212423,3.821569139858373,227,100,0.010395458250586905,0.17317227053469902,0.1151871131139994,468.0465091550761,482093.01831015263,31537.635501736528,241.04650915507634,227.0,1846.0,4202.0,0.0,73.0,42.0,0.0,102,56.880972474776144,92.07190048876703,44.0,52.21930694580078,73.0,350.0,42.0,759.0,47.75,375.25,30.0,771.0,73.0,350.0,42.0,759.0,1008.0,6.0,710.0,34.0,1470.0,16.0
646,0.21784724328133387,0.4903542735960009,216087.2874849831,24,193932.292756074,198413.64960160694,-0.10252798758672355,-0.08178934581982,-0.08198395537859327,8.798780119072491,1013,420,0.004929078632360401,0.1760532366135336,0.06379157448558175,4481.356845533124,6936713.6910662465,197093.05145692936,3468.3568455331233,1013.0,4881.0,7215.0,0.0,295.0,274.0,0.0,342,28.37534704313761,34.52468883911235,22.0,25.475025177001953,295.0,2962.0,274.0,4677.0,205.5,3051.5,188.25,4762.75,295.0,2962.0,274.0,4677.0,1210.0,48.0,2195.0,135.0,2106.0,78.0
647,0.44736617935331935,0.6478403979352766,47434.60409706834,18,40291.020037990515,41781.73463890684,-0.1505985808263408,-0.11917184860642427,-0.11935599549910647,8.618029756195122,784,346,0.006510123107412091,0.18530550216380218,0.09003470600820843,1490.7146009164198,1413429.201832845,41002.09798001663,706.7146009164226,784.0,3169.0,5901.0,0.0,239.0,181.0,0.0,277,25.94567223449911,38.604072192856336,19.589908599853516,29.849180221557617,239.0,1602.0,181.0,2963.0,171.75,1669.25,124.25,3019.75,239.0,1602.0,181.0,2963.0,989.0,35.0,1781.0,129.0,2012.0,54.0
648,0.5736867542380275,0.3247844270460909,70362.24924331998,20,62186.34003016681,63391.95568307028,-0.11619738284488357,-0.09906297247755258,-0.0996838944423547,5.328571383158672,518,217,0.007541618285398127,0.17345442426728602,0.08179578775000042,1205.6156529035409,1375231.3058070822,64521.57655960087,687.6156529035411,518.0,3637.0,6438.0,0.0,175.0,106.0,0.0,210,45.27518976723297,61.246976620328525,38.99077606201172,43.0,175.0,1446.0,106.0,2471.0,114.75,1506.25,71.75,2505.25,175.0,1446.0,106.0,2471.0,1235.0,21.0,1738.0,87.0,1839.0,34.0
649,0.9379774704245367,0.7552397366607277,316221.41107936396,23,298611.6920000609,301678.04023514054,-0.05568794035544744,-0.0459911009649292,-0.04604032121789037,4.288735353718071,559,251,0.0039730760403101865,0.17321746447514336,0.06763150691384082,3066.3482350801164,5014696.470160234,292317.9012323994,2507.348235080117,559.0,2282.0,9310.0,0.0,254.0,31.0,0.0,201,36.107141591395866,93.71652363175278,20.621414184570312,85.0,254.0,1066.0,31.0,3272.0,174.25,1145.75,22.75,3280.25,254.0,1066.0,31.0,3272.0,2325.0,6.0,1358.0,146.0,3115.0,9.0
650,0.9462621637983938,0.8468078303707216,157679.3910105785,28,138967.37650661002,140697.02189367442,-0.11867127583409498,-0.10770189438241007,-0.10812546366127307,4.059869267680859,588,251,0.003468476112691273,0.1709217773343408,0.05334084471761395,1729.6453870644898,2283290.774128977,140601.2499161872,1141.6453870644887,588.0,2175.0,11928.0,0.0,270.0,39.0,0.0,218,43.70354581726754,141.26453997043788,22.318069458007812,114.60387420654297,270.0,1039.0,39.0,4755.0,183.5,1125.5,24.75,4769.25,270.0,1039.0,39.0,4755.0,3009.0,10.0,1122.0,140.0,4229.0,14.0
651,0.33602339705894124,0.7648290745758758,13967.912360988068,29,11710.95321737175,13352.283393112382,-0.16158170851070996,-0.044074515358151656,-0.04099500237120446,10.941266686157357,1374,521,0.006133435790870966,0.17168108631624804,0.04807568640915852,1641.3301757406598,534660.3514813248,12216.600847454092,267.3301757406624,1374.0,5749.0,8817.0,0.0,482.0,342.0,0.0,403,24.027665563882266,35.85463164890439,17.99007797241211,26.0,482.0,4293.0,342.0,6531.0,332.75,4442.25,246.25,6626.75,482.0,4293.0,342.0,6531.0,1513.0,63.0,2540.0,203.0,2693.0,107.0
652,0.4591969304400675,0.3208793512439114,46440.26804253779,8,42105.72122485123,42791.88136155212,-0.09333595606546152,-0.07856084460244428,-0.07872719441469933,5.266339998951806,235,119,0.009718935618589547,0.1893124983260055,0.20006818554110908,686.1601367009517,902320.2734019035,42834.31536804964,451.16013670095174,235.0,1381.0,2651.0,0.0,58.0,50.0,0.0,100,37.19777008563548,50.54089689495508,25.50631332397461,43.01544952392578,58.0,255.0,50.0,437.0,40.75,272.25,35.25,451.75,58.0,255.0,50.0,437.0,554.0,9.0,615.0,24.0,707.0,10.0
653,0.8956709998179614,0.811063080568447,257512.65005531575,30,237048.84418873632,240147.23032904786,-0.07946718680493425,-0.06743521035777333,-0.06765372394584335,4.914734547187256,774,333,0.0031487325215111103,0.17913242227453216,0.051119703893586256,3098.386140311775,4648772.280623551,236471.17845276525,2324.3861403117758,774.0,2796.0,12324.0,0.0,331.0,80.0,0.0,252,27.96354825291038,122.06485822435351,17.0,93.94273376464844,331.0,1538.0,80.0,5611.0,230.25,1638.75,52.5,5638.5,331.0,1538.0,80.0,5611.0,3055.0,23.0,1595.0,184.0,4346.0,32.0
654,0.7672134249496535,0.05968320361694013,41440.60845729314,10,36711.5402795929,37024.9871158541,-0.1141167650222562,-0.1065530045484151,-0.10658284045531108,2.4881183049371245,133,69,0.0030493844036321195,0.1699215425503728,0.13437405397686406,313.4468362612423,360893.6725224846,36261.70747250747,180.4468362612423,133.0,1014.0,4026.0,0.0,37.0,17.0,0.0,53,67.2197207038192,132.71250646865852,29.0,131.0,37.0,96.0,17.0,380.0,28.0,105.0,11.0,386.0,37.0,96.0,17.0,380.0,969.0,3.0,387.0,14.0,1096.0,3.0
655,0.5183235602362098,0.9065064451264238,10541.444562785848,20,8885.18376576774,9977.879441936355,-0.1571189590907831,-0.053461849321774224,-0.057362231477679826,9.742462872701912,903,345,0.008842624571919271,0.17422731934421373,0.08085219231680989,1092.6956761686265,379391.35233725293,9735.509318703593,189.69567616862648,903.0,3645.0,6394.0,0.0,342.0,196.0,0.0,338,27.110255928842342,38.66995336877376,18.0,31.0,342.0,2230.0,196.0,3961.0,237.0,2335.0,128.0,4029.0,342.0,2230.0,196.0,3961.0,1147.0,40.0,1816.0,172.0,1673.0,61.0
656,0.4453942152028203,0.14673295244779305,26119.397433286245,14,21725.438055985716,22276.5635704516,-0.16822590905948387,-0.14712567059213189,-0.1482760625807592,4.510825853265019,343,152,0.007447661534545136,0.19167017247882331,0.10749481500823804,551.1255144659171,416251.02893183404,23069.557685902673,208.12551446591704,343.0,2500.0,4538.0,0.0,98.0,79.0,0.0,150,55.49726368884239,85.87676544619835,32.5,60.74091339111328,98.0,652.0,79.0,1268.0,64.5,685.5,52.75,1294.25,98.0,652.0,79.0,1268.0,927.0,17.0,1099.0,47.0,1537.0,23.0
657,0.7218876215242425,0.3912386892281041,10038.549415984526,30,9375.714480761508,10155.587183153502,-0.06602895575406309,0.011658832598125723,0.014332058920270008,5.334794131535416,680,249,0.009142754760645452,0.16830658423741643,0.04766839147976516,779.8727023920063,199745.40478401363,9360.502010905366,99.87270239200681,680.0,4096.0,10913.0,0.0,288.0,113.0,0.0,280,50.673888038524844,92.49313018279557,29.0,56.37462615966797,288.0,2178.0,113.0,5758.0,199.5,2266.5,76.25,5794.75,288.0,2178.0,113.0,5758.0,2630.0,27.0,1343.0,102.0,3153.0,32.0
658,0.4333698655154661,0.038061888548009404,76732.71164309213,20,71385.26863157391,72146.85283266102,-0.06968922245822418,-0.05976406557559666,-0.059572213037604294,3.165547966711206,320,146,0.0054687914168373465,0.17565371541823313,0.06756150639274158,761.5842010871465,883168.4021742926,69748.46151927418,441.5842010871463,320.0,3360.0,6720.0,0.0,98.0,56.0,0.0,133,71.06681903540482,104.11159512488466,50.0,95.99729919433594,98.0,814.0,56.0,1692.0,64.75,847.25,36.0,1712.0,98.0,814.0,56.0,1692.0,1463.0,7.0,1417.0,37.0,1958.0,20.0
659,0.42758063945370106,0.4883657862753109,15295.95633451131,25,13044.772202952701,14160.217668901356,-0.14717511493409552,-0.07425090924504385,-0.07648737924380145,7.70326606668867,900,364,0.005838644897043431,0.17104721908057466,0.05734899681438235,1115.4454659486717,430890.9318973455,13984.033790571397,215.44546594867276,900.0,4731.0,7844.0,0.0,294.0,217.0,0.0,325,32.07075853632059,47.95380282527506,22.0,38.671730041503906,294.0,2912.0,217.0,4686.0,207.25,2998.75,140.5,4762.5,294.0,2912.0,217.0,4686.0,1490.0,45.0,2147.0,135.0,2263.0,72.0
660,0.5951761029741379,0.9022156981236035,286621.5109593862,10,257303.231004587,263054.11043954315,-0.10228918219244731,-0.0822248143238018,-0.08170167918421845,10.376363699901734,529,234,0.010257702707432963,0.18770580383760097,0.14842004616501986,5750.879434956772,10443758.869913535,251623.7665708566,5221.879434956768,529.0,1783.0,3257.0,0.0,187.0,98.0,0.0,226,22.25980588037407,34.13195866818879,17.0,21.289445877075195,187.0,733.0,98.0,1242.0,128.75,791.25,68.0,1272.0,187.0,733.0,98.0,1242.0,554.0,18.0,888.0,97.0,1079.0,32.0
661,0.5467964170408417,0.7674195329873299,154736.80486551893,12,138137.9150055804,141099.38598808218,-0.10727176300663921,-0.08813300035042715,-0.08900831154978917,8.26146180075691,555,240,0.008563775654726703,0.18268564557344663,0.13114131621532915,2961.4709825019822,4812941.965003965,145644.38113612673,2406.4709825019827,555.0,2353.0,3695.0,0.0,203.0,100.0,0.0,232,32.13905609140965,40.06080048009856,24.0,31.07149314880371,203.0,959.0,100.0,1522.0,130.25,1031.75,65.0,1557.0,203.0,959.0,100.0,1522.0,610.0,20.0,1453.0,120.0,1271.0,38.0
662,0.7411839644791052,0.394639786811793,71662.39153563598,11,62858.97009297209,63712.340844099075,-0.12284576685228477,-0.11093755763905166,-0.11173290923655943,4.462226801308462,257,128,0.007452865767995416,0.18415813009272958,0.1307760408696853,853.370751127034,1192741.5022540668,66824.34327992464,596.3707511270334,257.0,1549.0,3995.0,0.0,79.0,39.0,0.0,107,38.500517143099444,66.98257874118791,32.0,53.97858810424805,79.0,322.0,39.0,737.0,57.0,344.0,27.25,748.75,79.0,322.0,39.0,737.0,914.0,9.0,783.0,41.0,1118.0,11.0
663,0.7753257838549296,0.9943069442632811,152849.06397419662,28,125919.15024362423,129171.61728639774,-0.17618631760230208,-0.15490737118152065,-0.15542181405508526,8.15568587107072,1140,458,0.004136236963490651,0.17287781859008985,0.05533683029520792,3252.467042773831,4224934.085547664,129508.8528524025,2112.467042773832,1140.0,3511.0,10601.0,0.0,456.0,198.0,0.0,356,21.74111689706887,56.43962781119186,15.568456649780273,39.020851135253906,456.0,2269.0,198.0,7045.0,316.5,2408.5,130.75,7112.25,456.0,2269.0,198.0,7045.0,2243.0,40.0,1926.0,250.0,3538.0,66.0
664,0.471464329103514,0.8172482305026271,11048.259811976473,27,8560.162860326309,10015.16429439536,-0.2252026105462357,-0.09350753287510705,-0.09739683670471722,10.202134014737675,1261,469,0.006537993706693758,0.16900627291244116,0.04708609872991959,1455.0014340690661,388002.86813813075,9507.885006647488,194.00143406906537,1261.0,4904.0,8561.0,0.0,485.0,281.0,0.0,395,24.925695968856868,34.875348597536465,17.0,25.0,485.0,3508.0,281.0,6280.0,332.25,3660.75,201.5,6359.5,485.0,3508.0,281.0,6280.0,1476.0,49.0,2127.0,225.0,2570.0,86.0
665,0.49068021559223707,0.47219418769051424,63731.34043569619,27,61275.54145183048,63160.21511370536,-0.03853361575445857,-0.008961451588596181,-0.008987723171827167,7.28204988779327,982,403,0.005576805372060396,0.17276047618274126,0.05685863287660602,1884.6736618750078,1805347.3237500167,61979.36541111447,902.6736618750084,982.0,5624.0,7979.0,0.0,343.0,209.0,0.0,338,31.804871306208867,46.4258184024875,24.98318099975586,36.0,343.0,3559.0,209.0,5012.0,232.5,3669.5,149.75,5071.25,343.0,3559.0,209.0,5012.0,1444.0,30.0,2777.0,183.0,2247.0,59.0
666,0.663631863111878,0.4242274191893035,259660.427638205,19,225678.3122593019,229118.1701882034,-0.13087136799393906,-0.1176238432933544,-0.11836792967453691,6.058863473336011,566,249,0.005450818918233638,0.17000209071523895,0.08489807830911908,3439.857928901917,5747715.857803832,237161.46943640977,2873.857928901916,566.0,2897.0,6679.0,0.0,197.0,101.0,0.0,224,40.576567823163366,58.52166451942924,28.0,42.0,197.0,1273.0,101.0,2685.0,130.25,1339.75,73.5,2712.5,197.0,1273.0,101.0,2685.0,1375.0,16.0,1552.0,101.0,2340.0,38.0
667,0.7970327947308835,0.6659333960413162,11842.936642870796,16,10574.176834640823,11244.040894696649,-0.10713219588097189,-0.050569868456964984,-0.04929925279119218,7.102723462690449,521,209,0.013404855684099855,0.18426293275626066,0.09559040475199532,669.8640600558343,297728.1201116677,10479.364770274013,148.86406005583387,521.0,2020.0,6009.0,0.0,214.0,82.0,0.0,228,29.40154330793811,55.940226642910325,18.0,42.42314910888672,214.0,911.0,82.0,2426.0,147.5,977.5,51.5,2456.5,214.0,911.0,82.0,2426.0,1409.0,19.0,949.0,106.0,1894.0,25.0
668,0.5195234576531603,0.22752241134671558,162966.19390654794,15,156825.43598770222,158848.26944579044,-0.037681176516689674,-0.025268580937215068,-0.025044248643519507,5.077969089152882,456,210,0.006684707467701468,0.17881728815877876,0.10822989103901878,2022.833458088337,3133666.9161766777,154277.56949478807,1566.8334580883388,456.0,2973.0,4587.0,0.0,153.0,78.0,0.0,186,37.43108605493922,55.83853193109304,29.0,47.82546615600586,153.0,1035.0,78.0,1524.0,103.75,1084.25,53.5,1548.5,153.0,1035.0,78.0,1524.0,848.0,18.0,1555.0,81.0,1281.0,16.0
669,0.4845706058850998,0.707573694847614,41530.33759273462,19,36144.821352163264,37599.73447788264,-0.12967667860984367,-0.0946441407097931,-0.09626075997340999,8.384797282353496,810,337,0.005988314120188767,0.17152671257764268,0.07563990133968071,1454.9131257194495,1289826.2514388985,38457.28787484956,644.9131257194492,810.0,3450.0,6121.0,0.0,276.0,178.0,0.0,304,24.80468703000268,46.98422184579967,18.0,37.481346130371094,276.0,1958.0,178.0,3362.0,185.25,2048.75,123.0,3417.0,276.0,1958.0,178.0,3362.0,1014.0,36.0,1684.0,135.0,2233.0,60.0
670,0.9450032877798449,0.16189213399404112,129549.90963815876,9,138644.14816768313,139499.34666434082,0.07019872537869887,0.07680003061346374,0.07703574376599964,2.7470330652947412,129,65,0.003660233271990434,0.19435512981923908,0.1743583481128071,855.1984966577892,1452396.9933155784,132178.69595972123,726.1984966577892,129.0,1071.0,3465.0,0.0,49.0,6.0,0.0,55,68.36441536138814,178.83333333333334,52.0,81.5,49.0,135.0,6.0,305.0,33.5,150.5,3.5,307.5,49.0,135.0,6.0,305.0,866.0,0.0,460.0,20.0,1069.0,0.0
671,0.20902094882350353,0.8776770088474664,22253.02715753611,16,18803.84292389038,20174.198652248942,-0.15499842826901167,-0.09341778494092035,-0.09417689952249775,11.527046067302546,917,381,0.008412219297260094,0.17330390034152374,0.0878569869902048,1370.3557283586008,906711.4567172021,19664.870154574266,453.355728358601,917.0,3600.0,4461.0,0.0,289.0,231.0,0.0,320,22.72290398481328,23.196791402038983,18.0,18.0,289.0,2123.0,231.0,2474.0,205.5,2206.5,162.75,2542.25,289.0,2123.0,231.0,2474.0,635.0,36.0,1722.0,142.0,1457.0,73.0
672,0.383395801412428,0.4609321094265858,112179.538099779,5,130664.1379372866,132815.4348273211,0.16477692947056277,0.18395419589967754,0.18720423179272827,8.547332915677867,243,113,0.016932557274726548,0.19564568711550662,0.3344041598470044,2151.2968900346464,3816593.7800692907,111631.13153896049,1908.2968900346455,243.0,1049.0,1471.0,0.0,74.0,51.0,0.0,109,23.095568401012635,37.999068735091186,17.475364685058594,32.0,74.0,207.0,51.0,213.0,50.25,230.75,32.5,231.5,74.0,207.0,51.0,213.0,261.0,7.0,585.0,44.0,649.0,19.0
673,0.8046151101387186,0.12661107982265807,13696.938999704245,27,12707.940054235192,13193.352904614478,-0.07220583704800088,-0.036766323855325744,-0.0368079994630075,3.3158484498537257,400,158,0.006324341000593733,0.17404278181123353,0.051875197997214406,485.41285037928265,170825.70075856594,12879.4864528641,85.41285037928297,400.0,4532.0,9000.0,0.0,172.0,43.0,0.0,183,71.84254359843662,91.19376684362136,42.897674560546875,79.78010559082031,172.0,1626.0,43.0,3072.0,108.75,1689.25,33.0,3082.0,172.0,1626.0,43.0,3072.0,2109.0,5.0,1910.0,75.0,1997.0,12.0
674,0.31323951655675897,0.6767439765086369,172503.72948329663,29,157109.4014430703,161661.19188253762,-0.08924055199465675,-0.06285393152505081,-0.062365040613492684,10.103707765150542,1395,578,0.003533339133058393,0.17030094109776905,0.05171629451178262,4551.790439467602,6313580.878935207,156219.40543232686,3156.7904394676034,1395.0,5632.0,8984.0,0.0,416.0,372.0,0.0,402,23.776461805049614,34.12635915549481,17.0,24.67032241821289,416.0,4102.0,372.0,6768.0,303.25,4214.75,251.75,6888.25,416.0,4102.0,372.0,6768.0,1476.0,70.0,2998.0,205.0,2852.0,119.0
675,0.6377114132515592,0.34861542471979745,26751.1062864092,17,26022.56187237859,26764.93914769194,-0.02723417888705204,0.0005170949243984424,0.0003282888030515796,5.662364084709632,443,192,0.007069581729277911,0.17620984655399977,0.09011547955657113,742.3772753133836,598754.5506267664,26435.714026391095,299.3772753133832,443.0,2563.0,5983.0,0.0,152.0,83.0,0.0,189,44.85658520648302,73.74643795730346,31.5,52.0,152.0,897.0,83.0,2076.0,105.0,944.0,57.75,2101.25,152.0,897.0,83.0,2076.0,1300.0,22.0,1151.0,81.0,1890.0,37.0
676,0.20169134902421215,0.6366800671281554,45000.696851589615,15,37705.29680855907,39126.36677063258,-0.16211749047110235,-0.1305386469976304,-0.12988162681735804,9.282922179050944,724,325,0.008114546503676193,0.17931648584648632,0.11203338061528548,1421.069962073581,1394139.9241471612,37545.826014069135,697.0699620735807,724.0,2973.0,4581.0,0.0,196.0,188.0,0.0,286,23.77994332409291,30.46054274995825,17.0,21.764602661132812,196.0,1563.0,188.0,2341.0,138.25,1620.75,133.25,2395.75,196.0,1563.0,188.0,2341.0,691.0,33.0,1605.0,107.0,1527.0,54.0
677,0.3242329098489186,0.6083563703882059,41855.72408712069,12,40986.90112422964,42203.51669162207,-0.02075756618336444,0.00830931998159845,0.008252965224866182,8.271683129780422,528,224,0.014987555235426515,0.18745354500893818,0.116216405432047,1216.6155673924843,1377231.1347849679,41624.87589214287,688.615567392484,528.0,2469.0,3576.0,0.0,158.0,134.0,0.0,230,29.725172315734735,32.95615673737646,23.0,26.120737075805664,158.0,959.0,134.0,1508.0,101.0,1016.0,87.5,1554.5,158.0,959.0,134.0,1508.0,536.0,17.0,1173.0,78.0,986.0,35.0
678,0.4782925938934661,0.9291968576039019,396405.1477124079,28,358394.3306716824,367521.54722816445,-0.09588880785247123,-0.07286383804783114,-0.07345499247400333,10.315877395585623,1455,572,0.00460969278268953,0.17291870410589455,0.05381146214186597,9127.216556483094,15344433.112966225,371864.4698009988,7672.216556483112,1455.0,5401.0,8711.0,0.0,546.0,309.0,0.0,413,21.82978035606816,37.680948087518786,16.90422821044922,28.0,546.0,4041.0,309.0,6668.0,366.5,4220.5,213.5,6763.5,546.0,4041.0,309.0,6668.0,1491.0,64.0,2618.0,292.0,2790.0,94.0
679,0.6781928904003326,0.4087897299865796,49775.36675755141,13,43921.04076061478,44662.4257323715,-0.1176149243751875,-0.10272030842252367,-0.10287507632794002,4.6974211852361005,329,152,0.007575522097866182,0.18165800464809814,0.10044476717425581,741.3849717567746,824769.9435135501,43894.826064659974,412.38497175677503,329.0,1599.0,4953.0,0.0,108.0,56.0,0.0,144,35.00276878486164,84.74246703991169,18.219146728515625,64.1218032836914,108.0,434.0,56.0,1274.0,76.0,466.0,34.25,1295.75,108.0,434.0,56.0,1274.0,1202.0,12.0,825.0,61.0,1520.0,18.0
680,0.20705146097033666,0.06917194001476601,67707.03814504665,27,62458.17808575623,63419.320861611115,-0.077523108425537,-0.06332749741984123,-0.06331353382249238,3.606861768260345,511,230,0.003867444268317211,0.1767284421563992,0.05628083355828972,961.1427758549096,900285.5517098204,62400.89096511484,450.1427758549102,511.0,5569.0,8039.0,0.0,137.0,117.0,0.0,200,68.82450446458985,79.66243224375025,46.0,66.63961029052734,137.0,2100.0,117.0,3046.0,96.0,2141.0,76.0,3087.0,137.0,2100.0,117.0,3046.0,1730.0,26.0,2565.0,68.0,2307.0,35.0
681,0.08112804242215288,0.1894678870263865,28094.86344146283,28,25967.565425710487,27030.52352261663,-0.07571839671634928,-0.037883790432504116,-0.03665587079925936,6.113809922585276,750,318,0.004475578489572552,0.175968066705757,0.056318414756214824,1062.958096906155,625916.1938123087,25594.359398551387,312.95809690615437,750.0,6280.0,7822.0,0.0,194.0,210.0,0.0,269,46.04453811209649,48.21941109449057,31.832462310791016,33.2747688293457,194.0,3089.0,210.0,4033.0,139.25,3143.75,144.25,4098.75,194.0,3089.0,210.0,4033.0,1445.0,39.0,2714.0,75.0,1889.0,61.0
682,0.28858419469788255,0.8014740253865626,203196.82147959943,11,181485.98468835407,186070.89528787642,-0.10684634057341824,-0.0842824512067597,-0.08410727642344984,10.910325452352144,611,270,0.010606808574322743,0.19050254899141517,0.1652558947773244,4584.9105995227965,7947821.199045602,182116.95961214753,3973.910599522801,611.0,2305.0,3239.0,0.0,189.0,141.0,0.0,244,19.482757637298025,29.084555853908892,16.0,20.0,189.0,971.0,141.0,1383.0,135.25,1024.75,96.5,1427.5,189.0,971.0,141.0,1383.0,473.0,19.0,1189.0,92.0,830.0,38.0
683,0.8423604627744702,0.9815183661022322,48047.96913749651,24,39893.656015201734,41339.64178412479,-0.16971192058003493,-0.13961729233913778,-0.1412468007111678,6.891929834544006,860,355,0.004292779000593147,0.17655119423493534,0.05831997898506875,1445.9857689231144,1171971.5378462304,42512.4589912403,585.9857689231152,860.0,2764.0,9329.0,0.0,378.0,103.0,0.0,300,25.78257087922979,59.57761879082795,14.0,44.31535720825195,378.0,1584.0,103.0,5132.0,261.5,1700.5,70.0,5165.0,378.0,1584.0,103.0,5132.0,2034.0,27.0,1421.0,202.0,3426.0,39.0
684,0.3032158263549084,0.8286334177993046,12181.863558793071,30,10907.478928988778,12649.319455308489,-0.10461327395876319,0.03837310229747248,0.04883804008984982,10.922644089004455,1502,547,0.00705980787390824,0.1714647033244462,0.046208634619161935,1741.8405263197258,479681.0526394511,10979.050693465644,239.84052631972557,1502.0,6235.0,8822.0,0.0,535.0,390.0,0.0,428,23.35030662869924,33.39020771726547,18.406709671020508,25.0,535.0,4822.0,390.0,7036.0,372.5,4984.5,261.5,7164.5,535.0,4822.0,390.0,7036.0,1392.0,59.0,2695.0,235.0,2576.0,117.0
685,0.7391553429366483,0.8983927160050122,226834.39003182075,19,179115.7833745126,182833.9895703847,-0.2103676018905868,-0.19397588017964817,-0.1951713923634978,7.600069627293755,788,325,0.006554426491609243,0.18081673561825728,0.0866802187725222,3718.206195872527,5860412.3917450495,192774.95730758965,2930.206195872525,788.0,2456.0,7120.0,0.0,311.0,133.0,0.0,293,22.683713670992706,47.54855290288132,15.0,37.0,311.0,1357.0,133.0,3766.0,203.25,1464.75,91.0,3808.0,311.0,1357.0,133.0,3766.0,1420.0,28.0,1578.0,193.0,2453.0,50.0
686,0.8997506671851215,0.43346353709862695,92289.26891914563,11,95377.39297604427,96346.70759973614,0.03346135572494502,0.04396436040841567,0.04481221564366611,4.132820697071842,258,125,0.0032101441544417075,0.18581092344947372,0.1441971014356752,969.3146236919795,1422629.2473839582,86056.79701952168,711.3146236919791,258.0,1391.0,4153.0,0.0,108.0,14.0,0.0,103,47.56394143586999,94.25328484620427,26.097068786621094,87.29545593261719,108.0,282.0,14.0,729.0,74.75,315.25,11.0,732.0,108.0,282.0,14.0,729.0,1037.0,4.0,802.0,57.0,1324.0,4.0
687,0.7250780488578649,0.6653865302486093,13136.054445308268,10,12119.405886841225,12664.86934360228,-0.0773937534059288,-0.03586960633177627,-0.0352156503663561,6.74874868457075,384,169,0.010414691952516342,0.18824573701632735,0.1526943989219981,545.4634567610708,322926.91352214204,11962.47366050354,161.46345676107103,384.0,1628.0,3411.0,0.0,151.0,54.0,0.0,164,23.984646370985494,60.01483703541829,16.0,39.73596954345703,151.0,517.0,54.0,917.0,101.0,567.0,40.25,930.75,151.0,517.0,54.0,917.0,712.0,12.0,909.0,92.0,1071.0,16.0
688,0.9781522614794207,0.5329446687873121,34996.171711366966,5,30054.633634968122,30278.126007361258,-0.14120224683872495,-0.13481605196471413,-0.13539253892858172,2.616993807878589,59,30,0.0021613199783663962,0.21420636145770497,0.26160840920936784,223.4923723931498,328984.7447862996,31427.734352664,164.4923723931498,59.0,230.0,2290.0,0.0,21.0,3.0,0.0,24,42.84243521491777,160.89073897299443,18.0,204.3361053466797,21.0,19.0,3.0,77.0,18.5,21.5,1.75,78.25,21.0,19.0,3.0,77.0,645.0,1.0,32.0,4.0,594.0,1.0
689,0.7863958970354423,0.2082553122392642,69163.52223360605,12,67740.19717594955,68477.69679694138,-0.020579129166514942,-0.009915999279912824,-0.009347997862270918,4.078172429985506,222,107,0.004093423779593545,0.169008326911609,0.10856214420022293,737.4996209918958,1030999.2419837919,63202.28360154551,515.499620991896,222.0,1316.0,4732.0,0.0,71.0,32.0,0.0,97,51.5893207248852,100.92738419840728,37.0,72.96920776367188,71.0,276.0,32.0,785.0,54.25,292.75,21.5,795.5,71.0,276.0,32.0,785.0,1158.0,12.0,390.0,21.0,1434.0,11.0
690,0.44517643620319414,0.2944218512154163,115224.73338479537,24,98833.4370481505,100822.18523845702,-0.14225501639396987,-0.12499528289851403,-0.12527217403561763,6.306509715968748,713,307,0.005088129975301987,0.1785931693541833,0.060599416595246695,1988.7481903067098,2551496.3806134188,101145.34407807066,1275.7481903067094,713.0,4651.0,7443.0,0.0,223.0,159.0,0.0,272,36.94453064008301,54.605622014816674,26.0,43.45309829711914,223.0,2439.0,159.0,3706.0,149.75,2512.25,109.25,3755.75,223.0,2439.0,159.0,3706.0,1290.0,28.0,1939.0,95.0,1920.0,50.0
691,0.37167705905088644,0.8260823761888102,17903.063485419374,20,16403.035595424255,17732.59603687662,-0.08378610125673591,-0.009521691563099566,-0.0072942335436712025,9.790361597978338,1006,392,0.008383089955373301,0.17230620257428467,0.07667469228859604,1329.5604414524078,647120.8829048168,16524.437744935898,323.5604414524084,1006.0,3929.0,6137.0,0.0,334.0,260.0,0.0,354,22.84028885640852,34.18937982030804,17.0,21.0,334.0,2512.0,260.0,3964.0,223.5,2622.5,167.25,4056.75,334.0,2512.0,260.0,3964.0,993.0,29.0,1866.0,161.0,1940.0,73.0
692,0.0039042083695222107,0.1937823415368891,172312.26166152745,9,148172.14521397033,149698.85994225775,-0.1400951749735343,-0.1312350119557315,-0.1313214815853394,4.343762900557894,223,105,0.006057871916437796,0.18310250574072148,0.2060931987547107,1526.7147282875565,2607429.4565751147,150067.43670563994,1303.7147282875574,223.0,1816.0,2720.0,0.0,39.0,70.0,0.0,98,81.68311869431483,59.91074936854085,50.0,49.886985778808594,39.0,297.0,70.0,476.0,27.75,308.25,39.75,506.25,39.0,297.0,70.0,476.0,550.0,17.0,1043.0,23.0,798.0,18.0
693,0.21546483890533008,0.6641312009943142,17318.338948292014,24,14265.670055875074,15677.239513180008,-0.17626799553533412,-0.09476078739490523,-0.0955464391073475,10.085544010647213,1108,438,0.00627639304741424,0.1785448535164287,0.062154893831403754,1411.5694573049832,607138.9146099665,15049.731426708755,303.56945730498325,1108.0,5305.0,6758.0,0.0,369.0,277.0,0.0,371,27.74028423536089,30.981900151359326,21.0,23.147302627563477,369.0,3592.0,277.0,4642.0,245.0,3716.0,197.0,4722.0,369.0,3592.0,277.0,4642.0,1098.0,49.0,2689.0,178.0,1908.0,91.0
694,0.050599367619302726,0.8720992588320728,416133.49174490967,12,365564.7868264904,377282.1551623611,-0.12152039170502027,-0.09336267652872432,-0.09243475819620561,15.182282942962864,822,350,0.0072531677356572925,0.1850646356476386,0.14150015435069263,11717.368335871946,21790736.671743877,358818.51157707634,10895.368335871939,822.0,2772.0,3275.0,0.0,236.0,224.0,0.0,292,20.12200673573139,22.17622033157422,17.0,14.0,236.0,1393.0,224.0,1650.0,165.25,1463.75,158.75,1715.25,236.0,1393.0,224.0,1650.0,404.0,31.0,1536.0,123.0,964.0,77.0
695,0.44011950326033333,0.7921869530367769,93276.96547369109,5,94355.58260072742,96638.60127305021,0.011563595809091387,0.03603929204051215,0.037790399040489975,11.240554238671496,303,143,0.016610224062706826,0.19830005111417345,0.2947379375460294,2283.018672323024,3960037.3446460473,88074.77951180808,1980.0186723230238,303.0,992.0,1528.0,0.0,91.0,64.0,0.0,135,22.76673889518869,25.25725802625977,19.742691040039062,18.31586456298828,91.0,214.0,64.0,306.0,63.75,241.25,44.5,325.5,91.0,214.0,64.0,306.0,239.0,12.0,488.0,49.0,472.0,23.0
696,0.5474768420069516,0.8619710788813305,11251.854825987943,30,9234.267459789018,10711.676851678354,-0.1793115355113707,-0.04800790471113814,-0.049217281044311556,9.872373378541624,1280,471,0.005695440171544884,0.17291165160834157,0.046722827588986666,1477.4093918893584,394818.7837787161,9998.07160446559,197.40939188935806,1280.0,4610.0,10429.0,0.0,459.0,320.0,0.0,382,27.707523887782592,43.314045033442106,18.0,31.0,459.0,3265.0,320.0,7360.0,320.5,3403.5,216.25,7463.75,459.0,3265.0,320.0,7360.0,2111.0,60.0,1811.0,178.0,3022.0,95.0
697,0.7830378533441306,0.19688202425548074,19374.549048664852,9,17268.791021631358,17556.351153187403,-0.1086868149418222,-0.09384465625034744,-0.09470774230443102,3.559707787852259,158,76,0.005147946385346941,0.17022537363245646,0.14538344511742357,287.5601315560566,259120.26311211352,18198.141431466564,129.56013155605677,158.0,1203.0,3333.0,0.0,54.0,19.0,0.0,66,74.11048577520917,68.69233538914956,35.5,46.0,54.0,160.0,19.0,361.0,42.5,171.5,10.5,369.5,54.0,160.0,19.0,361.0,758.0,3.0,677.0,24.0,1452.0,12.0
698,0.4657581179592727,0.22084639850537324,22426.852570063005,10,21469.39022107488,21896.962469552174,-0.042692675933769575,-0.02362748401075976,-0.023543025067288448,4.613065302516583,229,105,0.007234241413304912,0.17658936588092358,0.12513804243460103,427.57224847732385,397144.49695464823,21522.80917950546,198.5722484773241,229.0,2225.0,2815.0,0.0,71.0,43.0,0.0,102,48.170539054607275,62.774819029081975,34.0,55.99882888793945,71.0,416.0,43.0,490.0,44.25,442.75,31.75,501.25,71.0,416.0,43.0,490.0,534.0,8.0,839.0,29.0,945.0,22.0
699,0.14375912803374713,0.8824708077611476,19226.19016761172,12,15118.510989200944,16087.843412510343,-0.21365018979842076,-0.16323289886044134,-0.16755361022521365,9.699219894993236,640,265,0.009952109903851042,0.17357400399195194,0.11872563695130824,969.3324233094295,658664.8466188561,16977.263474531097,329.33242330942807,640.0,2420.0,3624.0,0.0,169.0,194.0,0.0,264,24.218073625622385,31.918638836847126,18.0,21.0,169.0,1135.0,194.0,1668.0,113.25,1190.75,127.0,1735.0,169.0,1135.0,194.0,1668.0,469.0,23.0,1343.0,90.0,1311.0,61.0
700,0.33287973273671756,0.6417910554893255,47298.732636849636,11,40804.87992984295,42106.29825376623,-0.13729443359223192,-0.10977956688501345,-0.11022178506014035,9.135815050733386,534,245,0.00804850151844356,0.1761133070909681,0.12094276420837856,1301.418323923346,1534836.647846694,42000.53961587926,767.4183239233471,534.0,2424.0,3120.0,0.0,153.0,125.0,0.0,214,26.3164603913142,34.19677048269572,24.0,26.931625366210938,153.0,838.0,125.0,1238.0,107.75,883.25,91.75,1271.25,153.0,838.0,125.0,1238.0,522.0,15.0,1117.0,69.0,1042.0,46.0
701,0.07241842181745595,0.3695626205692898,201728.0793773915,5,142877.7947947774,145246.81432603815,-0.2917307534193957,-0.27998712537032877,-0.28117338377496826,6.799185971904172,195,96,0.012426602474551393,0.20020723006036265,0.2707213868233312,2369.019531261014,4348039.062522026,159873.51575942844,2174.019531261013,195.0,1047.0,1473.0,0.0,44.0,50.0,0.0,89,24.336758219938886,39.71588242819495,21.0,32.26644515991211,44.0,148.0,50.0,203.0,32.0,160.0,36.5,216.5,44.0,148.0,50.0,203.0,232.0,8.0,590.0,27.0,646.0,22.0
702,0.2695967695918915,0.38668049054149445,14265.123689434604,18,11766.74083840664,12529.408756362205,-0.1751392350616896,-0.12167542117829289,-0.12288875044774072,7.4606714194453,577,243,0.005856952513398136,0.18036393155332972,0.0831963228893021,762.6679179555765,371335.83591115434,12443.110513596479,185.66791795557717,577.0,3488.0,5565.0,0.0,157.0,159.0,0.0,245,32.22112960534037,46.41554053960605,23.0,35.0,157.0,1591.0,159.0,2495.0,107.75,1640.25,116.5,2537.5,157.0,1591.0,159.0,2495.0,960.0,26.0,1634.0,60.0,1835.0,58.0
703,0.5446414229782603,0.9621785478073739,14092.864289542258,5,9952.158775552209,10458.913708555543,-0.2938157516398351,-0.2578574877559363,-0.2629362639127175,10.28996825851278,268,125,0.02470222134723546,0.19768084476024889,0.24728364520217958,506.7549330033596,477509.8660067205,11601.344484509993,238.75493300336026,268.0,698.0,1820.0,0.0,93.0,45.0,0.0,120,17.9900388030613,37.71395036544204,14.0,32.49428176879883,93.0,156.0,45.0,305.0,64.75,184.25,34.0,316.0,93.0,156.0,45.0,305.0,318.0,5.0,385.0,45.0,574.0,17.0
704,0.41956134004032386,0.22471176300393392,85292.3451879137,5,79601.91339551838,80327.56821961694,-0.06671679363321903,-0.05820893958723383,-0.05800943329840769,3.8960421395837175,117,59,0.007743862104671435,0.2019813424570836,0.2508119425802718,725.654824098624,1217309.6481972476,78111.94056587605,608.6548240986239,117.0,725.0,1795.0,0.0,28.0,25.0,0.0,53,40.91585465536216,69.20526581246136,32.0,57.24073791503906,28.0,48.0,25.0,164.0,18.0,58.0,15.0,174.0,28.0,48.0,25.0,164.0,438.0,8.0,288.0,10.0,691.0,11.0
705,0.3422931123120331,0.24266923343352576,11272.991057449046,26,9077.003806840623,9763.069293049177,-0.19480076223047682,-0.13394153838187717,-0.13595046711464676,5.113813503271176,587,224,0.007378048054935632,0.1715478041765022,0.054326464883494366,686.0654862085644,198130.972417129,9686.067564371953,99.06548620856451,587.0,4544.0,8478.0,0.0,172.0,165.0,0.0,249,39.64529949782354,77.12725813142252,30.0,56.0,172.0,2129.0,165.0,3965.0,122.0,2179.0,106.25,4023.75,172.0,2129.0,165.0,3965.0,1891.0,30.0,1749.0,59.0,2300.0,53.0
706,0.8207994137149646,0.37950307794518745,28506.715753905522,12,28886.446669962592,29420.776489515865,0.013320752882767462,0.032064750759129845,0.032431027224813835,4.581762821185611,276,126,0.006513743172643402,0.18325325791264238,0.1304504321574186,534.3298195533026,516659.6391066046,28191.094741832898,258.32981955330234,276.0,1657.0,4389.0,0.0,112.0,26.0,0.0,117,40.74480011956234,84.41166771011277,29.390865325927734,80.5,112.0,405.0,26.0,860.0,76.75,440.25,20.25,865.75,112.0,405.0,26.0,860.0,1027.0,11.0,732.0,53.0,1534.0,8.0
707,0.6453782337784546,0.20740815815228164,16693.686707022636,9,13845.138969231695,14147.919579774121,-0.17063622840080162,-0.15249879621722928,-0.15372578967339645,3.6171092815788546,196,87,0.013443745094260832,0.2016249320269209,0.21447464230385843,302.7806105424344,213561.22108486856,14760.489970021717,106.78061054243429,196.0,1302.0,3212.0,0.0,66.0,34.0,0.0,92,48.74457015207558,108.06706209175799,38.5,92.47801971435547,66.0,216.0,34.0,510.0,42.75,239.25,22.75,521.25,66.0,216.0,34.0,510.0,706.0,12.0,900.0,46.0,854.0,11.0
708,0.48381953169417635,0.9636121635511609,232007.356671151,7,203040.08487704108,207568.37963199284,-0.12485497102218335,-0.10533707805566772,-0.10603221365570936,9.786692270448999,401,185,0.016393635747263977,0.1897435957930973,0.26431627126071866,4528.294754952158,8254589.50990431,210862.59999277577,4127.294754952155,401.0,1138.0,2390.0,0.0,117.0,92.0,0.0,177,22.905286131274558,32.03668604331258,15.0,24.0,117.0,323.0,92.0,707.0,80.75,359.25,59.75,739.25,117.0,323.0,92.0,707.0,384.0,17.0,700.0,72.0,741.0,26.0
709,0.7779637062296263,0.004606376134946966,12242.349523044179,17,10613.557669830174,10847.067777674827,-0.13304569111901898,-0.11397172926185184,-0.11482874115547392,2.134926677756285,186,78,0.007753471370931943,0.18357744373370793,0.07746066822983812,233.5101078446608,95020.21568932188,11126.871086409392,47.51010784466094,186.0,2732.0,5774.0,0.0,73.0,18.0,0.0,80,60.59723267792487,135.302865990607,38.0,128.1578369140625,73.0,470.0,18.0,795.0,48.5,494.5,11.75,801.25,73.0,470.0,18.0,795.0,1430.0,3.0,1171.0,38.0,1827.0,5.0
710,0.9764215341966408,0.18516621696053204,93322.78153403668,8,76988.00628996546,77318.20975373052,-0.17503523765109386,-0.1714969433746354,-0.17182912511485937,1.5697869051318614,77,38,0.002144205693748534,0.19842634726409952,0.15616679921026477,330.2034637651101,506406.9275302201,80648.99220950027,253.20346376511006,77.0,511.0,3521.0,0.0,28.0,3.0,0.0,30,94.40660857701246,248.7307630355383,43.073326110839844,253.3612518310547,28.0,45.0,3.0,164.0,16.25,56.75,1.0,166.0,28.0,45.0,3.0,164.0,958.0,1.0,215.0,12.0,922.0,2.0
711,0.3223803811816085,0.376429814706165,270610.32875581656,28,243597.43342973813,247941.27255549884,-0.09982211488480675,-0.0837701070189859,-0.08403808300693938,6.91218452517359,906,381,0.005377092187678241,0.17314074044255623,0.05437340611772301,4343.839125760938,6875678.251521872,248679.64051311256,3437.8391257609364,906.0,5793.0,8319.0,0.0,292.0,205.0,0.0,314,43.92245582747897,45.373473460974616,27.0,34.0,292.0,3452.0,205.0,4843.0,206.25,3537.75,144.75,4903.25,292.0,3452.0,205.0,4843.0,1470.0,32.0,2751.0,136.0,2278.0,67.0
712,0.4579905036513242,0.7780110489882537,106415.58400767445,7,90281.52227021696,92566.66813471417,-0.1516137122951272,-0.1301399226635972,-0.13036831297919682,10.370692745556452,375,172,0.011785063146341838,0.19737978719456856,0.23830622808321575,2285.145864497428,3820291.728994859,92093.45563322531,1910.1458644974296,375.0,1171.0,2357.0,0.0,121.0,75.0,0.0,163,21.17976480328504,32.180867375383386,16.0,24.0,121.0,343.0,75.0,602.0,82.75,381.25,50.75,626.25,121.0,343.0,75.0,602.0,422.0,10.0,599.0,55.0,708.0,23.0
713,0.630717703552705,0.5729701400154934,58665.25740633212,17,52158.928173708824,53648.20656233031,-0.11090600331911316,-0.08551996643008486,-0.08634546065090598,7.535619571417554,672,291,0.006128048253377298,0.18338302992601804,0.11501574605432797,1489.2783886215902,1634556.77724318,54227.683661308336,817.27838862159,672.0,2994.0,5570.0,0.0,251.0,113.0,0.0,257,30.755362677291853,44.56488491058016,22.986373901367188,35.50721740722656,251.0,1409.0,113.0,2593.0,166.0,1494.0,79.5,2626.5,251.0,1409.0,113.0,2593.0,1018.0,25.0,1863.0,151.0,1826.0,37.0
714,0.11489907749563166,0.8793430362761572,68543.67023715767,30,62446.49631652655,65590.72019620442,-0.08895312870663619,-0.04308129446141695,-0.040628354306687875,12.075636992165974,1680,661,0.004394004190360906,0.17129536044613303,0.04921763937807782,3144.2238796780975,2928447.7593561905,60627.190127858485,1464.2238796780953,1680.0,6565.0,8553.0,0.0,487.0,502.0,0.0,433,22.0784120615689,28.699773251434177,16.0,20.078083038330078,487.0,5218.0,502.0,6781.0,338.0,5367.0,353.0,6930.0,487.0,5218.0,502.0,6781.0,1311.0,72.0,3047.0,232.0,2477.0,156.0
715,0.9557585812496301,0.14919255722786107,69521.75194361758,12,70994.42445627839,71593.26513337366,0.02118290278206958,0.029796619501707644,0.029908266290310292,2.9796162507489123,189,93,0.004873439018027705,0.1796968092666428,0.12071939629492337,598.8406770953118,819681.3541906234,68774.07065294066,409.8406770953117,189.0,1497.0,4551.0,0.0,79.0,5.0,0.0,76,58.820910041913656,110.13948557585404,33.0,84.0,79.0,237.0,5.0,591.0,56.0,260.0,5.0,591.0,79.0,237.0,5.0,591.0,1203.0,1.0,795.0,38.0,1911.0,3.0
716,0.9103882527642945,0.2873792756608847,18877.25176572291,25,17311.17197852155,17749.785826522537,-0.08296121737619822,-0.05972616952895726,-0.05996334548025317,2.7578212001495914,343,150,0.00437288974122217,0.17320013779436091,0.05088313175860301,438.6138480010005,191227.69600200123,17335.033902091673,95.61384800100062,343.0,2343.0,10247.0,0.0,139.0,29.0,0.0,145,59.556368918552714,148.59522938000947,32.0,123.0,139.0,701.0,29.0,2752.0,99.25,740.75,17.75,2763.25,139.0,701.0,29.0,2752.0,2644.0,7.0,1047.0,67.0,3435.0,12.0
717,0.8802910897815056,0.19659227629590914,18389.798274130655,8,17603.142911623476,17818.88147492626,-0.04277672602933258,-0.03104529971965575,-0.03085579986207354,2.8047221838382774,120,61,0.005205819392059969,0.1960049814798586,0.16551472089478148,215.73856330279537,191477.12660559049,17067.38796706355,95.73856330279524,120.0,1181.0,2851.0,0.0,43.0,8.0,0.0,48,63.2431759675775,147.9645044816419,36.303016662597656,123.2061767578125,43.0,97.0,8.0,236.0,27.5,112.5,6.25,237.75,43.0,97.0,8.0,236.0,664.0,2.0,631.0,11.0,1127.0,4.0
718,0.6074238487016467,0.3182838310432612,118007.17457001169,30,110358.72473937896,112360.12122306702,-0.06481343069607204,-0.047853474735931156,-0.047736090107654006,5.492798809319588,794,344,0.003292068165429291,0.1715895399970979,0.048809093899443996,2001.3964836881273,2414792.9673762554,109907.21903372355,1207.3964836881278,794.0,5306.0,9809.0,0.0,277.0,143.0,0.0,289,39.17594329604238,64.06925599552733,28.0,50.13560485839844,277.0,2998.0,143.0,5250.0,197.5,3077.5,106.0,5287.0,277.0,2998.0,143.0,5250.0,1998.0,36.0,2472.0,119.0,2851.0,40.0
719,0.8924485861616643,0.5242969146335641,65513.64827106054,25,68066.77918272906,69221.58081710727,0.03897097748403544,0.0565978638635003,0.05740480374246282,4.430522739511193,586,253,0.003280880243482056,0.1665281205095542,0.05914557845114167,1154.8016343783027,1137603.2687566038,64191.25550420448,568.801634378302,586.0,3042.0,9551.0,0.0,255.0,53.0,0.0,218,41.797010876372404,95.607565006268,26.0,51.884254455566406,255.0,1416.0,53.0,3723.0,176.0,1495.0,32.0,3744.0,255.0,1416.0,53.0,3723.0,2360.0,13.0,1586.0,140.0,2977.0,16.0
720,0.49508633704167015,0.5950511604908381,48330.51564072069,10,45306.426660302735,46329.230317987254,-0.06257100592301601,-0.041408317213302404,-0.04095075092810341,7.2294609042092866,382,163,0.009962818671096378,0.18079238706624998,0.14539855403030028,1022.8036576845733,1281607.3153691464,44318.9102323986,640.8036576845732,382.0,1671.0,3369.0,0.0,124.0,85.0,0.0,163,32.13281555684303,50.71246745864644,23.5,37.05307388305664,124.0,512.0,85.0,909.0,81.75,554.25,51.25,942.75,124.0,512.0,85.0,909.0,608.0,10.0,685.0,61.0,1241.0,33.0
721,0.33006898704238397,0.9599870999139454,32732.457831865366,23,31368.882796327678,33518.84847217859,-0.04165819268879445,0.024024796559813044,0.0273915793558297,12.615067170764792,1372,550,0.0072721539982870545,0.1708491305800052,0.07178294712126322,2149.9656758509823,1555931.3517019611,30834.781349952023,777.9656758509806,1372.0,4770.0,6812.0,0.0,451.0,348.0,0.0,394,20.365145699446675,28.470770714829943,16.0,19.922956466674805,451.0,3452.0,348.0,4805.0,313.25,3589.75,237.25,4915.75,451.0,3452.0,348.0,4805.0,1041.0,55.0,2188.0,227.0,1835.0,100.0
722,0.22495689078243597,0.5965086756789293,27816.031765522097,23,25111.283837113362,26644.10618161198,-0.09723701609232638,-0.04213130017210853,-0.04127571142285502,9.913821876430054,1029,416,0.006395663267263859,0.17082277564805606,0.06598053737260318,1532.8223444986734,1007644.688997345,25410.096670008854,503.8223444986725,1029.0,4886.0,6702.0,0.0,316.0,274.0,0.0,351,30.600806690803996,33.84512491923004,19.0,26.237735748291016,316.0,3097.0,274.0,4382.0,220.0,3193.0,188.25,4467.75,316.0,3097.0,274.0,4382.0,1113.0,37.0,2369.0,141.0,2096.0,80.0
723,0.4053430977937943,0.8695224487503904,10885.714645809512,21,9244.291060631138,10498.099304826686,-0.15078693853234937,-0.03560770731134677,-0.030362427296913297,11.193028873939435,1043,393,0.008371201765999354,0.1753521226818676,0.06580064736495067,1253.808244195574,421616.4883911468,9416.943642770151,210.80824419557342,1043.0,3915.0,6613.0,0.0,361.0,268.0,0.0,353,22.38068171612986,30.511742542759702,14.0,20.48694610595703,361.0,2474.0,268.0,4273.0,245.75,2589.25,186.25,4354.75,361.0,2474.0,268.0,4273.0,1158.0,50.0,1903.0,177.0,2109.0,90.0
724,0.09153808950816533,0.354665069889571,308933.1948935174,7,242254.67328004274,245669.0429298026,-0.21583475882692804,-0.20478262941449388,-0.20564452815602774,5.9815815440756035,263,126,0.008376454155231128,0.19477704883136326,0.21319094628628646,3414.3696497602105,6302739.299520417,263422.77761651936,3151.3696497602086,263.0,1379.0,2149.0,0.0,58.0,72.0,0.0,119,31.730206714933466,40.67611095826166,20.0,29.572383880615234,58.0,298.0,72.0,405.0,40.25,315.75,50.0,427.0,58.0,298.0,72.0,405.0,378.0,14.0,669.0,36.0,855.0,20.0
725,0.5368870541827537,0.6329477023596625,385792.83588732354,19,328315.4863089768,333961.8531059818,-0.14898501017041665,-0.1343492619870208,-0.13500889468690058,7.163757816921728,733,295,0.008556002656714731,0.1765041024552307,0.08642932713674285,5646.36679700529,9826733.594010592,342932.22374151764,4913.366797005296,733.0,3503.0,6073.0,0.0,271.0,148.0,0.0,276,34.77717470428176,44.610119341832664,22.667539596557617,38.93354415893555,271.0,1815.0,148.0,3010.0,169.75,1916.25,95.25,3062.75,271.0,1815.0,148.0,3010.0,1120.0,30.0,1907.0,158.0,1949.0,47.0
726,0.07847047122694184,0.9865795643589038,26219.152153277457,24,23770.09949467239,25949.125929265687,-0.09340701195400514,-0.01029881601179139,-0.007910336480126401,13.443803562205085,1530,604,0.00535754429606807,0.17022153189908684,0.056962256508634776,2179.026434593388,1298052.8691867746,24138.497397344163,649.0264345933873,1530.0,5638.0,6452.0,0.0,478.0,424.0,0.0,433,20.635501400101095,23.332191690217318,16.0,16.0,478.0,4443.0,424.0,5042.0,334.0,4587.0,301.0,5165.0,478.0,4443.0,424.0,5042.0,869.0,66.0,2541.0,227.0,1973.0,131.0
727,0.956032015508996,0.9281129973465524,170623.750639814,27,165994.9340264766,168040.41068684298,-0.02712879418006009,-0.015140564799940748,-0.015212700692282977,4.483439644219591,593,263,0.003458562051631793,0.17595273735945777,0.06058332082665129,2045.4766603665757,2904953.3207331486,161982.4036484157,1452.4766603665744,593.0,1802.0,11806.0,0.0,274.0,29.0,0.0,207,43.41641602366809,125.04355019272379,17.858016967773438,86.0,274.0,905.0,29.0,4381.0,190.0,989.0,15.75,4394.25,274.0,905.0,29.0,4381.0,3118.0,9.0,971.0,142.0,3116.0,6.0
728,0.7520757437226853,0.9324720969845244,293722.7238132487,13,263924.10724421573,269788.0901931152,-0.10145151924976414,-0.081487170312881,-0.08195548688299326,9.662246836635337,633,274,0.009450355019615296,0.181832332455603,0.11407827495463536,5863.982948900007,10461965.897800013,270691.85031923593,5230.982948900007,633.0,1902.0,4650.0,0.0,243.0,103.0,0.0,258,18.643476954317077,42.778283651183926,13.0,30.828947067260742,243.0,908.0,103.0,2100.0,169.0,982.0,67.75,2135.25,243.0,908.0,103.0,2100.0,950.0,16.0,958.0,120.0,1550.0,37.0
729,0.3728253736747189,0.1047680145334442,36871.43931199062,15,31943.6933095801,32467.28237348572,-0.1336466949585018,-0.11944629829171516,-0.11897983267556489,3.792243991542572,290,135,0.005719267010933327,0.16599002237392194,0.08611394325248799,523.5890639056204,467178.127811241,30798.26409199523,233.58906390562052,290.0,2089.0,5471.0,0.0,68.0,72.0,0.0,123,56.7545481066348,77.62491703513234,44.25288391113281,52.5,68.0,508.0,72.0,1197.0,54.25,521.75,45.5,1223.5,68.0,508.0,72.0,1197.0,1271.0,14.0,977.0,33.0,1719.0,24.0
730,0.18665321697146875,0.7512839595360917,19518.41429180197,28,15447.456690909255,17378.78356598375,-0.20857009898609336,-0.10962113488475844,-0.11258828361046369,11.843886618626234,1531,594,0.005065028152806108,0.17012730043702604,0.05079088484485534,1931.3268750745328,800653.7501490687,16900.148066470094,400.3268750745343,1531.0,6004.0,8087.0,0.0,461.0,448.0,0.0,430,22.760893286706633,28.57065535899248,17.0,21.0,461.0,4633.0,448.0,6480.0,324.25,4769.75,309.0,6619.0,461.0,4633.0,448.0,6480.0,1218.0,71.0,2917.0,225.0,2670.0,146.0
731,0.7169167194187238,0.779622382211053,52332.525511857064,15,49819.84213137831,51264.26835273313,-0.04801379937051675,-0.020412872275424543,-0.02084212141300157,7.854725503047746,646,287,0.0065758942326236795,0.17460953332331186,0.1171956654293055,1444.4262213549096,1596852.442709819,50824.57821378409,798.4262213549094,646.0,2410.0,5141.0,0.0,255.0,89.0,0.0,245,22.54522277275663,55.50080006542267,17.0,40.29497146606445,255.0,1080.0,89.0,2249.0,175.0,1160.0,67.75,2270.25,255.0,1080.0,89.0,2249.0,1038.0,16.0,1401.0,158.0,1704.0,19.0
732,0.8499004419905799,0.35167047642353577,93013.24593127175,18,84661.49130105006,85628.34584064853,-0.08979102434929398,-0.07939621950275755,-0.07983568941174024,3.4094980212341195,377,171,0.00433740092246182,0.17311999904992403,0.09012980841229733,966.8545395984696,1179709.0791969409,86501.66914966615,589.8545395984704,377.0,2145.0,6923.0,0.0,156.0,32.0,0.0,150,50.20585651023031,129.16688394761823,28.5,69.97972869873047,156.0,700.0,32.0,1811.0,103.25,752.75,19.25,1823.75,156.0,700.0,32.0,1811.0,1658.0,9.0,1336.0,94.0,2620.0,8.0
733,0.594456374458014,0.7504832832521235,96190.65520147438,12,91350.19147168116,93538.43294412018,-0.0503215589877698,-0.02757255631328248,-0.027251720654287603,9.003964310372341,558,244,0.01320597318139272,0.18551828160181424,0.11687083105789292,2188.241472439223,3260482.944878446,90529.09453235091,1630.2414724392231,558.0,2150.0,3898.0,0.0,189.0,113.0,0.0,233,21.93210555083289,47.23611657723257,15.0,31.0,189.0,878.0,113.0,1616.0,129.75,937.25,81.25,1647.75,189.0,878.0,113.0,1616.0,681.0,20.0,997.0,87.0,1204.0,36.0
734,0.031159793424017757,0.01987310303459955,15596.145917822407,24,13675.390448525666,14163.309175629562,-0.12315577703731329,-0.09187120649823355,-0.09199945208811311,3.363788224939079,394,161,0.004297543290599207,0.17439296832106083,0.054807583851422,487.9187271039126,187837.45420782515,13960.261589537718,93.91872710391257,394.0,5865.0,6211.0,0.0,102.0,107.0,0.0,165,84.90858917020469,92.15316053880218,59.5,72.0,102.0,1794.0,107.0,1951.0,64.5,1831.5,77.5,1980.5,102.0,1794.0,107.0,1951.0,1080.0,14.0,2614.0,51.0,1787.0,34.0
735,0.30150543817069164,0.37580259741727307,15185.811324410262,13,13470.955347117568,14046.469890723358,-0.11292488367323306,-0.07502670811242618,-0.0745833057641051,6.239920646101099,407,179,0.008099099549521125,0.174209331235106,0.10838966736615807,575.5145436058089,337029.08721161797,13502.939633623564,168.514543605809,407.0,2537.0,4006.0,0.0,115.0,100.0,0.0,177,50.85145578928662,45.94506719593329,32.0,35.5,115.0,847.0,100.0,1234.0,80.5,881.5,68.75,1265.25,115.0,847.0,100.0,1234.0,782.0,20.0,1282.0,57.0,1371.0,35.0
736,0.8377113245539264,0.8522123397912479,10182.35647491571,19,9943.423777628466,10777.43395934805,-0.023465363629318614,0.05844202036123147,0.06359895655232162,7.563109434497059,688,263,0.007463038208445931,0.16625706482474648,0.06984964497999897,834.0101817195998,292020.36343920033,9652.78785029968,146.01018171960015,688.0,2540.0,6999.0,0.0,325.0,81.0,0.0,272,25.74705117965741,75.7006612568939,15.0,62.0,325.0,1291.0,81.0,3448.0,223.25,1392.75,51.75,3477.25,325.0,1291.0,81.0,3448.0,1542.0,17.0,1262.0,161.0,2261.0,27.0
737,0.8009669886859989,0.3350958848383385,348664.2307793562,20,306603.5487224846,309603.83821025194,-0.12063377411228826,-0.11202867722276533,-0.11242102693876632,4.042445334052727,454,204,0.005822617643231198,0.17498374707932068,0.07840118935235688,3000.289487767509,5092578.975535025,314944.20794241724,2546.2894877675126,454.0,2674.0,7406.0,0.0,172.0,58.0,0.0,178,41.84436447579693,108.4697339527895,26.0,79.6707763671875,172.0,964.0,58.0,2366.0,120.5,1015.5,40.75,2383.25,172.0,964.0,58.0,2366.0,1715.0,13.0,1645.0,106.0,2517.0,20.0
738,0.4065541833878853,0.40426575944753496,191217.68891225662,28,176977.340235632,180530.3742759802,-0.07447192128317714,-0.055890826298922947,-0.05582764878187019,7.355010315178677,949,406,0.003892339225993615,0.16871280087945714,0.050107211931530435,3553.034040348546,5208068.080697093,177024.49954247862,2604.0340403485466,949.0,5199.0,8912.0,0.0,312.0,203.0,0.0,329,35.650917566951755,45.74335822394677,27.0,32.01157760620117,312.0,3222.0,203.0,5474.0,216.0,3318.0,139.0,5538.0,312.0,3222.0,203.0,5474.0,1716.0,35.0,2368.0,142.0,3018.0,83.0
739,0.9305458700017439,0.37103012238958977,122196.24763570918,13,121530.28691125507,122739.54286644736,-0.00544992777879294,0.004446087676585941,0.004748888358744097,3.9074269889212783,305,138,0.006664410669967127,0.18059687437317215,0.11346150918815885,1209.2559551923569,1808511.9103847127,115709.89781206302,904.2559551923564,305.0,1711.0,4841.0,0.0,140.0,14.0,0.0,136,39.24504414169317,79.36042115023335,23.5,49.5,140.0,448.0,14.0,1166.0,96.25,491.75,10.25,1169.75,140.0,448.0,14.0,1166.0,1138.0,2.0,1023.0,80.0,1493.0,3.0
740,0.7928846657116889,0.4705093128693729,120443.1759010727,10,104671.3041409157,105929.68699729224,-0.13094865393711796,-0.12050071575413512,-0.12076592865815194,4.694203505110157,274,132,0.005768984521812117,0.19039716103331808,0.15205711564348406,1258.382856376639,1968765.7127532791,104850.89273452146,984.3828563766396,274.0,1179.0,3861.0,0.0,98.0,34.0,0.0,117,39.04383027365515,76.07218355326928,27.257543563842773,56.4136962890625,98.0,306.0,34.0,732.0,63.0,341.0,21.75,744.25,98.0,306.0,34.0,732.0,923.0,11.0,686.0,58.0,1372.0,14.0
741,0.47147420827021413,0.3984792967095967,104176.85271794346,21,101428.61979455155,103470.64828143173,-0.026380456422816834,-0.006778899708400399,-0.006397006811794892,6.7667279384316545,699,300,0.006400417590340249,0.17255026102344406,0.0815397915975448,2042.0284868803947,2686056.9737607916,99237.65955275524,1343.0284868803958,699.0,3737.0,6847.0,0.0,227.0,151.0,0.0,269,35.82793415555411,49.1740586730482,28.0,36.112709045410156,227.0,1914.0,151.0,3357.0,155.75,1985.25,104.75,3403.25,227.0,1914.0,151.0,3357.0,1416.0,37.0,1865.0,119.0,1959.0,48.0
742,0.19081817194679584,0.1128245112196663,12839.221896297113,6,11730.001689366898,11968.301131474595,-0.08639310200333239,-0.06783283066972268,-0.06784288286416551,4.312852203054441,136,64,0.008588125527900121,0.20077145892405288,0.19979555712646,238.29944210770887,204598.88421541773,11859.836285980136,102.29944210770887,136.0,1253.0,1745.0,0.0,37.0,29.0,0.0,63,49.14358404245249,59.9604621454109,33.0,54.55262756347656,37.0,122.0,29.0,189.0,23.0,136.0,22.25,195.75,37.0,122.0,29.0,189.0,346.0,6.0,333.0,12.0,510.0,7.0
743,0.18159210919204993,0.45252503489176,134931.50287494535,11,116924.84994985713,119756.17903953961,-0.1334503251014465,-0.11246687031619473,-0.11299089020077902,9.468320692904115,537,250,0.006628839474150223,0.1755483403945557,0.13691848420094224,2831.329089682719,4588658.1793654375,121158.18443930442,2294.329089682719,537.0,2419.0,3125.0,0.0,143.0,133.0,0.0,219,26.500896317977062,33.20344862887794,17.0,20.329998016357422,143.0,921.0,133.0,1212.0,100.75,963.25,97.75,1247.25,143.0,921.0,133.0,1212.0,447.0,12.0,977.0,56.0,755.0,33.0
744,0.4047316748001857,0.6779646042348665,11209.711212394766,17,9490.131355196536,10392.420536088286,-0.15340090610870172,-0.07290916427916427,-0.07319804283763254,9.0703756560487,723,292,0.008536031178721879,0.17111079716834318,0.08426813414306857,902.2891808917768,358578.3617835527,9883.227977014103,179.28918089177634,723.0,2911.0,5627.0,0.0,229.0,185.0,0.0,287,26.777909648566663,41.332516449634674,18.0,31.0,229.0,1534.0,185.0,2914.0,167.0,1596.0,124.0,2975.0,229.0,1534.0,185.0,2914.0,1086.0,43.0,1475.0,109.0,1597.0,51.0
745,0.2847826266760548,0.29157306665129334,260902.68890776925,7,207883.9598818534,210729.21951377662,-0.20321265851214854,-0.19230721463253786,-0.19331806676884833,5.708609907154846,224,103,0.015551564789077675,0.1894256431177426,0.18282697141303975,2845.259631923542,5242519.263847083,229588.26006294493,2621.2596319235413,224.0,1457.0,2071.0,0.0,53.0,61.0,0.0,102,41.44864508323173,44.90508991481148,28.0,34.0,53.0,249.0,61.0,351.0,37.75,264.25,38.25,373.75,53.0,249.0,61.0,351.0,305.0,7.0,582.0,22.0,592.0,20.0
746,0.8290710481910364,0.7011414029767851,121744.39309153457,24,113657.00426365726,115796.43909797992,-0.06642925084686846,-0.04885608152058907,-0.048467457762993105,6.178138594317425,777,332,0.004981291415376917,0.17690515417844765,0.07301325448194529,2139.4348343228808,2724869.6686457624,110262.56642866766,1362.4348343228812,777.0,3108.0,8984.0,0.0,349.0,72.0,0.0,297,33.57719451647701,70.48925432315711,20.25494956970215,59.0,349.0,1753.0,72.0,4951.0,244.5,1857.5,49.25,4973.75,349.0,1753.0,72.0,4951.0,2132.0,21.0,1887.0,203.0,2850.0,26.0
747,0.5176678816319066,0.4663588635742195,23679.575857654905,18,20038.72495564673,20956.356473560925,-0.1537549035461797,-0.11500287844951596,-0.11549456103734634,6.826147732614996,635,279,0.005623723836906872,0.1798728164555148,0.08301644038416944,917.6315179142306,565263.0358284608,20702.124315580735,282.6315179142304,635.0,3354.0,5691.0,0.0,209.0,129.0,0.0,258,31.077844583969654,49.66588898052955,23.0,36.0,209.0,1680.0,129.0,2614.0,147.0,1742.0,95.0,2648.0,209.0,1680.0,129.0,2614.0,1098.0,30.0,1770.0,122.0,1772.0,41.0
748,0.16230793488779482,0.0662146963022977,11020.387587480813,9,10399.671148542606,10619.485543678587,-0.05632437462030304,-0.03637821633947347,-0.035660689322776995,3.1575149531416957,156,72,0.006932972469550659,0.16814562751694598,0.1580188510988065,219.81439513598917,127628.79027197817,10105.161192110018,63.81439513598909,156.0,1884.0,2644.0,0.0,36.0,39.0,0.0,70,54.17084865505226,101.14680207929125,40.5,75.0,36.0,216.0,39.0,338.0,26.5,225.5,29.0,348.0,36.0,216.0,39.0,338.0,544.0,7.0,678.0,20.0,709.0,6.0
749,0.47545521188201645,0.3107855894152892,78734.49313461596,30,74124.33203471199,75816.55547041359,-0.05855325812565737,-0.037060474361769735,-0.036589741884065274,5.817697683149434,847,358,0.004803693093822994,0.16817916785121365,0.05093561098188899,1692.223435701724,1690446.8714034462,72642.43363400055,845.2234357017231,847.0,5594.0,9526.0,0.0,284.0,175.0,0.0,304,40.821090326143064,61.296363131419454,28.079214096069336,49.03213882446289,284.0,3234.0,175.0,5427.0,195.25,3322.75,118.0,5484.0,284.0,3234.0,175.0,5427.0,1874.0,35.0,2513.0,128.0,2920.0,52.0
750,0.7679582956918245,0.7347717807287067,101256.02494803697,26,91839.93944723187,93805.120228735,-0.09299284171620692,-0.0735848037005764,-0.0742640496709348,6.022297724201886,824,340,0.004059948183818173,0.1700728873597647,0.07130391492082436,1965.18078150335,2282361.5630067005,94746.29400314039,1141.1807815033503,824.0,3176.0,9924.0,0.0,327.0,131.0,0.0,292,33.38323142288432,61.734697514942866,23.0,48.150997161865234,327.0,1929.0,131.0,5204.0,221.0,2035.0,91.75,5243.25,327.0,1929.0,131.0,5204.0,2161.0,31.0,1738.0,183.0,2897.0,38.0
751,0.21364019262797418,0.07126383468565645,42380.05284617441,22,35618.70872535629,36347.054207948415,-0.1595407194360885,-0.14235467473633856,-0.14321186368206806,3.6814085883758487,450,214,0.004008463551030995,0.17754308456961476,0.07687208464398611,728.3454825921559,556690.965184312,37804.2094364423,278.345482592156,450.0,4643.0,6445.0,0.0,105.0,109.0,0.0,173,56.13471210627237,68.20935665609206,38.0,54.00007247924805,105.0,1524.0,109.0,2068.0,71.25,1557.75,79.5,2097.5,105.0,1524.0,109.0,2068.0,1267.0,14.0,2608.0,59.0,1747.0,28.0
752,0.8289902269544136,0.015245565834385633,16794.17525476046,17,15136.585110231545,15396.01586881782,-0.09870030051395684,-0.08325263758018231,-0.08343011819764046,2.2397357486026706,192,86,0.005525799375232903,0.16684442943465827,0.08104567754703298,259.4307585862876,134861.51717257506,15053.284439549694,67.43075858628752,192.0,2171.0,6362.0,0.0,75.0,14.0,0.0,79,96.12992329395195,204.65695611232871,64.30188751220703,242.31134033203125,75.0,369.0,14.0,882.0,47.75,396.25,10.0,886.0,75.0,369.0,14.0,882.0,1538.0,2.0,1053.0,32.0,2117.0,2.0
753,0.4212751787361978,0.9948483322334936,68245.17879572327,7,62923.16888550968,64840.65569711321,-0.07798367597722677,-0.049886646334398876,-0.04978093000245676,11.600516418171168,448,197,0.014161096905088398,0.1876669787701248,0.2102528764356708,1917.4868116036944,2938973.623207391,63337.12908254137,1469.4868116036955,448.0,1418.0,2110.0,0.0,146.0,98.0,0.0,199,18.004975121405415,24.23510159605698,14.306854248046875,17.0,146.0,448.0,98.0,701.0,97.0,497.0,64.0,735.0,146.0,448.0,98.0,701.0,337.0,17.0,734.0,75.0,742.0,31.0
754,0.7962821166382795,0.7310023495995275,476418.8748852174,28,409195.8945838204,415413.0538797105,-0.1411005815367682,-0.1280508061738841,-0.12850122312052026,6.3147123116509,913,385,0.003234666997261467,0.1704056436769275,0.050110225977075575,6217.15929589049,10608318.591780988,419984.2395119177,5304.159295890494,913.0,3538.0,10574.0,0.0,379.0,121.0,0.0,292,28.504775376123295,65.66227559947394,19.0,53.0,379.0,1999.0,121.0,5677.0,265.75,2112.25,88.0,5710.0,379.0,1999.0,121.0,5677.0,2290.0,38.0,1899.0,202.0,3695.0,32.0
755,0.7620072289372826,0.9913124973199056,438826.99733557773,24,415247.63279528805,424050.5847515033,-0.05373271171431182,-0.03367252396455156,-0.03349302064639981,9.351108201871423,1074,441,0.00498340767488636,0.17376889527933367,0.0606449259648849,8802.95195621608,15457903.912432194,413263.95702860726,7728.951956216097,1074.0,3584.0,8512.0,0.0,439.0,170.0,0.0,353,26.144010021256015,43.85253462224874,16.0,30.5,439.0,2324.0,170.0,5539.0,304.25,2458.75,114.0,5595.0,439.0,2324.0,170.0,5539.0,1689.0,35.0,1647.0,214.0,2760.0,65.0
756,0.7555504925188111,0.771640770601907,51902.561069153875,6,43155.28475127091,44096.41457390762,-0.1685326530655833,-0.15040002524818596,-0.15233570152633769,7.246142616569162,246,115,0.016889951214991823,0.18266987382611508,0.22323753013533795,941.1298226367998,1390259.6452735995,47965.50795503964,695.1298226367998,246.0,902.0,2122.0,0.0,85.0,40.0,0.0,113,22.42421724161611,35.48999949488035,15.652174949645996,33.52602005004883,85.0,203.0,40.0,350.0,53.5,234.5,28.5,361.5,85.0,203.0,40.0,350.0,354.0,10.0,414.0,41.0,862.0,13.0
757,0.14236015308361583,0.4009915753560209,18512.064554398195,27,14209.057476990014,15369.527975724193,-0.23244339197087827,-0.1697561376495622,-0.1737366539045273,7.143827721446422,936,359,0.00685309703395367,0.17136219526036253,0.053259657980536584,1160.4704987341963,448940.9974683913,15710.800112124398,224.47049873419567,936.0,5326.0,8245.0,0.0,261.0,290.0,0.0,337,36.810598292502476,46.51741534854944,24.0,37.23412322998047,261.0,3324.0,290.0,5201.0,173.75,3411.25,193.75,5297.25,261.0,3324.0,290.0,5201.0,1428.0,50.0,2950.0,144.0,2753.0,95.0
758,0.6252470380124103,0.4880633865741333,421265.7626086057,13,447558.7995580998,453704.4049116743,0.06241436946282941,0.0770027977165737,0.0775388586638619,6.633240010922652,451,198,0.009305383133062693,0.1797493941242935,0.13093775159520354,6145.605353575149,11389210.707150295,429247.6485245598,5694.605353575148,451.0,2471.0,4081.0,0.0,178.0,62.0,0.0,192,29.954136801731444,51.914535962228804,22.0,27.5,178.0,953.0,62.0,1303.0,118.25,1012.75,41.0,1324.0,178.0,953.0,62.0,1303.0,822.0,10.0,1260.0,97.0,1111.0,14.0
759,0.31869623573432604,0.8578033272368792,21145.461112119294,23,19021.571074400486,20771.90266771004,-0.10044188804667509,-0.01766612903017528,-0.015401502375454679,11.886200321846669,1291,493,0.0064195224456476945,0.16841026652460536,0.06485897346492232,1750.3315933096071,918663.1866192112,19322.05334220056,459.33159330960564,1291.0,4918.0,6667.0,0.0,460.0,315.0,0.0,394,21.833151766332836,29.387042110313836,15.0,20.4990291595459,460.0,3484.0,315.0,4797.0,310.0,3634.0,220.5,4891.5,460.0,3484.0,315.0,4797.0,1121.0,62.0,2658.0,238.0,2076.0,102.0
760,0.7185401384991862,0.37998660990675936,54030.76119235453,25,50584.197893470046,51814.11734232214,-0.06378890881463606,-0.041025589888340264,-0.04097141487727518,5.379010245555885,686,290,0.004154390661113982,0.17287070841726906,0.0666850322933195,1229.9194488522005,1087838.8977044015,50559.43603208273,543.9194488522007,686.0,4184.0,8413.0,0.0,272.0,99.0,0.0,259,37.315408701615624,90.41768569481283,23.554609298706055,70.0,272.0,2058.0,99.0,4044.0,189.0,2141.0,65.0,4078.0,272.0,2058.0,99.0,4044.0,1848.0,17.0,2289.0,146.0,2779.0,26.0
761,0.694748262931846,0.8375734661027624,16434.292424323277,17,12569.765085343068,13547.55385341351,-0.23515021147248094,-0.17565335314572483,-0.18000581274016791,8.97794329998803,725,298,0.007609210161667209,0.17210810706484644,0.08825108900288565,977.788768070482,505577.53614096344,14078.32281981658,252.78876807048172,725.0,2565.0,5980.0,0.0,284.0,126.0,0.0,277,24.68857803614261,49.9543393961221,17.343862533569336,39.0,284.0,1285.0,126.0,3004.0,193.0,1376.0,93.75,3036.25,284.0,1285.0,126.0,3004.0,1157.0,27.0,1452.0,147.0,1945.0,50.0
762,0.14868706860424064,0.2642763833376697,331650.13943590864,9,330538.72202776663,334798.94987918425,-0.0033511742525794697,0.009494373946687729,0.009704634356183295,6.018126379845375,328,159,0.009706191091005652,0.1850739925961351,0.2021675908945917,4260.2278514181135,7864455.702836228,326698.6768994327,3932.227851418114,328.0,2120.0,2416.0,0.0,90.0,70.0,0.0,144,32.67907916648437,40.59564428609521,22.0,31.589069366455078,90.0,531.0,70.0,605.0,65.5,555.5,47.5,627.5,90.0,531.0,70.0,605.0,414.0,13.0,1281.0,42.0,574.0,11.0
763,0.12545739595987815,0.7451882177417797,11544.492319019728,5,10308.26472611214,10701.370518476304,-0.10708375550398896,-0.07303238438249626,-0.07356487613171303,7.442165281420709,234,110,0.013103719597623891,0.19408800561032882,0.2660662655439063,393.1057923641814,318211.58472836274,10689.482586565726,159.10579236418138,234.0,1096.0,1424.0,0.0,59.0,60.0,0.0,104,31.542793180594394,33.196745729859195,23.172170639038086,28.17989730834961,59.0,177.0,60.0,224.0,39.25,196.75,41.75,242.25,59.0,177.0,60.0,224.0,182.0,4.0,536.0,34.0,464.0,15.0
764,0.4858818046780943,0.7981335675064467,19975.803379910223,6,17596.12116384108,18226.020342623684,-0.11912823583668253,-0.08759512716501339,-0.08708593447701307,9.363358678063102,304,143,0.012979216258150046,0.19023632715009262,0.23677293152615095,629.8991787826442,651798.357565288,17402.899428929024,325.899178782644,304.0,983.0,2036.0,0.0,84.0,71.0,0.0,145,24.638080321775956,30.325870174487534,16.499961853027344,24.41256332397461,84.0,245.0,71.0,469.0,58.25,270.75,47.75,492.25,84.0,245.0,71.0,469.0,362.0,17.0,506.0,43.0,704.0,24.0
765,0.11328306993132675,0.2803563036673131,54996.73203875142,24,55750.71583141469,57216.57894966322,0.01370961082073019,0.04036325120822948,0.04115277499304959,6.6238190190241815,739,321,0.005847161118836557,0.17197419019833587,0.05983877168843556,1465.86311824861,1453726.2364972169,54867.37455846806,726.8631182486084,739.0,5795.0,6295.0,0.0,202.0,192.0,0.0,277,40.38548142886745,48.705337704099485,31.0,42.0,202.0,2982.0,192.0,3269.0,143.75,3040.25,130.75,3330.25,202.0,2982.0,192.0,3269.0,1131.0,36.0,2637.0,81.0,1845.0,61.0
766,0.9109025544972092,0.43030383015378126,276347.0657194158,23,240487.8442860539,242511.60126303675,-0.12976154221145564,-0.12243829826198804,-0.12282069822336172,3.2629389464530454,400,182,0.005228475126287528,0.18336417745578507,0.07642063058554688,2023.75697698305,3247513.9539661026,248818.16724584208,1623.7569769830513,400.0,1942.0,9649.0,0.0,156.0,39.0,0.0,157,44.17564582136224,126.8721183851044,27.0,109.0,156.0,627.0,39.0,2788.0,105.75,677.25,22.5,2804.5,156.0,627.0,39.0,2788.0,2480.0,8.0,1234.0,88.0,3081.0,10.0
767,0.12340875995896528,0.8049311610625439,414774.760630139,16,414213.18077475275,424347.0516812752,-0.0013539393152395274,0.023078287204828296,0.02466598576216339,11.743995073202134,942,405,0.007328273755411431,0.1778178471943837,0.10115177792639087,10133.870906523302,18383741.813046638,391343.4418708867,9191.87090652332,942.0,3695.0,4369.0,0.0,264.0,257.0,0.0,341,26.43277371023962,21.981301248463343,18.31551742553711,16.071191787719727,264.0,2275.0,257.0,2660.0,183.25,2355.75,179.75,2737.25,264.0,2275.0,257.0,2660.0,608.0,31.0,2000.0,144.0,1354.0,76.0
768,0.7690626186283035,0.6798337665504817,55052.39523019685,16,51252.500440965894,52542.41878700517,-0.06902324182884367,-0.04559250206455934,-0.044520723455050204,7.2849120452274665,578,249,0.008314030671561142,0.17205253053340863,0.1049331756448275,1289.9183460393517,1423836.6920787035,48862.5217174549,711.9183460393518,578.0,2382.0,5682.0,0.0,221.0,92.0,0.0,222,31.5252501772321,57.341585840174524,18.0,47.107112884521484,221.0,1047.0,92.0,2192.0,153.5,1114.5,61.75,2222.25,221.0,1047.0,92.0,2192.0,1081.0,13.0,1341.0,134.0,1932.0,32.0
769,0.9634984312051507,0.3192581699167951,145582.43488653284,14,127108.62171220344,127890.42516807838,-0.12689589364766363,-0.12152571656219124,-0.12178660708495792,2.2404075083930146,200,95,0.0044340975667856615,0.18311723595678092,0.1135151142867622,781.803455875016,1163606.9117500328,129843.22131028937,581.8034558750164,200.0,1322.0,5734.0,0.0,85.0,6.0,0.0,78,88.7185209671304,120.76441378297763,39.0,126.55654907226562,85.0,222.0,6.0,779.0,51.5,255.5,4.5,780.5,85.0,222.0,6.0,779.0,1481.0,4.0,727.0,48.0,1950.0,3.0
770,0.8207426671392559,0.548299664793155,11409.952102296518,6,10666.149326166182,10892.052161430176,-0.06518894816224763,-0.04539019412378631,-0.045140428403044885,4.163880941040904,139,66,0.006880219604142701,0.19423415495626878,0.2104262428853453,225.9028352640039,173805.67052800764,10435.317014885577,86.90283526400383,139.0,682.0,2342.0,0.0,53.0,14.0,0.0,65,32.38020819421135,94.89893549926244,20.0,45.94662857055664,53.0,78.0,14.0,245.0,38.25,92.75,11.0,248.0,53.0,78.0,14.0,245.0,610.0,6.0,444.0,34.0,928.0,9.0
771,0.23548816904660796,0.1533839987448944,38153.59991329844,23,33728.36137834079,34614.3203819147,-0.11598482305768565,-0.09276397350254029,-0.09284521971569137,4.944405636984473,548,247,0.003110120961108127,0.17808396579739377,0.05996317068242307,885.959003573952,675918.0071479037,34175.89781125528,337.95900357395186,548.0,4429.0,7163.0,0.0,138.0,140.0,0.0,213,45.82914494994029,67.10664897114009,29.182998657226562,56.0,138.0,1795.0,140.0,2826.0,100.0,1833.0,96.0,2870.0,138.0,1795.0,140.0,2826.0,1411.0,30.0,2180.0,62.0,2180.0,43.0
772,0.5955904320530631,0.6975843892150696,403544.13132362836,24,370622.08194874396,378057.88007918524,-0.081582277672828,-0.06315604481930637,-0.06284211589161004,8.773274288854688,1035,440,0.004934084339245684,0.16833640031251756,0.06556207475999357,7435.798130442304,12801596.26088462,364789.582526429,6400.79813044231,1035.0,3844.0,8252.0,0.0,372.0,199.0,0.0,338,25.15324248347657,42.680032374335795,17.0,29.391639709472656,372.0,2379.0,199.0,5162.0,261.25,2489.75,138.5,5222.5,372.0,2379.0,199.0,5162.0,1518.0,40.0,1944.0,184.0,2527.0,62.0
773,0.10252850080055098,0.40287305280939556,26726.034216697637,10,20808.68571548815,21599.120262932574,-0.22140765267420415,-0.19183220047521743,-0.19364496401654996,8.541167960792917,408,186,0.00487944116662691,0.18419527427642132,0.14804666732886726,790.4345474444658,764869.0948889321,22387.71964208996,382.43454744446603,408.0,2082.0,2955.0,0.0,97.0,115.0,0.0,171,29.991778537399156,31.075801950648508,21.0,21.435121536254883,97.0,609.0,115.0,887.0,70.25,635.75,89.25,912.75,97.0,609.0,115.0,887.0,419.0,17.0,1039.0,51.0,825.0,32.0
774,0.6085696920955667,0.32189329644434983,47227.15054525843,29,39846.97526760541,40863.1288722451,-0.15626975569022516,-0.13475345430621744,-0.13599993169637103,4.428011745152178,642,266,0.00414633582115502,0.17763465952418372,0.05334237532193614,1016.1536046397242,748307.2092794497,42248.48828024803,374.15360463972485,642.0,4352.0,10253.0,0.0,228.0,120.0,0.0,252,46.871656729642304,72.06230662280501,34.0,55.5,228.0,2194.0,120.0,4762.0,153.0,2269.0,77.5,4804.5,228.0,2194.0,120.0,4762.0,2278.0,26.0,2393.0,127.0,3380.0,42.0
775,0.627549353985257,0.8560971268029933,233280.26429704015,12,201760.97474124146,206573.40013726652,-0.13511339954444057,-0.11448402735761343,-0.11515328844461126,10.010364711966782,610,265,0.01020853002739264,0.17962161096909693,0.1182197456790939,4812.425396025492,8404850.792050986,209903.7106511089,4202.425396025493,610.0,1945.0,4103.0,0.0,226.0,107.0,0.0,241,18.767471961460704,37.273193313018,13.552724838256836,34.62226486206055,226.0,840.0,107.0,1719.0,152.75,913.25,76.5,1749.5,226.0,840.0,107.0,1719.0,681.0,20.0,1004.0,100.0,1250.0,38.0
776,0.13068442940040703,0.11926741834852062,119909.10121391424,24,115783.42072850012,117059.48255161183,-0.034406733464326766,-0.023764823799477752,-0.023404800577969898,3.6419772420502294,461,202,0.006258473551798811,0.1679141129244482,0.06851909127280938,1276.0618231118563,1630123.6462237139,111898.25868502994,815.0618231118569,461.0,4761.0,7325.0,0.0,113.0,122.0,0.0,197,74.44695041371922,84.85272702527519,49.0,68.41007995605469,113.0,1786.0,122.0,2704.0,78.25,1820.75,80.75,2745.25,113.0,1786.0,122.0,2704.0,1442.0,32.0,2200.0,56.0,2018.0,33.0
777,0.9958062920098518,0.4386947513998698,121417.10789034038,19,112659.67737539792,113431.20500508693,-0.07212682518226232,-0.06577246834495543,-0.06613588015122673,2.361248387000286,236,113,0.002390719211486551,0.18131870037220002,0.06793112229692586,771.5276296889972,1071055.2593779948,113399.25791740362,535.5276296889974,236.0,1185.0,8391.0,0.0,103.0,1.0,0.0,75,66.71492759691564,299.2472767667527,23.0,299.2472839355469,103.0,385.0,1.0,936.0,71.5,416.5,1.0,936.0,103.0,385.0,1.0,936.0,2246.0,1.0,603.0,52.0,2800.0,0.0
778,0.28721118057569694,0.07853834600859966,12905.576442767568,8,13098.457579393073,13329.147808905353,0.014945565390346971,0.03282080176861535,0.03453836003088906,3.282882732095323,152,71,0.00738125461906597,0.18197032806380767,0.174363880310948,230.69022951228808,157380.4590245764,11984.928481143708,78.69022951228821,152.0,1771.0,2229.0,0.0,40.0,33.0,0.0,70,52.53808759789585,83.98761338135205,46.48367691040039,80.0,40.0,230.0,33.0,255.0,28.25,241.75,20.0,268.0,40.0,230.0,33.0,255.0,458.0,7.0,816.0,20.0,478.0,7.0
779,0.25581940328914543,0.7931404002615955,12001.224195832881,17,9125.323140175946,10190.323634005852,-0.239633974728638,-0.15089298660513473,-0.15262950522189433,10.380316300343486,861,344,0.009480129571667445,0.17379115535008022,0.08606230020772541,1065.0004938299332,408000.98765986646,9826.31395457491,204.00049382993322,861.0,3297.0,5232.0,0.0,256.0,244.0,0.0,323,24.34931143050048,33.066771671307414,16.0,26.5,256.0,1956.0,244.0,3014.0,184.0,2028.0,168.25,3089.75,256.0,1956.0,244.0,3014.0,808.0,40.0,1763.0,135.0,1794.0,75.0
780,0.6332250140968628,0.26823835288770104,140758.94488798047,5,110728.19624389587,111760.10488445398,-0.21334877629257465,-0.20601774208100598,-0.20628317561395904,3.972909002032625,126,62,0.007693932183606528,0.2023457266659741,0.3135564400278155,1031.9086405581786,1811817.281116357,114010.74629379837,905.9086405581786,126.0,773.0,1747.0,0.0,40.0,19.0,0.0,59,37.70765395752394,68.36103016533808,17.5,60.0,40.0,75.0,19.0,161.0,27.25,87.75,12.0,168.0,40.0,75.0,19.0,161.0,373.0,10.0,609.0,28.0,860.0,9.0
781,0.9024124576385749,0.939963462591223,52959.347553603795,11,50248.81096205032,51303.751572214,-0.05118145741523639,-0.031261638556140614,-0.031008987326786586,7.031462130718237,376,165,0.008915387558809548,0.19041373965754824,0.14150517086611478,1054.9406101637624,1357881.2203275254,48278.76461125245,678.9406101637627,376.0,1130.0,4414.0,0.0,166.0,34.0,0.0,153,30.58967140164071,78.86333725630196,16.930988311767578,51.22862243652344,166.0,356.0,34.0,1127.0,110.75,411.25,25.25,1135.75,166.0,356.0,34.0,1127.0,1075.0,7.0,606.0,83.0,1437.0,17.0
782,0.0072355031026023475,0.6199741942922057,113885.91882908397,12,98108.4558010809,100534.44381105334,-0.13853743456802015,-0.11723552090814726,-0.11729472449108624,9.254194191950566,597,256,0.011302405069440111,0.1822070360177584,0.13245648066623575,2425.988009972698,3657976.0199453984,98819.409450235,1828.9880099726993,597.0,2694.0,3354.0,0.0,150.0,179.0,0.0,250,25.26683719166336,28.903765568251742,17.5,22.0,150.0,1194.0,179.0,1477.0,107.0,1237.0,114.75,1541.25,150.0,1194.0,179.0,1477.0,608.0,27.0,1419.0,84.0,1007.0,55.0
783,0.11288613337458542,0.2534428222629447,10590.65468511165,28,9049.058165805813,9879.222382920032,-0.14556196619959816,-0.06717547907512755,-0.0651817207894192,5.552958790752402,728,268,0.008270624906090361,0.17164694703079383,0.04784346684653934,830.1642171142299,204328.43422845835,9199.07935246773,102.16421711422917,728.0,5924.0,8007.0,0.0,208.0,224.0,0.0,295,46.87441600291364,71.1391053960501,31.0,53.0,208.0,3349.0,224.0,4380.0,145.25,3411.75,150.75,4453.25,208.0,3349.0,224.0,4380.0,1452.0,40.0,2139.0,79.0,2040.0,50.0
784,0.5671380950410965,0.6981206072151641,444060.0551781132,28,433615.9516437138,441910.34689552884,-0.02351957446433739,-0.004841030526202439,-0.0040662887712161755,8.541732095528085,1186,501,0.003995066425579244,0.17205465620865498,0.05195458125812104,8294.39525181537,14216790.503630742,416097.9981763231,7108.395251815371,1186.0,4897.0,9215.0,0.0,418.0,239.0,0.0,367,25.427708896380828,40.768600443686644,19.0,25.0,418.0,3422.0,239.0,6197.0,299.5,3540.5,165.5,6270.5,418.0,3422.0,239.0,6197.0,1781.0,48.0,2335.0,230.0,2893.0,70.0
785,0.907532301326085,0.5726182432047374,143839.47224488575,25,134361.32456742565,136021.3256021055,-0.06589392695576368,-0.05435327675194679,-0.05455874462857413,4.212294423120952,527,230,0.004053971065283606,0.17732842009320995,0.06070105451080993,1660.001034679837,2266002.0693596723,134487.39818148548,1133.001034679836,527.0,2578.0,10022.0,0.0,241.0,31.0,0.0,196,38.96703082920628,101.82052397073343,22.0,82.55545806884766,241.0,1056.0,31.0,3572.0,164.75,1132.25,21.25,3581.75,241.0,1056.0,31.0,3572.0,2527.0,7.0,1511.0,132.0,3058.0,13.0
786,0.4422674012336514,0.8117942491998312,51436.143561193014,6,52428.604079142235,53746.41385319859,0.019295002487278223,0.044915309198036324,0.0470038847207741,10.263311433518492,322,145,0.022128562603389846,0.17846338663296477,0.23737609888508854,1317.8097740564626,1991619.5481129242,48513.083740414,995.8097740564622,322.0,1189.0,1835.0,0.0,112.0,59.0,0.0,144,28.360677146778634,34.27799492361786,17.120750427246094,26.0,112.0,291.0,59.0,402.0,74.0,329.0,39.0,422.0,112.0,291.0,59.0,402.0,275.0,13.0,577.0,50.0,515.0,22.0
787,0.29922025124629614,0.6904506629318881,288327.6517717061,11,268249.5217860147,273739.0019073617,-0.069636505074404,-0.05059747053291841,-0.05038162510471289,9.374818993552976,520,227,0.010020641391442835,0.1884723242637202,0.14075252187415255,5489.48012134747,9938960.242694931,265044.05710472685,4969.480121347466,520.0,1950.0,3594.0,0.0,146.0,136.0,0.0,213,24.059737323621942,34.86852458598147,18.059114456176758,25.5,146.0,754.0,136.0,1307.0,105.75,794.25,87.25,1355.75,146.0,754.0,136.0,1307.0,601.0,16.0,1013.0,81.0,1164.0,44.0
788,0.5500843378974822,0.2355955449825876,14779.169552017669,17,14713.456033420412,15197.40210790886,-0.0044463606947581225,0.028298785964878004,0.03187742698753415,4.509484340791782,364,160,0.00606230270619867,0.1817204369121435,0.09363262072763517,483.94607448846165,239892.1489769225,13299.311564678916,119.94607448846125,364.0,2610.0,5949.0,0.0,120.0,67.0,0.0,156,42.10374309256426,69.01484988812487,25.0,42.0,120.0,746.0,67.0,1717.0,87.0,779.0,48.0,1736.0,120.0,746.0,67.0,1717.0,1380.0,15.0,1281.0,68.0,1831.0,19.0
789,0.03532855206333885,0.6391425937732471,77517.7071229653,24,68497.21485996319,71021.29421293945,-0.11636686117009387,-0.08380553490469822,-0.08449842435392074,9.637115893885492,1153,462,0.006419593484525991,0.17436325576429573,0.06299503906251608,2524.079352976444,2742158.705952889,71135.35668105641,1371.0793529764444,1153.0,5664.0,6428.0,0.0,304.0,363.0,0.0,367,30.508692368903297,29.194474585133044,22.032852172851562,23.19114112854004,304.0,3772.0,363.0,4366.0,202.75,3873.25,241.25,4487.75,304.0,3772.0,363.0,4366.0,909.0,69.0,2802.0,153.0,2206.0,113.0
790,0.152450090148332,0.74063795398305,227270.04793850068,18,213874.40258527087,219365.4322952335,-0.05894153442012151,-0.0347807188627256,-0.03465463545823333,10.528078961573364,953,390,0.008632624064929904,0.17275129610937573,0.08556382916492437,5491.029709963226,9076059.419926455,215520.31128027578,4538.029709963228,953.0,4018.0,5054.0,0.0,286.0,259.0,0.0,325,25.752846803609913,28.830685962049582,19.0,20.0,286.0,2288.0,259.0,3017.0,197.0,2377.0,173.25,3102.75,286.0,2288.0,259.0,3017.0,779.0,39.0,1907.0,142.0,1502.0,73.0
791,0.39439236496694663,0.7007111615777625,90629.02082279685,15,71939.85999271894,74135.43546717268,-0.20621607361973004,-0.18199010875195698,-0.1830114616302564,9.854041481362803,714,312,0.008283381687325645,0.1729999094993931,0.10540189047675318,2195.575474453884,2963150.948907769,75176.03194872,1481.5754744538845,714.0,2988.0,4570.0,0.0,225.0,162.0,0.0,278,24.571205235049394,32.62301365390895,18.0,23.0,225.0,1493.0,162.0,2289.0,156.0,1562.0,115.5,2335.5,225.0,1493.0,162.0,2289.0,813.0,31.0,1579.0,118.0,1464.0,56.0
792,0.9175538406634692,0.40574689707525435,13343.897662794947,21,12280.938559351716,12763.943092820353,-0.0796588171091076,-0.043462156607480984,-0.04208339639904102,3.77870746995193,394,162,0.006892783696801013,0.16686114525844573,0.08626395793177281,483.004533468644,178009.0669372875,11777.11349401916,89.00453346864376,394.0,2290.0,8200.0,0.0,187.0,24.0,0.0,168,45.297476805635604,137.41005254778878,24.0,114.0,187.0,751.0,24.0,2544.0,130.25,807.75,17.25,2550.75,187.0,751.0,24.0,2544.0,2040.0,6.0,1469.0,116.0,2394.0,6.0
793,0.5759252780280333,0.16152410655342175,13664.057504049306,23,12259.009521774999,12852.295805130776,-0.10282802029030724,-0.05940853942381075,-0.05969656870646589,4.440629447260033,482,210,0.006804413724363724,0.17530241437538133,0.05732892163406657,593.286283355799,222572.56671159941,12530.462705514172,111.28628335579971,482.0,3944.0,7607.0,0.0,156.0,93.0,0.0,208,57.90218578748558,82.50329233631616,36.5,70.0,156.0,1592.0,93.0,2925.0,113.0,1635.0,65.25,2952.75,156.0,1592.0,93.0,2925.0,1640.0,23.0,1701.0,64.0,2494.0,24.0
794,0.8269618063245435,0.3917360234208229,71645.54547343495,5,68923.96290379955,70155.1776648867,-0.03798676598316253,-0.02080196052245642,-0.02111457633486269,7.417664233227089,186,92,0.009504939773874116,0.2079380740098838,0.36136838332084203,1231.2147610872992,2090429.5221745986,70454.44011912183,1045.2147610872994,186.0,989.0,1531.0,0.0,71.0,18.0,0.0,87,32.870273696115035,42.118237360429326,22.634748458862305,15.0,71.0,135.0,18.0,211.0,49.0,157.0,13.25,215.75,71.0,135.0,18.0,211.0,306.0,3.0,649.0,47.0,532.0,7.0
795,0.08070548808004274,0.4396254709143055,63224.89272659529,20,57685.85681453824,59406.44619416161,-0.08760846674757705,-0.06039467000673082,-0.060016889952577146,7.96718150238846,802,349,0.00875972217326109,0.1735225574868715,0.07340633796189229,1720.5893796234652,1837178.7592469337,57648.32766443726,918.5893796234669,802.0,4988.0,5090.0,0.0,219.0,214.0,0.0,300,31.296068135356744,34.28901650605839,24.0,24.349258422851562,219.0,2747.0,214.0,2819.0,152.5,2813.5,153.5,2879.5,219.0,2747.0,214.0,2819.0,734.0,38.0,2614.0,112.0,1446.0,67.0
796,0.2527589584415625,0.38555372210982486,127976.3107380905,22,121348.55773904228,123778.26898908532,-0.051788904999865326,-0.032803272143050455,-0.0324878025210763,6.8866261089644825,766,323,0.0069265442026162066,0.17831735668612944,0.07462644988712672,2429.7112500432304,3327422.5000864663,120792.91250308632,1663.7112500432331,766.0,4867.0,6219.0,0.0,235.0,186.0,0.0,301,35.70000465143434,42.80133260753112,26.0,33.0,235.0,2776.0,186.0,3424.0,154.75,2856.25,128.0,3482.0,235.0,2776.0,186.0,3424.0,1048.0,35.0,2406.0,122.0,1811.0,57.0
797,0.12733513191055712,0.8181074680003471,42145.583016595796,18,37256.168746948475,38937.1598264223,-0.11601249572753569,-0.07612715166166062,-0.07588089704566958,10.125814413825596,915,376,0.008077583063412169,0.17357209849896182,0.0783597978039541,1680.9910794738973,1531982.1589477963,37823.67759120829,765.9910794738981,915.0,3993.0,5077.0,0.0,258.0,263.0,0.0,343,23.89561828755337,29.9281927925696,17.0,22.0,258.0,2436.0,263.0,3215.0,171.75,2522.25,181.0,3297.0,258.0,2436.0,263.0,3215.0,769.0,32.0,1860.0,120.0,1586.0,89.0
798,0.23240091282364062,0.44546741173104254,59546.248392374015,23,52991.94318761663,54564.143802941464,-0.11007083370842197,-0.08366781659532052,-0.0836811300342627,7.108220586181777,810,333,0.005244311311816433,0.1776636937743201,0.06269104958438286,1572.2006153248876,1524401.2306497751,53614.02379708001,762.2006153248876,810.0,4960.0,6628.0,0.0,252.0,202.0,0.0,285,34.54478952185267,48.940110990615004,25.48147964477539,37.222713470458984,252.0,2674.0,202.0,3425.0,168.25,2757.75,141.0,3486.0,252.0,2674.0,202.0,3425.0,1069.0,27.0,2428.0,120.0,2400.0,65.0
799,0.25253296354972143,0.10358698736485883,66301.69735842032,27,64647.39305939718,65780.74977940664,-0.024951160602723954,-0.007857228393377103,-0.007543741205766952,4.3185235328004445,582,252,0.005191554206660314,0.17163663609907256,0.059611254496659334,1133.3567200095204,1102713.4400190418,63836.2528097631,551.3567200095209,582.0,5989.0,7618.0,0.0,162.0,141.0,0.0,220,67.35207710674372,71.17248289005504,45.02704620361328,56.0,162.0,2437.0,141.0,3199.0,113.25,2485.75,94.0,3246.0,162.0,2437.0,141.0,3199.0,1452.0,32.0,2685.0,80.0,2019.0,40.0
800,0.35968646396767556,0.47981346008218795,15479.836946425088,9,12315.522956716719,12881.138059684208,-0.20441520157220616,-0.1678763733581201,-0.17120550508346477,7.235600736043031,365,168,0.010469544711523471,0.19298448515092487,0.1553099865102616,565.6151029675109,401230.20593502076,13863.057836246902,200.61510296751038,365.0,1858.0,2671.0,0.0,115.0,73.0,0.0,161,24.939124837308864,41.001852281141986,21.0,34.0,115.0,512.0,73.0,746.0,81.0,546.0,52.5,766.5,115.0,512.0,73.0,746.0,409.0,15.0,951.0,62.0,920.0,23.0
801,0.6768145767063912,0.6806797940504774,237431.99907094287,16,261349.94059755185,266095.6780604476,0.1007359649086832,0.12072374027790689,0.12143018915224268,8.053229402606357,622,268,0.007288000213721931,0.1773445057936322,0.11768599357171523,4745.737462896278,8247474.925792577,256030.05060067438,4123.737462896289,622.0,2583.0,5481.0,0.0,240.0,98.0,0.0,236,26.90915624351942,44.87728421952581,19.0,39.1666259765625,240.0,1055.0,98.0,2383.0,161.25,1133.75,67.0,2414.0,240.0,1055.0,98.0,2383.0,1074.0,22.0,1439.0,128.0,1352.0,32.0
802,0.8721659414428887,0.2760608588249919,54017.372069647725,17,51406.684415003685,52025.6673027214,-0.04833051950912992,-0.036871559844827484,-0.036623731429550554,3.258535247666614,297,138,0.004543289867417987,0.1776269050749031,0.07882662369115846,618.9828877177591,643965.7754355184,49406.07715511534,321.9828877177592,297.0,1855.0,6713.0,0.0,114.0,28.0,0.0,123,48.087635408864706,112.91997438411485,31.0,98.11759185791016,114.0,493.0,28.0,1456.0,79.5,527.5,18.75,1465.25,114.0,493.0,28.0,1456.0,1752.0,9.0,870.0,58.0,2251.0,12.0
803,0.046293697759945185,0.7205871356400019,10714.523710750387,17,7941.289696608724,8892.483906672685,-0.2588294252743262,-0.17005327098670409,-0.17630313431533495,8.870853466322478,791,296,0.01209453199878177,0.1738732293769503,0.1070924888312164,951.1942100639745,320388.4201279503,9029.244518136858,160.19421006397516,791.0,3921.0,4589.0,0.0,234.0,244.0,0.0,313,34.85349407436567,28.86411224142445,21.0,18.5,234.0,2224.0,244.0,2582.0,158.5,2299.5,163.0,2663.0,234.0,2224.0,244.0,2582.0,716.0,35.0,1970.0,128.0,1049.0,47.0
804,0.5012582402956017,0.0115200411722024,208028.51412647482,20,186901.94819246497,188470.3820946392,-0.1015561064920435,-0.09401659245590188,-0.09415002492965552,3.3174688953697795,320,149,0.006281688311212532,0.17314496289544262,0.07112371373703172,1568.4339021743467,2496867.804348693,188160.60399493072,1248.4339021743467,320.0,3396.0,6684.0,0.0,84.0,67.0,0.0,130,61.86302619582133,103.05554548281712,45.5,87.12645721435547,84.0,873.0,67.0,1576.0,54.0,903.0,44.5,1598.5,84.0,873.0,67.0,1576.0,1611.0,12.0,1635.0,38.0,2141.0,28.0
805,0.32076369002806115,0.4537355764056481,77212.16551172196,7,71168.06201384019,72570.20703547857,-0.07827916051602246,-0.06011952191055536,-0.05954448930343226,8.045306141640411,292,139,0.011095101102738036,0.1847229972338665,0.24074638413085567,1402.145021638514,2220290.043277029,68993.33612009446,1110.1450216385144,292.0,1642.0,1883.0,0.0,86.0,60.0,0.0,129,28.09151281120264,36.21805931133243,22.19559097290039,27.5,86.0,375.0,60.0,381.0,59.75,401.25,42.75,398.25,86.0,375.0,60.0,381.0,298.0,10.0,770.0,49.0,589.0,19.0
806,0.3749346336875121,0.9000652415932335,10614.320243096188,18,8389.153124789249,9605.747289586088,-0.20963821208939326,-0.09502002298885792,-0.09672310052054411,11.884740771467117,1000,384,0.009588718738500025,0.17085584935496942,0.0849260400353792,1216.5941647968539,433188.3295937066,9112.279727499506,216.5941647968533,1000.0,3624.0,5392.0,0.0,339.0,259.0,0.0,355,22.001043846843746,30.85448468189649,15.0,20.0,339.0,2278.0,259.0,3477.0,238.25,2378.75,176.25,3559.75,339.0,2278.0,259.0,3477.0,815.0,39.0,1902.0,179.0,1580.0,75.0
807,0.30379455871851957,0.8037962887018202,23862.953591090598,16,21230.279652346486,22576.529913910734,-0.1103247311232688,-0.05390882030882216,-0.05422080327606971,11.412480832161606,846,355,0.008358540673548413,0.1732990366099903,0.1070334175654968,1346.2502615642868,1000500.5231285747,21916.80621072887,500.25026156428737,846.0,3131.0,4931.0,0.0,254.0,221.0,0.0,322,21.437165350496013,28.928086050176994,18.0,20.658695220947266,254.0,1854.0,221.0,2821.0,178.0,1930.0,153.75,2888.25,254.0,1854.0,221.0,2821.0,786.0,37.0,1668.0,131.0,1495.0,72.0
808,0.9905279815866113,0.5706508399734566,179811.21631857177,21,149925.971366027,151008.51851393326,-0.16620345251208934,-0.16018298743727266,-0.16083157588844166,2.5261039303866033,266,128,0.0010969367299301196,0.17378013603201758,0.06874722100103856,1082.5471479063683,1633094.2958127344,161621.84344121584,816.5471479063672,266.0,1217.0,9367.0,0.0,115.0,2.0,0.0,90,67.79997316252448,356.4305733816787,21.0,356.4305725097656,115.0,376.0,2.0,1397.0,83.0,408.0,2.0,1397.0,115.0,376.0,2.0,1397.0,2500.0,0.0,601.0,56.0,3020.0,1.0
809,0.19300383862444004,0.8382712480908805,36682.89409845975,10,29898.215812249513,31366.58336512353,-0.184954825756104,-0.1449261532927808,-0.14902427696611165,12.554700909712235,613,272,0.011732306522216357,0.1763075864522255,0.15764344271462313,1468.367552874129,1710735.1057482574,34065.62844569328,855.3675528741287,613.0,2029.0,3010.0,0.0,168.0,163.0,0.0,241,18.578550875297292,26.115658190980085,15.413236618041992,19.0,168.0,844.0,163.0,1234.0,112.5,899.5,113.75,1283.25,168.0,844.0,163.0,1234.0,448.0,27.0,1039.0,84.0,880.0,61.0
810,0.8449821185626634,0.16932305054988617,12216.062226185331,24,10568.519938946609,10961.063519809813,-0.13486688727789786,-0.10273348998545595,-0.10312596689283815,3.161013459233026,325,133,0.007509943386937202,0.17794909194843767,0.062216315388049254,392.5435808632099,135087.16172641984,10683.848982977503,67.54358086320993,325.0,2733.0,9315.0,0.0,125.0,43.0,0.0,146,59.296179434804614,120.997512119194,34.0,64.0,125.0,794.0,43.0,2527.0,85.75,833.25,31.25,2538.75,125.0,794.0,43.0,2527.0,2241.0,6.0,1320.0,56.0,2076.0,9.0
811,0.701344734654662,0.03695299502885552,264863.71938255685,13,238828.75236631188,240189.3716516234,-0.09829570874009086,-0.09315865452789696,-0.09330982887960382,2.4399270860160898,181,86,0.005315042398475754,0.18073172511649555,0.10714480653499339,1360.619285311669,2359238.570623338,241732.48702233765,1179.619285311669,181.0,1579.0,4973.0,0.0,50.0,32.0,0.0,77,71.67124041498852,130.84260831221846,45.060760498046875,129.5257568359375,50.0,254.0,32.0,665.0,32.25,271.75,19.0,678.0,50.0,254.0,32.0,665.0,1243.0,10.0,681.0,22.0,1449.0,9.0
812,0.5784290695255401,0.16611698177771328,293479.490601554,13,261845.2550635098,263950.0677543148,-0.10779027683741205,-0.10061835253534013,-0.10087440681694404,3.4688637318554845,229,112,0.005783986798556111,0.16973145967173303,0.10608142451731484,2104.812690805209,3751625.3816104196,270378.5498373906,1875.8126908052097,229.0,2062.0,4490.0,0.0,69.0,35.0,0.0,90,66.08487471638588,86.75542523585491,43.0,60.0,69.0,329.0,35.0,737.0,47.5,350.5,24.75,747.25,69.0,329.0,35.0,737.0,985.0,9.0,933.0,31.0,1642.0,15.0
813,0.20005421278956936,0.13081187701758745,484852.92916378565,20,418763.67587349896,422558.2399038423,-0.13630783545903136,-0.12848161888468235,-0.12876527078031474,3.8908008429891763,440,200,0.005146685914874603,0.1691300606174535,0.08034587724215057,3794.564030343697,6709128.060687395,431089.14664551354,3354.5640303436976,440.0,3507.0,6573.0,0.0,102.0,118.0,0.0,182,51.75919183427341,77.14173488375798,35.5,50.05369567871094,102.0,1201.0,118.0,2219.0,67.0,1236.0,78.5,2258.5,102.0,1201.0,118.0,2219.0,1376.0,23.0,1823.0,47.0,2028.0,36.0
814,0.9203944507717272,0.06854244378045493,163514.77269119478,21,138045.97663800538,138853.6418750181,-0.15575837971097817,-0.15081897745563555,-0.15121710081345507,2.059937988185352,210,98,0.0021986401337034745,0.17080415721619358,0.06171405007055484,807.6652370128504,1195330.4740257012,145068.7448944393,597.6652370128506,210.0,1941.0,8643.0,0.0,76.0,15.0,0.0,81,77.99562006380457,167.40024227844881,39.375457763671875,129.0,76.0,450.0,15.0,1160.0,53.0,473.0,11.0,1164.0,76.0,450.0,15.0,1160.0,2338.0,5.0,814.0,34.0,2783.0,8.0
815,0.28256854465431724,0.003543116488180287,16667.00896306231,15,16089.444206513374,16384.17810380625,-0.034653173693549144,-0.01696950303938005,-0.015688509982353382,2.7740022247941822,211,100,0.0036804100626904486,0.18174351737288516,0.08897077989834457,294.7338972928864,167467.7945857728,15092.615381571846,83.7338972928864,211.0,3253.0,4307.0,0.0,47.0,49.0,0.0,89,76.06810791947572,86.8835137389611,65.0,65.0,47.0,522.0,49.0,717.0,30.25,538.75,33.75,732.25,47.0,522.0,49.0,717.0,925.0,13.0,1467.0,14.0,1016.0,15.0
816,0.16694189734432308,0.9024734300500487,84695.4824702164,27,78881.62336075638,82291.87747164795,-0.06864426460413042,-0.028379376661720856,-0.027594989877651188,11.950133053105674,1529,600,0.005465283534746921,0.17013333272003311,0.0535389298287752,3410.2541108917803,3762508.221783559,78712.68472625363,1881.2541108917794,1529.0,5984.0,7623.0,0.0,474.0,428.0,0.0,412,24.3166409636281,29.527850262486,18.0,22.0,474.0,4534.0,428.0,5687.0,328.5,4679.5,294.75,5820.25,474.0,4534.0,428.0,5687.0,1180.0,73.0,2772.0,232.0,2603.0,132.0
817,0.21690937396244991,0.5058380671919132,15890.017434059746,10,13622.399931582044,14295.577256959878,-0.14270704937158452,-0.10034225473423564,-0.10311221726377462,8.293481170913381,426,188,0.010756984787237307,0.17589257607572545,0.1392685421470154,673.1773253778574,494354.6507557145,14901.904295915525,247.17732537785727,426.0,2194.0,2838.0,0.0,126.0,102.0,0.0,181,33.63538603351267,33.45646599036024,23.74344825744629,27.0,126.0,721.0,102.0,859.0,86.25,760.75,74.0,887.0,126.0,721.0,102.0,859.0,437.0,23.0,1015.0,71.0,1038.0,41.0
818,0.5401747589092486,0.7750132821935825,50033.83892034497,20,44376.39249314048,46221.16983629719,-0.11307240358292858,-0.07620180994142067,-0.07693830760197506,9.761284838312736,950,383,0.007052794202176452,0.17250231309297107,0.08463526431727775,1844.7773431567464,1789554.686313494,45832.9696335043,894.7773431567471,950.0,3373.0,6699.0,0.0,341.0,206.0,0.0,339,24.704168516926035,40.541030001135674,18.0,28.169815063476562,341.0,2107.0,206.0,4121.0,230.5,2217.5,141.25,4185.75,341.0,2107.0,206.0,4121.0,1158.0,39.0,1869.0,176.0,2091.0,58.0
819,0.4969188535806168,0.6113942214110751,29448.053923727268,22,29316.646634196197,30672.52384841597,-0.004462342057353852,0.041580673814988645,0.04455716100225615,8.47857141176924,880,374,0.006392149533826944,0.17544859107796115,0.06676696421588643,1355.8772142198277,951754.4284396556,28063.525746758176,475.8772142198278,880.0,4126.0,6959.0,0.0,291.0,193.0,0.0,308,25.99448244098587,43.40582053497904,19.040584564208984,28.891313552856445,291.0,2384.0,193.0,3905.0,206.25,2468.75,130.75,3967.25,291.0,2384.0,193.0,3905.0,1232.0,45.0,1970.0,138.0,1851.0,61.0
820,0.4788844528378047,0.06797316455328017,322881.2803475383,24,277156.5182267647,279661.6221052694,-0.14161478197669763,-0.13385619072046773,-0.1340832399042997,3.72777389599405,401,191,0.004550675604917525,0.179629840668623,0.06649819478105198,2505.103878504775,4208207.757009555,282219.890101958,2104.103878504777,401.0,3795.0,8301.0,0.0,108.0,78.0,0.0,157,66.10714493283504,108.632321137753,49.5,86.10015869140625,108.0,1244.0,78.0,2338.0,78.75,1273.25,53.5,2362.5,108.0,1244.0,78.0,2338.0,1948.0,16.0,1758.0,49.0,2230.0,28.0
821,0.7704484824407257,0.7952800759105172,145685.2155275317,20,140596.45501395545,143791.39300366555,-0.0349298348164544,-0.012999414642100304,-0.013114270612544998,8.258448623334937,847,358,0.005389203854196662,0.17329361614214353,0.08075446552442297,3194.937989710377,4695875.979420757,142153.69597844826,2347.9379897103786,847.0,3135.0,6944.0,0.0,360.0,109.0,0.0,294,23.485077842125953,49.665670066518665,16.0,31.0,360.0,1684.0,109.0,3726.0,250.25,1793.75,77.5,3757.5,360.0,1684.0,109.0,3726.0,1372.0,21.0,1668.0,190.0,2211.0,35.0
822,0.20682605560789158,0.917215830038026,185472.11079387515,8,200970.40737411942,206161.7156274067,0.08356133174905378,0.11155102912763515,0.11377146117079562,12.388308575995799,517,232,0.01571379765281704,0.18879617287553732,0.19871836823160466,5191.308253287786,9348616.506575571,188658.04902313126,4674.308253287786,517.0,2130.0,1902.0,0.0,163.0,114.0,0.0,224,19.416499749323616,24.676956434588103,14.0,17.952054977416992,163.0,769.0,114.0,746.0,107.75,824.25,81.0,779.0,163.0,769.0,114.0,746.0,260.0,14.0,1076.0,82.0,511.0,35.0
823,0.8245044713615309,0.31399646369482515,187927.03545930807,26,169888.31291488,171652.8418162093,-0.09598790562699011,-0.08659846947153405,-0.08690244085075527,3.5919901181029448,515,228,0.004437864046718462,0.179995987453822,0.05897697249598208,1764.5289013294118,2499057.8026588243,173932.67523649702,1249.528901329412,515.0,3415.0,9689.0,0.0,211.0,50.0,0.0,200,45.89237740887762,109.6415117378717,27.0,92.82865905761719,211.0,1334.0,50.0,3605.0,147.0,1398.0,30.75,3624.25,211.0,1334.0,50.0,3605.0,2441.0,12.0,1810.0,109.0,2865.0,15.0
824,0.19059102366174063,0.352490034034737,107209.62279810663,29,100624.94098123991,102969.04096196122,-0.06141875743063441,-0.03955411581039814,-0.03918043811731875,7.087331148087961,934,387,0.004734983857680885,0.16779812200262334,0.05498636447311022,2344.099980721522,2820199.9614430466,99480.32279414119,1410.0999807215233,934.0,5545.0,9070.0,0.0,255.0,263.0,0.0,315,36.41183674453796,46.09856353737894,26.0,36.0,255.0,3261.0,263.0,5355.0,183.5,3332.5,172.0,5446.0,255.0,3261.0,263.0,5355.0,1606.0,42.0,2631.0,99.0,2802.0,82.0
825,0.5430179289627567,0.8934562131961655,274467.8431465625,12,276249.8200463269,282473.25083631085,0.00649247969938993,0.029167014969668115,0.03030727058987548,10.546998847426726,657,292,0.00908330287033157,0.18226004873962262,0.12876388326084298,6223.430789984696,11132861.579969378,263886.9535546975,5566.430789984689,657.0,2137.0,3911.0,0.0,217.0,136.0,0.0,253,20.666964819433467,30.65228832419106,15.0,22.283588409423828,217.0,998.0,136.0,1685.0,150.75,1064.25,92.0,1729.0,217.0,998.0,136.0,1685.0,661.0,27.0,1056.0,105.0,1110.0,35.0
826,0.476531976787435,0.3180982181813031,307500.29095386044,24,279239.0734835789,282730.36210996174,-0.09190631131637539,-0.0805525379083799,-0.08077291974594303,5.11798582228114,592,266,0.00515005846092938,0.17914402550506067,0.07182031827718856,3491.288626383161,5798577.252766318,283245.081860242,2899.2886263831588,592.0,4051.0,8043.0,0.0,183.0,119.0,0.0,231,45.60731256128742,72.99862927701724,33.0,55.0,183.0,1855.0,119.0,3386.0,130.0,1908.0,80.75,3424.25,183.0,1855.0,119.0,3386.0,1699.0,27.0,1945.0,75.0,2456.0,36.0
827,0.7890603227530112,0.06557275133052931,277809.21366139554,7,245201.96851302017,247155.08202409968,-0.11737279955055169,-0.11034238653674844,-0.11061904659176325,3.5948368422240504,117,61,0.0035330233964301545,0.20708653501580307,0.20532980011282043,1953.1135110797197,3672227.022159438,255382.03702504534,1836.113511079719,117.0,899.0,2629.0,0.0,31.0,18.0,0.0,46,55.42790136791774,113.97513930092285,34.0,88.86956787109375,31.0,74.0,18.0,199.0,24.5,80.5,12.75,204.25,31.0,74.0,18.0,199.0,667.0,3.0,439.0,15.0,812.0,8.0
828,0.2775035675415739,0.743083765858809,112298.93740961983,30,100310.2936867051,103715.16661817102,-0.10675651969159017,-0.07643679441185436,-0.07655628383683466,9.897818861325044,1387,551,0.00458446434059969,0.16805237188967231,0.05041456108109862,3404.872931466088,4035745.8629321787,101935.23238492323,2017.8729314660893,1387.0,5937.0,9181.0,0.0,443.0,363.0,0.0,398,24.426470115416116,34.609521930796845,18.0,28.0,443.0,4404.0,363.0,6728.0,299.0,4548.0,248.0,6843.0,443.0,4404.0,363.0,6728.0,1510.0,57.0,3010.0,217.0,2732.0,117.0
829,0.741511184674818,0.1746631175429073,36862.41778031587,23,31561.307865938652,32194.204085529676,-0.1438079820474486,-0.1266388364053257,-0.12719886681764536,3.342113046171504,417,178,0.005096348760207533,0.17075459977503457,0.06033706529183198,632.8962195910442,431792.4391820885,32299.35920904294,215.89621959104426,417.0,3130.0,8455.0,0.0,149.0,67.0,0.0,182,52.12598092675077,97.61709611640511,33.0,85.0,149.0,1207.0,67.0,2758.0,98.0,1258.0,42.25,2782.75,149.0,1207.0,67.0,2758.0,1992.0,13.0,1505.0,75.0,3067.0,21.0
830,0.3423334450224017,0.4742362841085016,296614.5212328262,27,268506.1732506197,274072.46174872795,-0.09476389714629996,-0.07599782839493552,-0.0761545732064749,8.37744884206339,1030,414,0.0052967900107015655,0.16762172249273555,0.05477326654891307,5566.288498108744,9072576.996217472,270744.028619543,4536.288498108736,1030.0,5489.0,8119.0,0.0,355.0,234.0,0.0,338,34.908109633628136,42.2516410719381,22.0,30.5,355.0,3503.0,234.0,5034.0,240.0,3618.0,158.75,5109.25,355.0,3503.0,234.0,5034.0,1450.0,40.0,2733.0,175.0,2769.0,86.0
831,0.9490544332560755,0.5805606938399288,95744.51982427682,7,76985.81583620176,77509.10556093804,-0.19592457116609452,-0.19045909151570095,-0.19113473066906495,2.4647275985509203,108,54,0.005472528269100644,0.19909288830797292,0.19032317484887662,523.2897247363231,830579.4494726461,84246.57657513209,415.2897247363231,108.0,554.0,2974.0,0.0,45.0,2.0,0.0,44,48.20225030125003,117.59792817190727,20.0,117.59793090820312,45.0,57.0,2.0,204.0,30.0,72.0,1.5,204.5,45.0,57.0,2.0,204.0,788.0,0.0,322.0,28.0,1270.0,1.0
832,0.8301887291958424,0.033924239967593306,152155.82539920075,23,149578.35534094082,150484.61285403007,-0.016939673860646542,-0.010983559392392928,-0.010808286248164212,2.210367180496258,276,132,0.0028095891053510048,0.16939552119213921,0.058765949970315326,906.2575130893401,1260515.0261786813,142568.51048336664,630.2575130893407,276.0,3652.0,7940.0,0.0,105.0,16.0,0.0,113,86.9171402813338,128.16313210711778,53.0,103.878662109375,105.0,796.0,16.0,1682.0,72.5,828.5,11.25,1686.75,105.0,796.0,16.0,1682.0,2014.0,2.0,1647.0,45.0,2529.0,7.0
833,0.15885595918654083,0.8991316703758999,392279.84415893134,5,350434.0234920873,360480.22854790796,-0.10667338964754525,-0.08106359805256735,-0.08046337365097245,13.914073150842048,342,172,0.013233203776104395,0.20125438523045378,0.30771122333025175,10046.205055821605,19408410.111643214,348719.0612920678,9704.205055821607,342.0,1093.0,1427.0,0.0,82.0,83.0,0.0,150,19.378936794237926,21.308600295048077,13.41978931427002,19.0,82.0,249.0,83.0,336.0,60.5,270.5,59.75,359.25,82.0,249.0,83.0,336.0,191.0,14.0,632.0,39.0,522.0,36.0
834,0.3001553011040574,0.06848811082703576,36503.97442132773,28,34676.5324991591,35510.68312740853,-0.05006145087316671,-0.027210497203802086,-0.027387042709477782,3.9822117614027914,553,249,0.004408141411624613,0.1766917604824067,0.05366409874991016,834.1506282494548,562301.2564989096,35300.813353835234,281.15062824945477,553.0,6153.0,7956.0,0.0,157.0,119.0,0.0,217,56.26746096719848,66.31183964721089,37.0,55.0,157.0,2606.0,119.0,3192.0,110.75,2652.25,81.0,3230.0,157.0,2606.0,119.0,3192.0,1615.0,27.0,2962.0,88.0,2355.0,33.0
835,0.5712697613851281,0.2884604715976662,186755.6092384998,28,179138.24563809249,181775.18351878313,-0.04078787047664745,-0.02666814528369177,-0.026401811048276547,5.42862805448488,731,320,0.005624555100733502,0.17265308695710155,0.04987368341568243,2636.937880690867,3811875.7613817314,175545.07893723427,1905.9378806908658,731.0,4905.0,9207.0,0.0,242.0,141.0,0.0,264,43.15926408757286,73.16619772123809,30.0,57.0,242.0,2594.0,141.0,4415.0,172.0,2664.0,101.0,4455.0,242.0,2594.0,141.0,4415.0,1889.0,31.0,2186.0,111.0,2841.0,50.0
836,0.9367783787849215,0.7347707926394295,15157.941835537471,9,15412.440106026901,15791.308593898455,0.016789764286650355,0.0417844826977809,0.042969892693714984,4.6216727954639385,243,108,0.00790879251589867,0.18388409595626592,0.15685660605119342,378.8684878715666,271736.97574313293,14699.059613752639,135.86848787156646,243.0,1085.0,3421.0,0.0,118.0,8.0,0.0,114,35.73312110305094,117.47451120994889,19.743295669555664,65.60033416748047,118.0,236.0,8.0,662.0,81.75,272.25,5.75,664.25,118.0,236.0,8.0,662.0,847.0,2.0,723.0,77.0,1306.0,5.0
837,0.30514610460235314,0.8717509066580413,131164.42686023298,30,120215.10505031214,124730.89374421982,-0.08347783062848502,-0.04904937466671999,-0.048869096073478335,11.56864401719387,1708,670,0.004413863374415772,0.17167862255080546,0.05104875801726456,4515.788693908052,5615577.387816104,121353.40536604733,2807.788693908052,1708.0,6225.0,8893.0,0.0,577.0,431.0,0.0,446,22.94952389716019,28.156669122233087,17.0,22.0,577.0,5042.0,431.0,7328.0,399.25,5219.75,290.25,7468.75,577.0,5042.0,431.0,7328.0,1375.0,74.0,2895.0,292.0,2483.0,110.0
838,0.6146347872193031,0.9514249282670602,223884.9317979049,14,211673.45618311927,216492.9715745817,-0.054543535005779686,-0.03301678305887834,-0.031921918498682755,10.12793368585714,723,309,0.009169989366247945,0.17858937663521132,0.10914008943821746,4819.515391462929,8193030.782925855,202238.45843221643,4096.515391462928,723.0,2327.0,4725.0,0.0,261.0,139.0,0.0,277,21.018263334723684,35.60143691942532,14.507142066955566,26.0,261.0,1197.0,139.0,2280.0,180.75,1277.25,86.75,2332.25,261.0,1197.0,139.0,2280.0,772.0,20.0,1215.0,136.0,1539.0,41.0
839,0.520261577098607,0.8897863627238125,141631.74536849695,29,128384.36312030301,132920.97922034346,-0.09353398995208984,-0.06150292171779603,-0.06238097631978168,11.362013044117719,1497,589,0.004795156502058498,0.16631422062285853,0.049993066428632396,4536.616100040803,6079232.200081611,133762.2166176996,3039.6161000408056,1497.0,5391.0,9225.0,0.0,550.0,329.0,0.0,415,22.815827130210526,33.855771645501775,14.717597007751465,25.0,550.0,4031.0,329.0,7125.0,372.25,4208.75,226.25,7227.75,550.0,4031.0,329.0,7125.0,1537.0,48.0,2464.0,239.0,3128.0,106.0
840,0.586601276468188,0.6809850065220202,79101.5384700684,18,66095.56444120395,67924.19173272536,-0.16442125248658512,-0.141303784395704,-0.14197519637077427,8.027568388405447,721,302,0.010225017052712889,0.17414958144107232,0.07960284825852014,1828.6272915215065,2215254.5830430146,68988.96639244455,1107.6272915215072,721.0,2758.0,6311.0,0.0,250.0,151.0,0.0,285,23.908723566036947,49.73040737696547,18.143512725830078,40.0,250.0,1466.0,151.0,3262.0,178.0,1538.0,101.25,3311.75,250.0,1466.0,151.0,3262.0,1256.0,20.0,1274.0,123.0,2252.0,57.0
841,0.9480663741326334,0.5930203019495006,68656.34567656343,25,67695.56745470843,68758.84570392138,-0.013994019232849597,0.0014929432428696376,0.0017364583468084671,4.118799342280206,519,217,0.0036589767361770685,0.17141730368436767,0.06970214859167852,1063.2782492129813,1088556.4984259608,66072.44053210696,544.2782492129804,519.0,2439.0,10155.0,0.0,247.0,30.0,0.0,205,37.51576955840323,123.07317936862627,21.0,85.5,247.0,1101.0,30.0,3745.0,172.75,1175.25,22.0,3753.0,247.0,1101.0,30.0,3745.0,2599.0,11.0,1389.0,150.0,2801.0,12.0
842,0.35752092721022866,0.9393285775710748,25141.354187148427,9,21541.732655216798,22562.8296714132,-0.14317532401542865,-0.10256108308808987,-0.10351533695359394,10.914569346716512,531,234,0.012211766566133188,0.1816856767989855,0.1700114124093183,1021.0970161964485,980194.0323928976,22451.504985118234,490.0970161964488,531.0,1719.0,2808.0,0.0,185.0,103.0,0.0,220,21.714260905876117,25.654223718298358,15.0,19.0,185.0,648.0,103.0,1042.0,122.5,710.5,76.25,1068.75,185.0,648.0,103.0,1042.0,424.0,26.0,872.0,100.0,927.0,33.0
843,0.4809376807175696,0.37469788320355935,443280.3379642289,24,483691.47174778,489936.10513618455,0.09116383092726332,0.10525115412567798,0.10637670465935312,6.178537389725045,741,332,0.005568060224935229,0.1769643015616133,0.0594934586773191,6244.633388405303,11007266.776810598,445383.1903289833,5503.633388405299,741.0,4753.0,7343.0,0.0,259.0,126.0,0.0,275,39.51026335191883,57.56817477407357,24.0,44.85499954223633,259.0,2525.0,126.0,3690.0,186.0,2598.0,86.25,3729.75,259.0,2525.0,126.0,3690.0,1415.0,19.0,2243.0,138.0,2413.0,44.0
844,0.13679747508049722,0.6220462670093497,50865.5567466633,13,49990.8960528344,51550.42152708228,-0.01719553957081721,0.013464214769730365,0.014807764471987728,9.531482435493631,629,273,0.007694565470995834,0.1771904652808492,0.11977651325766152,1559.525474247972,1861050.948495945,48813.26071497823,930.5254742479725,629.0,3098.0,3451.0,0.0,194.0,149.0,0.0,257,27.246102148240276,29.395858505641254,19.838603973388672,22.0,194.0,1427.0,149.0,1570.0,130.75,1490.25,106.0,1613.0,194.0,1427.0,149.0,1570.0,445.0,15.0,1529.0,102.0,1248.0,52.0
845,0.5710968650415076,0.5041431149689514,114479.7400742511,11,100356.28843435484,101805.00568571145,-0.12337075215872995,-0.1107159605736252,-0.11132888340745006,5.153797052740286,370,166,0.00945240431553204,0.18482000894667452,0.15515082642824035,1448.717251356727,2157434.5027134544,104652.67067347663,1078.7172513567273,370.0,1667.0,3877.0,0.0,128.0,65.0,0.0,157,38.56653705847982,55.170476704464825,22.0,32.0,128.0,443.0,65.0,1091.0,85.0,486.0,41.5,1114.5,128.0,443.0,65.0,1091.0,793.0,11.0,968.0,81.0,1250.0,20.0
846,0.7709043842819738,0.8093617372273749,31356.011804417612,22,28058.873267368093,29193.264004821038,-0.10515171883514218,-0.06897394391501899,-0.06942329090790567,6.900465373829742,740,299,0.0057821411375081865,0.18225341196543918,0.06586277591240852,1134.3907374530081,788781.4749060149,28577.111548791203,394.39073745300743,740.0,2516.0,8560.0,0.0,295.0,124.0,0.0,279,25.705622312123285,64.22685194024244,15.0,42.0,295.0,1343.0,124.0,4367.0,202.25,1435.75,84.0,4407.0,295.0,1343.0,124.0,4367.0,2066.0,28.0,1246.0,148.0,2900.0,47.0
847,0.9923343437482779,0.4687885331860988,90976.5555959955,5,73280.20357101277,73620.45240152374,-0.19451552005956207,-0.1907755583927132,-0.19120624364270034,1.8861160950547722,48,25,0.000908979343380129,0.21135955603143913,0.23647339672592355,340.2488305110123,584497.6610220243,77473.71205761471,292.24883051101216,48.0,258.0,2262.0,0.0,16.0,2.0,0.0,16,46.11716276196191,231.1534672752091,15.604497909545898,231.15347290039062,16.0,19.0,2.0,43.0,11.5,23.5,1.0,44.0,16.0,19.0,2.0,43.0,589.0,0.0,56.0,3.0,608.0,0.0
848,0.9123950425787287,0.16322466364456722,278103.5636960662,14,282067.86627126654,283940.9545946435,0.014254770857711208,0.020989989559992983,0.021275416513726553,3.1665653933344418,191,90,0.003562125491444874,0.1811758952924888,0.09664396633079425,1873.0883233770717,3364176.6467541438,265601.3873766566,1682.088323377072,191.0,1454.0,5602.0,0.0,74.0,13.0,0.0,81,67.92411259230236,131.50180317786996,36.0,102.0,74.0,263.0,13.0,784.0,51.25,285.75,10.25,786.75,74.0,263.0,13.0,784.0,1427.0,4.0,491.0,23.0,1694.0,3.0
849,0.1726190524553568,0.002704177727957169,215710.8541910003,22,194088.39115724224,195819.09775399897,-0.10023817816145941,-0.09221490736571036,-0.09225213479187755,3.4448692492966706,388,176,0.004928615329777575,0.17014636670534988,0.07311156872988692,1730.7065967569197,2685413.193513842,194884.98685850814,1342.706596756921,388.0,4529.0,6559.0,0.0,83.0,107.0,0.0,158,82.39648754633741,95.45154086388645,53.0,72.0,83.0,1371.0,107.0,1915.0,57.0,1397.0,74.25,1947.75,83.0,1371.0,107.0,1915.0,1419.0,24.0,2203.0,44.0,1765.0,27.0
850,0.31911930034027436,0.7875899822440234,437507.9352062056,9,427434.7384283936,435511.1929220845,-0.023024032176843345,-0.004563899585455555,-0.0037976818372010834,9.351970333651906,453,203,0.012078783781812343,0.19543892679010313,0.1683619221419712,8076.454493691624,15246908.987383248,407585.47245704837,7623.4544936916245,453.0,1870.0,2666.0,0.0,137.0,104.0,0.0,188,27.84631741890915,34.219589135067224,22.0,29.457672119140625,137.0,628.0,104.0,823.0,94.75,670.25,71.5,855.5,137.0,628.0,104.0,823.0,440.0,15.0,945.0,72.0,896.0,34.0
851,0.19968030624442867,0.3792438062515019,79282.17824859513,22,75006.6262172996,76713.57454924232,-0.05392828660546145,-0.032398248333929014,-0.03249955963101625,6.624774816064038,702,310,0.0044953339033495686,0.17536549927530473,0.06865971493721972,1706.9483319428248,2009896.663885649,75847.73519440863,1004.9483319428246,702.0,4817.0,6267.0,0.0,192.0,178.0,0.0,262,36.14077045926668,49.68791485239313,27.5,42.0,192.0,2448.0,178.0,2944.0,139.25,2500.75,124.5,2997.5,192.0,2448.0,178.0,2944.0,1074.0,41.0,1934.0,87.0,1871.0,58.0
852,0.3346194514228594,0.8857226402116394,52571.293451620586,18,48577.53616134633,50695.44677652417,-0.07596840458090615,-0.03568195781263561,-0.03492207006983439,11.393486472047856,1012,432,0.00847647584195694,0.18013188542667544,0.08368046412957744,2117.910615177935,2211821.2303558686,48532.5812204681,1105.9106151779342,1012.0,3893.0,5179.0,0.0,316.0,246.0,0.0,340,22.11902882551428,27.956905263481392,16.0,22.0,316.0,2319.0,246.0,3239.0,221.25,2413.75,172.25,3312.75,316.0,2319.0,246.0,3239.0,815.0,39.0,1891.0,159.0,1450.0,73.0
853,0.20248234723754133,0.07439159471825996,77763.14401255934,30,67711.26229435703,68624.75586447657,-0.12926279982428246,-0.11751567229080717,-0.11780075563252201,3.1174595719903677,481,209,0.004843634957988291,0.17197612837547208,0.04522471487605737,913.4935701195827,864987.1402391657,69366.34784383969,432.4935701195829,481.0,5531.0,9589.0,0.0,120.0,122.0,0.0,180,70.76433972566984,105.73440099904204,52.79759979248047,72.75325012207031,120.0,1982.0,122.0,3176.0,80.0,2022.0,80.0,3218.0,120.0,1982.0,122.0,3176.0,2096.0,21.0,2004.0,40.0,2602.0,31.0
854,0.9101725797187017,0.7404747186024496,189197.22865432294,7,172967.77840559417,174524.85807714995,-0.08578059184144371,-0.07755066330268756,-0.07746130448606492,4.195590534086357,173,84,0.006842165696294174,0.19348993056513322,0.17286482180904442,1557.0796715559613,2768159.3431119216,164944.56028433214,1384.0796715559609,173.0,567.0,2961.0,0.0,65.0,17.0,0.0,74,34.47974683200964,116.71309092248526,14.015934944152832,103.94522094726562,65.0,99.0,17.0,337.0,45.75,118.25,9.25,344.75,65.0,99.0,17.0,337.0,703.0,7.0,303.0,33.0,1089.0,8.0
855,0.2813641483014959,0.9912024966176822,23503.260457514443,7,19269.940050052497,20264.409339269263,-0.1801163040810566,-0.1378043324712277,-0.13830129934806634,13.214282317195218,467,213,0.01123242729936016,0.18581497138998485,0.20421228844510717,994.4692892168309,1054938.5784336613,19958.30256064894,527.4692892168306,467.0,1474.0,2049.0,0.0,128.0,119.0,0.0,196,21.452453350152773,21.178309480979163,15.818684577941895,16.0,128.0,474.0,119.0,649.0,92.0,510.0,87.0,681.0,128.0,474.0,119.0,649.0,276.0,17.0,710.0,60.0,742.0,43.0
856,0.42067982573597473,0.47557113684587105,145440.3297625862,6,148754.88517653782,151437.28668386347,0.022789795783344502,0.04123310866433383,0.04132296257832091,8.157803106963613,247,119,0.01230700042155622,0.2074173288942142,0.23018935473279586,2682.401507325855,4870803.014651712,149268.22058545172,2435.401507325856,247.0,1425.0,1599.0,0.0,71.0,51.0,0.0,108,30.252067814257988,35.67735332550077,23.851654052734375,29.0,71.0,257.0,51.0,269.0,49.25,278.75,36.0,284.0,71.0,257.0,51.0,269.0,221.0,10.0,634.0,34.0,477.0,19.0
857,0.626400458012058,0.38689343655671593,400898.7984690132,29,393119.89562665386,398820.0844658001,-0.019403657162521015,-0.005185134031709393,-0.005376258334710338,6.068693760249916,872,390,0.0031708427294975332,0.17449229370021202,0.05117257356481322,5700.188839146827,9656377.678293645,397794.7339155232,4828.188839146823,872.0,4757.0,9859.0,0.0,311.0,142.0,0.0,302,37.47204467532891,51.45809146546452,26.0,36.036705017089844,311.0,2807.0,142.0,5498.0,223.5,2894.5,95.25,5544.75,311.0,2807.0,142.0,5498.0,2002.0,27.0,2321.0,150.0,3112.0,45.0
858,0.009892780374446186,0.4772992342085962,57410.68038109995,18,42753.8334061661,44148.66238462961,-0.2552982629301672,-0.2310026271842669,-0.23302168994418648,7.373624382650106,698,301,0.008159924412938384,0.17238454189463678,0.08235319220255069,1394.8289784635651,1393657.9569271312,47251.45615656672,696.8289784635656,698.0,3935.0,5129.0,0.0,174.0,205.0,0.0,276,31.72188726396689,39.86800657521745,22.5,30.0,174.0,1940.0,205.0,2647.0,114.75,1999.25,143.5,2708.5,174.0,1940.0,205.0,2647.0,786.0,31.0,1985.0,85.0,1655.0,55.0
859,0.30265848521868877,0.39622512055296866,257083.57346343008,21,234392.54615239712,238255.5896932686,-0.08826323286758242,-0.0732368214604725,-0.0726742456464804,7.00441383129574,711,312,0.008199771846558197,0.17512593940925222,0.08200458306844222,3863.043540871695,6304087.081743389,225004.09147645984,3152.043540871695,711.0,3992.0,6592.0,0.0,211.0,167.0,0.0,284,36.072810275927324,46.86622282720656,25.0,38.0,211.0,2162.0,167.0,3424.0,149.75,2223.25,107.0,3484.0,211.0,2162.0,167.0,3424.0,1184.0,29.0,2133.0,116.0,1901.0,62.0
860,0.20355838142885463,0.781552516781798,52901.42192428705,7,36331.714443717836,37656.64422429945,-0.3132185653588654,-0.28817330698229715,-0.29092016832364787,11.099879248676968,409,193,0.013225231378717485,0.18526862883460501,0.20988445490722576,1324.9297805816998,1831859.5611633998,41258.5470554048,915.9297805816999,409.0,1375.0,2149.0,0.0,94.0,115.0,0.0,172,21.67400578825577,30.994453879080833,15.0,23.927936553955078,94.0,393.0,115.0,600.0,62.75,424.25,79.0,636.0,94.0,393.0,115.0,600.0,287.0,18.0,659.0,45.0,584.0,33.0
861,0.946850215913365,0.833833034430964,42954.95661301404,30,37424.95079930898,38330.98609769126,-0.12873964379769942,-0.10764696044232192,-0.10864575813761168,3.5324801054940624,633,249,0.0042612590782915615,0.17182191533637903,0.047686175760584246,906.0352983823267,546070.5967646535,38646.402842817886,273.03529838232674,633.0,2389.0,12703.0,0.0,306.0,48.0,0.0,232,32.88113760284975,117.74413371564124,20.5,81.5,306.0,1156.0,48.0,5442.0,201.75,1260.25,29.5,5460.5,306.0,1156.0,48.0,5442.0,3376.0,11.0,1478.0,203.0,4634.0,19.0
862,0.4014745878399397,0.6983906209365718,12097.543276413495,6,9237.424879923354,9717.708460720325,-0.23642142302284597,-0.19672050442945044,-0.19939587143440984,8.91633900527306,297,136,0.011603778514528748,0.1986482461145957,0.2384602808332429,480.28358079698967,366567.16159397893,10277.961654923443,183.28358079698947,297.0,1266.0,1752.0,0.0,92.0,63.0,0.0,134,24.342064298517247,37.367808374598084,19.274526596069336,28.0,92.0,268.0,63.0,380.0,59.5,300.5,44.5,398.5,92.0,268.0,63.0,380.0,245.0,11.0,735.0,52.0,652.0,21.0
863,0.5945232738617472,0.21205867314632287,85993.66025184478,14,82067.39995084603,83062.18160401563,-0.045657555330243293,-0.03408947402917717,-0.034116034025281405,4.040514993354681,329,149,0.006530207141424567,0.1747789716993509,0.10475848653296027,994.7816531697088,1331563.3063394176,82388.21712884381,665.7816531697088,329.0,2709.0,4347.0,0.0,121.0,45.0,0.0,141,60.23023144229199,62.265938535629154,44.215065002441406,42.0,121.0,651.0,45.0,1157.0,79.75,692.25,30.0,1172.0,121.0,651.0,45.0,1157.0,988.0,7.0,1361.0,66.0,1612.0,14.0
864,0.582329728726097,0.5860866612281455,41520.57074929145,30,38680.801703043115,40512.76476351815,-0.06839426807004567,-0.024272450199651963,-0.022929128217907935,8.513155542306249,1179,483,0.005040241215480592,0.16731971689423952,0.05038312041651924,1831.9630604750969,1305926.1209501908,38350.236714822495,652.9630604750954,1179.0,5139.0,9978.0,0.0,437.0,229.0,0.0,376,25.54222680988479,50.606159750313715,18.0,36.0,437.0,3587.0,229.0,7025.0,305.75,3718.25,160.25,7093.75,437.0,3587.0,229.0,7025.0,1960.0,39.0,2436.0,208.0,3318.0,73.0
865,0.6707499475691716,0.59175676494064,68612.56910609502,28,62342.86130264807,64216.65292275601,-0.09137841484629672,-0.0640686719738135,-0.06463935920043984,6.8209097581529665,997,411,0.004734767065622348,0.1772367174209707,0.05450851747675305,1873.7916201080243,1753583.2402160491,64272.33691664108,876.7916201080246,997.0,4356.0,9754.0,0.0,388.0,170.0,0.0,354,30.015570721153882,52.36781081593542,21.385704040527344,39.12344741821289,388.0,2884.0,170.0,6468.0,262.0,3010.0,108.75,6529.25,388.0,2884.0,170.0,6468.0,1975.0,30.0,2208.0,208.0,3247.0,52.0
866,0.5979445439779855,0.030677451378477882,22294.737890554712,9,16026.221740493895,16205.59411686898,-0.28116572533093154,-0.27312022251965706,-0.27405483739865166,1.9302799899195084,110,52,0.004007576322599365,0.18736080850370332,0.14340743635134526,179.37237637509688,138744.75275019387,17969.511350006203,69.37237637509693,110.0,1089.0,3447.0,0.0,27.0,22.0,0.0,48,65.17994053141658,117.60219519971707,36.0,114.78105163574219,27.0,82.0,22.0,301.0,16.75,92.25,15.25,307.75,27.0,82.0,22.0,301.0,828.0,4.0,643.0,20.0,1375.0,4.0
867,0.9708826230682539,0.525693670670803,127988.34811079311,29,124359.48541273922,125695.59740092975,-0.028353070819482462,-0.017913745615957488,-0.017722914314820204,3.3389264685284084,534,238,0.002545842716960676,0.17086050748617762,0.04915945496678776,1336.1119881907364,1604223.976381472,120115.25197562335,802.111988190736,534.0,2709.0,11905.0,0.0,252.0,16.0,0.0,183,48.71679760854285,147.09212178636213,23.0,142.01483154296875,252.0,1172.0,16.0,3867.0,179.0,1245.0,10.75,3872.25,252.0,1172.0,16.0,3867.0,3160.0,6.0,1577.0,147.0,4310.0,5.0
868,0.9064417430445324,0.8439834360690264,215321.15622791584,20,197193.30103104943,199803.70380825916,-0.08418984699152465,-0.07206654790220224,-0.07235486068680974,5.171570726214214,549,245,0.0032551271487126143,0.1727387179790742,0.08303145767517399,2610.4027772099366,4122805.5544198677,199301.419853051,2061.402777209934,549.0,1949.0,8131.0,0.0,239.0,45.0,0.0,205,29.221882874914808,97.74058942274148,16.0,59.0,239.0,815.0,45.0,3001.0,169.75,884.25,34.0,3012.0,239.0,815.0,45.0,3001.0,2013.0,11.0,1174.0,140.0,2751.0,15.0
869,0.9147776367313967,0.28443272339652015,478514.5680315845,16,395981.26843590144,398901.8915879125,-0.17247813360247666,-0.16637461377856555,-0.166925710790518,3.0208328469741565,330,156,0.004089744923594563,0.19514596892871905,0.10177010013172816,2920.6231520110973,5181246.304022195,428792.8666106133,2590.6231520110973,330.0,1788.0,6276.0,0.0,133.0,25.0,0.0,134,47.4602207018844,75.42654165013904,23.0,56.12757873535156,133.0,517.0,25.0,1469.0,88.25,561.75,17.75,1476.25,133.0,517.0,25.0,1469.0,1496.0,6.0,1068.0,83.0,2231.0,3.0
870,0.14194556686917592,0.29574834174508746,335980.3973230174,10,308019.34616615914,311694.59969163017,-0.08322226945275035,-0.07228337672342966,-0.07216258715477064,5.563653548988551,305,147,0.007969053810166809,0.18113772301015132,0.13950392547637605,3675.25352547156,6740507.050943118,302881.32571484946,3370.253525471559,305.0,2159.0,2881.0,0.0,75.0,73.0,0.0,134,47.48256640199453,42.87146497627251,34.51262283325195,36.0,75.0,500.0,73.0,692.0,52.75,522.25,53.25,711.75,75.0,500.0,73.0,692.0,513.0,16.0,1036.0,37.0,1035.0,24.0
871,0.8543122167033109,0.49593635072867015,159796.54625774044,18,155929.9380678055,158024.26785877868,-0.024197069839659635,-0.011090842952908408,-0.010732303310642455,5.228763040363275,519,236,0.005723563450474613,0.1754822952661259,0.08306310552210219,2094.3297909734247,3150659.581946846,150640.77094455354,1575.329790973423,519.0,2483.0,6589.0,0.0,213.0,52.0,0.0,207,35.5576192291168,60.68114181060396,23.025718688964844,48.114776611328125,213.0,1047.0,52.0,2414.0,147.75,1112.25,35.5,2430.5,213.0,1047.0,52.0,2414.0,1560.0,11.0,1238.0,104.0,2302.0,17.0
872,0.35716402382926327,0.10818433025275509,100120.19040062629,26,91786.80528254055,93000.79405089933,-0.08323381212860359,-0.07110849790875373,-0.07095625523756333,3.8888225345359335,512,221,0.006739164043935683,0.18165333622780552,0.05914560520485414,1213.9887683589154,1403977.5367178314,90257.23880746418,701.9887683589158,512.0,4977.0,8127.0,0.0,155.0,110.0,0.0,212,55.00555977264828,79.97134150648263,41.0,65.5,155.0,2042.0,110.0,3205.0,102.0,2095.0,70.0,3245.0,155.0,2042.0,110.0,3205.0,1773.0,26.0,2541.0,76.0,2505.0,35.0
873,0.799333916651127,0.9048655955186143,80980.37793180642,23,73702.89639041659,75717.94006345003,-0.08986722126091085,-0.06498411100017198,-0.0652308416446904,7.617818230846128,883,362,0.0052433282050423705,0.1763055517391647,0.06844943870878456,2015.0436730335798,2264087.3460671627,74302.35526293483,1132.0436730335814,883.0,3035.0,8553.0,0.0,365.0,133.0,0.0,310,31.81059644476645,59.529719292970505,19.0,40.0,365.0,1776.0,133.0,4855.0,240.75,1900.25,83.0,4905.0,365.0,1776.0,133.0,4855.0,1824.0,29.0,1459.0,174.0,3021.0,48.0
874,0.2873615960033119,0.42933887048399466,365568.8884923963,16,289161.421924776,294294.39981188125,-0.20900976251760428,-0.19496869379243553,-0.19597258688407238,7.289464224698559,567,251,0.006728352187304973,0.1751683456095778,0.10233539212270239,5132.977887105761,9131955.774211517,313190.22539647453,4565.977887105759,567.0,3184.0,4880.0,0.0,148.0,152.0,0.0,221,30.91587633588056,41.94336934718255,25.60236358642578,33.0,148.0,1330.0,152.0,1906.0,105.0,1373.0,111.75,1946.25,148.0,1330.0,152.0,1906.0,783.0,19.0,1659.0,78.0,1361.0,43.0
875,0.0915764278830895,0.5143762362342473,16259.46127772268,28,14387.771089504484,15760.582803962487,-0.11511391160189455,-0.03068234950955684,-0.028732050096765716,8.693948652421804,1117,430,0.00626642379489502,0.16915137190101837,0.04844011184948919,1372.8117144580424,511623.428916087,14712.055746199056,255.81171445804353,1117.0,6651.0,7436.0,0.0,324.0,335.0,0.0,374,35.53429069744527,34.36758680698183,25.31737518310547,26.0,324.0,4672.0,335.0,5120.0,219.0,4777.0,231.5,5223.5,324.0,4672.0,335.0,5120.0,1161.0,60.0,2843.0,129.0,2052.0,99.0
876,0.25386649017358787,0.35541162714897234,23626.665976899367,22,21576.550450021645,22561.424474801635,-0.08677125790334506,-0.045086408007767864,-0.044901533878068056,6.435282376145535,704,301,0.007010043775347829,0.16984133760250986,0.06772162012552306,984.8740247800397,561748.0495600803,21822.975928856747,280.87402478004014,704.0,4350.0,6720.0,0.0,192.0,189.0,0.0,274,40.49443036759536,47.71567924203376,27.55105972290039,38.89118576049805,192.0,2309.0,189.0,3325.0,136.25,2364.75,130.75,3383.25,192.0,2309.0,189.0,3325.0,1148.0,39.0,2056.0,94.0,2094.0,55.0
877,0.5063232484396727,0.5423556358140149,10219.911903235374,30,8498.413475172623,9672.153626952088,-0.16844552520240086,-0.05359716223286415,-0.05431639330105964,7.9260986654957755,1030,376,0.007904242832801613,0.1734354772812759,0.0461129373304771,1173.7401517794822,287480.3035589664,9067.522235448496,143.7401517794832,1030.0,5307.0,9679.0,0.0,392.0,232.0,0.0,357,29.62445867447631,59.660713112052434,23.0,35.44793701171875,392.0,3651.0,232.0,6346.0,269.5,3773.5,157.25,6420.75,392.0,3651.0,232.0,6346.0,1917.0,62.0,1893.0,136.0,2344.0,64.0
878,0.11972195599621516,0.6357179901948974,100840.96015692381,10,80864.82415133377,83040.31212923695,-0.1980954561966105,-0.17652200058375445,-0.17757996441937596,9.669389247949791,519,223,0.016067839617079093,0.18448854753756075,0.16419739557336283,2175.4879779033668,3312975.955806732,85656.28787022886,1656.487977903366,519.0,2149.0,2891.0,0.0,136.0,150.0,0.0,224,30.722514797975382,27.666789396127037,22.0,25.64415740966797,136.0,838.0,150.0,1116.0,93.75,880.25,102.0,1164.0,136.0,838.0,150.0,1116.0,474.0,31.0,1057.0,72.0,910.0,42.0
879,0.6130181434968701,0.4965699550374666,11564.422209859644,20,10071.101241677834,10825.774293076141,-0.12913061639245826,-0.06387244458730867,-0.06512712405236143,6.441962281217625,619,250,0.00845815346552275,0.16677616797247086,0.07587880682448542,754.673051398317,271346.1027966349,10530.413364409924,135.67305139831745,619.0,3362.0,6668.0,0.0,235.0,114.0,0.0,247,33.31756231903948,57.76534122463371,23.84376335144043,42.5,235.0,1594.0,114.0,2974.0,156.25,1672.75,86.25,3001.75,235.0,1594.0,114.0,2974.0,1296.0,24.0,2052.0,129.0,1841.0,32.0
880,0.34710229160312167,0.06808713927451604,24816.264268232775,7,25792.954876461325,26104.070263452417,0.0393568748975166,0.0518936283600171,0.05218889768216606,3.5280926940973165,134,67,0.006661785476400649,0.1856118969820321,0.19891972915513614,311.1153869911157,354230.77398223145,25100.72755279914,177.1153869911157,134.0,1521.0,2007.0,0.0,37.0,23.0,0.0,57,67.29861409501308,86.21230925232653,53.76124572753906,63.0,37.0,164.0,23.0,175.0,23.0,178.0,16.5,181.5,37.0,164.0,23.0,175.0,421.0,5.0,748.0,19.0,589.0,8.0
881,0.24333050880963347,0.15386373715391388,89679.45746878836,28,78496.68456936294,79860.65616315114,-0.12469715155577765,-0.10948774204008216,-0.11009472717881763,4.54393241157922,620,267,0.006707909546097384,0.1650976764109204,0.05446062025824334,1363.9715937883163,1487943.1875766318,81864.28916641306,743.9715937883159,620.0,5311.0,8801.0,0.0,163.0,162.0,0.0,242,47.89209441955443,78.43762540064031,33.0,57.01834487915039,163.0,2498.0,162.0,3953.0,115.25,2545.75,108.0,4007.0,163.0,2498.0,162.0,3953.0,1800.0,43.0,2550.0,66.0,2455.0,43.0
882,0.12025482223507433,0.6208622624094247,240123.90017452065,30,225421.3832452214,231332.27781914893,-0.06122887775274988,-0.036612858399276416,-0.03586143855240753,10.218726969126912,1392,569,0.0044462236202551094,0.17185129242236433,0.05015379160237865,5910.894573927798,9037789.147855574,221108.48971600822,4518.894573927787,1392.0,7220.0,7900.0,0.0,418.0,375.0,0.0,405,27.059336792372083,29.5636878571881,21.0,22.0,418.0,5364.0,375.0,5993.0,291.25,5490.75,262.0,6106.0,418.0,5364.0,375.0,5993.0,1145.0,48.0,3611.0,200.0,2417.0,127.0
883,0.9602393172374757,0.3897107581503415,331398.3768111591,8,322398.1200494067,323808.5140259138,-0.027158421378994824,-0.02290253458172553,-0.022817669862332135,2.203458559160313,72,37,0.00677583211551231,0.17547925677871676,0.17579235954140252,1410.3939765072626,2676787.953014525,303703.0061090174,1338.3939765072626,72.0,402.0,3630.0,0.0,24.0,3.0,0.0,26,54.38701431864374,308.37483817135836,27.560352325439453,339.12451171875,24.0,34.0,3.0,147.0,17.75,40.25,2.5,147.5,24.0,34.0,3.0,147.0,1062.0,2.0,111.0,6.0,1094.0,1.0
884,0.7639143878728202,0.08932350797256217,153503.0059463053,12,132255.43776473732,133237.02201778322,-0.13841792902088368,-0.13202336855612473,-0.13245458116135578,2.8356368180310336,191,95,0.0015671136900856383,0.19169312695551455,0.10881288141073392,981.584253045983,1581168.5060919658,139401.535489114,790.5842530459829,191.0,1630.0,4418.0,0.0,62.0,22.0,0.0,74,53.18305675697016,66.50287059662217,49.0,58.490638732910156,62.0,247.0,22.0,557.0,45.25,263.75,16.25,562.75,62.0,247.0,22.0,557.0,1112.0,4.0,899.0,36.0,1667.0,7.0
885,0.9413989012761751,0.485638859055757,490186.6596953711,26,485195.39182063687,488875.64172565413,-0.01018238211100253,-0.0026745280471968114,-0.002639500500850156,3.375496862915234,463,201,0.004860990019172976,0.17519714990935187,0.057585824236997644,3680.249905017203,6434499.810034405,476559.4571222084,3217.2499050172028,463.0,2412.0,10692.0,0.0,204.0,32.0,0.0,178,47.25723195753171,158.09932919603727,23.0,147.3204345703125,204.0,985.0,32.0,3407.0,133.25,1055.75,17.75,3421.25,204.0,985.0,32.0,3407.0,2842.0,11.0,1297.0,108.0,3242.0,10.0
886,0.6440006450329866,0.517068531799493,64970.740885379906,16,63943.96839148328,65270.590422441994,-0.015803613748349266,0.004615147264382946,0.004695463133176592,5.984715339014762,562,249,0.009487523361369411,0.1733489588151532,0.12391109076242897,1326.6220309587893,1529244.06191758,63881.236420232686,764.62203095879,562.0,2808.0,5255.0,0.0,210.0,87.0,0.0,221,31.89575968440522,61.76586903777124,22.0,37.791656494140625,210.0,1146.0,87.0,2092.0,149.0,1207.0,60.25,2118.75,210.0,1146.0,87.0,2092.0,1073.0,25.0,1613.0,116.0,1295.0,13.0
887,0.5586265971402639,0.42134411637233715,122072.37091677323,6,112223.53267141168,114047.78038163004,-0.08068032243001422,-0.06573633718160687,-0.06633384376613216,6.908944290550247,213,111,0.010680510326053955,0.19077261982332053,0.2305326871097616,1824.2477102185626,3222495.420437127,116605.92721976047,1611.2477102185635,213.0,1085.0,1939.0,0.0,63.0,33.0,0.0,88,27.59656950358346,39.05413657391592,21.568504333496094,23.0,63.0,156.0,33.0,276.0,45.5,173.5,22.25,286.75,63.0,156.0,33.0,276.0,387.0,7.0,361.0,19.0,538.0,10.0
888,0.3936726050501278,0.6539600378788556,37525.30121032786,17,35752.34330356301,37037.70670970103,-0.04724700001280446,-0.012993753145214781,-0.01138599323329792,8.258644113715297,714,295,0.007203150066768306,0.18075521234915917,0.10086610115956013,1285.3634061381167,1142726.8122762365,34591.84088034763,571.3634061381183,714.0,2990.0,5565.0,0.0,226.0,176.0,0.0,279,28.708592920697814,39.3507797956981,23.0,31.825132369995117,226.0,1596.0,176.0,2742.0,149.75,1672.25,114.75,2803.25,226.0,1596.0,176.0,2742.0,1001.0,23.0,1558.0,113.0,1581.0,47.0
889,0.8015981743249944,0.5315516171779446,95720.58049014988,18,80445.48804666298,81876.57054479007,-0.15958002307621588,-0.14462939813433773,-0.14521762933631932,5.60750638140988,497,216,0.0063935986846781,0.17939310496755626,0.08483201341041921,1431.08249812726,1868164.9962545238,83288.58093001475,934.0824981272619,497.0,2102.0,6968.0,0.0,198.0,65.0,0.0,206,43.81224433996798,76.65848904664385,25.0,51.0,198.0,852.0,65.0,2592.0,133.5,916.5,44.0,2613.0,198.0,852.0,65.0,2592.0,1612.0,13.0,1108.0,98.0,1998.0,23.0
890,0.295849520015115,0.44982139358163264,80983.07077494508,28,76358.4398743403,78433.29597409078,-0.05710614399220304,-0.03148528175648235,-0.03104676614896784,7.16878538802726,987,413,0.004410678292915895,0.17374095121889285,0.054154673569880254,2074.8560997505742,2175712.1995011475,75874.50599144907,1087.8560997505738,987.0,5842.0,8264.0,0.0,317.0,229.0,0.0,348,34.61640631227991,45.02681176557466,28.0,31.0,317.0,3764.0,229.0,5431.0,213.75,3867.25,157.25,5502.75,317.0,3764.0,229.0,5431.0,1419.0,22.0,2798.0,160.0,2527.0,81.0
891,0.6193800238436908,0.39668464320882924,22773.74023236932,24,21417.84412997669,22369.235918977356,-0.05953769949766252,-0.017761874389742305,-0.016826830951296223,6.095269820741484,692,288,0.0069307790886129666,0.17041786608471915,0.06646048710167937,951.3917890006944,518783.5780013887,21278.121939574743,259.39178900069436,692.0,4209.0,7859.0,0.0,243.0,137.0,0.0,268,37.572067033512795,56.57904804252273,27.0,47.0,243.0,2202.0,137.0,3834.0,165.0,2280.0,97.0,3874.0,243.0,2202.0,137.0,3834.0,1486.0,30.0,1918.0,117.0,2346.0,38.0
892,0.8502198331962791,0.47071604497633934,237934.8614664343,7,197285.15240600563,199149.8740685919,-0.17084385537242153,-0.1630067454546329,-0.1635266492514018,4.071972218023996,185,86,0.010879482497326932,0.2022990243046608,0.20491115876829671,1864.7216625865167,3359443.3251730334,206254.067150983,1679.7216625865167,185.0,766.0,2762.0,0.0,75.0,17.0,0.0,86,37.66939254428935,132.7881222141233,23.588359832763672,131.8418426513672,75.0,143.0,17.0,367.0,48.5,169.5,10.75,373.25,75.0,143.0,17.0,367.0,636.0,3.0,473.0,48.0,955.0,5.0
893,0.3812142376585884,0.005660061066492084,27876.911085718904,7,25059.754499946557,25272.555751650256,-0.10105698501207161,-0.09342338274353634,-0.09360746801925357,2.1826780719624868,103,49,0.004313572513447067,0.19557011593123913,0.20807355087275628,212.80125170370601,219602.5034074121,25152.873690846605,109.80125170370604,103.0,1040.0,2474.0,0.0,24.0,23.0,0.0,46,63.54504192742829,105.47472506869423,46.0,107.62181854248047,24.0,99.0,23.0,175.0,13.75,109.25,15.75,182.25,24.0,99.0,23.0,175.0,575.0,5.0,620.0,11.0,862.0,4.0
894,0.3779835056474853,0.17325909573191245,38902.996527695694,17,37403.24560397992,38247.122076133935,-0.038551038675081806,-0.016859227054523473,-0.016705078519895333,5.431882233452433,438,201,0.007894470028505846,0.17623095763010022,0.09001539988481957,843.8764721540435,811752.9443080862,37360.573619807044,405.8764721540431,438.0,3409.0,5155.0,0.0,138.0,82.0,0.0,180,44.69739370332032,64.50102097943325,32.5,41.964256286621094,138.0,1141.0,82.0,1697.0,97.0,1182.0,58.5,1720.5,138.0,1141.0,82.0,1697.0,948.0,15.0,1682.0,61.0,1509.0,27.0
895,0.10994270099154257,0.03079585363111148,326108.3240856754,13,304847.0152272815,307014.0384022867,-0.06519707498422556,-0.05855197268246437,-0.05843140875706965,3.229500952669437,240,116,0.004624439145294639,0.17873891637027417,0.11780249446074358,2167.023175005286,3854046.3500105683,298346.8968189106,1927.0231750052842,240.0,2875.0,3677.0,0.0,51.0,60.0,0.0,98,64.17358409252009,93.00405221754389,45.0,71.12767028808594,51.0,524.0,60.0,639.0,32.5,542.5,42.75,656.25,51.0,524.0,60.0,639.0,715.0,10.0,1276.0,29.0,1040.0,15.0
896,0.5980616787655815,0.13225063918798785,185453.20987164733,21,166313.17263470084,167616.42768688384,-0.10320682640216017,-0.09617942011954594,-0.0964440113566174,2.8401678202481015,335,150,0.004431601285747961,0.1784108109898351,0.07144313907972992,1303.255052183116,1936510.1043662347,170457.36615988697,968.2550521831174,335.0,3080.0,7504.0,0.0,109.0,55.0,0.0,131,55.499636723754186,134.69477776440664,35.0,130.0,109.0,878.0,55.0,1709.0,75.25,911.75,36.25,1727.75,109.0,878.0,55.0,1709.0,1719.0,12.0,1317.0,53.0,2308.0,10.0
897,0.7237507822523735,0.019131872740892453,112746.33074491651,6,91402.16372177716,91909.1698054142,-0.18931141157426723,-0.18481453721669616,-0.1852403170948267,2.2409486293897145,64,33,0.004513087215931975,0.18233972845061472,0.1983452487289471,507.0060836370793,886012.1672741589,98843.42680307777,443.0060836370795,64.0,604.0,2420.0,0.0,12.0,13.0,0.0,25,113.0502297161488,156.9790522766975,27.80779266357422,105.64531707763672,12.0,37.0,13.0,88.0,8.25,40.75,8.25,92.75,12.0,37.0,13.0,88.0,673.0,3.0,276.0,5.0,630.0,7.0
898,0.5998002778298369,0.3027395067996721,27429.454535906778,21,28166.104432939042,28967.098223733585,0.02685616281825598,0.0560581212365685,0.059758585596683345,5.210303435755284,538,233,0.0061797492281608,0.17456883002650805,0.08468358366167891,800.9937907945716,525987.5815891435,25237.857452773118,262.99379079457174,538.0,3274.0,7290.0,0.0,202.0,82.0,0.0,220,37.521490816300606,83.64639560656056,25.0,47.5,202.0,1391.0,82.0,2939.0,139.75,1453.25,54.25,2966.75,202.0,1391.0,82.0,2939.0,1509.0,18.0,1860.0,114.0,2090.0,24.0
899,0.7307464237254065,0.44555072652798,362102.2195230477,16,342326.3328654021,345919.4628351378,-0.05461409953160157,-0.04469112812737086,-0.044445996746875216,4.7836571408265165,431,197,0.00610189110036616,0.17414066323121954,0.09589643760997046,3593.129969736044,6324259.939472085,330513.8596523341,3162.1299697360423,431.0,2077.0,5987.0,0.0,147.0,71.0,0.0,181,38.3188445144831,74.62745813162552,23.065719604492188,60.9428825378418,147.0,736.0,71.0,1942.0,102.5,780.5,47.0,1966.0,147.0,736.0,71.0,1942.0,1304.0,22.0,1128.0,90.0,2342.0,22.0
900,0.29473559236556934,0.2748367872573505,15347.468826411945,23,12906.395120846399,13605.060258976438,-0.15905383051598876,-0.11353067969337982,-0.11532901277090934,4.908687050809981,564,228,0.006260970156723288,0.17309183196404182,0.06832379522821218,698.6651381300474,269330.276260095,13717.022162558364,134.6651381300475,564.0,4493.0,7078.0,0.0,171.0,142.0,0.0,245,51.3871034526649,62.91464715203712,35.0,45.1664924621582,171.0,2130.0,142.0,3180.0,114.75,2186.25,94.25,3227.75,171.0,2130.0,142.0,3180.0,1441.0,28.0,2394.0,100.0,1860.0,42.0
901,0.5958632952125071,0.4704441798404785,354480.98549679667,5,414353.3432537825,420700.7158321028,0.16890146497724312,0.18680756668090615,0.18877855098142393,8.167869608500089,209,103,0.010358843254356626,0.19049823327122867,0.31340814750313445,6347.372578321153,12276745.1566423,375763.3797148956,6138.372578321149,209.0,1068.0,1452.0,0.0,67.0,34.0,0.0,92,31.235882243740555,39.298849233439874,23.0,37.87796401977539,67.0,163.0,34.0,196.0,47.5,182.5,23.75,206.25,67.0,163.0,34.0,196.0,258.0,7.0,534.0,33.0,453.0,11.0
902,0.6025106244959925,0.16651708749909566,56972.165217096925,7,50546.722193263384,51051.940863152086,-0.11278214544504117,-0.10391432959209745,-0.10434614674814613,3.581328850726617,127,64,0.010478092421613868,0.19353304163910115,0.2515895869110938,505.2186698887456,756437.3397774906,52804.236311894165,378.2186698887453,127.0,1116.0,2412.0,0.0,31.0,25.0,0.0,54,99.47276347397617,70.8374751730571,49.0,55.0,31.0,111.0,25.0,211.0,19.75,122.25,16.75,219.25,31.0,111.0,25.0,211.0,540.0,8.0,619.0,12.0,595.0,4.0
903,0.7549717095890636,0.4512377007691475,59792.37563714614,25,59495.68510382766,60750.62222324077,-0.004962012801079663,0.016026233710963567,0.016892964643116404,5.314219116803547,648,284,0.004942248163292637,0.176782739193873,0.06448474127178216,1254.9371194131977,1213874.2388263957,57105.01449724422,606.9371194131978,648.0,3525.0,9073.0,0.0,247.0,92.0,0.0,246,36.89802924329167,75.66173632383698,26.0,61.594398498535156,247.0,1780.0,92.0,4029.0,175.0,1852.0,59.5,4061.5,247.0,1780.0,92.0,4029.0,1970.0,23.0,1716.0,128.0,2662.0,26.0
904,0.3644360895122337,0.9128716493584252,147951.52952521463,15,164512.92924260246,169285.75862927167,0.11193800949901878,0.14419742176724948,0.14811097332603063,12.830000421856896,953,406,0.009083529073188282,0.1788715030555202,0.10021846552121336,4772.829386669621,7639658.773339227,148863.1824268002,3819.8293866696135,953.0,3368.0,4192.0,0.0,350.0,182.0,0.0,335,18.747595463692594,24.6542748562061,14.709739685058594,18.0,350.0,1992.0,182.0,2501.0,246.5,2095.5,135.0,2548.0,350.0,1992.0,182.0,2501.0,684.0,26.0,1705.0,190.0,1258.0,57.0
905,0.7649340961330562,0.4498620997733741,370647.64612866647,18,354475.9018231113,358970.2416425939,-0.04363104548070251,-0.031505405762158545,-0.03106191638236644,5.895907141437725,504,237,0.005481339659863005,0.1772857869083302,0.07892346552910465,4494.339819483105,7980679.638966212,338399.14060366765,3990.339819483106,504.0,2508.0,6564.0,0.0,177.0,72.0,0.0,202,33.500346456684895,74.08516833176932,20.64792823791504,54.5,177.0,989.0,72.0,2398.0,128.0,1038.0,55.0,2415.0,177.0,989.0,72.0,2398.0,1482.0,27.0,1119.0,81.0,2206.0,27.0
906,0.6903206355657495,0.2598847449130395,35720.80903452445,26,33804.328973523574,34629.061425422755,-0.053651642076431694,-0.03056335056819437,-0.03028066977706667,4.309717163066593,536,237,0.0033870587928750895,0.1693676393830159,0.06424603143203575,824.7324518991995,577464.9037984001,33497.84231475547,288.73245189920004,536.0,4011.0,9077.0,0.0,200.0,73.0,0.0,211,49.406886840054334,90.97959895007688,33.5,78.0,200.0,1697.0,73.0,3511.0,141.75,1755.25,51.0,3533.0,200.0,1697.0,73.0,3511.0,2043.0,23.0,2217.0,104.0,2731.0,23.0
907,0.6444738275064884,0.19843534324681023,399900.79197951127,10,321079.521195034,323788.14107246825,-0.19710206222476212,-0.19032883263442657,-0.1907334442396761,3.6727923762877706,226,107,0.005941615564314596,0.18778708277236206,0.19512780179155692,2708.6198774346385,4965239.754869275,337974.43785046117,2482.6198774346376,226.0,1492.0,3548.0,0.0,80.0,29.0,0.0,99,41.95444463259396,80.04656113166223,23.0,66.0,80.0,270.0,29.0,611.0,53.5,296.5,21.0,619.0,80.0,270.0,29.0,611.0,700.0,3.0,923.0,51.0,1129.0,11.0
908,0.16834718698466744,0.13723107287011937,82229.81447002337,19,77380.71583040369,78540.28439261059,-0.05897007880745497,-0.044868520027584236,-0.04465267392599259,4.557907024538454,465,213,0.006342699499751911,0.1719087599790278,0.07837182916687242,1159.5685622070112,1389137.124414022,76193.80545364952,694.568562207011,465.0,4511.0,5062.0,0.0,124.0,109.0,0.0,186,54.01313287232701,58.62998761213581,35.0,45.0,124.0,1614.0,109.0,1686.0,85.0,1653.0,75.5,1719.5,124.0,1614.0,109.0,1686.0,980.0,19.0,2129.0,57.0,1538.0,32.0
909,0.36416009643787206,0.10773232532306554,31219.51818060971,8,27502.139851864915,27856.606320765703,-0.11907225176375846,-0.10771824985859957,-0.10803616868486143,3.722277334448236,147,72,0.003963740687473272,0.20048928625508713,0.20208853162468415,354.4664689008114,414932.9378016227,27868.21752651119,207.46646890081138,147.0,1133.0,2899.0,0.0,27.0,40.0,0.0,61,39.64295787341651,78.9631193497777,25.0,67.5,27.0,127.0,40.0,294.0,20.0,134.0,28.0,306.0,27.0,127.0,40.0,294.0,698.0,10.0,551.0,7.0,1159.0,12.0
910,0.12341107486173863,0.1523172667012307,141571.2380677418,19,136052.17480773292,137682.87605025797,-0.038984353992638,-0.027465762612199907,-0.027256610086576538,4.515371243040759,426,191,0.004235511785610722,0.17742471949518301,0.0927736767980386,1630.7012425252374,2409402.4850504724,133400.0215798382,1204.7012425252362,426.0,4365.0,5211.0,0.0,109.0,107.0,0.0,180,51.433320779840024,62.085506910889734,41.0,49.0,109.0,1528.0,107.0,1676.0,74.5,1562.5,74.5,1708.5,109.0,1528.0,107.0,1676.0,1015.0,14.0,2448.0,60.0,1610.0,28.0
911,0.10033096494458882,0.13455497720807086,35075.45353025456,16,36074.37115587591,36707.87393562283,0.02847910789691488,0.04654025083268598,0.0480713736471845,4.436122954731251,337,152,0.005970177468623664,0.17252520050050663,0.09516245222174735,633.502779746965,593005.5594939284,33419.13454300626,296.5027797469642,337.0,3567.0,4493.0,0.0,73.0,96.0,0.0,140,53.44928644286776,57.72465517312097,40.06663513183594,46.5,73.0,953.0,96.0,1117.0,53.25,972.75,67.5,1145.5,73.0,953.0,96.0,1117.0,805.0,17.0,1279.0,27.0,985.0,23.0
912,0.34054860162469625,0.07305617253951058,391918.25237119326,25,401875.28120998334,405348.9301617154,0.025405881911719552,0.03426907960847325,0.034687473769734245,3.9221669738649947,479,210,0.004032041782473503,0.17457948848858226,0.0610883465315077,3473.6489517323785,5989297.903464754,381759.49311782874,2994.648951732377,479.0,4992.0,7608.0,0.0,151.0,93.0,0.0,194,60.6537062454682,78.71370583710733,39.34406661987305,50.158164978027344,151.0,1943.0,93.0,2663.0,104.0,1990.0,63.0,2693.0,151.0,1943.0,93.0,2663.0,1731.0,20.0,2654.0,72.0,2408.0,28.0
913,0.3524923187526693,0.7097188936212026,289280.36364592746,19,272566.58487158985,278820.7769797152,-0.057777094040143306,-0.03615726464937152,-0.03557042238070385,9.922825677512572,938,397,0.006774914138602663,0.17103103842696663,0.08357093757290512,6254.192108126049,10632384.216252089,267876.9274448593,5316.192108126044,938.0,4071.0,5505.0,0.0,289.0,233.0,0.0,339,25.257780948642854,29.98391767920675,19.84595489501953,22.0,289.0,2567.0,233.0,3352.0,189.0,2667.0,161.0,3424.0,289.0,2567.0,233.0,3352.0,885.0,43.0,2004.0,141.0,1651.0,69.0
914,0.03609471934334474,0.3421043711897377,42726.606069144684,19,33675.698098486246,34805.221018060794,-0.21183306616985464,-0.1853970108991262,-0.18667121961665034,6.929883687668081,631,271,0.007286786446162667,0.16955335976821148,0.07558639026248042,1129.5229195746138,997045.8391492295,35969.068316525285,498.5229195746147,631.0,3934.0,5641.0,0.0,141.0,200.0,0.0,248,33.608412961893,43.09178265201057,25.0,33.0,141.0,1791.0,200.0,2579.0,96.0,1836.0,136.25,2642.75,141.0,1791.0,200.0,2579.0,966.0,34.0,1811.0,61.0,1816.0,71.0
915,0.4684774696136563,0.5922129633872062,107818.92376623108,10,88594.94511495366,90540.13837830212,-0.17829874366913656,-0.16025744632168815,-0.16071315216947502,8.421313832054745,425,193,0.011208847237741664,0.19702543105832285,0.1696845144877375,1945.1932633486522,3040386.5266973036,90258.67540776204,1520.193263348652,425.0,1679.0,3360.0,0.0,134.0,88.0,0.0,183,27.172327478887425,35.63611790035143,19.011539459228516,30.696592330932617,134.0,573.0,88.0,1034.0,92.25,614.75,61.0,1061.0,134.0,573.0,88.0,1034.0,621.0,17.0,914.0,76.0,1098.0,34.0
916,0.9570384210819413,0.6805950292184753,359594.3714734228,22,397907.0360612736,402567.06880483177,0.10654411644672379,0.11950325350013169,0.12034664856913291,5.565207470262635,533,233,0.007280568386576316,0.1690223705365221,0.0681004484902574,4660.032743558477,8254065.487116946,370788.75905444985,4127.032743558473,533.0,2334.0,8754.0,0.0,256.0,22.0,0.0,196,36.11485972500828,66.73350382462881,22.15096664428711,55.267616271972656,256.0,999.0,22.0,3035.0,175.0,1080.0,14.75,3042.25,256.0,999.0,22.0,3035.0,2160.0,6.0,922.0,105.0,2430.0,10.0
917,0.14608035149111653,0.524611979934334,11184.911042529802,30,8684.78810559965,9950.955805358817,-0.22352640333245555,-0.11032320529675743,-0.11127317917186053,8.277261071758002,1110,401,0.0071234085282478364,0.16934808642116794,0.045521529563141934,1266.1676997591894,312335.3995183771,9433.537157117857,156.16769975918854,1110.0,6190.0,8752.0,0.0,323.0,356.0,0.0,371,31.609277460703712,44.252608442044775,24.307052612304688,34.0,323.0,4273.0,356.0,6043.0,224.75,4371.25,239.25,6159.75,323.0,4273.0,356.0,6043.0,1554.0,59.0,2294.0,127.0,2164.0,89.0
918,0.10815398405619747,0.44725802861986197,207074.62330150188,10,163048.18713764843,166504.47680998474,-0.21261145118564673,-0.19592041673038207,-0.19765684943807837,8.334101585003806,408,185,0.013478747737053544,0.1763603017565661,0.1447412481706997,3456.2896723367285,6096579.34467345,182880.5205483545,3048.2896723367253,408.0,2011.0,3029.0,0.0,104.0,109.0,0.0,172,32.64943971875102,38.555560689172125,17.5,30.2819881439209,104.0,608.0,109.0,899.0,74.5,637.5,72.75,935.25,104.0,608.0,109.0,899.0,546.0,19.0,919.0,54.0,994.0,42.0
919,0.10260770126255025,0.4858844400813108,73823.38364013986,5,67779.597375039,68978.14810673537,-0.08186818277745112,-0.06563280216229472,-0.06603097752604214,6.952307052934754,220,106,0.01677216717886371,0.20586157805505104,0.2898630682476032,1198.550731696483,1957101.463392966,70375.97190729735,978.550731696483,220.0,1201.0,1319.0,0.0,56.0,53.0,0.0,103,29.431338807355935,39.31387454549383,30.35658073425293,34.0,56.0,202.0,53.0,204.0,36.5,221.5,33.75,223.25,56.0,202.0,53.0,204.0,174.0,7.0,514.0,25.0,407.0,13.0
920,0.43542918065156644,0.703387014768651,10366.995285793828,23,7674.852421366065,8813.992774301238,-0.2596840058485296,-0.14980256754054,-0.15328102998977422,9.376308961215736,980,368,0.008719336104830605,0.1722145996859022,0.058107218461447174,1139.1403529351865,318280.705870375,8486.30061111773,159.14035293518748,980.0,4141.0,7362.0,0.0,356.0,233.0,0.0,340,25.731343474604728,43.60969019004546,18.0,32.0,356.0,2615.0,233.0,4555.0,242.75,2728.25,167.0,4621.0,356.0,2615.0,233.0,4555.0,1286.0,40.0,1891.0,150.0,2270.0,73.0
921,0.013710109693819694,0.9723641644818897,27960.21609602605,9,22959.965473732733,24166.76769964692,-0.17883447699833754,-0.13567307145806684,-0.13554515481924168,12.889520710599342,597,257,0.01588157243712701,0.18792271143188286,0.1725455769967277,1206.8022259142483,1219604.4518284982,23654.961251305296,609.8022259142491,597.0,2115.0,2415.0,0.0,148.0,183.0,0.0,253,23.13523045968266,22.1971825510304,17.254173278808594,13.011260032653809,148.0,933.0,183.0,1012.0,101.0,980.0,127.25,1067.75,148.0,933.0,183.0,1012.0,322.0,27.0,1117.0,74.0,740.0,54.0
922,0.23203295717727312,0.7169392044786729,420976.1118245503,10,325601.2272744669,333482.8787938305,-0.22655652392417147,-0.2078341990748973,-0.20922995865319083,10.318719525991396,536,259,0.00407110914379048,0.18786429398656596,0.13892303230157413,7881.651519364539,14691303.038729079,355938.1326753713,7345.65151936454,536.0,2182.0,2858.0,0.0,138.0,129.0,0.0,208,22.665381965857065,28.36955508164208,15.5,20.672868728637695,138.0,789.0,129.0,1024.0,98.5,828.5,99.0,1054.0,138.0,789.0,129.0,1024.0,365.0,22.0,986.0,65.0,1036.0,51.0
923,0.7230647902807772,0.6750863319986127,20760.660848348125,22,16995.98584148564,17963.683937784306,-0.18133695426954732,-0.13472484960835762,-0.13557249125433202,6.594883458167369,734,300,0.007338031290837708,0.1767977442333234,0.07010295898166669,967.6980962987117,467396.19259742333,17718.136930023422,233.69809629871168,734.0,3170.0,7899.0,0.0,297.0,115.0,0.0,271,29.398536033462833,65.1323678784697,21.0,50.0,297.0,1633.0,115.0,3908.0,200.0,1730.0,84.0,3939.0,297.0,1633.0,115.0,3908.0,1612.0,22.0,1683.0,168.0,2597.0,40.0
924,0.5549476636800708,0.9704009202043161,66423.23497431837,25,53082.66340471584,55542.578915538834,-0.20084194295505908,-0.16380798169475475,-0.1655910734507139,10.389189797774472,1278,506,0.005144713338436279,0.1708665681338039,0.06267877385007503,2459.9155108230957,2363831.021646192,56881.986652909196,1181.915510823096,1278.0,4221.0,8377.0,0.0,477.0,270.0,0.0,386,21.257001657909086,34.56308586417606,15.0,24.21815299987793,477.0,2959.0,270.0,5942.0,327.5,3108.5,182.25,6029.75,477.0,2959.0,270.0,5942.0,1557.0,50.0,2414.0,267.0,2902.0,93.0
925,0.3964389913777374,0.46978548912690044,474585.2730878036,13,469685.59387983975,477137.6303240163,-0.010324128214272199,0.005378079306183059,0.005979977991429575,7.681613528305818,502,234,0.009034406754885612,0.17488175715703164,0.1369849832569123,7452.036444177245,13900072.888354508,452381.28803064674,6950.036444177254,502.0,2315.0,4237.0,0.0,142.0,113.0,0.0,208,27.749732858193845,40.503909924714165,22.599777221679688,30.0,142.0,902.0,113.0,1547.0,96.25,947.75,78.0,1582.0,142.0,902.0,113.0,1547.0,768.0,17.0,1251.0,67.0,966.0,28.0
926,0.019067600569690146,0.3370108462578312,27224.130051471773,11,23090.876328918894,23850.744484057184,-0.15182316991353895,-0.12391160198825968,-0.12381310768759402,7.230211069326055,422,196,0.007455378448631237,0.19196391691303924,0.13918847294638778,759.8681551383264,675736.3102766541,23365.02709939701,337.86815513832704,422.0,2489.0,3055.0,0.0,96.0,119.0,0.0,179,33.32406943965877,37.680112087581215,24.84540557861328,27.976743698120117,96.0,786.0,119.0,968.0,68.0,814.0,83.0,1004.0,96.0,786.0,119.0,968.0,484.0,13.0,1232.0,49.0,947.0,40.0
927,0.49301680465142184,0.7538395538941972,32082.038794196003,18,27003.73875910029,28382.45525821658,-0.15829106334770826,-0.11531634755858211,-0.11817976930863439,9.479314746626258,824,330,0.008923280804699707,0.17338602522807944,0.0928711090336413,1378.7164991163513,1109432.9982327044,29259.314304010157,554.7164991163522,824.0,3013.0,6054.0,0.0,300.0,177.0,0.0,304,24.450084058022327,34.76676491806876,18.19524383544922,27.26308250427246,300.0,1715.0,177.0,3277.0,198.75,1816.25,113.0,3341.0,300.0,1715.0,177.0,3277.0,1120.0,29.0,1502.0,156.0,1735.0,61.0
928,0.3651534110882574,0.19952445513329686,30282.21031242977,26,29622.633521736,30483.236654798187,-0.021780998939269547,0.00663843029601785,0.008971656788169913,4.6044784433809625,608,261,0.00423232069926583,0.17783892557228406,0.05593046131087256,860.6031330622225,505206.2661244436,27430.156983940742,252.60313306222181,608.0,4647.0,8442.0,0.0,177.0,144.0,0.0,239,49.96105999958659,73.12536509962058,29.069950103759766,56.95867156982422,177.0,2277.0,144.0,3609.0,118.5,2335.5,99.5,3653.5,177.0,2277.0,144.0,3609.0,1813.0,24.0,1915.0,81.0,2113.0,43.0
929,0.5141256700466311,0.12783634381946873,99704.64104730751,15,86657.75327583405,87691.61017942056,-0.13085537076737497,-0.1204861753846247,-0.12086117104929583,3.9615187638240505,318,150,0.005187130931686527,0.16775698765348349,0.10695179888536459,1033.8569035865507,1431713.8071731017,90351.32057478062,715.8569035865509,318.0,2826.0,4734.0,0.0,99.0,54.0,0.0,136,39.35098572747851,85.26334874894444,25.0,66.2555160522461,99.0,761.0,54.0,1126.0,67.5,792.5,36.0,1144.0,99.0,761.0,54.0,1126.0,910.0,8.0,1422.0,49.0,1356.0,13.0
930,0.5219359552209196,0.4317897995068587,41538.44846547073,26,38446.52073869263,39734.21033023548,-0.07443532055243463,-0.04343537618491067,-0.0423436394015293,6.474819372585684,803,335,0.005995758894573924,0.17076032040831737,0.05815056201982649,1287.6895915428859,969379.1830857721,37428.811805550635,484.68959154288603,803.0,4585.0,8511.0,0.0,282.0,160.0,0.0,287,32.719420843901354,58.06958348614427,22.295555114746094,39.98542785644531,282.0,2566.0,160.0,4452.0,194.0,2654.0,113.75,4498.25,282.0,2566.0,160.0,4452.0,1703.0,33.0,2257.0,144.0,2690.0,49.0
931,0.699683768291376,0.91705931580452,42487.95283318973,22,40739.12823299651,42488.01504712278,-0.041160481585432285,1.4642723149549397e-06,0.0030642735046304548,9.779214477939709,999,409,0.007023293894340103,0.17222647612733277,0.06723344986401807,1748.886814126362,1499773.6282527205,38340.85119096124,749.8868141263603,999.0,3367.0,7716.0,0.0,406.0,162.0,0.0,334,23.02255185111929,49.178187191532636,14.0,34.631195068359375,406.0,2094.0,162.0,4684.0,284.25,2215.75,111.25,4734.75,406.0,2094.0,162.0,4684.0,1465.0,34.0,1733.0,194.0,2307.0,49.0
932,0.7845770035264852,0.8100786852530372,35281.96046231742,12,39836.38863015931,41028.20387136917,0.12908659576063553,0.16286632981149052,0.1666152291537395,9.222323760137522,530,228,0.01024531535345105,0.1815102250529422,0.12194609134746898,1191.8152412099362,1323630.4824198731,35881.15416586002,661.8152412099366,530.0,1887.0,4157.0,0.0,228.0,62.0,0.0,219,26.67256438057767,51.187587192369925,17.0,51.460052490234375,228.0,786.0,62.0,1550.0,158.5,855.5,44.5,1567.5,228.0,786.0,62.0,1550.0,803.0,14.0,890.0,112.0,1334.0,23.0
933,0.739900362350653,0.30921772031981887,14523.589955400208,23,12921.38235358322,13581.839653172943,-0.11031760100203392,-0.06484280436994161,-0.0652274615836188,5.0136152893247115,528,226,0.005092299646030215,0.1767113526501722,0.06409613020842318,660.4572995897436,264914.59917948744,13209.759020778847,132.4572995897437,528.0,3071.0,8462.0,0.0,201.0,78.0,0.0,214,34.80714660920953,76.72451406652964,23.0,57.83919906616211,201.0,1296.0,78.0,3317.0,148.0,1349.0,60.75,3334.25,201.0,1296.0,78.0,3317.0,1994.0,21.0,1650.0,114.0,2537.0,22.0
934,0.569765344361475,0.3744564013394742,10860.797429699782,17,8751.524119440875,9309.30147449789,-0.19420980125187837,-0.1428528582035048,-0.14570256503195578,5.3684957939568125,456,185,0.007750575361564292,0.17459705838482786,0.08457030416300856,557.7773550570304,203554.71011406108,9479.131488898518,101.77735505703053,456.0,2815.0,5717.0,0.0,164.0,90.0,0.0,192,34.471509575870705,71.3222602189739,24.784767150878906,54.29048156738281,164.0,1047.0,90.0,1949.0,106.75,1104.25,61.25,1977.75,164.0,1047.0,90.0,1949.0,1225.0,17.0,1255.0,84.0,1533.0,31.0
935,0.5191872563140227,0.029784110917334128,18569.889068492736,22,17321.930102904054,17774.622971013567,-0.06720336136558158,-0.042825570715362304,-0.04218166668795953,3.375286081531568,338,146,0.004826116652037231,0.17547881571990695,0.06927639375800627,452.6928681095217,229385.7362190431,16990.09585247935,114.69286810952154,338.0,3937.0,7117.0,0.0,103.0,67.0,0.0,149,65.47842814330538,90.23093208063793,44.0,77.3818588256836,103.0,1134.0,67.0,1962.0,72.0,1165.0,49.5,1979.5,103.0,1134.0,67.0,1962.0,1613.0,17.0,2057.0,51.0,2559.0,20.0
936,0.5321417171083302,0.6837909621239584,26474.9806392505,27,22573.653467653665,24157.04596954653,-0.1473590188697974,-0.08755189290931975,-0.08957722861986539,9.546087427924183,1124,452,0.004686264137231369,0.1709695753503155,0.05751189954460653,1583.3925018929144,918785.0037858299,24061.821419585027,459.39250189291494,1124.0,4671.0,8910.0,0.0,395.0,250.0,0.0,361,25.783239179083843,41.07868456380881,18.0,29.32534408569336,395.0,3147.0,250.0,5943.0,282.75,3259.25,167.25,6025.75,395.0,3147.0,250.0,5943.0,1639.0,50.0,2381.0,189.0,2732.0,92.0
937,0.03411519821020159,0.9939270710776457,155306.2041617486,20,151242.65555333567,156599.56255951137,-0.02616475388311479,0.00832779607706935,0.009918001085701844,13.635198400371591,1327,551,0.006743997206647454,0.17806594101187292,0.07423987113226195,5356.907006176069,8059814.012352126,147775.8844369378,4029.907006176063,1327.0,4852.0,5228.0,0.0,371.0,385.0,0.0,401,19.390380435351105,21.247948004440346,15.0,14.900263786315918,371.0,3509.0,385.0,3755.0,260.75,3619.25,266.5,3873.5,371.0,3509.0,385.0,3755.0,629.0,53.0,2233.0,174.0,1614.0,112.0
938,0.5165222668825005,0.7001515271676457,11643.700391815692,9,14082.064470360916,14714.62467660076,0.20941487641326972,0.2637412662166754,0.2719928023250495,8.60984249921051,418,184,0.010466821606972505,0.18003499654652294,0.17055151951346245,632.560206239871,429120.4124797426,12460.170221438177,214.56020623987132,418.0,1987.0,2542.0,0.0,151.0,74.0,0.0,186,24.988937823041447,33.25664860389029,20.729503631591797,27.5,151.0,656.0,74.0,790.0,100.5,706.5,50.75,813.25,151.0,656.0,74.0,790.0,423.0,11.0,936.0,70.0,806.0,19.0
939,0.2125656217035068,0.38204388332040695,253544.17151522642,12,242421.48530831866,246284.57003666947,-0.04386883019410992,-0.028632492063107806,-0.028692288954595413,7.035179952497867,413,185,0.010963902124603839,0.17984760385780796,0.1435254405807728,3863.0847283512426,6900169.456702495,245202.30837352513,3450.0847283512476,413.0,2710.0,3338.0,0.0,114.0,102.0,0.0,175,43.90797311801985,44.297440476521274,26.0,33.5,114.0,876.0,102.0,1008.0,74.0,916.0,70.5,1039.5,114.0,876.0,102.0,1008.0,561.0,13.0,1409.0,68.0,857.0,39.0
940,0.6406475897776834,0.34342513595224655,93852.10964666263,16,80287.38938519606,81538.34924440253,-0.14453292858877076,-0.1312038743574261,-0.13194591253334198,4.920564019907586,417,185,0.006591061387024404,0.1767644798471503,0.09841426324590202,1250.9598592066168,1667919.7184132326,84742.30350754374,833.9598592066163,417.0,2205.0,5859.0,0.0,143.0,73.0,0.0,179,34.92962331737023,91.0884421903516,25.867097854614258,73.0,143.0,764.0,73.0,1884.0,99.25,807.75,43.25,1913.75,143.0,764.0,73.0,1884.0,1286.0,15.0,1115.0,72.0,1989.0,25.0
941,0.6198859412751425,0.6023625105357546,39275.96988834384,7,36174.71320340875,36987.33312094522,-0.07896066459342788,-0.0582706620334239,-0.058885211843195284,7.207949801401763,276,129,0.010151763899635749,0.19067277947472927,0.24544819453156158,812.6199175365488,1073239.835073098,37224.1713886652,536.619917536549,276.0,1055.0,2472.0,0.0,92.0,48.0,0.0,128,29.94298768220219,47.4418316833615,18.868236541748047,36.97477722167969,92.0,237.0,48.0,518.0,65.0,264.0,31.0,535.0,92.0,237.0,48.0,518.0,483.0,7.0,595.0,47.0,582.0,11.0
942,0.5205549481892807,0.7329526461154025,13554.446083750203,23,10708.45861115357,11980.70232267994,-0.20996708054404045,-0.11610535401789324,-0.11579017030741534,9.867761142700335,1048,406,0.006746857132857827,0.17279317069693784,0.060158845882235724,1272.2437115263833,448487.42305276537,11362.441200366242,224.2437115263827,1048.0,4257.0,7298.0,0.0,399.0,220.0,0.0,364,24.963722261972013,36.71554697715193,17.0,28.0,399.0,2816.0,220.0,4911.0,266.0,2949.0,158.0,4973.0,399.0,2816.0,220.0,4911.0,1183.0,35.0,2012.0,178.0,2218.0,64.0
943,0.6645444285448988,0.04507196388200929,32972.73648354983,28,30640.12355603771,31210.766801455928,-0.07074368633843497,-0.05343716870369408,-0.05310771151667382,2.8318918370271113,400,174,0.0037930491314269402,0.17493573353203795,0.049686051912501236,570.6432454182577,341286.4908365152,30128.842349677627,170.6432454182576,400.0,5070.0,9040.0,0.0,138.0,60.0,0.0,161,72.6071914417,91.44104320738072,37.0,85.18067932128906,138.0,1595.0,60.0,2713.0,93.25,1639.75,45.5,2727.5,138.0,1595.0,60.0,2713.0,2115.0,20.0,2295.0,71.0,2948.0,17.0
944,0.949848191846597,0.8837720030091615,29212.408863755616,13,24922.955884961484,25512.009648881864,-0.14683667474325057,-0.12667216976635254,-0.1271224012898612,4.347900077620353,369,162,0.0051454427131125136,0.18340264061994593,0.11213669219578883,589.0537639203899,440107.5278407799,25305.7522012819,220.05376392038997,369.0,1242.0,5277.0,0.0,177.0,17.0,0.0,164,30.738371423206775,97.22961068086477,20.339296340942383,93.5387191772461,177.0,395.0,17.0,1535.0,119.5,452.5,11.5,1540.5,177.0,395.0,17.0,1535.0,1309.0,3.0,905.0,123.0,2171.0,9.0
945,0.6316286404344037,0.06213939260264423,236882.3268229914,23,221665.92815285723,223471.6706645847,-0.06423610775110511,-0.056613156153382915,-0.05652097963807934,3.3139550234599424,375,180,0.0026721282724594428,0.17440631516083852,0.06657042697232735,1805.7425117276734,2861485.0234553493,215866.31405665618,1430.7425117276746,375.0,3643.0,7949.0,0.0,107.0,65.0,0.0,143,63.78161253246176,103.49552448717952,41.0,67.8485107421875,107.0,1005.0,65.0,2112.0,78.25,1033.75,46.0,2131.0,107.0,1005.0,65.0,2112.0,1915.0,13.0,1848.0,48.0,2505.0,20.0
946,0.41441452113444976,0.663766320853658,40511.76133954025,20,34374.1929292378,35935.65167457116,-0.15150090263570126,-0.1129575588337286,-0.11410078974884696,9.477014707279274,877,368,0.0066922560065789645,0.17763199184908268,0.08168014470207598,1561.4587453334448,1368917.4906668866,36111.51646771805,684.4587453334433,877.0,3732.0,6338.0,0.0,276.0,213.0,0.0,318,24.558987059062677,39.694898289486275,18.0,32.0,276.0,2210.0,213.0,3655.0,199.5,2286.5,149.0,3719.0,276.0,2210.0,213.0,3655.0,1126.0,47.0,2006.0,149.0,1886.0,71.0
947,0.07012528919577055,0.8572785917490506,51864.30772200732,30,45554.064260077874,48360.11022240201,-0.12166832527202232,-0.06756472135688785,-0.0669918120590679,11.916888745034907,1698,653,0.0042082855808330474,0.1669525331247949,0.052827634114968075,2806.0459623243146,2216091.9246486314,46490.57258279665,1108.0459623243157,1698.0,7414.0,7705.0,0.0,525.0,490.0,0.0,442,24.143529874612508,26.57715379782145,18.0,19.041423797607422,525.0,6004.0,490.0,6240.0,353.25,6175.75,332.75,6397.25,525.0,6004.0,490.0,6240.0,962.0,48.0,3658.0,261.0,2302.0,152.0
948,0.5942449226805184,0.22177434363364423,14142.97876451125,6,12409.747654867431,12615.772946397752,-0.12255064074570965,-0.10798332116185394,-0.10896802052175791,3.003834750767185,127,62,0.008036631358996505,0.18491475253074038,0.23715033804721888,206.02529153032867,158050.58306065726,13154.06773128006,79.02529153032863,127.0,840.0,2184.0,0.0,38.0,21.0,0.0,57,59.16060184905076,94.53339523947157,38.5,49.0,38.0,85.0,21.0,198.0,25.5,97.5,13.0,206.0,38.0,85.0,21.0,198.0,550.0,5.0,487.0,22.0,896.0,5.0
949,0.1202697354425406,0.18126508837049082,42506.81528818775,11,35713.581132684376,36305.33849434268,-0.1598151757417392,-0.14589370555757442,-0.14628674326220792,4.550669894230287,254,120,0.005623047423687998,0.19202141796786454,0.13180741402018925,591.7573616583448,675514.7233166895,37110.72979459367,337.75736165834473,254.0,2472.0,3072.0,0.0,60.0,63.0,0.0,111,53.85863538051276,51.423421870939734,33.592079162597656,41.0,60.0,475.0,63.0,623.0,44.0,491.0,41.25,644.75,60.0,475.0,63.0,623.0,546.0,9.0,1383.0,31.0,1207.0,25.0
950,0.6917951138504627,0.23675625420600266,116911.45986476047,6,94630.14833039016,95685.03956531904,-0.19058278427234276,-0.1815597916918965,-0.18198670643766657,4.526733416705623,162,84,0.005278872563114854,0.18990431214970224,0.22050680500744052,1054.8912349289847,1785782.4698579684,98624.23437989806,892.8912349289842,162.0,879.0,2145.0,0.0,44.0,28.0,0.0,69,30.154786883261263,74.20736769192332,21.5,61.72632598876953,44.0,108.0,28.0,234.0,31.5,120.5,19.75,242.25,44.0,108.0,28.0,234.0,446.0,9.0,434.0,20.0,803.0,9.0
951,0.5658360308161446,0.3435784248366315,342029.18936986505,11,337064.53365606186,341429.21933612385,-0.014515298308164226,-0.001754148629380281,-0.001324028036638225,6.139392757817764,356,165,0.012565196014570821,0.18261950695774712,0.1295289063580647,4364.685680062466,8017371.360124933,326472.489885738,4008.6856800624664,356.0,1899.0,3645.0,0.0,120.0,60.0,0.0,149,37.66771656769078,48.47147960611426,26.0,39.450096130371094,120.0,475.0,60.0,984.0,77.75,517.25,40.75,1003.25,120.0,475.0,60.0,984.0,671.0,8.0,885.0,50.0,1152.0,18.0
952,0.6402250873343279,0.016931775961764095,102689.00359307842,17,91859.4015064791,92589.08068816518,-0.10546019250039029,-0.09835447371693073,-0.0984881594514242,2.565599383276668,256,122,0.002699212688249676,0.1741339136811988,0.08409287050411655,729.6791816861137,947358.3633722271,92313.55151815475,473.67918168611357,256.0,3018.0,5550.0,0.0,83.0,34.0,0.0,103,73.38615227164776,120.98901066948878,49.375274658203125,96.98924255371094,83.0,598.0,34.0,1036.0,57.0,624.0,25.5,1044.5,83.0,598.0,34.0,1036.0,1259.0,8.0,1476.0,52.0,1827.0,14.0
953,0.7201844993633328,0.9431231941507198,455621.60216350376,11,395461.85947042075,403155.5013883149,-0.13203882872852502,-0.11515279461301964,-0.11567721454452229,8.761202857335244,535,237,0.0073386862563821365,0.17709243819296863,0.12336164660448774,7693.641917894898,14317283.835789783,408542.1850437682,7158.641917894892,535.0,1790.0,3754.0,0.0,198.0,89.0,0.0,220,19.948397850723058,36.750217834613586,15.537063598632812,29.800830841064453,198.0,712.0,89.0,1421.0,134.25,775.75,59.5,1450.5,198.0,712.0,89.0,1421.0,703.0,20.0,1060.0,112.0,1467.0,30.0
954,0.6664501998701486,0.896928493703122,406177.9513820769,27,391480.2373480954,399647.2013693597,-0.036185405889144096,-0.01607854387589336,-0.015542133656351598,9.07889631473547,1216,494,0.003795526330581435,0.17362421485019575,0.06132837288914346,8166.9640212651375,13901928.042530268,382808.8668654249,6950.964021265135,1216.0,4069.0,9539.0,0.0,479.0,216.0,0.0,376,22.662093909272023,47.369758536665266,16.628746032714844,34.26653289794922,479.0,2806.0,216.0,6651.0,326.5,2958.5,147.25,6719.75,479.0,2806.0,216.0,6651.0,1877.0,49.0,2045.0,246.0,3059.0,57.0
955,0.7036316480484971,0.8297947718721909,397252.9563886449,10,317514.5461698042,323302.6980238749,-0.2007245230941218,-0.18615407934792594,-0.1871955709427925,7.809065980227021,455,207,0.008463091304965194,0.19602166503338125,0.13732792112011497,5788.151854071186,10666303.708142387,341471.814143652,5333.151854071193,455.0,1451.0,3589.0,0.0,169.0,69.0,0.0,185,26.11081800169948,43.379575640594375,15.0,30.0,169.0,479.0,69.0,1133.0,112.25,535.75,50.0,1152.0,169.0,479.0,69.0,1133.0,768.0,10.0,803.0,102.0,1375.0,26.0
956,0.8573101469304921,0.5672092526768842,135842.99019893317,29,121293.12180574427,123190.1903180975,-0.10710798085261197,-0.0931428251270564,-0.09363186926795997,4.8215067430825975,698,303,0.006122062667160355,0.17527709842210315,0.048605788929634144,1897.0685123533735,2398137.0247067437,124345.82965933545,1199.068512353372,698.0,3179.0,11437.0,0.0,289.0,77.0,0.0,252,41.35774842881818,100.474438030252,22.0,74.65492248535156,289.0,1572.0,77.0,5370.0,197.75,1663.25,55.0,5392.0,289.0,1572.0,77.0,5370.0,2760.0,18.0,1547.0,135.0,3445.0,26.0
957,0.414507815016109,0.2487281016013787,223916.26651054146,13,203841.8449281769,206480.41453650067,-0.08965146612704666,-0.07786773263844127,-0.07807209180067376,5.566779800172629,338,156,0.007207156982756183,0.17465243089747906,0.10020596041877015,2638.569608324116,4601139.21664824,206633.7892737178,2300.56960832412,338.0,2556.0,3996.0,0.0,101.0,68.0,0.0,144,40.74951011095604,55.465917396758734,32.0,40.79365539550781,101.0,667.0,68.0,1036.0,74.75,693.25,46.25,1057.75,101.0,667.0,68.0,1036.0,739.0,11.0,999.0,36.0,1240.0,25.0
958,0.8688853883210902,0.6023015844248926,113515.58896662254,25,104353.76150877244,106029.75845969241,-0.08070986144946124,-0.06594539635548402,-0.06671068547913961,4.809298120309571,622,269,0.005601992462438148,0.1756400848988195,0.06477168093293445,1675.9969509202124,2107993.9018404237,109579.08249326482,1053.996950920212,622.0,2959.0,9639.0,0.0,269.0,59.0,0.0,242,35.40892741386598,83.7691674030349,24.0,72.64591979980469,269.0,1497.0,59.0,4224.0,185.25,1580.75,38.75,4244.25,269.0,1497.0,59.0,4224.0,2326.0,18.0,1648.0,147.0,2790.0,21.0
959,0.5994492076048114,0.3163756379809166,165776.3093100094,22,175869.38167806368,178068.64692917094,0.060883683622005025,0.07415014648549256,0.07538440908146682,5.133421494782541,555,237,0.006504146353386062,0.1668921788927746,0.06930071366786854,2199.265251107445,3288530.502214886,160152.95576046364,1644.265251107443,555.0,4499.0,6587.0,0.0,197.0,99.0,0.0,224,57.64923218327524,65.85787875447718,26.08242416381836,47.03864669799805,197.0,1916.0,99.0,2715.0,130.25,1982.75,69.75,2744.25,197.0,1916.0,99.0,2715.0,1408.0,15.0,2231.0,99.0,2217.0,36.0
960,0.8349203292361992,0.8135524612804567,13926.381862302564,7,10462.204544404938,10829.310709457483,-0.24874926970621392,-0.22238878579285326,-0.22563198093822245,5.807653317233054,228,110,0.006619722655626856,0.18693100678170727,0.18757146641271508,367.1061650525535,278212.3301051068,11976.107857521692,139.10616505255342,228.0,877.0,2649.0,0.0,85.0,26.0,0.0,95,24.649423839617032,69.14686200812599,16.0,44.87476348876953,85.0,159.0,26.0,394.0,62.75,181.25,20.0,400.0,85.0,159.0,26.0,394.0,547.0,5.0,450.0,52.0,993.0,9.0
961,0.2636949063874737,0.687229581058161,86653.87604703868,7,76559.85133037985,78288.50551391204,-0.11648670754415469,-0.09653775358629813,-0.09649983869224665,9.086588369028576,351,168,0.011641148819169698,0.19527461359090836,0.1974847101017903,1728.6541835323305,2755308.367064661,75807.00960483873,1377.6541835323305,351.0,1203.0,2325.0,0.0,101.0,75.0,0.0,149,25.82423647019264,35.405942801465436,15.0,27.54948616027832,101.0,309.0,75.0,558.0,68.75,341.25,49.25,583.75,101.0,309.0,75.0,558.0,378.0,15.0,574.0,45.0,690.0,21.0
962,0.7259073381033111,0.6674347706958453,23925.528557963535,14,21125.081021314523,21883.590287972158,-0.11704851284118822,-0.08534558662076974,-0.08559444298942365,6.483877440779921,481,206,0.009229948632820473,0.1813739277873628,0.10285516644416348,758.5092666576616,555018.5333153247,21399.94696015428,277.50926665766235,481.0,2078.0,4970.0,0.0,180.0,81.0,0.0,207,29.799241441302776,55.89559550482736,20.0,42.0,180.0,836.0,81.0,1796.0,117.75,898.25,56.0,1821.0,180.0,836.0,81.0,1796.0,1006.0,17.0,1125.0,95.0,1831.0,27.0
963,0.9978426383165387,0.7088366969951128,135757.50563637397,20,118149.65680533594,118986.91074837957,-0.12970073918565206,-0.12353346365183215,-0.12398062287413492,2.511853794527204,232,109,0.002515806143833278,0.17144285890094024,0.07066400022661685,837.2539430436387,1210507.8860872781,120479.53275830761,605.2539430436391,232.0,917.0,9160.0,0.0,103.0,0.0,0.0,81,48.15275523770018,,17.0,,103.0,275.0,0.0,1241.0,75.25,302.75,0.0,1241.0,103.0,275.0,0.0,1241.0,2581.0,0.0,544.0,48.0,3506.0,0.0
964,0.29222732680600105,0.33110343942230325,349931.1415429062,5,343650.38877481193,349358.85618757,-0.017948539076577563,-0.0016354227657843223,-0.001597338017910066,8.058741144446113,204,97,0.011359953381441192,0.20412524185474057,0.31801276401802087,5708.467412758722,11008934.825517448,341521.5425148795,5504.467412758724,204.0,1161.0,1359.0,0.0,55.0,47.0,0.0,88,30.07591372139703,42.69338796876444,20.0,37.0,55.0,175.0,47.0,163.0,39.25,190.75,31.0,179.0,55.0,175.0,47.0,163.0,231.0,10.0,632.0,25.0,487.0,18.0
965,0.2503386281170713,0.46563222740288746,187546.71963883028,14,176148.16688786828,179683.32183500522,-0.060777137413615456,-0.04192767444276324,-0.04263812982919668,8.05298592017326,568,247,0.007772573681503539,0.16994493309268566,0.10497750235441101,3535.1549471372246,5934309.8942744555,184227.0045266259,2967.1549471372277,568.0,2901.0,4155.0,0.0,166.0,141.0,0.0,224,28.675812046778475,41.43743079597915,23.5,31.0,166.0,1186.0,141.0,1643.0,120.25,1231.75,95.25,1688.75,166.0,1186.0,141.0,1643.0,727.0,29.0,1230.0,75.0,1421.0,48.0
966,0.008151684099827028,0.9097230177367093,64847.10573672904,29,50950.02556516503,54013.41383500985,-0.21430532656282886,-0.16706515701259816,-0.16976240004890175,12.14833412323586,1711,653,0.006568365092606553,0.1700982411799656,0.05615150198888611,3063.388269844917,2704776.5396898333,55661.46996476794,1352.3882698449167,1711.0,6360.0,8253.0,0.0,472.0,557.0,0.0,440,21.90829022996063,29.370305756191307,17.0,20.0,472.0,5046.0,557.0,6682.0,324.5,5193.5,369.5,6869.5,472.0,5046.0,557.0,6682.0,1174.0,83.0,3412.0,249.0,2530.0,159.0
967,0.5126800841026593,0.17555103347482925,21499.31630860951,17,20039.719929412866,20541.842866639134,-0.06789036256990832,-0.0445350646609608,-0.04413569737261913,3.8617056008254824,350,153,0.006564312380094345,0.18052580110253486,0.08969336329528838,502.1229372262928,304245.87445258594,19696.34054882058,152.12293722629298,350.0,2856.0,5701.0,0.0,107.0,73.0,0.0,148,52.22017836440824,79.2891564422433,37.0,63.58382034301758,107.0,826.0,73.0,1508.0,73.5,859.5,49.0,1532.0,107.0,826.0,73.0,1508.0,1338.0,17.0,1862.0,67.0,2050.0,25.0
968,0.46402772573121953,0.7344702822224566,46567.0892798228,30,39642.042742333695,41593.81582466128,-0.1487111744493268,-0.10679803122924425,-0.10799953068547152,8.337526981189537,1259,496,0.005781440767157178,0.17442555926713807,0.05393207130094027,1951.7730823276702,1385546.1646553408,41545.47768724766,692.7730823276704,1259.0,5099.0,10015.0,0.0,441.0,292.0,0.0,386,28.19975006729914,44.13847660426651,20.0,32.0,441.0,3601.0,292.0,7241.0,301.75,3740.25,186.0,7347.0,441.0,3601.0,292.0,7241.0,2003.0,55.0,2751.0,238.0,2790.0,75.0
969,0.33766896371402655,0.577656979905483,186130.236550478,16,179607.43522600265,183474.4703111828,-0.03504428643814883,-0.014268322484912055,-0.014378729655956546,8.691542581427958,705,312,0.008314676973951484,0.1764108855029816,0.09661635486256598,3867.0350851805856,6324070.170361172,181902.98531915416,3162.035085180586,705.0,3060.0,5004.0,0.0,225.0,152.0,0.0,267,26.774961328478206,36.375510798649856,18.0,27.5,225.0,1482.0,152.0,2413.0,158.5,1548.5,109.0,2456.0,225.0,1482.0,152.0,2413.0,939.0,27.0,1492.0,120.0,1327.0,46.0
970,0.09015023055878624,0.880788797934149,28456.94553086716,15,26710.548764275998,28074.189426728808,-0.0613697898355553,-0.01345035797054106,-0.00890134155639799,10.593333987028483,833,329,0.00850767354396107,0.18009377702055326,0.1011198700884065,1363.640662452865,1061281.324905733,25045.970565198597,530.6406624528665,833.0,3582.0,3975.0,0.0,264.0,225.0,0.0,323,24.516827062169035,28.89071801280125,19.0,24.0,264.0,2051.0,225.0,2302.0,171.25,2143.75,145.5,2381.5,264.0,2051.0,225.0,2302.0,618.0,34.0,1744.0,128.0,1303.0,57.0
971,0.640799502724248,0.2485838037088619,15980.765184368302,15,13510.40041701772,13990.440563930923,-0.15458363469147185,-0.12454501380098049,-0.12519540215916203,4.555609636013985,352,151,0.005323728525187795,0.1817192676387303,0.0966877088340938,480.0401469132146,256080.2938264284,14053.020028428653,128.0401469132142,352.0,2346.0,5187.0,0.0,134.0,53.0,0.0,159,38.15766708460808,91.07315456800026,31.0,56.42108154296875,134.0,652.0,53.0,1539.0,94.5,691.5,34.5,1557.5,134.0,652.0,53.0,1539.0,1171.0,12.0,1252.0,75.0,2051.0,21.0
972,0.6592564539653842,0.12003798059594306,23802.96641196396,21,21263.061896374093,21790.073261786216,-0.10670537745720843,-0.08456480235866792,-0.08514010729483001,3.400152037632218,378,155,0.007144164623805515,0.17781204891897573,0.06964387583036154,527.0113654121409,298022.7308242814,21912.456231796703,149.0113654121407,378.0,3349.0,7221.0,0.0,141.0,61.0,0.0,166,58.264791681756925,101.16045410093828,37.2111701965332,70.07102966308594,141.0,1036.0,61.0,2243.0,90.75,1086.25,42.0,2262.0,141.0,1036.0,61.0,2243.0,1640.0,8.0,1870.0,83.0,2015.0,16.0
973,0.5944003569396287,0.1345818436330961,21989.421164037038,18,22206.534841000812,22712.881137189197,0.009873551256494917,0.03290036457782497,0.033541258787422645,3.7552681803795025,343,143,0.00909498498151264,0.170708310403259,0.09644568785582289,506.3462961883986,326692.5923767978,21748.952184274007,163.3462961883989,343.0,3215.0,5840.0,0.0,133.0,49.0,0.0,148,63.76419069756885,104.80587492356679,41.06575012207031,85.0,133.0,952.0,49.0,1528.0,86.75,998.25,30.75,1546.25,133.0,952.0,49.0,1528.0,1312.0,11.0,1795.0,76.0,1843.0,12.0
974,0.9814463923869645,0.4658691957541884,487848.9080060866,13,520589.92387879966,524449.4090625782,0.0671130248226457,0.07502425537054802,0.07533405172740526,3.7075366260045985,274,132,0.00437485601857099,0.18886834995424873,0.11908001050297158,3859.4851837789465,7170970.367557898,483540.0894802249,3585.4851837789492,274.0,1484.0,5068.0,0.0,125.0,4.0,0.0,106,53.61949523685016,136.70658449861116,22.0,94.4207763671875,125.0,380.0,4.0,869.0,91.5,413.5,2.75,870.25,125.0,380.0,4.0,869.0,1317.0,2.0,831.0,69.0,1662.0,0.0
975,0.7199040861479434,0.8038145135938892,57722.476317505745,13,51219.50577338062,52687.990454246275,-0.1126592440067049,-0.08721881292075895,-0.08878053033087252,8.144421005075632,580,262,0.007352314522572997,0.17869235207285494,0.11166535708748776,1468.4846808657223,1776969.3617314456,54545.60123500591,888.4846808657228,580.0,2125.0,4427.0,0.0,235.0,70.0,0.0,226,26.3263321869172,45.48571423313166,18.0,31.0,235.0,904.0,70.0,1729.0,165.5,973.5,51.25,1747.75,235.0,904.0,70.0,1729.0,873.0,8.0,1180.0,122.0,1713.0,23.0
976,0.22473370726890918,0.4561965321675947,50192.46018526681,18,43796.00638087249,45181.61980324394,-0.1274385391906313,-0.09983253188879793,-0.09976755183674857,7.542978167451477,715,308,0.008556740805740903,0.17589515330998443,0.0959710385868963,1385.6134223715258,1341226.8447430506,44452.8280132954,670.6134223715253,715.0,3796.0,5264.0,0.0,203.0,186.0,0.0,279,29.759492007287637,36.68081079771928,23.0,31.0,203.0,1927.0,186.0,2701.0,140.75,1989.25,129.5,2757.5,203.0,1927.0,186.0,2701.0,845.0,26.0,2204.0,113.0,1664.0,54.0
977,0.738918853383152,0.8305882834926421,208237.34970984524,21,178258.33451173326,182774.60685285268,-0.1439656009831295,-0.12227750157439077,-0.12308220400214631,9.68185499476319,951,400,0.005914960922275304,0.17499381668771244,0.07687780761020234,4516.272341119782,7130544.6822395595,184121.34570535278,3565.27234111978,951.0,3191.0,7393.0,0.0,388.0,142.0,0.0,311,21.84745814603705,44.76349444837902,15.0,29.0,388.0,1946.0,142.0,4055.0,268.25,2065.75,102.25,4094.75,388.0,1946.0,142.0,4055.0,1351.0,23.0,1803.0,218.0,2254.0,52.0
978,0.4767962322011632,0.8163494714801661,49354.8303848661,14,51591.828160214885,53393.561207715466,0.04532479917172849,0.08183050759886257,0.08569191583042102,10.656071020767754,790,344,0.0060202009633127706,0.1770539928654648,0.10897459943242936,1801.7330475006845,2023466.0950013679,47472.14266538316,1011.7330475006839,790.0,2647.0,4409.0,0.0,277.0,155.0,0.0,295,19.398183138812076,27.575005735384643,14.0,20.138090133666992,277.0,1454.0,155.0,2244.0,191.75,1539.25,112.5,2286.5,277.0,1454.0,155.0,2244.0,731.0,36.0,1437.0,145.0,1475.0,43.0
979,0.6927091572966066,0.1281553492707016,16766.265254367907,7,12457.727513712805,12674.254829603002,-0.25697659408869555,-0.24406213087311524,-0.2454130171167066,3.400008655670585,124,62,0.005344853238272761,0.2020238529423866,0.19078687903253458,216.52731589021087,185054.63178042174,13606.923578840371,92.52731589021087,124.0,801.0,2721.0,0.0,35.0,20.0,0.0,53,47.36840695536214,104.22222286241109,36.0,83.5,35.0,66.0,20.0,249.0,27.75,73.25,14.0,255.0,35.0,66.0,20.0,249.0,671.0,3.0,438.0,21.0,959.0,6.0
980,0.16445273401004923,0.259475317526044,188730.9165904048,22,160884.80016173975,163230.4441598283,-0.14754401097462144,-0.13511550143063822,-0.13551458623950996,5.183533651943178,606,263,0.0059208830095154605,0.17032549449955317,0.06543049057990183,2345.6439980888085,3479287.996177614,167804.83304440955,1739.6439980888072,606.0,4774.0,6313.0,0.0,171.0,150.0,0.0,244,47.88099078860532,53.551088325146964,35.262638092041016,38.61827850341797,171.0,2229.0,150.0,2817.0,109.75,2290.25,108.0,2859.0,171.0,2229.0,150.0,2817.0,1130.0,24.0,2239.0,91.0,2033.0,38.0
981,0.471175456582862,0.6140606841405615,26994.87546173861,8,24988.474041853886,25735.317172628187,-0.07432527046581539,-0.046659162806498955,-0.048070237315172126,7.462111461916375,348,167,0.008732809803650514,0.18194229905249604,0.18857480378643143,746.8431307743424,797686.2615486847,26724.549265303645,398.84313077434234,348.0,1599.0,2433.0,0.0,108.0,65.0,0.0,150,28.39696563727643,43.654875067478976,18.828685760498047,25.177459716796875,108.0,400.0,65.0,627.0,77.25,430.75,44.25,647.75,108.0,400.0,65.0,627.0,430.0,9.0,870.0,61.0,836.0,20.0
982,0.6754642786077435,0.9563164865340394,17274.880352397096,26,14692.22772977383,16219.851220068675,-0.14950335805161707,-0.06107302110384949,-0.06112063944647661,9.809088869642524,1226,477,0.005250391856057546,0.17003237810284857,0.06041450218844362,1527.6234902948852,603246.9805897727,15374.694546216222,301.6234902948863,1226.0,3902.0,9170.0,0.0,495.0,228.0,0.0,366,21.314724890459473,44.9176227224979,16.0,30.0,495.0,2579.0,228.0,6197.0,346.75,2727.25,147.25,6277.75,495.0,2579.0,228.0,6197.0,1821.0,44.0,2020.0,246.0,2951.0,72.0
983,0.41988810719104963,0.6122612569899578,132684.15843748936,29,118597.21893801702,121840.11723191044,-0.1061689629369661,-0.0817282283980254,-0.08201130779210808,8.43427715043231,1208,501,0.004777987295370759,0.1714319243170134,0.04901925221292875,3242.898293893674,4069796.5877873576,120632.64329589748,2034.8982938936788,1208.0,5622.0,8992.0,0.0,405.0,274.0,0.0,377,29.01864270015589,41.922656151625254,20.0,29.202966690063477,405.0,3883.0,274.0,6369.0,283.75,4004.25,190.75,6452.25,405.0,3883.0,274.0,6369.0,1582.0,44.0,2659.0,188.0,3056.0,96.0
984,0.36637095892584226,0.5272166898378334,79095.22522473808,14,71811.83203899875,73392.20763782135,-0.09208385417760157,-0.0721031841139892,-0.07239355438133555,7.238675346424149,524,230,0.006092744161795193,0.17168184652566978,0.10437758906415193,1580.3755988227124,2112751.197645423,72967.46630200463,1056.3755988227115,524.0,2476.0,4575.0,0.0,159.0,121.0,0.0,213,31.705284337501194,41.42276129785308,21.973466873168945,37.0,159.0,981.0,121.0,1720.0,111.75,1028.25,82.5,1758.5,159.0,981.0,121.0,1720.0,836.0,20.0,1232.0,73.0,1622.0,44.0
985,0.6489612766607331,0.7863344712046287,143260.70009937577,30,128720.71418828442,132094.4546476867,-0.10149319318560768,-0.07794353541441135,-0.0780393115330702,8.410973822594082,1202,489,0.004208950350233056,0.17340391070356884,0.054425964696639864,3373.740459402465,4343480.91880493,129101.60614033777,2171.7404594024647,1202.0,4230.0,10885.0,0.0,450.0,233.0,0.0,365,25.67258464164201,47.2425289506724,15.0,32.0,450.0,2930.0,233.0,7335.0,319.0,3061.0,159.0,7409.0,450.0,2930.0,233.0,7335.0,2269.0,52.0,2360.0,238.0,3261.0,70.0
986,0.40166213724582867,0.8834364751908976,29833.55969636891,26,27751.964145157788,29708.501815465694,-0.06977362314107205,-0.004191852470036839,-0.0034219609319128264,10.834349232311366,1343,529,0.004542193646302365,0.16977809739871222,0.058627790514172794,1956.5376703079949,1227075.3406159894,28314.468047524093,613.5376703079947,1343.0,5017.0,8079.0,0.0,472.0,316.0,0.0,405,21.173306720450736,32.936612104827795,15.80491828918457,26.0,472.0,3663.0,316.0,6072.0,323.5,3811.5,213.75,6174.25,472.0,3663.0,316.0,6072.0,1419.0,50.0,2564.0,231.0,2479.0,85.0
987,0.5869125542732991,0.7449172217909038,119581.83150864212,7,120004.25093969489,122640.52749343053,0.00353247166165227,0.025578266750057033,0.026219182245706296,9.706802197905136,350,164,0.01580888265085103,0.18403131280726986,0.1955865872660448,2636.276553735824,4572553.107471648,117766.72209459642,2286.276553735824,350.0,1430.0,2098.0,0.0,123.0,56.0,0.0,150,25.298837619281546,30.579059295282097,17.0,26.20611572265625,123.0,377.0,56.0,494.0,88.25,411.75,40.25,509.75,123.0,377.0,56.0,494.0,328.0,10.0,669.0,60.0,667.0,19.0
988,0.1880720435403891,0.7126105565910109,60332.45448735322,15,57495.17880361363,59475.764340601585,-0.047027353815587536,-0.014199491037302558,-0.014733101719813124,10.102395069535788,783,327,0.007728517354875262,0.1784688928258076,0.09515478498426944,1980.585536988101,2395171.0739762043,59272.35713635242,1197.5855369881021,783.0,3389.0,4168.0,0.0,233.0,208.0,0.0,292,27.722772786514142,31.004211338445845,23.0,22.249340057373047,233.0,1811.0,208.0,2127.0,151.0,1893.0,143.75,2191.25,233.0,1811.0,208.0,2127.0,629.0,37.0,1659.0,124.0,1395.0,75.0
989,0.22447190982657017,0.775768368184646,251230.02708366804,15,237544.57117624607,243282.78541267576,-0.05447380659981482,-0.03163332728673229,-0.030863667101343473,10.687031075424116,819,353,0.0060820340993310625,0.18013706910083765,0.12329448725905516,5738.214236430252,9838428.472860472,230148.77573166488,4919.214236430236,819.0,3143.0,4417.0,0.0,253.0,198.0,0.0,302,23.882307687747534,28.351014383312837,18.0,21.5,253.0,1716.0,198.0,2363.0,169.75,1799.25,139.75,2421.25,253.0,1716.0,198.0,2363.0,615.0,29.0,1745.0,136.0,1222.0,47.0
990,0.14973139224842735,0.762770714367864,60769.8609505057,28,55017.69207155164,57522.77880299765,-0.0946549619989907,-0.05343244326579344,-0.05295298797203707,9.912185224566791,1404,561,0.005328411765160296,0.1725215123878916,0.05160601460686296,2505.0867314461566,2202173.4628923098,55542.07808370922,1101.086731446155,1404.0,6400.0,7709.0,0.0,419.0,396.0,0.0,421,25.52440939620946,29.629746920964767,19.0,22.532838821411133,419.0,4984.0,396.0,5986.0,287.25,5115.75,276.25,6105.75,419.0,4984.0,396.0,5986.0,1058.0,63.0,3166.0,213.0,2440.0,124.0
991,0.038451481504644835,0.01648524709745558,197030.6628191072,30,173777.26499853525,175259.55954939642,-0.11801918284120472,-0.11049601599167702,-0.11061848499414939,2.918875723805473,448,213,0.003176956365200614,0.1697467752304207,0.04827419121826748,1482.2945508614214,2068589.101722844,177173.4477124234,1034.294550861422,448.0,7130.0,7982.0,0.0,91.0,114.0,0.0,171,93.04772527158974,81.61690293495533,83.0,71.03141784667969,91.0,2308.0,114.0,2616.0,60.25,2338.75,83.5,2646.5,91.0,2308.0,114.0,2616.0,1518.0,26.0,3442.0,43.0,2574.0,31.0
992,0.3891388358293977,0.6687257358371744,43084.62767158697,19,37249.97959975653,38771.89139323575,-0.135422966082128,-0.10009918876925428,-0.10058607660100205,8.85890034480222,842,361,0.006582521662419832,0.17522486543041038,0.08178203457886689,1521.9117934792712,1359823.5869585418,38374.50287372265,679.911793479271,842.0,3377.0,6193.0,0.0,268.0,195.0,0.0,315,29.458054093925405,40.18933450412377,20.08295249938965,28.0,268.0,1985.0,195.0,3533.0,190.75,2062.25,136.0,3592.0,268.0,1985.0,195.0,3533.0,1040.0,38.0,1803.0,143.0,1843.0,63.0
993,0.8639567244016467,0.4224120784173979,25016.31178597335,23,22041.145509024387,22667.696437587645,-0.11892905326744208,-0.09388335772592082,-0.09415827476171068,3.711298083469073,462,194,0.006104495493161051,0.17339987043441754,0.0584971471779279,626.5509285632909,329101.8571265836,22168.91837605787,164.5509285632918,462.0,2394.0,9180.0,0.0,190.0,55.0,0.0,195,46.181905902138865,117.62656773054218,26.0,95.53255462646484,190.0,1034.0,55.0,3201.0,130.5,1093.5,36.25,3219.75,190.0,1034.0,55.0,3201.0,2257.0,15.0,1441.0,115.0,3170.0,23.0
994,0.42937121553185364,0.9719920905475359,25169.39561226645,14,21613.470187226212,22989.00864542618,-0.1412797303447063,-0.08662849916736359,-0.08741434826755523,12.387233708440238,819,353,0.008815798748900856,0.17952101598587572,0.11605397443699998,1375.5384582000347,1113076.916400067,22464.194641812046,556.5384582000336,819.0,2812.0,4243.0,0.0,274.0,178.0,0.0,308,21.48006490674397,27.524823739629333,17.0,19.607452392578125,274.0,1532.0,178.0,2327.0,191.75,1614.25,123.5,2381.5,274.0,1532.0,178.0,2327.0,763.0,24.0,1533.0,141.0,1391.0,58.0
995,0.3408203491021293,0.6524111242182724,53135.495784348364,7,47585.50054967644,48731.82083563075,-0.10444986261531664,-0.0828763312304458,-0.08240383863459366,8.622439053091115,345,164,0.011059374540210538,0.19000419084311837,0.19131781530381362,1146.320285954415,1602640.5719088304,46467.14699984714,801.3202859544152,345.0,1125.0,2403.0,0.0,88.0,86.0,0.0,150,23.199450250993184,37.409876297661604,18.0,29.6054630279541,88.0,284.0,86.0,592.0,65.5,306.5,59.5,618.5,88.0,284.0,86.0,592.0,465.0,9.0,578.0,48.0,899.0,24.0
996,0.5338802955502588,0.7727515239412484,478806.02583482745,17,513853.8499919787,524597.7305053733,0.07319837735133605,0.09563727731017013,0.0968400977359769,10.073022256397442,870,382,0.0059327161836193985,0.17883126859607965,0.10373238759968852,10743.880513395694,19747761.02679141,490115.0946591396,9873.880513395705,870.0,3400.0,5168.0,0.0,321.0,150.0,0.0,317,22.29425924196915,29.52785180492651,17.0,21.5,321.0,1912.0,150.0,3006.0,226.5,2006.5,112.0,3044.0,321.0,1912.0,150.0,3006.0,856.0,20.0,2062.0,187.0,1583.0,40.0
997,0.24022330205573128,0.6557922022426949,33898.33769291697,27,30626.9051489872,32443.292117324658,-0.09650716721172237,-0.04292380318980482,-0.0424252678384508,9.681968035084408,1212,469,0.0051128679848954466,0.17306001289081874,0.06290360093855166,1816.3869683375585,1208773.9366751167,31211.989450256908,604.3869683375583,1212.0,5499.0,8094.0,0.0,368.0,348.0,0.0,389,26.558218362069287,42.97415288211663,20.0,26.0,368.0,3997.0,348.0,5780.0,257.25,4107.75,224.0,5904.0,368.0,3997.0,348.0,5780.0,1401.0,56.0,2796.0,180.0,2225.0,103.0
998,0.3308087548168225,0.1801184927473708,351692.19356722175,26,312698.2848851583,316281.41937751643,-0.11087510441032933,-0.10068683592471317,-0.10088980073211407,4.64546396725169,604,261,0.006146646241580353,0.16718128907365273,0.0580520669486826,3583.13449235847,5958268.9847169425,320649.83318780985,2979.134492358471,604.0,4712.0,8392.0,0.0,164.0,153.0,0.0,241,52.634526937749996,64.5126133315304,37.0,54.0,164.0,2226.0,153.0,3723.0,110.75,2279.25,95.5,3780.5,164.0,2226.0,153.0,3723.0,1712.0,27.0,1767.0,67.0,2100.0,52.0
999,0.7012165452051727,0.03194883677025617,133284.40879101094,8,142433.53959327447,143129.95354901036,0.06864366871754157,0.07386869062410129,0.07438909742518551,2.323036877688598,108,53,0.003925480204417284,0.19653080460964056,0.1602837483328256,696.4139557359389,1176827.9114718777,126647.57098505594,588.4139557359389,108.0,1491.0,2541.0,0.0,29.0,18.0,0.0,43,79.19578023013855,133.27619786455216,69.07799530029297,115.55078125,29.0,107.0,18.0,190.0,20.0,116.0,11.75,196.25,29.0,107.0,18.0,190.0,610.0,2.0,568.0,11.0,804.0,3.0
