agent_id,delta,kappa,initial_wealth,capacity,final_net,final_gross,net_return,gross_return,gross_return_comp,turnover,trade_count,num_lots_opened,mean_cash_weight,portfolio_vol,hhi,costs_paid,volume_mid,mean_portfolio_value,spread_cost,commission_cost,position_days_in_gain,position_days_in_loss,position_days_neutral,sells_from_gain,sells_from_loss,sells_from_neutral,sale_days,mean_holding_winners,mean_holding_losers,median_holding_winners,median_holding_losers,G_r_full,G_p_full,L_r_full,L_p_full,G_r_frac,G_p_frac,L_r_frac,L_p_frac,G_r,G_p,L_r,L_p,cell_A_rebote_bajo_agua_opp,cell_A_rebote_bajo_agua_sell,cell_B_ganadora_infraponderada_opp,cell_B_ganadora_infraponderada_sell,cell_C_perdedora_sobreponderada_opp,cell_C_perdedora_sobreponderada_sell
0,0.0,0.0,140907.54330700228,27,123844.40914394347,125009.271647934,-0.12109454016867294,-0.11282768321657499,-0.11357615616706662,2.8092225938111075,390,182,0.003167620706714178,0.16496551614998414,0.05852435093252106,1164.8625039906055,1549725.0079812119,137914.0452767389,774.862503990606,390.0,5750.0,7858.0,0.0,75.0,106.0,0.0,152,85.0577446656854,91.39707792554987,71.0,76.0,75.0,1734.0,106.0,2189.0,50.75,1758.25,73.5,2221.5,75.0,1734.0,106.0,2189.0,1535.0,21.0,2364.0,27.0,1721.0,20.0
1,0.0,0.0,112618.48431182439,18,75805.80473045135,76687.69293875844,-0.3268795509575855,-0.3190487919689876,-0.3206922009853942,3.006707664154151,285,139,0.004177279122088788,0.16453649428764994,0.07877708967192787,881.8882083072157,1193776.416614431,99259.43506635063,596.8882083072155,285.0,3120.0,5952.0,0.0,44.0,84.0,0.0,120,66.928319688594,99.03306920339914,71.51506805419922,87.0,44.0,703.0,84.0,1329.0,29.75,717.25,58.0,1355.0,44.0,703.0,84.0,1329.0,1229.0,19.0,1433.0,16.0,1758.0,25.0
2,0.0,0.0,152161.52829706145,17,125759.406531218,126897.55083220391,-0.17351377881996033,-0.16603393609148864,-0.16694527072184084,2.939925590808976,283,133,0.00568932114272794,0.169830904726181,0.08500982065826167,1138.1443009860577,1710288.6019721145,145436.38513496326,855.1443009860573,283.0,3428.0,5140.0,0.0,49.0,84.0,0.0,121,87.26879710135937,88.77721251877715,76.0,65.24137115478516,49.0,727.0,84.0,1197.0,32.0,744.0,51.0,1230.0,49.0,727.0,84.0,1197.0,1144.0,13.0,1532.0,20.0,1419.0,26.0
3,0.0,0.0,215478.23275612557,17,173907.3358317837,175327.67259881066,-0.19292388095363233,-0.1863323252829746,-0.18731789330623638,2.804922051579127,261,127,0.0034532975548314717,0.16709587738680365,0.08105700067630488,1420.3367670271134,2318673.534054229,206661.13811869142,1159.3367670271145,261.0,3658.0,4910.0,0.0,57.0,60.0,0.0,99,70.66432914388969,83.04985392291862,54.0,68.0,57.0,681.0,60.0,885.0,39.0,699.0,44.5,900.5,57.0,681.0,60.0,885.0,1044.0,12.0,1215.0,27.0,1269.0,16.0
4,0.0,0.0,59946.061784952435,22,45073.28625767286,45767.30879142278,-0.2481026290039443,-0.23652517899163783,-0.23822503125879746,3.093652933584391,360,167,0.004367773561578728,0.17635622991340666,0.061593738121762734,694.0225337499237,668045.0674998478,53985.13358169694,334.0225337499239,360.0,3968.0,7120.0,0.0,73.0,98.0,0.0,142,81.88064785203805,78.80748972730623,66.0,57.81834411621094,73.0,1046.0,98.0,1907.0,50.0,1069.0,72.75,1932.25,73.0,1046.0,98.0,1907.0,1550.0,15.0,2070.0,37.0,2414.0,25.0
5,0.0,0.0,37369.48962552017,9,28133.236412970844,28474.942682729587,-0.2471602717913961,-0.23801628098009575,-0.23955515608408928,2.938931581234729,137,69,0.0033727696698570403,0.18743236260747725,0.1376705035304114,341.70626975877803,409412.5395175567,34826.6477290321,204.70626975877838,137.0,1706.0,2830.0,0.0,25.0,34.0,0.0,57,93.8079337456721,99.30319508199003,91.0,66.38775634765625,25.0,166.0,34.0,288.0,17.25,173.75,24.0,298.0,25.0,166.0,34.0,288.0,584.0,4.0,478.0,8.0,891.0,11.0
6,0.0,0.0,24441.124067594537,15,23222.791250620485,23600.19538133542,-0.04984765895400811,-0.03440630160599156,-0.03498735735087566,2.8641178594303396,237,112,0.006048341358671427,0.1742587208980304,0.0970890482720388,377.4041307149596,280808.2614299188,24510.885655886585,140.40413071495942,237.0,3888.0,3672.0,0.0,49.0,61.0,0.0,101,90.69330325757497,81.82159366179131,65.46858978271484,44.15850830078125,49.0,710.0,61.0,695.0,31.75,727.25,43.0,713.0,49.0,710.0,61.0,695.0,631.0,9.0,1755.0,24.0,935.0,16.0
7,0.0,0.0,10571.340033349989,12,6978.556087648265,7212.766784174246,-0.33986078721972524,-0.3177055357769466,-0.3221896911510874,2.8476032797614614,184,85,0.007650925004294921,0.17234689908431078,0.12051911351471507,234.21069652598476,100421.3930519697,8816.308241187113,50.21069652598485,184.0,2487.0,3540.0,0.0,34.0,54.0,0.0,85,100.66829031243775,78.52828618722486,67.5,77.09754943847656,34.0,400.0,54.0,529.0,23.0,411.0,39.25,543.75,34.0,400.0,54.0,529.0,737.0,10.0,1037.0,19.0,1066.0,17.0
8,0.0,0.0,180467.3836815067,13,141277.914522934,142312.61713727564,-0.21715541256881765,-0.21142195207732128,-0.21228311402861544,2.5482763289920154,193,97,0.0041399577479432955,0.16226535692552022,0.1213971075717187,1034.702614341713,1683405.2286834277,165151.36226899183,841.7026143417139,193.0,2250.0,4302.0,0.0,33.0,50.0,0.0,81,70.77878378948128,83.15725506020026,54.0,67.5,33.0,377.0,50.0,593.0,18.75,391.25,34.5,608.5,33.0,377.0,50.0,593.0,888.0,9.0,1028.0,16.0,1285.0,14.0
9,0.0,0.0,34219.592245666354,13,30703.41945698362,31087.078983248284,-0.10275320534037125,-0.09154151340931826,-0.09208340446561747,2.9508888825965975,193,91,0.0044187317113683075,0.17250173435815255,0.10987708477542485,383.65952626468794,381319.0525293762,32305.43979292769,190.65952626468808,193.0,2975.0,3558.0,0.0,42.0,47.0,0.0,82,93.4862404030375,99.69349816079794,70.88516235351562,52.59758758544922,42.0,461.0,47.0,514.0,28.25,474.75,32.0,529.0,42.0,461.0,47.0,514.0,814.0,15.0,1423.0,21.0,1081.0,18.0
10,0.0,0.0,43325.315389476564,20,36959.97506511175,37586.09400903424,-0.14691965348995273,-0.13246808081716455,-0.1337906288667554,3.4284566239778935,344,162,0.003308125282974446,0.17345150712802573,0.07469088371902105,626.1189439224868,564237.8878449728,41143.723672833825,282.1189439224864,344.0,4204.0,5873.0,0.0,69.0,93.0,0.0,137,65.26012649070069,69.94276759172497,41.0,53.99947738647461,69.0,1093.0,93.0,1484.0,49.0,1113.0,67.0,1510.0,69.0,1093.0,93.0,1484.0,1177.0,15.0,1677.0,34.0,1118.0,26.0
11,0.0,0.0,18562.728625873664,11,15532.834670404818,15802.288726854835,-0.16322460003243422,-0.1487087353726213,-0.1501233496258646,2.5634125287045517,180,79,0.005573586764396787,0.16873747802335817,0.15568987503159407,269.4540564500219,178908.11290004358,17448.23656909182,89.4540564500218,180.0,2091.0,3422.0,0.0,37.0,53.0,0.0,84,65.91174882379694,86.26709836150447,57.0,66.0,37.0,316.0,53.0,516.0,23.25,329.75,32.25,536.75,37.0,316.0,53.0,516.0,662.0,12.0,1088.0,24.0,726.0,12.0
12,0.0,0.0,77240.3266486366,30,63057.47180414245,64114.978420134925,-0.18361981959257423,-0.16992869913935504,-0.17187227661178128,3.5566440314667616,526,239,0.0038787203626667413,0.1615327676051411,0.05372659167196354,1057.5066159924734,1063013.2319849464,74720.24347813065,531.5066159924733,526.0,6727.0,8393.0,0.0,115.0,142.0,0.0,212,78.69293097981357,74.64377716103776,61.0,58.158363342285156,115.0,2625.0,142.0,3478.0,83.5,2656.5,95.5,3524.5,115.0,2625.0,142.0,3478.0,1577.0,34.0,2818.0,51.0,1832.0,32.0
13,0.0,0.0,25275.32604071921,20,27600.483326803416,28094.116793493104,0.09199316686709857,0.11152341806522093,0.11239705022164981,3.2866968229454057,317,149,0.0038777321922994256,0.16421609334783904,0.07781597649432727,493.63346668969234,353266.93337938434,26870.97049179613,176.63346668969217,317.0,4767.0,5311.0,0.0,74.0,74.0,0.0,130,90.13649696297003,78.32023098305213,71.58970642089844,58.784725189208984,74.0,1120.0,74.0,1331.0,50.5,1143.5,50.0,1355.0,74.0,1120.0,74.0,1331.0,1068.0,22.0,2256.0,28.0,1357.0,25.0
14,0.0,0.0,87338.07668443971,5,53890.87286460138,54484.92918103824,-0.38296244993676787,-0.3761606478020215,-0.37776690745238783,3.4155700289451025,106,52,0.0073725563400039934,0.16690558167732403,0.24564430117416383,594.0563164368892,976112.6328737779,71445.80733243302,488.05631643688895,106.0,1048.0,1472.0,0.0,19.0,30.0,0.0,46,47.60028130535509,73.83227820284489,33.0,36.00956344604492,19.0,71.0,30.0,110.0,11.75,78.25,20.5,119.5,19.0,71.0,30.0,110.0,234.0,5.0,538.0,14.0,469.0,9.0
15,0.0,0.0,140477.39900347122,12,126508.03372944857,127562.4942933381,-0.09944208373104535,-0.09193581887015145,-0.09279603185544083,3.046407839528913,186,92,0.005342312827396563,0.16860662733196505,0.12453528175998949,1054.4605638896874,1736921.1277793758,142538.45998899214,868.4605638896879,186.0,2463.0,3585.0,0.0,39.0,43.0,0.0,79,68.68525073081263,91.53171446094542,46.0,59.138694763183594,39.0,385.0,43.0,481.0,29.5,394.5,29.5,494.5,39.0,385.0,43.0,481.0,688.0,13.0,995.0,14.0,1083.0,13.0
16,0.0,0.0,167812.86075974128,17,147039.33127078024,148330.01925473256,-0.12378985373893736,-0.11609861971724822,-0.11655465617071536,3.2174333237685158,284,132,0.004688998108404466,0.1612513231399176,0.0892946404464342,1290.6879839524104,2013375.9679048213,156442.7111069542,1006.6879839524106,284.0,3266.0,5302.0,0.0,50.0,85.0,0.0,117,72.70952489336851,95.07751579280459,49.58856964111328,75.51062774658203,50.0,733.0,85.0,1121.0,34.75,748.25,57.25,1148.75,50.0,733.0,85.0,1121.0,1066.0,16.0,1322.0,21.0,1527.0,19.0
17,0.0,0.0,157505.9902934854,17,134565.99070852538,135710.8097943003,-0.14564525160100428,-0.13837683543701118,-0.1391697051692019,2.88363084599143,270,128,0.0027142325092043363,0.15965881762035228,0.08967811377756287,1144.819085774981,1749638.171549964,151687.08002119596,874.819085774982,270.0,3268.0,5300.0,0.0,53.0,72.0,0.0,112,73.63631558996097,88.6868020137928,72.14087677001953,75.49009704589844,53.0,766.0,72.0,1013.0,36.25,782.75,48.5,1036.5,53.0,766.0,72.0,1013.0,1053.0,15.0,1226.0,28.0,1442.0,15.0
18,0.0,0.0,422682.8956754334,7,296985.88658634055,299519.8626569505,-0.29737898167900345,-0.2913840003430288,-0.2924458887399001,3.3436573985781166,124,59,0.007740769219197954,0.1654956261346242,0.1768943702435441,2533.9760706100965,4819952.141220192,360380.23387727066,2409.9760706100965,124.0,1118.0,2410.0,0.0,18.0,40.0,0.0,57,68.19234311865102,97.67232403142776,58.862098693847656,61.57944107055664,18.0,107.0,40.0,234.0,14.25,110.75,27.25,246.75,18.0,107.0,40.0,234.0,452.0,11.0,348.0,7.0,560.0,10.0
19,0.0,0.0,482018.70312970784,7,440299.8572187451,444505.1655645116,-0.08655026379699726,-0.07782589621859881,-0.07849264850975413,4.151076333924732,162,82,0.010755995213697665,0.186129099736084,0.21347131630964275,4205.30834576698,8086616.691533957,487019.2716914143,4043.3083457669786,162.0,1566.0,1962.0,0.0,29.0,44.0,0.0,69,53.08374965089193,52.54104296427474,50.0,45.618072509765625,29.0,170.0,44.0,240.0,19.25,179.75,31.75,252.25,29.0,170.0,44.0,240.0,302.0,6.0,887.0,15.0,596.0,15.0
20,0.0,0.0,39181.77497510054,20,33431.80919121105,33967.772893906345,-0.1467510287000401,-0.13307212561216586,-0.1345011535786842,3.0025989077185904,308,148,0.003432410201996984,0.16676325313075496,0.06283444239067656,535.9637026953123,455927.4053906243,37961.06468121672,227.96370269531215,308.0,4114.0,5966.0,0.0,59.0,81.0,0.0,127,84.30999884066641,84.34792425092404,68.0,72.0,59.0,973.0,81.0,1427.0,44.75,987.25,56.0,1452.0,59.0,973.0,81.0,1427.0,1236.0,22.0,1509.0,26.0,1473.0,25.0
21,0.0,0.0,37420.03119965289,7,33665.10591939037,33926.850581632774,-0.10034532735230195,-0.09335055332750553,-0.0938365871952046,2.299134995005562,92,45,0.005951361232575192,0.17423375868924285,0.1836105153043237,261.74466224241485,339489.3244848297,36914.89682231647,169.74466224241485,92.0,1684.0,1844.0,0.0,19.0,21.0,0.0,37,116.76504477069913,117.9978570562153,117.21634674072266,92.0,19.0,98.0,21.0,121.0,12.5,104.5,15.0,127.0,19.0,98.0,21.0,121.0,401.0,6.0,656.0,6.0,377.0,3.0
22,0.0,0.0,111474.24515535294,12,109965.41833807356,110780.54750917011,-0.013535205510265103,-0.0062229409601839425,-0.006520944523998984,2.7536549462679396,183,88,0.004311157384211183,0.17666797577442714,0.11332644773742849,815.1291710965645,1264258.3421931292,114780.02571696512,632.1291710965646,183.0,2565.0,3483.0,0.0,41.0,42.0,0.0,75,92.46046606989714,82.66688589775475,85.85372924804688,78.0,41.0,379.0,42.0,438.0,26.5,393.5,30.75,449.25,41.0,379.0,42.0,438.0,703.0,10.0,1076.0,20.0,907.0,8.0
23,0.0,0.0,160067.57429534668,11,159235.71604068176,160475.85520225696,-0.005196919228188213,0.0025506784163351615,0.0023795632307017645,3.199922519186652,195,94,0.010799805622277186,0.16059965028070766,0.1205690809795511,1240.139161575299,2090278.323150599,163306.94810712952,1045.1391615752996,195.0,2692.0,2852.0,0.0,51.0,39.0,0.0,79,75.24275319731483,84.74716237270255,62.60334014892578,93.27261352539062,51.0,384.0,39.0,395.0,32.5,402.5,27.25,406.75,51.0,384.0,39.0,395.0,572.0,8.0,1119.0,27.0,781.0,14.0
24,0.0,0.0,24821.167379396782,7,22649.815527606857,22918.873199424972,-0.08747984406214071,-0.07663999645523689,-0.07676272778339421,3.473074104706805,110,55,0.0026736880251948913,0.17948851276947206,0.18546073940186375,269.05767181812956,318115.34363625915,22898.68672864916,159.05767181812956,110.0,1495.0,2033.0,0.0,17.0,31.0,0.0,47,71.09965758884152,74.27022341763588,40.0,69.76678466796875,17.0,124.0,31.0,157.0,14.25,126.75,21.75,166.25,17.0,124.0,31.0,157.0,502.0,8.0,529.0,5.0,559.0,13.0
25,0.0,0.0,102059.02082539257,19,86406.2384740115,87289.99134267334,-0.15336990522533622,-0.1447106719550718,-0.1453729042197237,3.010798517485256,314,138,0.0037122432669870965,0.16670385641432076,0.07680276528131834,883.7528686619276,1139505.7373238544,94618.2325640655,569.7528686619272,314.0,3937.0,5635.0,0.0,59.0,98.0,0.0,135,84.1641599532884,84.98763169350433,81.0,71.0,59.0,995.0,98.0,1412.0,39.75,1014.25,64.25,1445.75,59.0,995.0,98.0,1412.0,1142.0,22.0,1399.0,21.0,1274.0,23.0
26,0.0,0.0,432911.6056750239,15,368833.730019629,371627.3874762077,-0.1480160726009656,-0.14156289042715287,-0.1421663323844664,3.105116340050337,254,120,0.00588802886131098,0.16549932077424548,0.09067542646427654,2793.6574565788846,5079314.913157767,408947.23070790205,2539.6574565788833,254.0,3226.0,4334.0,0.0,44.0,75.0,0.0,112,74.1203671710694,81.7490193707463,58.5,67.0,44.0,677.0,75.0,884.0,29.0,692.0,50.25,908.75,44.0,677.0,75.0,884.0,861.0,16.0,1029.0,20.0,986.0,19.0
27,0.0,0.0,103556.6266512794,25,77395.08819727771,78351.83497031347,-0.25263026906138086,-0.24339139363665752,-0.24503024956382902,3.0823979945799103,367,174,0.0020890491240277025,0.158497249393412,0.05843721212859144,956.7467730359301,1179493.5460718595,95663.63170378075,589.7467730359298,367.0,4692.0,7908.0,0.0,63.0,105.0,0.0,136,71.24802620561208,98.34800437842463,60.19629669189453,74.45982360839844,63.0,1235.0,105.0,1997.0,49.25,1248.75,75.5,2026.5,63.0,1235.0,105.0,1997.0,1571.0,16.0,2368.0,29.0,2302.0,28.0
28,0.0,0.0,118967.95776641576,15,103825.49195255183,104771.0995505275,-0.1272818841153428,-0.11933346156754798,-0.11998793984032308,3.0962335530509137,242,113,0.002372535943734071,0.1790358884918227,0.12751166091987504,945.6075979757484,1407215.1959514979,113623.14662639711,703.607597975749,242.0,2862.0,4698.0,0.0,35.0,79.0,0.0,95,90.43798757268105,100.58147975954245,92.0,84.08909606933594,35.0,503.0,79.0,808.0,23.25,514.75,50.25,836.75,35.0,503.0,79.0,808.0,963.0,13.0,1388.0,20.0,850.0,13.0
29,0.0,0.0,19185.93338159579,7,18188.017452064563,18449.16547169719,-0.05201289453493485,-0.03840146294917035,-0.03879082871903883,3.3795642378758983,134,69,0.004412299360620815,0.16980633648952165,0.17633232799684673,261.1480196326348,254296.03926526985,18811.303866877992,127.14801963263493,134.0,1766.0,1762.0,0.0,32.0,26.0,0.0,56,65.64982750545137,72.31066744147022,53.19545364379883,55.0,32.0,164.0,26.0,170.0,24.0,172.0,18.75,177.25,32.0,164.0,26.0,170.0,322.0,5.0,829.0,16.0,731.0,9.0
30,0.0,0.0,114894.41192055476,13,86051.62841020884,86869.94017842814,-0.2510373048455101,-0.24391501095374868,-0.2452218200736641,2.812974931810372,215,107,0.003803727738055945,0.1663257779317116,0.10277609321095589,818.3117682193679,1206623.536438736,107237.31686991769,603.311768219368,215.0,2848.0,3704.0,0.0,32.0,63.0,0.0,91,90.07081050112373,81.56482364312198,92.6246337890625,68.0,32.0,482.0,63.0,606.0,22.0,492.0,42.5,626.5,32.0,482.0,63.0,606.0,730.0,13.0,1336.0,15.0,1103.0,17.0
31,0.0,0.0,131066.63718518941,16,109780.16029712594,110814.73166236402,-0.16240957535201683,-0.15451609927407106,-0.15535676119673347,3.1285487772595837,258,126,0.005285671102190634,0.16694395174848362,0.09238020959964979,1034.5713652381837,1553142.7304763682,124110.47749723961,776.5713652381842,258.0,3523.0,4541.0,0.0,46.0,70.0,0.0,103,83.84567013340006,82.34579170475968,52.55488586425781,55.0,46.0,642.0,70.0,890.0,33.5,654.5,48.75,911.25,46.0,642.0,70.0,890.0,871.0,13.0,1609.0,24.0,1300.0,22.0
32,0.0,0.0,364785.3269466474,11,271743.86332110193,273767.6358783788,-0.255058130776059,-0.2495102854879374,-0.25023802663396544,2.957049380602088,181,90,0.004090922152088752,0.17601906448520718,0.10665885290293116,2023.7725572772795,3685545.114554559,311589.7504731677,1842.7725572772795,181.0,2406.0,3138.0,0.0,30.0,50.0,0.0,75,64.0318191272394,86.47626003252942,36.5,61.544517517089844,30.0,307.0,50.0,438.0,19.75,317.25,37.5,450.5,30.0,307.0,50.0,438.0,656.0,6.0,768.0,13.0,544.0,13.0
33,0.0,0.0,260918.16926777372,29,209166.14790022795,211038.89428122918,-0.19834579367462135,-0.19116826983158353,-0.19213390024214605,2.915630889441258,448,206,0.0044361758390196945,0.16198207241811377,0.05454231222233661,1872.7463810012036,2849492.762002408,244329.0037433781,1424.746381001204,448.0,5903.0,8713.0,0.0,84.0,129.0,0.0,175,88.49948452634938,101.84592678587622,64.0,68.38605499267578,84.0,1934.0,129.0,2928.0,58.75,1959.25,85.75,2971.25,84.0,1934.0,129.0,2928.0,1725.0,20.0,3054.0,45.0,2126.0,34.0
34,0.0,0.0,32210.453974107437,15,25369.990347147294,25850.386476252923,-0.21236781178119657,-0.19745351937501698,-0.19940339115074057,3.530949268470017,271,129,0.004485868173726215,0.16304965182176168,0.11115966446314801,480.396129105637,418792.2582112742,29651.53464189671,209.39612910563713,271.0,3073.0,4487.0,0.0,44.0,83.0,0.0,113,58.496825412522846,78.03883999376377,49.78491973876953,62.80465316772461,44.0,610.0,83.0,958.0,33.0,621.0,53.75,987.25,44.0,610.0,83.0,958.0,825.0,18.0,1639.0,24.0,1153.0,26.0
35,0.0,0.0,20979.22866918174,14,18956.01516902143,19331.524106727094,-0.09643888877251183,-0.0785398066076235,-0.07972746855151136,3.440072348455026,234,110,0.004181092845844024,0.1709490307236136,0.10081928142045919,375.5089377056799,283017.8754113599,20567.726979526047,141.50893770567995,234.0,3444.0,3612.0,0.0,50.0,60.0,0.0,99,76.92860023382549,66.6464965155637,57.732139587402344,51.86671447753906,50.0,643.0,60.0,633.0,36.5,656.5,45.25,647.75,50.0,643.0,60.0,633.0,625.0,13.0,1529.0,20.0,988.0,17.0
36,0.0,0.0,146282.434791552,8,128744.58457010028,129559.86704734122,-0.11989033574976116,-0.11431699074492385,-0.1148923728901593,2.362622699020156,118,57,0.009862132027961216,0.1977656600556907,0.1835335561412755,815.2824772410152,1394564.9544820294,147565.34708868174,697.2824772410147,118.0,2092.0,1940.0,0.0,26.0,27.0,0.0,49,138.727253423626,99.69265963933333,108.29612731933594,75.0,26.0,177.0,27.0,162.0,14.25,188.75,17.75,171.25,26.0,177.0,27.0,162.0,353.0,7.0,943.0,11.0,605.0,9.0
37,0.0,0.0,25682.322863785914,24,18628.350198223823,19086.60896425923,-0.27466256471328554,-0.25681921119476137,-0.26052896677368076,2.595568852949221,334,153,0.004477303954495222,0.1703729223889534,0.0612724058243733,458.2587660354165,248517.53207083335,23936.711579472714,124.25876603541667,334.0,4882.0,7197.0,0.0,65.0,92.0,0.0,136,89.28653372350009,96.19231992211422,78.0,56.441871643066406,65.0,1300.0,92.0,1801.0,42.75,1322.25,66.0,1827.0,65.0,1300.0,92.0,1801.0,1401.0,19.0,2091.0,35.0,2012.0,27.0
38,0.0,0.0,351326.16605658096,8,325166.1320761001,327737.4405668684,-0.074460818771659,-0.06714195459587147,-0.0675903016146977,3.4796227449011723,147,73,0.006227159902748811,0.18963301300933325,0.2159336266369596,2571.308490768757,4848616.981537515,348357.94976929494,2424.3084907687576,147.0,1600.0,2432.0,0.0,25.0,41.0,0.0,63,63.4852798559608,91.00854855147001,63.0,83.0,25.0,159.0,41.0,279.0,18.5,165.5,26.25,293.75,25.0,159.0,41.0,279.0,475.0,14.0,755.0,15.0,485.0,15.0
39,0.0,0.0,48919.79029130976,8,41379.20975474794,41843.42240040114,-0.15414171834463775,-0.1446524575998781,-0.14548078497953665,3.579999219771278,135,68,0.004602060344775892,0.16735027586628773,0.17928234452693578,464.212645653222,658425.291306444,45979.42980477172,329.212645653222,135.0,1617.0,2415.0,0.0,21.0,38.0,0.0,58,69.48709202068771,71.83974032927267,69.12952423095703,58.51971435546875,21.0,160.0,38.0,245.0,15.25,165.75,27.0,256.0,21.0,160.0,38.0,245.0,426.0,8.0,663.0,8.0,528.0,12.0
40,0.0,0.0,35264.97984781847,17,26043.90255234959,26511.041530607294,-0.2614797267788401,-0.24823318643559933,-0.25015509087765164,3.10976020272851,272,125,0.004255195459806689,0.16702632037833945,0.08566655113566193,467.138978257744,390277.95651548804,31375.245282020245,195.13897825774401,272.0,3221.0,5335.0,0.0,48.0,82.0,0.0,113,97.74508764221862,82.51207522636147,83.69160461425781,61.0,48.0,691.0,82.0,1097.0,37.25,701.75,54.75,1124.25,48.0,691.0,82.0,1097.0,1127.0,16.0,1623.0,22.0,1477.0,23.0
41,0.0,0.0,42408.55191773539,21,34739.40531893868,35342.882167248994,-0.18083962436806167,-0.16660954998398592,-0.1686199825150807,3.3137770062423053,332,158,0.0037834985278192724,0.1594125100843491,0.06510940493497169,603.4768483103434,542953.6966206869,40961.84622546278,271.4768483103435,332.0,4496.0,6088.0,0.0,74.0,79.0,0.0,132,74.57748402717226,75.7580144093275,60.6357421875,62.0,74.0,1157.0,79.0,1462.0,53.0,1178.0,54.75,1486.25,74.0,1157.0,79.0,1462.0,1146.0,16.0,1853.0,32.0,1813.0,26.0
42,0.0,0.0,265007.9717020404,13,234618.60591723653,236398.5235052186,-0.11467340242493507,-0.1079569343256912,-0.10853236499734142,3.0012401279551617,227,110,0.006909109854916982,0.16716475380135465,0.10362961362810828,1779.9175879822444,3105835.17596449,258712.6523995093,1552.917587982245,227.0,3048.0,3504.0,0.0,56.0,48.0,0.0,97,92.70500248159651,88.24540572713975,65.8650894165039,78.66887664794922,56.0,545.0,48.0,612.0,36.5,564.5,31.75,628.25,56.0,545.0,48.0,612.0,688.0,7.0,1199.0,24.0,900.0,13.0
43,0.0,0.0,11879.733693145052,25,9706.52867003984,10100.00112890999,-0.1829338164675538,-0.14981249666076435,-0.1534310792108725,2.7473154767175205,332,140,0.005915580185358715,0.15738439684678443,0.057616945369592755,393.4724588701575,122944.91774031473,11187.732059006992,61.47245887015737,332.0,5771.0,6660.0,0.0,74.0,93.0,0.0,153,82.12017551697356,93.8789312277287,60.5,72.0,74.0,1589.0,93.0,2011.0,52.75,1610.25,67.25,2036.75,74.0,1589.0,93.0,2011.0,1280.0,17.0,2749.0,38.0,1411.0,14.0
44,0.0,0.0,267985.23735564755,21,221173.08939473017,223064.90372975802,-0.17468181614344758,-0.16762241856731463,-0.1683082684266386,3.144958600200021,326,155,0.004860018141084287,0.1634105455271274,0.07244452871164501,1891.8143350278824,3131628.6700557647,248940.37316235193,1565.8143350278824,326.0,4623.0,5961.0,0.0,60.0,90.0,0.0,135,81.19800122625026,89.60911705957479,63.54151153564453,69.69117736816406,60.0,1175.0,90.0,1510.0,40.75,1194.25,61.0,1539.0,60.0,1175.0,90.0,1510.0,1248.0,17.0,2092.0,22.0,1471.0,27.0
45,0.0,0.0,61095.18643170281,24,50519.45448774862,51216.14738313746,-0.17310253985028112,-0.16169913909026112,-0.16300530125586932,2.8938114388647715,359,161,0.0053750197926948325,0.15459291741057182,0.06322331550949241,696.6928953888757,675385.7907777518,58347.425622408766,337.6928953888759,359.0,5275.0,6802.0,0.0,79.0,95.0,0.0,152,81.36996151230684,97.52192119520144,74.2797622680664,76.95622253417969,79.0,1546.0,95.0,1926.0,54.0,1571.0,57.5,1963.5,79.0,1546.0,95.0,1926.0,1413.0,23.0,2352.0,44.0,2025.0,30.0
46,0.0,0.0,261659.81037910894,22,176248.85258957036,178004.26384913802,-0.3264198566290707,-0.3197111027817592,-0.3209726433152278,3.1302100387255183,361,165,0.00414757270847828,0.16559081057080194,0.06168416594692963,1755.4112595678484,2788822.5191356963,222734.45588584052,1394.4112595678482,361.0,4016.0,7072.0,0.0,67.0,107.0,0.0,142,80.4030781115382,88.95192256149649,69.0,83.0,67.0,1019.0,107.0,1931.0,48.75,1037.25,72.0,1966.0,67.0,1019.0,107.0,1931.0,1523.0,22.0,1910.0,34.0,2477.0,39.0
47,0.0,0.0,302968.7501712936,21,247702.56312976906,249810.6378189266,-0.1824154702763171,-0.1754574104501282,-0.17624502740819703,3.1028257024258243,349,165,0.0032862199639448297,0.16772511082608865,0.06547421854944188,2108.074689157516,3518149.378315031,283463.3424272351,1759.0746891575156,349.0,3911.0,6673.0,0.0,54.0,109.0,0.0,141,73.74288930133798,80.63881124834428,59.5,58.36974334716797,54.0,1048.0,109.0,1750.0,39.75,1062.25,69.0,1790.0,54.0,1048.0,109.0,1750.0,1394.0,24.0,1440.0,20.0,1650.0,30.0
48,0.0,0.0,278037.7306043238,29,230870.29728128648,233027.9716323874,-0.16964400198677143,-0.1618836367068105,-0.16260986504812314,3.2738964079071335,479,216,0.004003244570592715,0.16054517967088586,0.04951217179369821,2157.674351100803,3357348.7022016016,256372.5515331604,1678.6743511008008,479.0,6343.0,8273.0,0.0,97.0,137.0,0.0,192,72.05231314150149,83.85198496656065,54.0,67.137451171875,97.0,2234.0,137.0,3100.0,68.75,2262.25,93.25,3143.75,97.0,2234.0,137.0,3100.0,1576.0,19.0,2726.0,36.0,2288.0,32.0
49,0.0,0.0,41921.13447738934,26,31714.36123458942,32343.127981369737,-0.24347559697615206,-0.2284767961417079,-0.23090264250478498,3.0068836109599593,398,181,0.003934447902794766,0.16665440137659163,0.05944178947849201,628.7667467803392,461533.4935606776,38373.07602116758,230.76674678033882,398.0,5558.0,7540.0,0.0,88.0,103.0,0.0,164,92.65930895828238,87.7060637855791,82.49298095703125,60.57025909423828,88.0,1793.0,103.0,2277.0,61.75,1819.25,72.0,2308.0,88.0,1793.0,103.0,2277.0,1522.0,18.0,3349.0,49.0,2465.0,29.0
50,0.0,0.0,56540.803504179945,23,47526.20820412002,48212.225517773106,-0.1594352174247664,-0.14730208044869975,-0.14867645920587247,3.154566700323061,345,154,0.00618090922365272,0.16853754416389102,0.060574978583151376,686.0173136531672,682034.6273063334,54051.37155892803,341.0173136531667,345.0,4993.0,6599.0,0.0,74.0,94.0,0.0,138,95.01313218536681,81.96683007736846,71.66506958007812,63.511592864990234,74.0,1346.0,94.0,1660.0,50.5,1369.5,61.75,1692.25,74.0,1346.0,94.0,1660.0,1270.0,27.0,1822.0,25.0,1813.0,30.0
51,0.0,0.0,479023.9152115514,19,436949.73428684985,439885.61202303396,-0.08783315318635043,-0.08170427810735248,-0.08191416249213757,2.903563027758228,295,139,0.0043832404337413875,0.16283930967174018,0.07863922167968894,2935.8777361845832,5281755.472369161,454765.0095654269,2640.877736184581,295.0,4366.0,5210.0,0.0,62.0,75.0,0.0,120,63.908764927294804,94.8538072807481,51.59770584106445,90.0,62.0,927.0,75.0,1216.0,45.5,943.5,50.25,1240.75,62.0,927.0,75.0,1216.0,1034.0,16.0,1774.0,27.0,1444.0,18.0
52,0.0,0.0,323977.63144546107,27,278506.70660718624,280681.9141036829,-0.14035205034187515,-0.13363798342684852,-0.13434710316921972,2.811976148962177,406,192,0.0034608941550106015,0.15738309909128734,0.05556724430516512,2175.207496496884,3538414.992993772,314584.3710569615,1769.207496496886,406.0,6205.0,7403.0,0.0,88.0,99.0,0.0,151,105.6146465410613,80.78598416697969,88.0,58.0,88.0,1851.0,99.0,2039.0,63.0,1876.0,71.75,2066.25,88.0,1851.0,99.0,2039.0,1454.0,23.0,2504.0,36.0,1480.0,20.0
53,0.0,0.0,317414.4070769286,5,330989.31801135204,333364.8247864785,0.04276715433125711,0.05025108298151104,0.05039222115730824,3.440428909494237,93,48,0.004120557534661632,0.19721680526960925,0.2926346099090742,2375.506775126703,4565013.550253407,331718.3460509645,2282.506775126704,93.0,1438.0,1082.0,0.0,23.0,17.0,0.0,40,99.8736085170401,59.26166971604954,85.0,39.0,23.0,88.0,17.0,72.0,15.75,95.25,12.25,76.75,23.0,88.0,17.0,72.0,193.0,3.0,832.0,10.0,310.0,4.0
54,0.0,0.0,267609.81955187366,26,213440.15708525348,215309.25065994158,-0.20242030937926736,-0.19543591105704594,-0.19641617067643558,2.95006661596216,391,186,0.0026277004259006387,0.1607960465957444,0.051512482964182676,1869.0935746884493,2956187.1493768985,250518.6775598237,1478.0935746884493,391.0,5503.0,7601.0,0.0,68.0,111.0,0.0,145,89.98203912439173,86.39102486254869,68.21815490722656,65.0,68.0,1574.0,111.0,2017.0,49.75,1592.25,80.25,2047.75,68.0,1574.0,111.0,2017.0,1570.0,26.0,2323.0,31.0,2140.0,32.0
55,0.0,0.0,47912.276043089674,9,29625.460397291914,29990.079366171907,-0.3816728645775792,-0.37406272790713435,-0.37608043155511583,2.618597288321138,149,74,0.0038615340799364713,0.19572591599048428,0.17368423375302805,364.61896888002735,431237.93776005437,41170.700405457734,215.61896888002718,149.0,1317.0,3219.0,0.0,26.0,40.0,0.0,61,44.80335552154009,110.4068623589341,40.88330078125,102.5,26.0,157.0,40.0,326.0,17.5,165.5,28.0,338.0,26.0,157.0,40.0,326.0,604.0,7.0,795.0,17.0,965.0,7.0
56,0.0,0.0,95272.13981234864,24,86555.82266153408,87574.59834936011,-0.09148862582474293,-0.0807953036233875,-0.08133369520579081,3.435390419280386,389,179,0.003127949975053729,0.17044115225326995,0.06080511305791814,1018.7756878260873,1259551.3756521745,91659.9877981273,629.7756878260873,389.0,4617.0,7477.0,0.0,80.0,106.0,0.0,151,71.73702002428276,75.515509708022,63.5,51.0,80.0,1297.0,106.0,2140.0,56.75,1320.25,72.5,2173.5,80.0,1297.0,106.0,2140.0,1712.0,23.0,2305.0,35.0,1894.0,28.0
57,0.0,0.0,63308.2715077083,25,48736.14221035679,49497.17788514717,-0.23017733623602776,-0.218156226566374,-0.21981038421654908,3.1154170048606797,406,178,0.004074362128079254,0.15565015656086034,0.06631887897451012,761.0356747903684,710071.3495807361,56980.44182150266,355.0356747903681,406.0,5571.0,7023.0,0.0,91.0,112.0,0.0,176,83.76098769678256,89.58590327400118,64.0,66.06816101074219,91.0,1823.0,112.0,2371.0,60.0,1854.0,78.0,2405.0,91.0,1823.0,112.0,2371.0,1354.0,22.0,2920.0,46.0,2022.0,30.0
58,0.0,0.0,430238.3537806064,28,400845.79286320234,404198.7337231057,-0.06831692400067235,-0.060523706984011105,-0.06081764936444645,3.429497339887496,492,229,0.002251081134439845,0.1613672933910752,0.05324092002662736,3352.94085990326,5721881.719806518,417107.89896648703,2860.9408599032595,492.0,6336.0,7776.0,0.0,106.0,129.0,0.0,188,83.90853206992084,70.08926854408709,64.97914123535156,63.97224807739258,106.0,2274.0,129.0,2755.0,72.25,2307.75,89.25,2794.75,106.0,2274.0,129.0,2755.0,1531.0,24.0,2870.0,53.0,2266.0,33.0
59,0.0,0.0,94100.84883975664,20,75226.37647235804,76024.12954797187,-0.2005770681148663,-0.19209942858823126,-0.19304403699106543,2.9205117861233827,296,145,0.0042413998262594245,0.16601906645719094,0.07987619932339846,797.7530756138943,1003506.1512277874,85901.56663601565,501.7530756138937,296.0,3816.0,6264.0,0.0,56.0,75.0,0.0,113,73.75080488169137,116.63095850903836,48.2604866027832,104.0,56.0,821.0,75.0,1308.0,38.5,838.5,51.5,1331.5,56.0,821.0,75.0,1308.0,1377.0,13.0,1922.0,31.0,1527.0,19.0
60,0.0,0.0,18671.615555848028,27,14495.59350667334,15023.1882122167,-0.22365617140541116,-0.19539966066239112,-0.19929801784438428,3.1118799414770186,420,176,0.004558023064801923,0.16734761370571058,0.06085012895766743,527.5947055433758,215189.41108675188,17287.7340332589,107.59470554337594,420.0,5667.0,7876.0,0.0,98.0,119.0,0.0,178,74.40816623066729,95.7104651946134,47.43928527832031,71.0,98.0,1882.0,119.0,2691.0,64.5,1915.5,80.25,2729.75,98.0,1882.0,119.0,2691.0,1549.0,23.0,2955.0,49.0,1871.0,26.0
61,0.0,0.0,239231.08434759307,25,207148.66593937812,208855.26398906964,-0.1341063954782753,-0.12697271527803888,-0.12744927760190294,2.9373925618738,384,180,0.003907026541441813,0.1733482381647084,0.07011983501406154,1706.5980496914242,2645196.099382848,225131.30639367487,1322.598049691424,384.0,5227.0,7373.0,0.0,82.0,97.0,0.0,147,104.47486207849491,101.12886893991138,62.5,78.93782806396484,82.0,1460.0,97.0,2036.0,55.75,1486.25,63.25,2069.75,82.0,1460.0,97.0,2036.0,1434.0,23.0,2249.0,38.0,1335.0,24.0
62,0.0,0.0,28108.518566653485,29,23798.290469888674,24346.753683556515,-0.1533424142059997,-0.13383006557875787,-0.13531479927955314,2.953657132715596,393,165,0.004015218595273145,0.16515215612175993,0.05715005045402619,548.4632136678564,310926.42733571335,26317.07179988823,155.46321366785668,393.0,6791.0,7804.0,0.0,91.0,108.0,0.0,163,81.01636749420004,120.5511950340653,58.0,98.21256256103516,91.0,2040.0,108.0,2483.0,59.75,2071.25,73.5,2517.5,91.0,2040.0,108.0,2483.0,1580.0,24.0,2901.0,36.0,1590.0,22.0
63,0.0,0.0,86862.40148438746,23,73840.30714233656,74706.0225872825,-0.1499163518336697,-0.1399498366308689,-0.14068261409029992,2.9812950094740414,385,178,0.004177362166731946,0.15499274495982612,0.06609144335499564,865.7154449460409,961430.8898920822,80621.91822989847,480.7154449460411,385.0,5111.0,6477.0,0.0,66.0,118.0,0.0,156,67.45624785816463,79.60930969799954,55.81498336791992,69.56083679199219,66.0,1486.0,118.0,1917.0,43.5,1508.5,83.75,1951.25,66.0,1486.0,118.0,1917.0,1302.0,19.0,2029.0,31.0,1442.0,28.0
64,0.0,0.0,399791.50486205256,21,361515.44687806733,363843.6448541987,-0.0957400482964047,-0.08991651791164912,-0.09020974711972407,2.5995269401232033,327,153,0.0029463851877344657,0.161022727795142,0.07465255922018377,2328.1979761315333,4002395.9522630647,384915.7985715444,2001.1979761315324,327.0,4980.0,5604.0,0.0,74.0,79.0,0.0,129,78.1641483298312,86.39827326664528,55.0,56.0,74.0,1116.0,79.0,1440.0,50.25,1139.75,54.0,1465.0,74.0,1116.0,79.0,1440.0,986.0,12.0,2253.0,38.0,1262.0,12.0
65,0.0,0.0,325793.7992965713,11,229618.2661411705,231982.2274636245,-0.29520369437065885,-0.28794768972122076,-0.28927031257868063,3.827951402641603,207,103,0.003649118435029303,0.17884603488619347,0.12450516503766054,2363.9613224541827,4313922.644908366,281738.33672048466,2156.961322454183,207.0,2569.0,2975.0,0.0,34.0,59.0,0.0,84,86.67768225784445,82.32536225838018,58.44139862060547,53.0,34.0,375.0,59.0,456.0,23.5,385.5,42.5,472.5,34.0,375.0,59.0,456.0,548.0,7.0,1090.0,14.0,1179.0,20.0
66,0.0,0.0,130172.91559200462,8,99253.40375860942,100246.30656785725,-0.23752646003800737,-0.22989889170144318,-0.23160035867579887,3.217238477025847,147,78,0.0063349650932365735,0.19039101378188025,0.15588608852032781,992.9028092479015,1691805.6184958029,131464.11360060106,845.9028092479015,147.0,1523.0,2509.0,0.0,30.0,31.0,0.0,60,64.77948458842171,77.20791309069152,57.677337646484375,69.55763244628906,30.0,157.0,31.0,262.0,20.5,166.5,23.25,269.75,30.0,157.0,31.0,262.0,419.0,8.0,577.0,12.0,749.0,8.0
67,0.0,0.0,10856.28470062748,21,8705.60140970571,9096.78471337898,-0.1981049088365805,-0.1620720196428529,-0.16552624958178253,3.442838664841037,324,138,0.007634510544929497,0.16011417257980493,0.06311890146094404,391.18330367327434,134366.60734654815,9756.963688040849,67.18330367327407,324.0,4312.0,6167.0,0.0,74.0,91.0,0.0,146,74.59605076500489,86.92999848664557,61.98964309692383,68.0,74.0,1196.0,91.0,1674.0,52.75,1217.25,64.0,1701.0,74.0,1196.0,91.0,1674.0,1129.0,16.0,1784.0,30.0,1491.0,25.0
68,0.0,0.0,28771.523781797016,30,23481.82355528827,24135.95524184782,-0.18385193174424086,-0.1611165461761882,-0.16376882196986142,3.2414314996073204,479,212,0.004024149069662206,0.16389862220175774,0.04742360011959421,654.1316865595602,350263.3731191207,27014.55924346643,175.13168655956036,479.0,6487.0,8608.0,0.0,96.0,141.0,0.0,191,78.57162856464058,73.24951901240057,61.975929260253906,67.0,96.0,2399.0,141.0,3086.0,72.0,2423.0,94.25,3132.75,96.0,2399.0,141.0,3086.0,1699.0,31.0,3117.0,46.0,1929.0,38.0
69,0.0,0.0,156216.70530908514,15,125202.25083953176,126450.26510007224,-0.19853481359877112,-0.190545819988445,-0.19153445665591207,3.355231275799207,277,130,0.005031482888266444,0.17092083568947045,0.12242229461992808,1248.0142605406202,1942028.5210812397,144701.53928648733,971.0142605406198,277.0,2879.0,4668.0,0.0,50.0,82.0,0.0,113,90.27292834170403,72.6227954590636,68.19206237792969,59.5,50.0,624.0,82.0,938.0,31.0,643.0,56.75,963.25,50.0,624.0,82.0,938.0,885.0,12.0,1448.0,26.0,1104.0,17.0
70,0.0,0.0,451326.1776798192,19,358949.2793794607,361829.16609178524,-0.20467879522355703,-0.19829785200610517,-0.19909199187460735,3.1008000424194297,311,146,0.005454102584830238,0.16145431873651292,0.07562022771835789,2879.8867123247082,5137773.424649421,414229.6628582847,2568.8867123247105,311.0,4057.0,5519.0,0.0,65.0,81.0,0.0,129,67.86427626045125,74.64279644616256,53.48115158081055,63.175880432128906,65.0,960.0,81.0,1345.0,43.5,981.5,56.75,1369.25,65.0,960.0,81.0,1345.0,1024.0,17.0,1424.0,34.0,1460.0,26.0
71,0.0,0.0,45043.80577021691,6,35200.61059207451,35562.401191158046,-0.21852494499145425,-0.2104929727169722,-0.2117340589281409,2.8988557294726904,112,57,0.0033996990303880627,0.17313691338155585,0.23569823623006547,361.79059908354947,499581.1981670991,43084.34471987109,249.79059908354955,112.0,1118.0,1885.0,0.0,13.0,36.0,0.0,48,45.4216659220073,82.22145123511763,32.85890579223633,49.0,13.0,81.0,36.0,157.0,8.5,85.5,27.25,165.75,13.0,81.0,36.0,157.0,377.0,9.0,470.0,4.0,622.0,7.0
72,0.0,0.0,175533.07882955935,8,179258.10185965482,180320.33853197252,0.02122120260713034,0.0272726926134621,0.0273959807584514,2.585702852647234,138,67,0.003553875350101895,0.17913469062983212,0.2087036252635431,1062.23667231777,1848473.344635539,178720.5887504705,924.2366723177695,138.0,2360.0,1672.0,0.0,29.0,34.0,0.0,58,114.05148660900835,65.96069313474588,120.0,43.03343200683594,29.0,218.0,34.0,183.0,18.0,229.0,25.75,191.25,29.0,218.0,34.0,183.0,272.0,3.0,938.0,19.0,309.0,7.0
73,0.0,0.0,44657.27445952393,10,38409.810566524044,38842.082916472384,-0.13989801143512248,-0.13021823685908707,-0.13124776573594144,3.1616559207692942,155,79,0.0032137130270554503,0.16579881062740603,0.13896070597469506,432.2723499483799,554544.6998967596,43849.22915345479,277.2723499483798,155.0,2440.0,2600.0,0.0,31.0,35.0,0.0,62,105.18496895366434,66.60005372054557,108.11827087402344,51.0,31.0,272.0,35.0,282.0,19.25,283.75,28.0,289.0,31.0,272.0,35.0,282.0,442.0,7.0,1118.0,14.0,855.0,18.0
74,0.0,0.0,439317.7867106306,11,334854.72739897686,337392.298533016,-0.23778472548042162,-0.2320085625050068,-0.2327366432986957,2.9980837332350165,175,86,0.008616829278422684,0.1702611412768192,0.12515943533428928,2537.5711340394823,4725142.26807897,394013.53401997953,2362.571134039485,175.0,2467.0,3077.0,0.0,31.0,47.0,0.0,76,85.57350879921798,90.73465181957384,85.0,63.3414306640625,31.0,301.0,47.0,457.0,23.0,309.0,31.5,472.5,31.0,301.0,47.0,457.0,577.0,4.0,1244.0,14.0,995.0,13.0
75,0.0,0.0,231175.43435337613,8,232821.16308585627,234485.817468409,0.007118960269647312,0.014319787585961974,0.014269596872023893,3.2569517194936157,130,68,0.005472282331977105,0.1797130943343567,0.16228447598611936,1664.654382552894,3069308.765105788,235596.73503411634,1534.654382552894,130.0,1640.0,2392.0,0.0,21.0,33.0,0.0,53,61.751587916695975,78.66223626004214,56.0,60.96623992919922,21.0,158.0,33.0,212.0,15.25,163.75,24.75,220.25,21.0,158.0,33.0,212.0,435.0,8.0,703.0,7.0,449.0,12.0
76,0.0,0.0,23942.084539267384,5,19807.282508801,20033.754129870227,-0.17270016834519564,-0.16324102452261868,-0.16411594165308652,3.030329639508649,93,47,0.00486175062222062,0.21935935776997043,0.3095811865397242,226.47162106924853,266943.24213849724,22022.624094930194,133.4716210692486,93.0,1228.0,1292.0,0.0,22.0,19.0,0.0,40,78.49689637742934,57.52726571586521,54.5,53.0,22.0,76.0,19.0,83.0,15.0,83.0,14.5,87.5,22.0,76.0,19.0,83.0,300.0,3.0,712.0,11.0,590.0,4.0
77,0.0,0.0,48702.28551973528,24,41820.67186387297,42495.73068918986,-0.141299603959525,-0.12743867693910127,-0.12858234439475424,3.1699374649268437,383,173,0.008270317698752427,0.1617426539850398,0.06250533075245772,675.058825316925,584117.6506338498,46066.96954566974,292.0588253169249,383.0,5837.0,6259.0,0.0,91.0,95.0,0.0,158,98.62230536783106,91.19809695770466,78.63111877441406,77.0,91.0,1797.0,95.0,1809.0,58.0,1830.0,64.5,1839.5,91.0,1797.0,95.0,1809.0,1100.0,17.0,2455.0,42.0,1648.0,32.0
78,0.0,0.0,112080.24477815254,22,89869.98839286278,90928.27878240778,-0.19816388186207046,-0.1887216256318156,-0.18984525867313295,3.33363317203196,373,181,0.0035501358809297847,0.1632327140718576,0.06309544442551727,1058.2903895451643,1370580.7790903272,102784.31281739622,685.2903895451636,373.0,4593.0,6495.0,0.0,78.0,92.0,0.0,140,68.31285075673547,82.25532844194578,57.5,68.62896728515625,78.0,1273.0,92.0,1637.0,54.75,1296.25,68.75,1660.25,78.0,1273.0,92.0,1637.0,1302.0,14.0,1992.0,33.0,1669.0,22.0
79,0.0,0.0,18040.511220051132,30,15194.535791998955,15695.522461980161,-0.15775469959459998,-0.129984606836675,-0.1318993586057784,2.8766741192239915,405,161,0.005488079727302783,0.16743928903397767,0.04586371164468698,500.98666998123764,191973.33996247573,16683.618999417828,95.98666998123787,405.0,6911.0,8186.0,0.0,91.0,123.0,0.0,172,82.06284198942971,91.95755126364469,52.0,75.91057586669922,91.0,2159.0,123.0,2779.0,61.25,2188.75,79.75,2822.25,91.0,2159.0,123.0,2779.0,1618.0,19.0,3121.0,35.0,2213.0,33.0
80,0.0,0.0,224941.41094021464,19,186972.534590306,188567.21364050833,-0.16879451494149333,-0.16170520646984787,-0.16269776184383167,2.9544066084668916,298,135,0.0058471409819423085,0.15908957538899646,0.08571085393660005,1594.6790502024544,2593358.1004049066,219448.3058774583,1296.6790502024533,298.0,3351.0,6223.0,0.0,57.0,87.0,0.0,124,72.51088321397793,100.07913699678693,72.299560546875,88.0,57.0,794.0,87.0,1417.0,38.75,812.25,54.0,1450.0,57.0,794.0,87.0,1417.0,1401.0,21.0,1613.0,30.0,1578.0,26.0
81,0.0,0.0,469214.85141708836,29,379436.5397183475,382690.93955923925,-0.1913373189863854,-0.18440147748208724,-0.18529282806583713,3.1177759160441485,477,224,0.003068889090160858,0.15630095101955704,0.05114083215377978,3254.3998408918583,5554799.681783716,445413.64031316247,2777.3998408918583,477.0,5992.0,8624.0,0.0,81.0,143.0,0.0,181,74.71891165941076,90.24960328832162,68.0,62.0,81.0,1998.0,143.0,3027.0,55.5,2023.5,99.0,3071.0,81.0,1998.0,143.0,3027.0,1663.0,28.0,2552.0,39.0,2355.0,39.0
82,0.0,0.0,152216.7315926218,19,120535.9696566136,121794.50195579782,-0.2081293009285966,-0.1998612722696156,-0.20111401924203265,3.266930916261965,325,155,0.004714048841914501,0.1715596904860635,0.07329231463501319,1258.5322991842463,1867064.5983684887,142876.03918058905,933.5322991842444,325.0,4252.0,5324.0,0.0,60.0,91.0,0.0,126,55.69870979540167,75.31682291073857,33.318843841552734,60.0,60.0,989.0,91.0,1254.0,44.25,1004.75,67.75,1277.25,60.0,989.0,91.0,1254.0,986.0,19.0,1466.0,17.0,1127.0,19.0
83,0.0,0.0,109954.22840552569,18,94201.11374075396,95080.19378445044,-0.14326974863278708,-0.13527478512438695,-0.13607807139908068,2.8394343845146732,276,131,0.0028388491694635153,0.16563357455357894,0.08492310392951748,879.0800436966022,1206160.0873932042,106197.21430887772,603.0800436966022,276.0,3740.0,5332.0,0.0,51.0,76.0,0.0,114,81.12794833194901,98.48282318663573,76.56221771240234,74.0,51.0,771.0,76.0,1154.0,34.75,787.25,50.25,1179.75,51.0,771.0,76.0,1154.0,1071.0,14.0,1827.0,21.0,1113.0,13.0
84,0.0,0.0,95648.6470075286,25,77388.64019684838,78373.79249367413,-0.19090711036657904,-0.18060741112725565,-0.1816653237385788,3.0512516354138506,450,211,0.005457202097410029,0.16223126313422864,0.06343796501929243,985.1522968258059,1070304.5936516137,87693.89758200367,535.1522968258068,450.0,4973.0,7627.0,0.0,85.0,129.0,0.0,179,79.29060244792836,88.66623021958299,58.5177116394043,68.1228256225586,85.0,1705.0,129.0,2556.0,61.5,1728.5,80.75,2604.25,85.0,1705.0,129.0,2556.0,1455.0,28.0,2365.0,46.0,2116.0,32.0
85,0.0,0.0,10054.729536950374,8,6286.731439634729,6477.9758561092385,-0.37474882675546217,-0.35572848257099654,-0.3601787092456028,3.0918605609060092,139,67,0.006848143188093621,0.18474335958272486,0.15766307728003445,191.2444164745155,104488.83294903101,8448.701913518102,52.24441647451551,139.0,1697.0,2333.0,0.0,22.0,42.0,0.0,63,58.18181486391996,81.23756912986872,40.0,61.5,22.0,203.0,42.0,236.0,16.0,209.0,29.0,249.0,22.0,203.0,42.0,236.0,395.0,9.0,705.0,11.0,676.0,12.0
86,0.0,0.0,171306.12231590753,5,114787.9913828988,115964.73853375338,-0.32992475790668474,-0.3230554929035081,-0.32481602683081723,3.5651527961370406,86,44,0.005215190564824522,0.19303229623966203,0.2562129257623518,1176.7471508546423,2181494.3017092855,152973.4086062879,1090.7471508546428,86.0,1116.0,1404.0,0.0,19.0,18.0,0.0,36,69.80659501556609,58.14302827689081,60.0,55.332969665527344,19.0,60.0,18.0,83.0,14.5,64.5,12.25,88.75,19.0,60.0,18.0,83.0,307.0,2.0,685.0,8.0,559.0,6.0
87,0.0,0.0,44383.714403384256,22,42834.563772401,43454.92917777142,-0.03490358235689106,-0.02092626176285095,-0.021663461305249876,3.0346616099638233,341,148,0.0059588797197914056,0.1644207007957316,0.07048373426246125,620.3654053704541,558730.8107409081,46029.08681040461,279.3654053704541,341.0,5648.0,5427.0,0.0,80.0,91.0,0.0,138,90.75967741884689,85.94927809270925,70.35964965820312,71.0,80.0,1451.0,91.0,1411.0,50.75,1480.25,60.25,1441.75,80.0,1451.0,91.0,1411.0,1082.0,16.0,2373.0,35.0,1286.0,19.0
88,0.0,0.0,17552.679098689598,12,16305.008177164029,16624.489724894927,-0.07108150923916301,-0.052880210968134445,-0.05340775334573611,3.3722085343564085,204,95,0.0064710432289009625,0.166213449417677,0.10657560568028723,319.48154773091176,230963.0954618231,17122.539509993767,115.48154773091156,204.0,2677.0,3369.0,0.0,45.0,52.0,0.0,89,68.83361350277846,80.4977114268316,52.78499221801758,61.574981689453125,45.0,463.0,52.0,507.0,29.25,478.75,39.5,519.5,45.0,463.0,52.0,507.0,652.0,13.0,887.0,18.0,899.0,15.0
89,0.0,0.0,30833.11346937594,28,28178.696796752618,28748.03598773063,-0.08608980326491333,-0.06762461675225406,-0.06849992187679699,2.776333323766241,403,181,0.004169865394746308,0.15644848727623287,0.05838924503224136,569.3391909780598,332678.3819561202,29956.63192782852,166.3391909780601,403.0,5889.0,8198.0,0.0,82.0,112.0,0.0,165,87.87003825512238,99.09614449483927,64.61579895019531,77.0,82.0,1853.0,112.0,2566.0,54.25,1880.75,77.5,2600.5,82.0,1853.0,112.0,2566.0,1639.0,23.0,2556.0,38.0,1878.0,27.0
90,0.0,0.0,165036.0973148822,8,181677.01566821442,183067.1916102106,0.10083199144961608,0.10925545737382403,0.1096950267397252,3.561491376138635,139,69,0.004815147025694221,0.18893671350006525,0.21339474486620474,1390.1759419963505,2502351.8839926994,175653.3724016585,1251.1759419963498,139.0,1899.0,2133.0,0.0,27.0,35.0,0.0,60,73.47258392780844,63.702008102584074,58.73118209838867,53.38979721069336,27.0,182.0,35.0,236.0,18.5,190.5,26.25,244.75,27.0,182.0,35.0,236.0,394.0,6.0,816.0,11.0,492.0,8.0
91,0.0,0.0,33885.43713884899,17,27276.451336358856,27784.601916961896,-0.19503911888192993,-0.1800429841553558,-0.18191898275595086,3.428346465859173,290,135,0.005694491450793261,0.1746352955423104,0.10294592117788744,508.15058060306416,436301.1612061273,31815.713898156624,218.15058060306367,290.0,3770.0,4798.0,0.0,59.0,79.0,0.0,122,73.08469963435283,77.3063964750309,52.0,67.27703857421875,59.0,854.0,79.0,1082.0,42.0,871.0,58.0,1103.0,59.0,854.0,79.0,1082.0,904.0,16.0,2002.0,33.0,1299.0,22.0
92,0.0,0.0,23216.50206647792,21,18875.570132128207,19307.174025107597,-0.18697613972681704,-0.16838574692158137,-0.1709823522737498,2.751357309598825,307,141,0.005675885950954903,0.158791744983315,0.08082268138650757,431.6038929794192,249207.78595883847,22644.076897011193,124.60389297941924,307.0,4900.0,5668.0,0.0,76.0,69.0,0.0,125,84.9756558175931,87.84975139577341,63.0,68.0,76.0,1124.0,69.0,1353.0,53.75,1146.25,50.5,1371.5,76.0,1124.0,69.0,1353.0,1040.0,12.0,2342.0,35.0,1133.0,12.0
93,0.0,0.0,193894.21582122074,12,168357.30393547006,169779.3338885666,-0.1317053826365655,-0.12437133222627528,-0.12482926658294258,3.381820220591421,205,100,0.0038119769176594093,0.16148255316396395,0.10995321490134222,1422.0299530965897,2434059.9061931795,179937.11577071247,1217.02995309659,205.0,2491.0,3557.0,0.0,44.0,49.0,0.0,82,63.21768220851217,74.14507552451673,48.5,54.0,44.0,362.0,49.0,529.0,30.25,375.75,35.5,542.5,44.0,362.0,49.0,529.0,651.0,7.0,810.0,15.0,1219.0,21.0
94,0.0,0.0,26248.321903951888,24,21901.070153644836,22410.150858908888,-0.16562017816661034,-0.14622538763002346,-0.14821835771514347,2.8496599436237546,367,166,0.004483660639513733,0.1605001812875076,0.06375392434680825,509.0807052640397,284161.4105280795,24929.41404849934,142.08070526403975,367.0,5076.0,6994.0,0.0,81.0,96.0,0.0,152,83.63337500073627,93.42981858261378,50.706748962402344,70.25004577636719,81.0,1400.0,96.0,2064.0,57.25,1423.75,64.25,2095.75,81.0,1400.0,96.0,2064.0,1459.0,21.0,2293.0,35.0,1388.0,14.0
95,0.0,0.0,20340.74720365584,30,16390.71349580508,16947.72518736695,-0.1941931468053848,-0.1668091138598421,-0.16915818195340127,3.128492425223794,443,187,0.0046368221350630455,0.16100872398478988,0.04878500947684114,557.0116915618784,228023.3831237563,18221.506729990313,114.01169156187815,443.0,6190.0,8883.0,0.0,89.0,137.0,0.0,185,84.42662911817472,89.83304876459722,64.42290496826172,68.0,89.0,2231.0,137.0,3076.0,62.75,2257.25,97.5,3115.5,89.0,2231.0,137.0,3076.0,1658.0,21.0,2719.0,35.0,1905.0,24.0
96,0.0,0.0,157666.71005004382,10,136407.87058991886,137606.08330852972,-0.13483403981333375,-0.1272343840697051,-0.12768864169023308,3.456852402203382,189,95,0.004976228425698832,0.17719632047239872,0.1302835554775906,1198.212718611021,2018425.437222044,145972.7811878451,1009.2127186110221,189.0,1963.0,3077.0,0.0,33.0,51.0,0.0,76,58.57980574342596,75.36822900169312,44.0,57.06875228881836,33.0,276.0,51.0,400.0,24.25,284.75,36.75,414.25,33.0,276.0,51.0,400.0,634.0,12.0,854.0,13.0,814.0,11.0
97,0.0,0.0,454452.81325479824,23,395836.3467094131,398766.52241573576,-0.1289825144343878,-0.12253481376919284,-0.12316218241909138,2.883595767921372,375,179,0.00294275447513838,0.1677135653158465,0.06650462881375899,2930.1757063232235,5110351.412646447,443053.727354634,2555.1757063232235,375.0,4787.0,6805.0,0.0,73.0,100.0,0.0,145,76.88046052206228,81.91075798314816,68.0,65.5833740234375,73.0,1307.0,100.0,1855.0,52.25,1327.75,66.75,1888.25,73.0,1307.0,100.0,1855.0,1386.0,26.0,1824.0,33.0,1417.0,20.0
98,0.0,0.0,26839.12021254849,16,23963.84009458452,24372.705817276732,-0.10713019261412471,-0.09189624606691082,-0.09246256429679889,2.934514636393076,261,125,0.004362837972693112,0.16849951166114174,0.08805605917511186,408.8657226922354,295731.4453844709,25194.238402910618,147.86572269223547,261.0,3410.0,4654.0,0.0,53.0,67.0,0.0,105,53.24842344948091,80.50809338329165,39.0,60.45035171508789,53.0,655.0,67.0,905.0,37.75,670.25,48.25,923.75,53.0,655.0,67.0,905.0,920.0,17.0,1480.0,25.0,1236.0,15.0
99,0.0,0.0,34001.250197672336,30,26542.615013968385,27222.659249948603,-0.21936355693810794,-0.19936299131106017,-0.20186600829090673,3.209081632535888,482,221,0.002889009639383161,0.16186027483620025,0.04824131640640922,680.0442359802513,396088.47196050227,30856.839846693485,198.04423598025113,482.0,6419.0,8695.0,0.0,102.0,129.0,0.0,187,77.22823427659199,81.51894519505952,55.0,58.0,102.0,2381.0,129.0,2994.0,71.75,2411.25,94.0,3029.0,102.0,2381.0,129.0,2994.0,1615.0,28.0,2976.0,39.0,2045.0,33.0
100,0.0,0.0,199619.45959851806,12,191176.31019026032,192590.19336965113,-0.042296224151888384,-0.03521333162109774,-0.03555559324623747,2.938627664746994,207,102,0.005004752718649501,0.17729719702856536,0.11802498824517353,1413.8831793908805,2413766.35878176,205348.09391968147,1206.88317939088,207.0,2858.0,3190.0,0.0,43.0,50.0,0.0,85,118.27566326153087,68.70874360611009,114.0,56.55846405029297,43.0,419.0,50.0,508.0,28.75,433.25,33.0,525.0,43.0,419.0,50.0,508.0,632.0,8.0,1107.0,18.0,735.0,14.0
101,0.0,0.0,19457.301826334773,10,18116.764327474073,18363.5456484784,-0.06889637169765905,-0.056213147517504836,-0.05638298936657893,2.8366305072476843,142,66,0.004107180844611809,0.16781351567577288,0.14270624130145643,246.78132100434138,209562.64200868283,18469.32844031355,104.78132100434142,142.0,2152.0,2886.0,0.0,25.0,41.0,0.0,63,90.81006610138724,84.77464215739414,91.3562240600586,69.0,25.0,228.0,41.0,334.0,13.5,239.5,28.75,346.25,25.0,228.0,41.0,334.0,566.0,12.0,1032.0,7.0,592.0,11.0
102,0.0,0.0,66653.31552327886,26,51046.071583255354,51874.23872881101,-0.23415555276575295,-0.22173055726397006,-0.22366912617583512,3.205235388838968,435,204,0.0025117297820152515,0.17462466593418466,0.06147749488392445,828.1671455556864,786334.2911113725,61332.023682994324,393.16714555568626,435.0,5118.0,7985.0,0.0,87.0,118.0,0.0,168,80.57637876299627,75.12642574856216,63.0,48.69164276123047,87.0,1680.0,118.0,2482.0,62.75,1704.25,77.5,2522.5,87.0,1680.0,118.0,2482.0,1546.0,20.0,2464.0,37.0,2446.0,34.0
103,0.0,0.0,28199.100844616794,14,24823.270272826427,25202.077190355776,-0.11971412104208323,-0.1062808233062208,-0.1079080451915303,2.857826856976194,215,105,0.0030026298336197034,0.1833775406052999,0.15120302743475814,378.8069175293636,327613.83505872724,28659.349521035056,163.80691752936363,215.0,2838.0,4191.0,0.0,39.0,57.0,0.0,90,70.56661135739375,100.16513160130998,57.0,77.0,39.0,503.0,57.0,657.0,27.75,514.25,39.25,674.75,39.0,503.0,57.0,657.0,865.0,11.0,1614.0,22.0,914.0,10.0
104,0.0,0.0,46986.9005192532,8,35140.00873786915,35503.33155424815,-0.25213179951143405,-0.24439937169934367,-0.2457530966361735,2.9069849116417896,113,57,0.004049262474498698,0.18273960552216686,0.1450059991785373,363.3228163790202,500645.6327580407,43055.403448524354,250.32281637902034,113.0,1619.0,2413.0,0.0,27.0,21.0,0.0,46,70.25840682352383,114.41015151872837,46.0,108.91951751708984,27.0,135.0,21.0,185.0,20.75,141.25,16.75,189.25,27.0,135.0,21.0,185.0,475.0,8.0,619.0,9.0,825.0,9.0
105,0.0,0.0,12713.26442694491,27,9101.194074205798,9589.003106216225,-0.28411824307559996,-0.24574815844363485,-0.25237415646436134,3.168289830764071,415,166,0.005949686830379676,0.16610221350523405,0.05091116468328642,487.8090320104332,145618.06402086685,11490.2732861524,72.80903201043343,415.0,4957.0,8543.0,0.0,69.0,154.0,0.0,190,68.99265802797572,95.1768680181692,58.0,69.5,69.0,1737.0,154.0,3130.0,50.25,1755.75,104.25,3179.75,69.0,1737.0,154.0,3130.0,1750.0,31.0,1690.0,26.0,1906.0,37.0
106,0.0,0.0,79896.19938656315,27,68458.54802235338,69386.69732454215,-0.14315638856450208,-0.13153944921926375,-0.13276747088708196,3.18584025765726,439,200,0.005812716188182342,0.16067526695670084,0.057638216758215136,928.1493021888704,978298.6043777409,76769.27633348624,489.1493021888704,439.0,5883.0,7719.0,0.0,88.0,124.0,0.0,171,82.5219045887437,76.36791455695924,66.0,65.60260009765625,88.0,1904.0,124.0,2500.0,62.5,1929.5,81.0,2543.0,88.0,1904.0,124.0,2500.0,1525.0,27.0,2948.0,42.0,2324.0,31.0
107,0.0,0.0,23173.925984323487,16,18987.40288115758,19381.269031674256,-0.18065661839077118,-0.16366052757805727,-0.16492461808062142,3.2341240343578552,258,117,0.005350283307522776,0.16554525364617087,0.0881487632963023,393.8661505166875,271732.30103337555,21005.09273505096,135.86615051668778,258.0,3031.0,5033.0,0.0,45.0,80.0,0.0,110,98.50490979699727,80.3911555886427,71.0,65.77366638183594,45.0,623.0,80.0,1012.0,31.5,636.5,55.25,1036.75,45.0,623.0,80.0,1012.0,1069.0,18.0,972.0,18.0,1297.0,22.0
108,0.0,0.0,19791.85474694309,27,17417.4187269918,18015.897524752887,-0.1199703640871772,-0.08973172271610896,-0.09127774238690523,3.6241822405124227,463,202,0.0037472717515233496,0.165448580248092,0.05861783161824521,598.478797761114,270957.5955222284,18690.947194470948,135.4787977611142,463.0,5889.0,7688.0,0.0,103.0,131.0,0.0,188,64.96539611229221,79.26520733741775,53.0,54.322540283203125,103.0,2060.0,131.0,2770.0,73.0,2090.0,93.25,2807.75,103.0,2060.0,131.0,2770.0,1428.0,18.0,2912.0,46.0,1913.0,30.0
109,0.0,0.0,13008.486751045595,20,9627.047861865496,10010.334711528838,-0.2599409872872651,-0.23047661860252666,-0.2353089563387245,3.10814567806845,310,129,0.006131122894250596,0.17356528920991288,0.0999524756646428,383.2868496633451,146573.69932668988,11789.481133472624,73.28684966334494,310.0,4279.0,5667.0,0.0,59.0,102.0,0.0,132,89.03347969585406,87.40418375160945,78.07371520996094,64.96631622314453,59.0,1066.0,102.0,1385.0,40.5,1084.5,67.75,1419.25,59.0,1066.0,102.0,1385.0,1140.0,13.0,2423.0,24.0,1038.0,16.0
110,0.0,0.0,137755.88487436037,5,91704.39369475782,92484.26144413889,-0.33429781400339886,-0.3286365839942973,-0.32987268709661555,2.9793674855062466,84,42,0.010101475792852786,0.18466446066564632,0.24434059642945546,779.8677493811464,1391735.4987622923,116781.12095374936,695.8677493811462,84.0,879.0,1641.0,0.0,13.0,24.0,0.0,36,75.92644254076832,65.21793067996559,73.92872619628906,58.630210876464844,13.0,42.0,24.0,101.0,7.75,47.25,16.75,108.25,13.0,42.0,24.0,101.0,339.0,3.0,399.0,6.0,544.0,8.0
111,0.0,0.0,18904.046982402975,13,16540.723323331265,16835.8019526325,-0.12501681048886693,-0.1094075269541872,-0.11023047402521324,2.595232619466609,203,95,0.007001498924749487,0.16446392894514403,0.113857888163852,295.0786293012452,184157.25860249036,17739.95683673432,92.07862930124519,203.0,2984.0,3558.0,0.0,37.0,58.0,0.0,90,82.43836692500241,84.45807598839505,70.0,61.60124969482422,37.0,503.0,58.0,570.0,23.75,516.25,36.25,591.75,37.0,503.0,58.0,570.0,712.0,13.0,1380.0,21.0,1036.0,17.0
112,0.0,0.0,407177.89115295163,11,349168.280287242,351936.51374052564,-0.14246748688012378,-0.13566890200252846,-0.1363159871850964,3.289034557716979,188,93,0.0031049562360218586,0.1656312622552128,0.12217676787822837,2768.233453283854,5160466.90656771,392247.8478114373,2580.2334532838554,188.0,2431.0,3113.0,0.0,36.0,48.0,0.0,76,60.35029858770278,83.77995263463104,47.5,68.5,36.0,317.0,48.0,435.0,26.75,326.25,32.5,450.5,36.0,317.0,48.0,435.0,621.0,8.0,940.0,14.0,937.0,14.0
113,0.0,0.0,33725.83800186874,22,26630.049909237063,27161.37150589349,-0.21039619807930343,-0.19464205739265883,-0.19715945891022757,3.140520532989672,329,150,0.003061525291527314,0.16940349657483134,0.06853917937619089,531.3215966564294,404643.19331285864,32211.474902191745,202.32159665642934,329.0,4391.0,6693.0,0.0,66.0,91.0,0.0,133,70.63387504675167,82.80310985223778,65.5,63.0,66.0,1158.0,91.0,1609.0,48.75,1175.25,64.25,1635.75,66.0,1158.0,91.0,1609.0,1343.0,17.0,1499.0,22.0,1581.0,24.0
114,0.0,0.0,26937.75042776551,8,24463.535428475076,24784.73059626211,-0.09184935490159529,-0.07992574722513657,-0.08058767991470517,3.3549301730285594,146,74,0.005543058036838918,0.17187243199207755,0.1755774688376748,321.19516778704775,350390.3355740956,26110.106433138633,175.1951677870478,146.0,1912.0,2120.0,0.0,32.0,32.0,0.0,62,89.23422372797667,68.02379169617981,67.0,66.0,32.0,211.0,32.0,221.0,23.0,220.0,23.5,229.5,32.0,211.0,32.0,221.0,478.0,4.0,814.0,10.0,574.0,6.0
115,0.0,0.0,51171.91961265743,23,43060.84306520947,43718.07577569649,-0.15850639586797288,-0.1456627754710461,-0.1470836249412213,2.84989383421824,377,173,0.004608355395965834,0.1638029747325187,0.06343590905443351,657.2327104871025,560465.4209742039,49165.464888970695,280.23271048710194,377.0,5155.0,6422.0,0.0,80.0,101.0,0.0,156,91.37866237964572,76.08604889579128,63.0,52.0,80.0,1480.0,101.0,1925.0,51.75,1508.25,65.25,1960.75,80.0,1480.0,101.0,1925.0,1236.0,12.0,2457.0,44.0,1597.0,26.0
116,0.0,0.0,33632.191891046976,10,26887.01539630829,27232.85733354268,-0.20055714824029292,-0.19027408556169134,-0.19167588222385357,2.991044552395302,160,79,0.003657989197049617,0.16847480047725008,0.13172155115276724,345.8419372344144,371683.87446882884,31066.394027061153,185.84193723441442,160.0,2177.0,2863.0,0.0,29.0,42.0,0.0,65,78.59810449732024,91.33489147114318,44.932891845703125,76.88203430175781,29.0,263.0,42.0,316.0,18.5,273.5,27.75,330.25,29.0,263.0,42.0,316.0,572.0,11.0,1064.0,12.0,933.0,18.0
117,0.0,0.0,50307.15444686236,8,46904.65942863816,47393.131020015484,-0.06763441613097265,-0.05792463236863965,-0.05838433625573114,3.3403992128486983,156,73,0.013348342826658964,0.18839449402532185,0.1985857849612416,488.47159137737594,664943.1827547522,49765.24813239968,332.4715913773761,156.0,2031.0,2001.0,0.0,39.0,36.0,0.0,71,83.62186014142976,82.36852179869891,70.01341247558594,74.15179443359375,39.0,256.0,36.0,237.0,22.75,272.25,22.5,250.5,39.0,256.0,36.0,237.0,358.0,7.0,1062.0,16.0,566.0,13.0
118,0.0,0.0,80666.78534953027,25,66105.8019395528,66947.2566610127,-0.18050779322473975,-0.1700765516943643,-0.1712616500950518,2.925817950509587,404,193,0.0025323976124577994,0.15074285903332205,0.0634279854867575,841.454721459968,874909.4429199371,74757.67953774729,437.45472145996854,404.0,4901.0,7699.0,0.0,86.0,100.0,0.0,157,78.15806547763178,94.43512638130818,69.5,69.21257781982422,86.0,1495.0,100.0,2244.0,59.25,1521.75,72.0,2272.0,86.0,1495.0,100.0,2244.0,1620.0,17.0,2335.0,47.0,2128.0,21.0
119,0.0,0.0,21216.75714045405,22,18487.059869353187,18972.249966127336,-0.12865761025732547,-0.1057893607146545,-0.10728298055198571,3.184953387073539,357,147,0.004631103919754859,0.1649675684385558,0.07343323926229756,485.19009677417455,256380.1935483487,20124.328552883544,128.19009677417435,357.0,4540.0,6509.0,0.0,86.0,102.0,0.0,155,68.92800857804333,82.4616051256374,50.5,62.5,86.0,1303.0,102.0,1908.0,60.0,1329.0,67.25,1942.75,86.0,1303.0,102.0,1908.0,1289.0,20.0,2157.0,39.0,1766.0,21.0
120,0.0,0.0,45430.45904669826,7,30354.515200205096,30663.42747624293,-0.3318466104645015,-0.3250469372382129,-0.3261148535952765,2.6046990037302815,117,61,0.0017655442508430048,0.16814697446005777,0.18849207822626027,308.9122760378502,383824.55207570025,36839.62633743972,191.91227603785012,117.0,1349.0,2179.0,0.0,19.0,30.0,0.0,48,57.819618128957174,110.416839004196,57.308475494384766,83.33680725097656,19.0,102.0,30.0,185.0,13.25,107.75,22.0,193.0,19.0,102.0,30.0,185.0,441.0,5.0,741.0,10.0,763.0,5.0
121,0.0,0.0,21802.983325005283,14,19271.779335615232,19575.525069243406,-0.11609438725236643,-0.10216300322567617,-0.10361317834943362,2.500170158560466,194,94,0.006055281287983755,0.17355136129525392,0.10548684947503716,303.7457336281868,219491.46725637364,21947.6528932286,109.74573362818683,194.0,3366.0,3690.0,0.0,39.0,47.0,0.0,76,128.5021380062439,80.86021054890813,126.0,69.79157257080078,39.0,479.0,47.0,499.0,25.5,492.5,32.25,513.75,39.0,479.0,47.0,499.0,764.0,8.0,1540.0,16.0,960.0,5.0
122,0.0,0.0,332487.4409806528,22,271818.70259499754,274124.1267053222,-0.1824692632200371,-0.17553539497068327,-0.17627284990424708,3.1232628223813954,373,175,0.0033016556977690163,0.16445987736633896,0.060268866562097734,2305.4241103246686,3864848.2206493374,309359.82980312436,1932.4241103246688,373.0,5149.0,5939.0,0.0,79.0,97.0,0.0,146,75.61618387658218,83.2500462477312,56.0,76.0,79.0,1414.0,97.0,1622.0,55.25,1437.75,66.0,1653.0,79.0,1414.0,97.0,1622.0,1052.0,16.0,2093.0,36.0,1701.0,33.0
123,0.0,0.0,43645.209958155436,10,37195.27012431722,37632.55063190813,-0.1477811617820617,-0.1377621812797304,-0.13891561344751413,3.240690766915967,164,78,0.006178891897870257,0.16763844196711658,0.13352539376225595,437.2805075909363,546561.0151818721,42163.92850265777,273.28050759093605,164.0,2046.0,2994.0,0.0,29.0,47.0,0.0,73,54.715521751351226,107.99683865048475,53.0,55.19045639038086,29.0,272.0,47.0,382.0,22.0,279.0,33.25,395.75,29.0,272.0,47.0,382.0,613.0,8.0,603.0,8.0,608.0,12.0
124,0.0,0.0,135116.63459346746,7,105727.78513006248,106569.6382049982,-0.21750726364543316,-0.21127669790148418,-0.21236542776886047,2.769734353442083,123,58,0.00658122149749295,0.17927995103450933,0.17167686252541978,841.8530749357907,1437706.1498715808,129769.31777634865,718.8530749357903,123.0,1607.0,1921.0,0.0,23.0,35.0,0.0,55,94.84376977703398,115.70823976314158,63.74869155883789,67.9002914428711,23.0,148.0,35.0,179.0,13.5,157.5,21.75,192.25,23.0,148.0,35.0,179.0,327.0,5.0,499.0,11.0,621.0,14.0
125,0.0,0.0,62233.71303902712,30,50699.196454630204,51561.655262695676,-0.18534193158559498,-0.17148354573732305,-0.17314493616204651,3.202768390301654,491,225,0.003794024677376739,0.1607237927064765,0.057024823309337495,862.458808065529,742917.6161310568,57990.270103568495,371.4588080655284,491.0,5594.0,9523.0,0.0,75.0,161.0,0.0,195,72.86677285257844,71.8650075583415,55.0,48.0,75.0,2093.0,161.0,3519.0,53.25,2114.75,111.0,3569.0,75.0,2093.0,161.0,3519.0,2003.0,35.0,2746.0,39.0,2404.0,46.0
126,0.0,0.0,378149.74825620593,14,322034.13693351625,324718.63173850114,-0.14839521004961753,-0.14129618428703505,-0.1422557224248988,3.3318801790645933,223,104,0.0037543507347917024,0.17598892248033252,0.10211243117113052,2684.4948049850427,4922989.609970081,369385.25287486345,2461.4948049850404,223.0,2714.0,4342.0,0.0,42.0,63.0,0.0,93,70.65893221680086,96.93628156621547,54.244850158691406,67.0,42.0,460.0,63.0,737.0,31.0,471.0,40.0,760.0,42.0,460.0,63.0,737.0,932.0,12.0,1018.0,13.0,1377.0,22.0
127,0.0,0.0,46034.726541010044,21,33068.15113491857,33688.335734063774,-0.28166943480244644,-0.2681973313330641,-0.27067978972041074,3.190863290683837,359,168,0.0053971303984020865,0.16849165041857306,0.07141741927424734,620.1845991452561,522369.19829051266,40926.9491281279,261.18459914525636,359.0,3705.0,6879.0,0.0,80.0,90.0,0.0,145,62.886052638747756,82.9329401840724,46.5,74.60799407958984,80.0,1024.0,90.0,1851.0,55.75,1048.25,62.25,1878.75,80.0,1024.0,90.0,1851.0,1350.0,20.0,1658.0,36.0,1868.0,23.0
128,0.0,0.0,53216.060847938315,28,41060.066092884146,41763.79972170145,-0.22842718084281344,-0.21520309740627008,-0.21719781115318648,3.029968587027017,406,191,0.003741443607633389,0.1609718162726764,0.046912535914834505,703.7336288173375,595467.2576346758,49131.471212622695,297.73362881733794,406.0,5203.0,8902.0,0.0,72.0,115.0,0.0,162,69.3495307852019,93.16716130817626,61.26220703125,65.18368530273438,72.0,1593.0,115.0,2755.0,55.5,1609.5,82.75,2787.25,72.0,1593.0,115.0,2755.0,1859.0,29.0,2164.0,21.0,2585.0,35.0
129,0.0,0.0,37104.58833009446,15,32339.839712088782,32804.91480731815,-0.12841400032839412,-0.1158798336347252,-0.11666056526997004,3.0313839017338307,253,122,0.003278459502288469,0.17290234762245757,0.11130061255723571,465.0750952293796,424150.1904587592,34979.91381231541,212.0750952293796,253.0,3536.0,4024.0,0.0,44.0,72.0,0.0,106,73.23201578342999,90.49333497949802,48.281394958496094,66.82202911376953,44.0,667.0,72.0,807.0,31.25,679.75,47.0,832.0,44.0,667.0,72.0,807.0,819.0,9.0,1663.0,17.0,1087.0,17.0
130,0.0,0.0,12480.021176247641,15,9954.875140560813,10267.290948636388,-0.2023350762010535,-0.17730180072311008,-0.18018199488102382,3.2827661296849047,237,107,0.0072413389066484195,0.1695570013152328,0.07964443794412318,312.4158080755758,150831.61615115186,11486.625165529946,75.41580807557592,237.0,3265.0,4294.0,0.0,44.0,71.0,0.0,104,76.2988390868316,81.45627732216806,64.5,68.0,44.0,629.0,71.0,815.0,30.5,642.5,51.75,834.25,44.0,629.0,71.0,815.0,862.0,21.0,1280.0,13.0,933.0,21.0
131,0.0,0.0,45372.80050861789,8,35413.74187925852,35800.41202296969,-0.2194940254452178,-0.2109719562897614,-0.21237314647572947,3.108393173555199,123,62,0.007802943709097332,0.1873477948222137,0.1652399653137069,386.6701437111873,527340.2874223745,42412.61143448219,263.6701437111872,123.0,1535.0,2497.0,0.0,22.0,31.0,0.0,50,90.55784695356773,108.46124199368703,66.5223617553711,55.0,22.0,148.0,31.0,199.0,16.5,153.5,20.25,209.75,22.0,148.0,31.0,199.0,513.0,6.0,535.0,5.0,418.0,8.0
132,0.0,0.0,10814.311473794069,22,9422.862909273923,9802.374846110037,-0.12866732827993654,-0.09357383779228312,-0.09572164892115587,2.9475403779337874,319,132,0.007182451952707029,0.16028142635581147,0.061633974767292606,379.51193683611973,121023.87367223931,10264.818980790053,60.51193683611965,319.0,4913.0,6074.0,0.0,73.0,92.0,0.0,145,91.38768076849045,95.22455192950045,74.0,68.0,73.0,1400.0,92.0,1597.0,49.75,1423.25,70.75,1618.25,73.0,1400.0,92.0,1597.0,1276.0,16.0,2249.0,38.0,1221.0,16.0
133,0.0,0.0,26317.525346655893,30,21946.726032105984,22545.90077743954,-0.16607941882747335,-0.1433122802974941,-0.1450799273054597,3.0147339132734094,453,193,0.004010406176376506,0.16072640101332444,0.04664468626385435,599.1747453335524,292349.4906671036,24243.390882685682,146.1747453335518,453.0,6106.0,9002.0,0.0,101.0,129.0,0.0,175,74.00472927492015,97.64299604257431,70.69243621826172,72.0,101.0,1886.0,129.0,3129.0,68.5,1918.5,85.75,3172.25,101.0,1886.0,129.0,3129.0,1824.0,19.0,2274.0,41.0,2194.0,33.0
134,0.0,0.0,110260.36370714138,11,97578.37789869463,98467.1984093185,-0.11501853777782678,-0.1069574314950229,-0.10758951156461283,3.183362586187803,205,94,0.005778784981753718,0.17032169425900395,0.13566945032101377,888.8205106239943,1367641.0212479888,107405.37593659654,683.8205106239944,205.0,2934.0,2610.0,0.0,49.0,51.0,0.0,89,86.02370898537386,60.13108443263851,54.0,49.0,49.0,454.0,51.0,425.0,30.25,472.75,37.0,439.0,49.0,454.0,51.0,425.0,392.0,6.0,1404.0,29.0,517.0,16.0
135,0.0,0.0,25326.13447184039,17,23680.721596838965,24082.59683966876,-0.06496897016917147,-0.049100964600590435,-0.04952324542456499,3.1209994968350268,248,107,0.005987118691653473,0.16413917775940826,0.11349009554313187,401.87524282980587,307750.4856596118,24651.596865979824,153.8752428298059,248.0,3659.0,4903.0,0.0,59.0,65.0,0.0,111,72.32710662145053,96.29720824281186,47.528953552246094,66.0,59.0,718.0,65.0,1041.0,39.5,737.5,44.25,1061.75,59.0,718.0,65.0,1041.0,925.0,9.0,1789.0,28.0,855.0,12.0
136,0.0,0.0,33175.60029877861,7,28656.230730741892,29006.391686819938,-0.13622570586019223,-0.1256709320829431,-0.1265628043732866,3.49275259133824,127,65,0.006958489575499797,0.17809770955589316,0.18364603099103294,350.1609560780648,446321.91215612926,31946.28738254848,223.16095607806463,127.0,1473.0,2055.0,0.0,18.0,37.0,0.0,52,76.95485809942707,65.49221034907964,49.96621322631836,46.0,18.0,129.0,37.0,180.0,12.75,134.25,26.0,191.0,18.0,129.0,37.0,180.0,379.0,6.0,669.0,6.0,570.0,14.0
137,0.0,0.0,90674.18344600675,13,70434.28460683138,71126.89405412784,-0.22321567253183494,-0.21557723101547,-0.2165909314352873,2.933645514808441,205,102,0.0034918828576284214,0.17592560837212493,0.11050980603697945,692.609447296511,975218.8945930228,83106.40205763765,487.6094472965114,205.0,2930.0,3622.0,0.0,34.0,56.0,0.0,82,82.46620718241502,88.59221024814653,59.5,67.00137329101562,34.0,427.0,56.0,549.0,24.0,437.0,37.0,568.0,34.0,427.0,56.0,549.0,683.0,9.0,1460.0,16.0,1223.0,19.0
138,0.0,0.0,33657.75989210656,29,28906.255787499264,29601.741438682537,-0.14117113319004992,-0.12050767687528852,-0.12222449595230422,3.4882982353669765,472,213,0.0034501265093601283,0.15986259933504485,0.05186932185063083,695.4856511832676,446971.3023665356,32033.62156902227,223.4856511832678,472.0,6455.0,8156.0,0.0,93.0,137.0,0.0,188,87.32531308545514,71.20720853918446,66.0,57.0,93.0,2244.0,137.0,2975.0,64.5,2272.5,96.0,3016.0,93.0,2244.0,137.0,2975.0,1624.0,22.0,3129.0,40.0,2384.0,39.0
139,0.0,0.0,25846.789878774307,16,19984.28256972207,20373.811204049027,-0.2268176178375868,-0.2117469403509855,-0.21395311867581557,3.089054173319332,242,116,0.005702188217370897,0.17132793290929296,0.07923788579478884,389.5286343269755,295057.2686539511,23879.256570053803,147.52863432697555,242.0,2859.0,5187.0,0.0,38.0,72.0,0.0,100,85.32963972313152,85.54681443428059,51.5,68.18592834472656,38.0,496.0,72.0,992.0,27.5,506.5,49.5,1014.5,38.0,496.0,72.0,992.0,1120.0,12.0,919.0,11.0,1474.0,18.0
140,0.0,0.0,51943.26732238083,27,44903.090654067215,45621.450119554276,-0.13553588426810825,-0.12170619078678302,-0.12284624365611396,2.9958763988057777,420,191,0.0030787146141820106,0.16269021923818122,0.05600659489599831,718.3594654871026,596718.9309742055,49795.022519292754,298.35946548710274,420.0,6278.0,7330.0,0.0,89.0,113.0,0.0,162,74.09089659338532,91.64830794038824,62.0,69.23999786376953,89.0,1902.0,113.0,2270.0,62.0,1929.0,77.25,2305.75,89.0,1902.0,113.0,2270.0,1532.0,29.0,2568.0,39.0,1809.0,27.0
141,0.0,0.0,11706.894173173456,20,9995.354594394032,10360.114028460437,-0.1461992868015708,-0.11504162630932357,-0.11790624116630344,3.088289757545929,295,121,0.00821409886128623,0.15712090035192483,0.06257955553293265,364.7594340664065,139518.86813281287,11294.185381400206,69.75943406640644,295.0,4773.0,5277.0,0.0,73.0,81.0,0.0,134,109.3560457268844,86.92265374142711,97.0,68.0,73.0,1185.0,81.0,1332.0,45.75,1212.25,57.75,1355.25,73.0,1185.0,81.0,1332.0,998.0,18.0,2025.0,35.0,1725.0,35.0
142,0.0,0.0,484726.3260860917,17,371744.226668558,374670.69649028586,-0.2330843062100717,-0.22704694107383594,-0.22774074847468073,3.119114255960052,282,144,0.0031512840060202787,0.16535673535947776,0.08474177319986018,2926.469821727931,5288939.643455862,423913.58647328115,2644.469821727931,282.0,3292.0,5276.0,0.0,53.0,68.0,0.0,110,70.71294231424201,81.62959651572643,57.43358612060547,62.93180847167969,53.0,644.0,68.0,1105.0,37.0,660.0,52.5,1120.5,53.0,644.0,68.0,1105.0,1053.0,11.0,1703.0,28.0,1898.0,19.0
143,0.0,0.0,90660.51380967362,19,83642.21669547468,84380.38695270622,-0.07741294218707673,-0.0692708059227577,-0.06959263812936056,2.5629867338573584,289,131,0.005451198602217792,0.15766189853288187,0.08266653062952745,738.1702572315475,898340.5144630963,87626.33284401277,449.17025723154813,289.0,4035.0,5541.0,0.0,56.0,83.0,0.0,122,85.24914091000826,89.27968811241904,65.06440734863281,65.0,56.0,876.0,83.0,1303.0,33.75,898.25,51.25,1334.75,56.0,876.0,83.0,1303.0,1094.0,15.0,1787.0,21.0,1415.0,16.0
144,0.0,0.0,202159.53437549356,11,187224.71344187405,188896.8072322737,-0.07387641141811985,-0.06560525173443221,-0.06597521858083133,3.7826179969334373,205,99,0.008694713392414025,0.16523908291387682,0.12113857681915087,1672.09379039978,2934187.580799558,193925.71382956856,1467.0937903997792,205.0,2161.0,3383.0,0.0,35.0,60.0,0.0,85,50.13176177178958,82.69622302360035,37.0,59.17157745361328,35.0,366.0,60.0,474.0,24.0,377.0,38.5,495.5,35.0,366.0,60.0,474.0,710.0,12.0,762.0,10.0,1121.0,19.0
145,0.0,0.0,16686.410422222696,16,14104.197317014881,14413.449354681177,-0.15474946617451435,-0.13621629877414654,-0.13803248510884192,2.6802905815022684,225,96,0.008894256560472503,0.17129602917513662,0.10061024913498233,309.2520376663097,168504.0753326197,15716.959617693328,84.25203766630985,225.0,3055.0,5000.0,0.0,46.0,67.0,0.0,99,87.24855085818427,108.20716988572792,73.79365539550781,75.17125701904297,46.0,598.0,67.0,871.0,28.5,615.5,44.75,893.25,46.0,598.0,67.0,871.0,1134.0,12.0,1155.0,16.0,980.0,17.0
146,0.0,0.0,22625.244895826665,5,17751.02118860555,17942.181823836454,-0.21543297010324014,-0.2069839727062589,-0.20817110065003952,2.492092982658608,84,43,0.005175352382007712,0.16919822419305308,0.25116112341801944,191.16063523091105,214321.27046182207,21500.1277995234,107.16063523091104,84.0,1091.0,1429.0,0.0,15.0,21.0,0.0,35,64.90299271996483,108.51582250737849,70.0,91.465087890625,15.0,58.0,21.0,81.0,9.25,63.75,15.25,86.75,15.0,58.0,21.0,81.0,277.0,4.0,457.0,9.0,504.0,6.0
147,0.0,0.0,100367.03025456595,21,89908.7943816067,90780.39174502232,-0.10419991352173619,-0.09551581316323254,-0.09608308078147765,2.7741553454808736,334,156,0.004464116356080608,0.166513524266574,0.07132778243072598,871.5973634156661,1075194.7268313335,96893.8823652068,537.5973634156668,334.0,3805.0,6778.0,0.0,64.0,93.0,0.0,135,84.51535950579814,90.29993698115064,66.5,58.0,64.0,960.0,93.0,1717.0,44.25,979.75,58.25,1751.75,64.0,960.0,93.0,1717.0,1471.0,23.0,1790.0,35.0,2128.0,27.0
148,0.0,0.0,52546.73137732918,6,41591.498264658396,42170.58217916215,-0.20848552946144472,-0.19746516912075196,-0.19796760106382438,4.876867261056398,150,71,0.006850077261625784,0.1910371504053202,0.2337905328108851,579.0839145037902,858167.8290075808,43991.756545250406,429.08391450379037,150.0,983.0,2041.0,0.0,30.0,43.0,0.0,71,47.843579134872925,71.17461744436255,44.18743133544922,48.0,30.0,117.0,43.0,236.0,21.0,126.0,28.0,251.0,30.0,117.0,43.0,236.0,408.0,11.0,362.0,12.0,733.0,17.0
149,0.0,0.0,432924.3694773091,22,330370.08488350053,332885.67305949796,-0.2368872990855826,-0.23107661169222882,-0.23188619719768166,2.788389363173024,343,160,0.0036161013123432997,0.16175876769215106,0.06251976253035015,2515.5881759980484,4345176.351996097,389577.6186589971,2172.5881759980484,343.0,4285.0,6801.0,0.0,73.0,88.0,0.0,140,93.50313922313147,107.67552938395788,76.0,95.8359375,73.0,1188.0,88.0,1730.0,45.5,1215.5,57.75,1760.25,73.0,1188.0,88.0,1730.0,1479.0,14.0,1754.0,30.0,1983.0,25.0
150,0.0,0.0,85653.63504604164,23,70998.77806438511,71888.15907601727,-0.17109439632981205,-0.16071093728392238,-0.16166816737644507,3.158142864151767,386,184,0.004073544449789618,0.16699657355240125,0.06387139140880066,889.3810116322448,1006762.02326449,79695.73152407818,503.38101163224496,386.0,5178.0,6408.0,0.0,72.0,107.0,0.0,157,71.16896994640588,94.82007313373687,60.679901123046875,67.66282653808594,72.0,1452.0,107.0,1979.0,50.25,1473.75,73.5,2012.5,72.0,1452.0,107.0,1979.0,1316.0,17.0,2629.0,29.0,1670.0,30.0
151,0.0,0.0,387734.13367662916,12,350414.0733268572,352646.86644027266,-0.09625167636362131,-0.09049310903749153,-0.09067907964990374,2.8305304955930675,197,95,0.008989680829227424,0.18491760356407846,0.12181048075928015,2232.7931134156483,4071586.2268312965,359613.3510282316,2035.7931134156483,197.0,2460.0,3588.0,0.0,38.0,52.0,0.0,85,85.53184733839556,87.8948393226024,84.21945190429688,59.0,38.0,357.0,52.0,573.0,23.0,372.0,36.0,589.0,38.0,357.0,52.0,573.0,783.0,12.0,1184.0,20.0,918.0,14.0
152,0.0,0.0,207258.69371148618,26,175350.1528472293,176981.85471456862,-0.15395513834838248,-0.14608235946456527,-0.1471682058211402,3.072279335322249,369,167,0.003332348230360331,0.16106516277381883,0.06054674028570847,1631.7018673394439,2525403.7346788854,205499.19612159856,1262.7018673394427,369.0,5364.0,7740.0,0.0,69.0,107.0,0.0,146,73.32867673239014,99.19306955456719,60.71977996826172,85.56434631347656,69.0,1526.0,107.0,2094.0,50.0,1545.0,71.75,2129.25,69.0,1526.0,107.0,2094.0,1510.0,17.0,2297.0,26.0,1933.0,33.0
153,0.0,0.0,13283.05168889634,13,10679.235114417103,10951.479243124277,-0.19602547934491865,-0.1755298782523813,-0.1776184126286532,3.0101777288285136,199,87,0.007473579151448823,0.16725041163370685,0.09827730412334994,272.24412870718425,146488.25741436856,12166.080428694335,73.24412870718429,199.0,3257.0,3280.0,0.0,47.0,52.0,0.0,87,84.07010380158785,100.32752900392568,75.0,87.37901306152344,47.0,534.0,52.0,494.0,31.0,550.0,37.75,508.25,47.0,534.0,52.0,494.0,601.0,12.0,1271.0,22.0,559.0,10.0
154,0.0,0.0,54738.29597890328,9,47581.58874079147,47944.02799614091,-0.13074406336781264,-0.12412275284164775,-0.12476442961450529,2.1500158481470435,131,65,0.00652545442521997,0.17240999670899243,0.1425180023129221,362.4392553494544,462878.51069890853,53822.685899947304,231.43925534945427,131.0,2419.0,2117.0,0.0,26.0,31.0,0.0,55,97.13681327487727,80.06291008200331,84.03553771972656,76.79631042480469,26.0,243.0,31.0,195.0,16.25,252.75,20.75,205.25,26.0,243.0,31.0,195.0,417.0,7.0,966.0,14.0,560.0,4.0
155,0.0,0.0,125984.5749144792,20,112309.33301453709,113452.51222227493,-0.10854695433329942,-0.09947299263192566,-0.10024432753373036,3.29620082593301,335,161,0.0036235224227327847,0.15448329368103855,0.07267352764261598,1143.1792077379914,1616358.4154759846,122592.53158660808,808.1792077379923,335.0,4340.0,5740.0,0.0,59.0,95.0,0.0,132,67.9200713705642,80.40448127428978,54.30698013305664,65.69837951660156,59.0,1133.0,95.0,1353.0,40.5,1151.5,68.5,1379.5,59.0,1133.0,95.0,1353.0,1086.0,22.0,1984.0,20.0,1449.0,27.0
156,0.0,0.0,19422.612474837497,15,16076.67365484859,16411.53619666043,-0.17227027642772874,-0.15502941646382518,-0.15676204933058702,3.0215285588130794,225,100,0.007148648085868478,0.16359926044367376,0.09534267701414548,334.8625418118497,219725.08362369938,18179.96084984979,109.8625418118497,225.0,3004.0,4553.0,0.0,39.0,71.0,0.0,100,112.97025389074068,93.0950611871455,97.42320251464844,63.0,39.0,537.0,71.0,852.0,25.0,551.0,43.5,879.5,39.0,537.0,71.0,852.0,912.0,15.0,1119.0,18.0,1190.0,27.0
157,0.0,0.0,81241.9437182191,21,67476.96530564348,68223.29693979175,-0.16943191881669284,-0.16024538782062436,-0.16149889534213724,2.8666993892586965,289,131,0.0030456862070819507,0.16792295895048723,0.0720652564594661,746.3316341483184,914663.2682966356,79766.23497076542,457.3316341483178,289.0,4451.0,6133.0,0.0,59.0,78.0,0.0,118,103.44775702225706,109.51969193401419,87.0,88.00106048583984,59.0,946.0,78.0,1395.0,38.5,966.5,52.75,1420.25,59.0,946.0,78.0,1395.0,1296.0,15.0,1424.0,21.0,1389.0,20.0
158,0.0,0.0,65793.26682058639,19,55436.037580423996,56163.538659294805,-0.15742080824783833,-0.14636342936962188,-0.14726158922686183,3.45096540913805,309,143,0.00525910474676556,0.1679493753731996,0.09297865220464462,727.5010788708374,837002.1577416742,60635.3627542396,418.50107887083715,309.0,3495.0,6078.0,0.0,63.0,84.0,0.0,127,69.0121211364548,86.91823990495911,61.40805435180664,71.12763214111328,63.0,859.0,84.0,1406.0,43.5,878.5,56.75,1433.25,63.0,859.0,84.0,1406.0,1225.0,16.0,1412.0,17.0,1260.0,20.0
159,0.0,0.0,31760.89801898144,25,27520.907339837813,28090.71989771485,-0.1334971913139753,-0.11555649714542582,-0.11681294254366137,3.0822259500620834,384,176,0.004333834752698908,0.1648070855295526,0.05747956641044495,569.8125578770781,371625.11575415696,30142.59189423406,185.8125578770785,384.0,5606.0,6975.0,0.0,81.0,102.0,0.0,152,78.536310526974,83.84130272272833,68.0,68.94718170166016,81.0,1560.0,102.0,2054.0,55.0,1586.0,78.25,2077.75,81.0,1560.0,102.0,2054.0,1306.0,23.0,2420.0,39.0,2051.0,35.0
160,0.0,0.0,182301.0190828499,13,174341.11872608564,175643.828635409,-0.04366349895798849,-0.036517571217829614,-0.03676929768973203,3.0629612762055647,197,94,0.0071454623309725185,0.16229634273135968,0.1015480333435409,1302.709909323528,2211419.8186470545,180496.88024350323,1105.7099093235272,197.0,3094.0,3458.0,0.0,44.0,46.0,0.0,82,89.08280790746169,85.26519757056448,81.51596069335938,58.418556213378906,44.0,461.0,46.0,515.0,30.25,474.75,27.75,533.25,44.0,461.0,46.0,515.0,711.0,12.0,1303.0,14.0,918.0,15.0
161,0.0,0.0,14383.286074488979,21,10923.942022878786,11315.975651744931,-0.24051138479028678,-0.21325519125872117,-0.21743685116367584,3.0510208903711855,312,132,0.00875211003078372,0.16496298351151084,0.0685205226900386,392.03362886615423,160067.2577323083,13115.876905126222,80.03362886615415,312.0,3802.0,6750.0,0.0,70.0,89.0,0.0,136,80.25414877412409,82.69513936650817,58.0,61.64904022216797,70.0,1016.0,89.0,1674.0,43.25,1042.75,61.0,1702.0,70.0,1016.0,89.0,1674.0,1334.0,13.0,1621.0,21.0,1526.0,21.0
162,0.0,0.0,68867.57692143157,10,64052.46742688608,64556.70917613356,-0.0699183811859514,-0.06259647773314447,-0.06289035034052948,2.687989543938703,143,70,0.0049330542589096785,0.18742306734865835,0.16794299022930967,504.24174924751946,722483.4984950392,67195.52724118732,361.2417492475196,143.0,2187.0,2853.0,0.0,23.0,40.0,0.0,59,62.66997920940572,85.72863640739507,49.66101837158203,65.29681396484375,23.0,228.0,40.0,299.0,14.0,237.0,28.5,310.5,23.0,228.0,40.0,299.0,589.0,7.0,906.0,7.0,644.0,15.0
163,0.0,0.0,22410.674332322422,29,19192.599412956966,19753.223470842375,-0.14359563088755867,-0.11857969207322172,-0.1208279776994402,3.0917788191351936,427,170,0.006180619554564913,0.16585827006229126,0.05118813581376782,560.6240578854416,267248.115770883,21609.57586267728,133.6240578854415,427.0,5703.0,8900.0,0.0,94.0,134.0,0.0,186,78.60411379627888,97.79365908860508,71.0,76.5,94.0,1979.0,134.0,3181.0,64.25,2008.75,78.25,3236.75,94.0,1979.0,134.0,3181.0,1945.0,20.0,2598.0,42.0,2171.0,34.0
164,0.0,0.0,185318.96285386197,10,158809.42751647235,159910.029061963,-0.14304815292051032,-0.13710919487465423,-0.13761998764157446,2.701730710120164,157,73,0.0063572051814716575,0.17593321125158062,0.135023758992125,1100.601545490755,1887203.0909815098,174629.08904211008,943.6015454907549,157.0,2138.0,2902.0,0.0,33.0,41.0,0.0,69,89.73876672132805,106.0193143800321,83.57096099853516,89.2846908569336,33.0,255.0,41.0,361.0,20.0,268.0,27.0,375.0,33.0,255.0,41.0,361.0,647.0,10.0,1002.0,16.0,807.0,13.0
165,0.0,0.0,39022.657694276764,6,37316.06226522269,37623.93051175908,-0.04373344948528124,-0.03584397540208617,-0.03582088701963371,2.8455715173401597,93,49,0.002539964019362181,0.18934765855047894,0.23523630347601424,307.86824653640275,429736.49307280546,37754.84910975748,214.86824653640272,93.0,1241.0,1783.0,0.0,14.0,24.0,0.0,38,69.08465939252766,132.42250519957463,51.0360107421875,116.12046813964844,14.0,78.0,24.0,112.0,9.75,82.25,16.0,120.0,14.0,78.0,24.0,112.0,386.0,4.0,425.0,3.0,176.0,5.0
166,0.0,0.0,234858.9314218943,19,194268.3278280588,195824.88030043378,-0.1728297210077977,-0.16620211496807324,-0.16691157956426217,2.898815338065611,287,140,0.003700378145810111,0.169647026929303,0.07790487779704672,1556.5524723752633,2539104.944750528,218977.81064288842,1269.552472375264,287.0,4343.0,5233.0,0.0,55.0,73.0,0.0,119,70.31089556618514,105.64587546462586,54.0,86.83914947509766,55.0,950.0,73.0,1183.0,41.25,963.75,47.75,1208.25,55.0,950.0,73.0,1183.0,1044.0,16.0,1903.0,25.0,1131.0,20.0
167,0.0,0.0,37131.19748557529,13,28980.082777538977,29382.350535781836,-0.21952199928921912,-0.20868831264609022,-0.21073221936349473,2.750600599885356,200,94,0.004606920914256648,0.1680301577289905,0.10215036617988088,402.26775824289115,404535.5164857823,36767.925930671576,202.26775824289115,200.0,2898.0,3654.0,0.0,45.0,48.0,0.0,86,82.23646195856162,70.537869135706,79.0,42.0,45.0,464.0,48.0,561.0,31.5,477.5,33.0,576.0,45.0,464.0,48.0,561.0,722.0,4.0,1032.0,15.0,990.0,9.0
168,0.0,0.0,47080.83027804832,11,42708.681467551876,43165.62300162747,-0.0928647346420095,-0.08315926574146115,-0.08384289544666135,3.0514520393360347,175,85,0.007292458895376941,0.16258064489079682,0.11636944813500945,456.9415340756159,563883.0681512316,46197.92977918858,281.94153407561583,175.0,2166.0,3378.0,0.0,29.0,50.0,0.0,74,69.39020433471302,96.88779977595802,46.0,63.580074310302734,29.0,284.0,50.0,451.0,21.0,292.0,31.75,469.25,29.0,284.0,50.0,451.0,715.0,9.0,605.0,5.0,839.0,13.0
169,0.0,0.0,145318.1890835446,26,112273.66829041911,113545.54957105835,-0.22739425120504309,-0.21864186247338868,-0.2200758874944394,3.078568793408205,432,204,0.0023318548486975003,0.15976288915521306,0.05746433852698072,1271.8812806393826,1679762.5612787658,136407.74934731468,839.8812806393829,432.0,5702.0,7402.0,0.0,91.0,111.0,0.0,163,70.13395510699432,90.87689337398089,55.0,70.79898071289062,91.0,1716.0,111.0,2320.0,58.75,1748.25,81.75,2349.25,91.0,1716.0,111.0,2320.0,1426.0,24.0,2935.0,45.0,2109.0,29.0
170,0.0,0.0,23669.95502536365,22,19811.404674804966,20236.777517027298,-0.1630146887234909,-0.14504368532418066,-0.1468211916333073,2.5643435004525093,310,137,0.003932746746313949,0.15525217008998735,0.06107934718355341,425.37284222236536,230745.68444473075,22495.590431236385,115.37284222236538,310.0,4617.0,6458.0,0.0,60.0,91.0,0.0,133,86.77172864482668,107.00229677086006,59.24162292480469,66.0,60.0,1111.0,91.0,1662.0,41.0,1130.0,62.75,1690.25,60.0,1111.0,91.0,1662.0,1361.0,15.0,1685.0,24.0,2093.0,24.0
171,0.0,0.0,110225.35247075683,5,81439.03358544741,81981.18419543706,-0.2611587828031353,-0.25624021735664704,-0.25668447782312565,2.5533609904316448,76,40,0.0035712767873481086,0.2034729981124368,0.2717591932390678,542.1506099896994,932301.2199793992,91281.76778303819,466.1506099896996,76.0,978.0,1542.0,0.0,11.0,20.0,0.0,30,89.0787606500482,104.60854667613066,90.96095275878906,89.78971862792969,11.0,43.0,20.0,76.0,7.25,46.75,14.25,81.75,11.0,43.0,20.0,76.0,303.0,4.0,458.0,6.0,342.0,3.0
172,0.0,0.0,191421.74379432955,27,157772.50893485386,159467.35240699045,-0.17578585479625375,-0.16693187907467844,-0.16786476128064154,3.5029990566563067,448,214,0.0016343303006143128,0.1620557542453746,0.05018801159738183,1694.8434721368153,2493686.9442736325,177967.9999866967,1246.8434721368162,448.0,5811.0,7797.0,0.0,98.0,109.0,0.0,171,75.0961390175251,76.81931167917674,60.0,55.0,98.0,1926.0,109.0,2484.0,74.5,1949.5,79.75,2513.25,98.0,1926.0,109.0,2484.0,1484.0,20.0,2751.0,41.0,2938.0,39.0
173,0.0,0.0,23946.00408799227,8,19245.37805047639,19519.529539367024,-0.19630106218318955,-0.18485232577258703,-0.18625550593083162,3.089528872837266,134,66,0.008716333680907429,0.18242967789866169,0.2042823090731808,274.15148889064807,280302.977781296,22681.692688299754,140.151488890648,134.0,1485.0,2547.0,0.0,19.0,41.0,0.0,58,61.00918304637751,89.10493044843692,53.0,63.45354080200195,19.0,140.0,41.0,264.0,13.75,145.25,29.5,275.5,19.0,140.0,41.0,264.0,485.0,10.0,814.0,9.0,775.0,9.0
174,0.0,0.0,30143.67248690055,24,26508.85875599313,27026.01322711126,-0.12058297582973643,-0.1034266564946299,-0.10473737363952862,2.802116893030929,353,153,0.0038953877285459685,0.15290498200939498,0.05707844551462899,517.1544711181306,328308.9422362614,29291.153328827026,164.1544711181307,353.0,5366.0,6723.0,0.0,90.0,86.0,0.0,144,100.10225633463557,96.15368726393129,76.13993835449219,73.0,90.0,1417.0,86.0,1861.0,58.0,1449.0,54.5,1892.5,90.0,1417.0,86.0,1861.0,1344.0,14.0,2507.0,40.0,1891.0,17.0
175,0.0,0.0,119122.9753950439,25,101167.47390856106,102330.83195084032,-0.15073080089661595,-0.14096477517050177,-0.1416716184684378,3.381585655364522,419,197,0.0033930650989201145,0.16328182951478165,0.06395321812718227,1163.3580422793439,1488716.0845586886,110060.50387907523,744.3580422793443,419.0,4982.0,7618.0,0.0,79.0,118.0,0.0,168,62.85440902470726,79.215544339745,42.0,66.23007202148438,79.0,1657.0,118.0,2346.0,56.0,1680.0,82.75,2381.25,79.0,1657.0,118.0,2346.0,1527.0,24.0,2029.0,35.0,2033.0,35.0
176,0.0,0.0,18108.348322482423,8,17501.78147719427,17735.466416231506,-0.03349653068773095,-0.020591712706783172,-0.02095183862657135,2.8024089640357626,131,64,0.006508278798619833,0.16601160630768652,0.1911972869580573,233.684939037244,205369.87807448793,18320.834031548147,102.68493903724396,131.0,1818.0,2214.0,0.0,28.0,31.0,0.0,51,71.25629526484195,117.35566642026532,71.14073181152344,73.50442504882812,28.0,166.0,31.0,183.0,16.25,177.75,20.25,193.75,28.0,166.0,31.0,183.0,497.0,8.0,796.0,9.0,473.0,8.0
177,0.0,0.0,13645.94722088293,29,10555.735003292091,11051.096487051123,-0.22645640991940563,-0.1901554133128116,-0.19521941869504023,2.8767362304491657,422,167,0.00561125246043351,0.16333146485826083,0.04615526705117061,495.36148375903974,146722.9675180803,12750.81861564793,73.36148375904014,422.0,6211.0,8361.0,0.0,96.0,130.0,0.0,178,68.97825765079683,96.04772149413287,45.5,72.0,96.0,2133.0,130.0,2784.0,63.25,2165.75,87.5,2826.5,96.0,2133.0,130.0,2784.0,1584.0,31.0,2458.0,40.0,1715.0,24.0
178,0.0,0.0,265641.47856177995,26,224315.98934165505,226393.22446969914,-0.15556866135464564,-0.14774896715895547,-0.14854930641561825,3.2838997096295546,434,206,0.003718978907542594,0.16010874942585956,0.05540296909490636,2077.2351280442062,3286470.2560884114,250195.69313058793,1643.2351280442058,434.0,5313.0,7791.0,0.0,88.0,114.0,0.0,164,73.4185351241749,86.95163672555698,56.44413757324219,64.31212615966797,88.0,1704.0,114.0,2358.0,59.75,1732.25,82.5,2389.5,88.0,1704.0,114.0,2358.0,1539.0,21.0,2260.0,41.0,2075.0,35.0
179,0.0,0.0,343944.97833234124,30,268304.61633632286,270647.12187653844,-0.2199199487161284,-0.21310925023879201,-0.21407301565248682,2.9488614140459437,457,208,0.004538880346010569,0.1624802753527611,0.05722884574765445,2342.505540215588,3771011.0804311787,319700.602279001,1885.5055402155895,457.0,5917.0,9203.0,0.0,81.0,138.0,0.0,183,83.49290647217242,91.39346966883814,61.21455001831055,74.34934997558594,81.0,1949.0,138.0,3322.0,54.25,1975.75,91.0,3369.0,81.0,1949.0,138.0,3322.0,1902.0,24.0,2989.0,39.0,2445.0,37.0
180,0.0,0.0,47661.403282482876,18,39028.365474876664,39538.06726222299,-0.18113268206643707,-0.1704384567133691,-0.17151648348558146,2.678713314910869,275,128,0.004745589428998623,0.17197257386150414,0.07767687573394988,509.7017873463904,469403.5746927814,43808.67971946451,234.7017873463907,275.0,3900.0,5166.0,0.0,59.0,70.0,0.0,113,74.84009389051539,91.23052210170022,58.0,77.5,59.0,846.0,70.0,1058.0,39.5,865.5,48.25,1079.75,59.0,846.0,70.0,1058.0,1105.0,14.0,1750.0,31.0,1390.0,22.0
181,0.0,0.0,55820.238159332876,22,54311.55540547563,55040.12160049219,-0.027027522697966155,-0.013975514697983304,-0.01448749676186567,3.1032874893437343,371,172,0.005051573560873277,0.16202367257399333,0.06988043045320265,728.5661950165547,715132.3900331096,57610.87173592332,357.5661950165548,371.0,5436.0,5651.0,0.0,92.0,85.0,0.0,153,78.85318457829194,78.86806695166135,51.66084289550781,51.65776062011719,92.0,1563.0,85.0,1625.0,58.25,1596.75,64.5,1645.5,92.0,1563.0,85.0,1625.0,938.0,17.0,2427.0,38.0,1343.0,18.0
182,0.0,0.0,137244.07892557385,27,108248.75951949603,109486.99416821361,-0.2112682720673269,-0.20224613677077197,-0.2034593584539066,3.16984751140763,434,194,0.006483167838346952,0.16595165647602936,0.06169718415474615,1238.2346487176983,1608469.2974353952,126856.99325021509,804.2346487176976,434.0,5893.0,7715.0,0.0,86.0,127.0,0.0,177,77.03743370903986,89.980156385301,61.36358642578125,69.27021026611328,86.0,1899.0,127.0,2667.0,57.75,1927.25,86.0,2708.0,86.0,1899.0,127.0,2667.0,1540.0,33.0,3155.0,46.0,2077.0,40.0
183,0.0,0.0,15324.810591078587,24,11624.162335769435,12082.924090069086,-0.24148084789142532,-0.211544963752882,-0.21517084288641952,3.162704733001892,372,159,0.005740229763061147,0.16367305017473402,0.05504001181939848,458.7617542996601,173523.5085993207,13716.38543970403,86.76175429966034,372.0,5257.0,6812.0,0.0,74.0,115.0,0.0,163,84.15135414464335,88.30887171895175,67.7538833618164,63.0,74.0,1563.0,115.0,2151.0,49.25,1587.75,80.75,2185.25,74.0,1563.0,115.0,2151.0,1249.0,23.0,2086.0,23.0,1575.0,24.0
184,0.0,0.0,24634.17990137198,28,19421.357983498438,19990.556542878985,-0.2116093143244122,-0.18850326566927322,-0.19124246954642266,3.101040386662227,431,182,0.0060295823002408915,0.1614918223753072,0.05418634554543353,569.1985593805576,276397.1187611154,22282.61198644148,138.19855938055773,431.0,5261.0,8829.0,0.0,84.0,137.0,0.0,186,81.00928710729447,89.8992047166227,69.35287475585938,59.0,84.0,1955.0,137.0,3025.0,55.25,1983.75,95.0,3067.0,84.0,1955.0,137.0,3025.0,1787.0,43.0,2799.0,42.0,2441.0,35.0
185,0.0,0.0,119580.66686815469,26,108563.824870798,109572.86980520784,-0.09212895600844462,-0.08369076143371135,-0.08406856820981956,2.7581453687043482,379,180,0.002046835533090707,0.15660236588674306,0.05350159838725242,1009.0449344099013,1260089.8688198007,114215.32410125775,630.0449344099003,379.0,6119.0,6985.0,0.0,74.0,99.0,0.0,142,84.93153558251387,101.10902312797647,72.04707336425781,71.80097198486328,74.0,1644.0,99.0,1875.0,48.0,1670.0,72.5,1901.5,74.0,1644.0,99.0,1875.0,1451.0,20.0,2515.0,25.0,1816.0,33.0
186,0.0,0.0,234838.13136718763,26,194383.91395879112,196111.44558924893,-0.17226426208077428,-0.16490799663784805,-0.16568376318176992,3.0308298601966652,396,178,0.004497072793739311,0.16216436353958538,0.055440053031270975,1727.5316304579,2663063.2609157977,219664.52949811873,1331.531630457899,396.0,5327.0,7777.0,0.0,82.0,110.0,0.0,158,77.52277430167338,96.0580230594833,62.22745895385742,87.5,82.0,1592.0,110.0,2324.0,58.25,1615.75,74.75,2359.25,82.0,1592.0,110.0,2324.0,1578.0,31.0,2153.0,33.0,1726.0,24.0
187,0.0,0.0,25712.268881270753,18,20038.930864034763,20503.2370087683,-0.2206471176632936,-0.20258935127645616,-0.20505381717609272,3.2626399382602704,309,145,0.004096483865294049,0.17009639799203422,0.0798365902845016,464.3061447335626,310612.2894671244,23800.687123381398,155.3061447335622,309.0,3379.0,5681.0,0.0,54.0,92.0,0.0,128,64.68309762756746,74.5735418447477,50.0,55.74275207519531,54.0,833.0,92.0,1322.0,38.25,848.75,65.5,1348.5,54.0,833.0,92.0,1322.0,1205.0,17.0,1234.0,22.0,1776.0,24.0
188,0.0,0.0,139050.6166019787,7,99525.52142753912,100256.04352928167,-0.28424969367505226,-0.27899605209046574,-0.279736485641902,2.581842065536754,113,58,0.00814261099203494,0.2013613337939839,0.1879464730140324,730.5221017426194,1235044.2034852384,119589.44158232988,617.5221017426192,113.0,1218.0,2310.0,0.0,20.0,28.0,0.0,46,68.35694667526292,115.27902814631703,68.56061553955078,104.76454162597656,20.0,94.0,28.0,180.0,13.75,100.25,16.0,192.0,20.0,94.0,28.0,180.0,494.0,4.0,506.0,9.0,516.0,8.0
189,0.0,0.0,125391.55506363127,15,85601.80886259602,86605.54901832661,-0.31732397114656985,-0.3093191246062966,-0.3111476284258692,3.248007139733206,279,129,0.005079063455453987,0.17708886480197558,0.10984012683222001,1003.7401557305907,1449480.31146118,111566.89695425372,724.74015573059,279.0,3318.0,4242.0,0.0,62.0,73.0,0.0,118,67.41822143847864,69.0915407712776,50.41571044921875,45.0,62.0,719.0,73.0,916.0,40.5,740.5,50.0,939.0,62.0,719.0,73.0,916.0,797.0,10.0,1755.0,28.0,1214.0,20.0
190,0.0,0.0,29839.77809736347,6,24574.047283879307,24769.089338204285,-0.17646682211585962,-0.16993051163497797,-0.17032145854081338,2.0045892432040446,88,43,0.0025987522587439978,0.18446898193535174,0.23131323775192325,195.04205432498662,214084.10864997323,26699.24890794471,107.04205432498662,88.0,1294.0,1730.0,0.0,15.0,24.0,0.0,36,139.2756750953789,120.580658270667,114.0,90.8602294921875,15.0,72.0,24.0,105.0,8.25,78.75,15.25,113.75,15.0,72.0,24.0,105.0,406.0,2.0,581.0,10.0,509.0,6.0
191,0.0,0.0,265141.06253601203,16,202585.99207508104,204186.28837202978,-0.23593128074017067,-0.22989563963033166,-0.230905452181988,2.8250850642553393,229,106,0.0051013114700170755,0.16962828749543563,0.10592245232298741,1600.296296948884,2742592.5938977683,242700.00119630777,1371.2962969488842,229.0,3017.0,5047.0,0.0,45.0,62.0,0.0,93,67.81225160263955,96.03484917178504,55.04185104370117,82.59835815429688,45.0,541.0,62.0,840.0,30.75,555.25,42.75,859.25,45.0,541.0,62.0,840.0,1042.0,6.0,1573.0,20.0,1106.0,16.0
192,0.0,0.0,225934.18976153195,16,179718.62626631267,181068.3608576673,-0.20455320880827588,-0.19857919224717346,-0.19924415130216377,2.7222680386351077,236,116,0.00379781748852613,0.16266928998993269,0.0838446300212669,1349.7345913547472,2227469.182709493,204560.05351940866,1113.7345913547467,236.0,3126.0,4938.0,0.0,44.0,60.0,0.0,96,80.77566488932979,89.95396665961708,65.0,83.5,44.0,553.0,60.0,879.0,30.25,566.75,42.0,897.0,44.0,553.0,60.0,879.0,1009.0,14.0,1279.0,16.0,1350.0,14.0
193,0.0,0.0,26163.1175481648,29,21283.917787229984,21863.67960006193,-0.18649152769934574,-0.1643320196909963,-0.16717032104698792,3.027082298623178,430,188,0.004946319566274174,0.15541284919117118,0.046894226242123326,579.7618128319705,299523.62566394114,24736.99061635811,149.7618128319706,430.0,5660.0,8935.0,0.0,82.0,131.0,0.0,180,69.13354894355746,86.10094602649276,52.61845779418945,75.0,82.0,2026.0,131.0,2974.0,56.25,2051.75,92.0,3013.0,82.0,2026.0,131.0,2974.0,1817.0,24.0,2084.0,33.0,2285.0,32.0
194,0.0,0.0,71375.47232247583,19,64372.59293360982,64993.60008386382,-0.09811324760453932,-0.089412679607619,-0.09030552826021787,2.516838795225726,258,120,0.004241756711183134,0.16355193704522758,0.07353405302540189,621.0071502540368,726014.3005080727,72115.69349269339,363.0071502540364,258.0,4494.0,5082.0,0.0,57.0,62.0,0.0,108,84.18179110565417,83.86575813521634,79.0,69.86392211914062,57.0,970.0,62.0,963.0,37.0,990.0,41.75,983.25,57.0,970.0,62.0,963.0,1055.0,14.0,2292.0,28.0,1454.0,21.0
195,0.0,0.0,25741.673063722494,24,19815.852882014417,20318.627838879424,-0.23020338138235785,-0.21067182429900866,-0.21382863213492842,3.0594722102487975,355,162,0.00392474709354344,0.16292828016870317,0.0543126421824873,502.7749568650182,295549.91373003734,24150.40025040815,147.77495686501868,355.0,5399.0,6673.0,0.0,71.0,98.0,0.0,149,84.78473743775794,74.76451189283448,78.0,64.0,71.0,1560.0,98.0,1845.0,49.75,1581.25,68.0,1875.0,71.0,1560.0,98.0,1845.0,1272.0,18.0,2437.0,27.0,2133.0,30.0
196,0.0,0.0,11761.131422953404,30,9545.245902532713,10045.800389902182,-0.18840751291122348,-0.14584745050153303,-0.1500153962868901,3.266032501411416,429,175,0.006584018227855668,0.1615359044581486,0.045760483077185735,500.55448736947767,143108.97473895538,10954.344045651018,71.5544873694777,429.0,7295.0,7747.0,0.0,101.0,123.0,0.0,187,102.27128674176666,86.67140119212095,90.0,60.377445220947266,101.0,2582.0,123.0,2778.0,71.5,2611.5,86.0,2815.0,101.0,2582.0,123.0,2778.0,1531.0,19.0,3288.0,48.0,1842.0,41.0
197,0.0,0.0,17103.184586326097,29,12899.194233559232,13389.870073033762,-0.24580161264984135,-0.21711246198331446,-0.2212538325791369,3.019398586703508,398,161,0.005202942193526843,0.159369334347109,0.050605563728639925,490.6758394745324,185351.67894906484,15346.738234999511,92.67583947453242,398.0,5341.0,9241.0,0.0,74.0,134.0,0.0,169,90.58242252261124,86.28863386328987,63.953819274902344,72.0,74.0,1787.0,134.0,2893.0,47.25,1813.75,93.25,2933.75,74.0,1787.0,134.0,2893.0,2031.0,27.0,1935.0,29.0,2147.0,34.0
198,0.0,0.0,33819.26263268397,19,28101.05820070427,28614.14093062516,-0.1690812864279735,-0.15390997014312247,-0.15555439508595625,3.2495113425841273,305,140,0.003420529718325751,0.15918965676222285,0.07483036860910369,513.0827299209161,416165.4598418329,32017.541713739898,208.08272992091648,305.0,4143.0,5424.0,0.0,53.0,93.0,0.0,130,86.86045052544706,73.87446942088795,80.0,45.0,53.0,1021.0,93.0,1300.0,38.0,1036.0,62.5,1330.5,53.0,1021.0,93.0,1300.0,1045.0,21.0,1411.0,17.0,1450.0,24.0
199,0.0,0.0,16313.50932526286,15,15839.364276793738,16221.390230915214,-0.02906456477361785,-0.005646798154275157,-0.0066049294540058145,3.720093489389893,257,118,0.008117394156229871,0.1750947762913476,0.11072187858020176,382.0259541214847,250051.90824296974,16804.141411778004,125.02595412148487,257.0,3900.0,3652.0,0.0,59.0,65.0,0.0,114,80.30591992245469,77.40175751561473,59.33207702636719,62.92463684082031,59.0,842.0,65.0,741.0,39.0,862.0,47.25,758.75,59.0,842.0,65.0,741.0,731.0,14.0,2025.0,22.0,927.0,18.0
200,0.0,0.0,123056.67426928227,25,106854.9595296041,108058.53153613814,-0.13166059326635393,-0.12187996158846304,-0.12266933228490162,3.252747209188374,437,201,0.0037557956697333882,0.15680751497713902,0.05843652532241893,1203.5720065341395,1533144.0130682776,117834.5498796714,766.5720065341388,437.0,5276.0,7324.0,0.0,87.0,124.0,0.0,178,69.6363286873683,86.96235305475071,50.0,67.5,87.0,1711.0,124.0,2528.0,60.75,1737.25,81.75,2570.25,87.0,1711.0,124.0,2528.0,1421.0,23.0,2106.0,38.0,2026.0,36.0
201,0.0,0.0,268381.2961219875,8,221085.76451352937,222587.52320535257,-0.17622514046940463,-0.17062952440553192,-0.17141618651568558,2.6500766925515498,132,66,0.005556186261895449,0.1885129700654019,0.20432822004368983,1501.75869182337,2739517.383646741,258437.55685888053,1369.7586918233706,132.0,1878.0,2154.0,0.0,26.0,32.0,0.0,57,104.91650182183092,58.43169020246634,100.83531951904297,51.496620178222656,26.0,182.0,32.0,216.0,17.25,190.75,23.5,224.5,26.0,182.0,32.0,216.0,410.0,6.0,1086.0,15.0,756.0,7.0
202,0.0,0.0,11814.384053561898,25,9325.341818599074,9723.263399361496,-0.21067896757701954,-0.1769978565721294,-0.1802379768027249,2.8640464170219664,337,136,0.007365976759441407,0.1608068218422156,0.05402429717800274,397.92158076243066,121843.16152486147,10635.578459963815,60.921580762430736,337.0,4831.0,7722.0,0.0,66.0,110.0,0.0,147,94.93259349848609,107.21502560301236,71.30116271972656,82.5,66.0,1323.0,110.0,2161.0,46.5,1342.5,72.5,2198.5,66.0,1323.0,110.0,2161.0,1690.0,28.0,2253.0,33.0,1925.0,31.0
203,0.0,0.0,22972.895456798313,7,20308.83043330426,20590.25836928905,-0.11596557467054858,-0.10371514082715128,-0.10447896365667342,3.3998607329943895,134,66,0.0040908490265774014,0.17298049888212022,0.18790783231345756,281.4279359848032,294855.87196960626,21681.466913345834,147.42793598480313,134.0,1601.0,1927.0,0.0,31.0,30.0,0.0,58,56.462924093732646,61.73408541198568,48.55584716796875,52.04557418823242,31.0,165.0,30.0,180.0,22.0,174.0,22.0,188.0,31.0,165.0,30.0,180.0,337.0,5.0,670.0,15.0,632.0,4.0
204,0.0,0.0,22776.97454902054,10,19383.07569902564,19669.43214093817,-0.1490056918090925,-0.13643350223684558,-0.1379647484086548,2.8743545113433773,158,72,0.007465411086793216,0.16976280899527452,0.1449973388771206,286.3564419125377,256712.88382507535,22327.87246771244,128.3564419125377,158.0,2063.0,2977.0,0.0,35.0,41.0,0.0,71,91.5697848009464,99.0590871440404,79.98754119873047,81.0,35.0,271.0,41.0,363.0,21.0,285.0,24.75,379.25,35.0,271.0,41.0,363.0,613.0,10.0,850.0,14.0,701.0,9.0
205,0.0,0.0,268854.0857327885,20,242526.93733120884,244948.38262488582,-0.09792355704702194,-0.08891701624226878,-0.08957251244515552,3.8666729755542613,378,181,0.004970279926301562,0.1622905351100901,0.08191999098209823,2421.445293677134,4086890.5873542684,264238.18442833534,2043.4452936771343,378.0,4337.0,5743.0,0.0,83.0,94.0,0.0,146,57.666726086979224,77.67343909916306,38.0,46.0,83.0,1178.0,94.0,1565.0,63.5,1197.5,67.5,1591.5,83.0,1178.0,94.0,1565.0,1055.0,15.0,2096.0,39.0,1270.0,24.0
206,0.0,0.0,210052.77480898437,26,177139.1738512024,178865.98394797932,-0.1566920550690778,-0.14847121581405132,-0.14929637130554918,3.280180897258004,423,193,0.003979142570650909,0.15960793422343678,0.053188747196034926,1726.8100967770854,2607620.1935541653,198740.57828136467,1303.8100967770827,423.0,5930.0,7174.0,0.0,83.0,121.0,0.0,171,84.44326649931902,78.19910648068671,65.0,59.0,83.0,1837.0,121.0,2405.0,58.0,1862.0,85.0,2441.0,83.0,1837.0,121.0,2405.0,1358.0,26.0,2605.0,35.0,2173.0,35.0
207,0.0,0.0,28412.367383658428,10,25177.115579596084,25493.453225066238,-0.1138677309206948,-0.10273392988262653,-0.10350299082333858,2.617369119988953,172,88,0.00546932604059178,0.17951432589171573,0.17453165427943088,316.3376454701811,288675.29094036244,27573.039730596047,144.33764547018123,172.0,2001.0,3039.0,0.0,30.0,44.0,0.0,72,69.82420485282692,107.84747508865934,64.69508361816406,67.07238006591797,30.0,254.0,44.0,392.0,20.75,263.25,28.25,407.75,30.0,254.0,44.0,392.0,623.0,10.0,726.0,14.0,235.0,5.0
208,0.0,0.0,47557.63741301998,24,41851.142567090064,42551.968985688276,-0.11999113405006179,-0.10525477503979808,-0.10601196888583919,3.329967779633132,409,187,0.003349467610615712,0.1604037969332136,0.08011576956189605,700.8264185982474,583652.8371964954,43818.20454587081,291.8264185982477,409.0,4281.0,7812.0,0.0,73.0,125.0,0.0,165,69.72611181017463,85.00886144045053,53.0,62.022151947021484,73.0,1456.0,125.0,2305.0,50.5,1478.5,86.5,2343.5,73.0,1456.0,125.0,2305.0,1554.0,23.0,1959.0,43.0,1653.0,26.0
209,0.0,0.0,136158.22929644937,23,112769.51481911044,113921.51527330493,-0.1717759888490915,-0.16331524093729022,-0.16418287348848226,3.068188804183801,376,178,0.0032720018397980836,0.1621515312898522,0.06277666001109607,1152.000454194528,1552000.908389056,126459.04533912143,776.0004541945281,376.0,4442.0,7150.0,0.0,69.0,106.0,0.0,151,73.91265981849266,81.77632515600206,61.0,64.59889221191406,69.0,1223.0,106.0,2075.0,48.75,1243.25,75.0,2106.0,69.0,1223.0,106.0,2075.0,1495.0,19.0,2218.0,33.0,1969.0,35.0
210,0.0,0.0,24135.711798433927,12,19981.496679187327,20338.111136091138,-0.17211902238226728,-0.1573436364362455,-0.15832024138554213,3.4598177329542916,206,95,0.004635038727389476,0.18055266793776348,0.1191988696563621,356.6144569038305,301228.9138076606,21766.24153770416,150.6144569038303,206.0,2493.0,3555.0,0.0,34.0,65.0,0.0,95,66.7722448131652,92.7070378499674,54.04338073730469,90.00393676757812,34.0,430.0,65.0,611.0,24.25,439.75,41.5,634.5,34.0,430.0,65.0,611.0,706.0,15.0,1143.0,14.0,1127.0,21.0
211,0.0,0.0,91079.68502853495,7,76257.94029153566,76942.3548301207,-0.162733816353841,-0.1552193575766656,-0.15617421423970956,3.1053899819181696,136,69,0.007168767824774406,0.1676804203640814,0.17094264326330427,684.4145385850761,1096829.0771701524,88300.4295399842,548.4145385850762,136.0,1865.0,1663.0,0.0,28.0,32.0,0.0,59,86.9930242887004,60.48443946762211,68.31131744384766,47.336570739746094,28.0,172.0,32.0,181.0,16.5,183.5,22.25,190.75,28.0,172.0,32.0,181.0,302.0,5.0,519.0,12.0,374.0,8.0
212,0.0,0.0,20009.320491464587,27,18544.42513519012,19060.06642823173,-0.07321064985187031,-0.047440594678753945,-0.0478097158639863,3.2164379259693945,393,169,0.005925736554975594,0.16438046552562025,0.04832809013592818,515.6412930416235,245282.58608324622,19064.769142818222,122.64129304162311,393.0,6403.0,7186.0,0.0,86.0,111.0,0.0,166,81.43163287474154,87.60651377584207,63.91791915893555,69.32752227783203,86.0,2029.0,111.0,2250.0,60.25,2054.75,78.25,2282.75,86.0,2029.0,111.0,2250.0,1456.0,26.0,2887.0,35.0,1805.0,37.0
213,0.0,0.0,311786.45685774874,23,261832.37636321603,264001.28492790146,-0.16021889147457113,-0.15326250027482446,-0.1541245016920365,2.9872964674220843,349,167,0.0031693262035849415,0.1597865580014022,0.06141723285942145,2168.9085646856565,3639817.129371312,304607.9598279985,1819.908564685656,349.0,4842.0,6750.0,0.0,73.0,86.0,0.0,132,86.03646487694822,111.7581130875753,66.0,78.0,73.0,1150.0,86.0,1727.0,50.25,1172.75,60.0,1753.0,73.0,1150.0,86.0,1727.0,1344.0,22.0,2117.0,25.0,1680.0,22.0
214,0.0,0.0,308382.41971170815,25,284534.14414144086,286925.69811297767,-0.07733344719378588,-0.06957829054843445,-0.06989336643880595,3.2952864828834207,422,194,0.0048600703775841195,0.15582409628697988,0.06677921707241251,2391.5539715373397,3939107.9430746823,298844.11898141773,1969.553971537341,422.0,5297.0,7303.0,0.0,80.0,123.0,0.0,169,70.48785903968088,73.58125073778614,48.02461242675781,54.0,80.0,1682.0,123.0,2340.0,56.5,1705.5,84.25,2378.75,80.0,1682.0,123.0,2340.0,1493.0,21.0,2073.0,25.0,1503.0,24.0
215,0.0,0.0,11679.383263049058,23,8962.37775711181,9314.245254448226,-0.23263261807095947,-0.2025053853728387,-0.20627031403799334,2.682960096414611,295,121,0.008532369678473404,0.16430444506021985,0.05822390353727511,351.86749733642205,113734.99467284392,10597.902185056193,56.86749733642196,295.0,4567.0,6959.0,0.0,67.0,85.0,0.0,134,106.79047765147527,104.62752570222754,86.0,76.0,67.0,1112.0,85.0,1802.0,44.0,1135.0,61.75,1825.25,67.0,1112.0,85.0,1802.0,1452.0,22.0,1715.0,27.0,1482.0,14.0
216,0.0,0.0,12538.66957224662,8,9474.145634815619,9716.670845334784,-0.2444058294840219,-0.22506364895029318,-0.22782039379818275,3.723480760335963,159,74,0.0058531727253410696,0.18737325552189404,0.16899453446782728,242.525210519172,167050.42103834375,11216.012099339483,83.52521051917188,159.0,1876.0,2155.0,0.0,31.0,46.0,0.0,75,88.76042973028808,59.67391961268937,56.0,34.796287536621094,31.0,247.0,46.0,275.0,20.0,258.0,32.5,288.5,31.0,247.0,46.0,275.0,402.0,7.0,870.0,13.0,806.0,11.0
217,0.0,0.0,368137.416738371,16,290750.6112316411,293288.5863909074,-0.21021173612930366,-0.20331763886053833,-0.20449917587831146,3.2453286559632124,272,133,0.0049713559437925305,0.162785283832959,0.0947667341443347,2537.975159266432,4531950.3185328655,349113.3563780603,2265.975159266433,272.0,3831.0,4233.0,0.0,61.0,62.0,0.0,114,80.4047128850597,71.23401341955196,66.92820739746094,46.51875305175781,61.0,854.0,62.0,847.0,40.5,874.5,42.75,866.25,61.0,854.0,62.0,847.0,836.0,7.0,1770.0,30.0,964.0,23.0
218,0.0,0.0,20042.858135705792,17,13612.844103513906,13988.289105427972,-0.3208132287648634,-0.3020811198324941,-0.3051117780056448,3.0275694502824444,274,126,0.008686826955971389,0.16009460875257117,0.08453466158253349,375.44500191408224,202890.00382816402,16753.538371286268,101.44500191408201,274.0,3167.0,5376.0,0.0,41.0,90.0,0.0,122,68.67695094872798,93.21306886624227,77.0,74.03929138183594,41.0,705.0,90.0,1234.0,28.25,717.75,63.0,1261.0,41.0,705.0,90.0,1234.0,1021.0,19.0,1458.0,18.0,1415.0,23.0
219,0.0,0.0,44546.97123460712,7,52696.69504709427,53223.849563296855,0.18294675455187615,0.19478043261331646,0.19530896805237186,3.7295541370797105,147,75,0.0032132131114544988,0.18221790649388786,0.20521837456946365,527.1545162026235,760309.0324052467,50965.142511684964,380.15451620262337,147.0,2211.0,1317.0,0.0,40.0,25.0,0.0,61,77.58041926681487,68.7589328516732,58.09320831298828,45.0,40.0,225.0,25.0,137.0,27.25,237.75,19.25,142.75,40.0,225.0,25.0,137.0,217.0,3.0,880.0,13.0,262.0,5.0
220,0.0,0.0,32940.639496546595,15,24276.33402358725,24752.70699720341,-0.2630278466168724,-0.2485662884656985,-0.2511933774394791,3.54580985621267,260,121,0.0027342364710344394,0.17187403791305028,0.09987786983998248,476.37297361618687,432745.94723237347,30511.07961092107,216.37297361618673,260.0,3646.0,3914.0,0.0,49.0,75.0,0.0,109,76.26922569176165,78.81269135715627,70.0,51.0,49.0,721.0,75.0,790.0,32.75,737.25,56.5,808.5,49.0,721.0,75.0,790.0,749.0,11.0,1687.0,27.0,951.0,19.0
221,0.0,0.0,40571.544885703945,15,38231.50566556553,38630.2210756132,-0.0576768576777309,-0.04784939335092475,-0.048147402816022256,2.651695859142566,188,83,0.00679619506906179,0.16070723303821421,0.09896902215863335,398.7154100477154,421430.8200954304,39732.19804247284,210.7154100477152,188.0,2950.0,4610.0,0.0,31.0,59.0,0.0,79,105.69528054467398,84.16366745778826,71.0,61.0,31.0,405.0,59.0,690.0,16.25,419.75,42.5,706.5,31.0,405.0,59.0,690.0,1028.0,17.0,1020.0,8.0,661.0,14.0
222,0.0,0.0,17339.251876682913,11,12251.740625259778,12553.62978490764,-0.29341007833588273,-0.27599934102178725,-0.2790019378645209,3.3076235271451098,200,98,0.007039220818807335,0.17729055299144592,0.14430093863595475,301.8891596478747,203778.31929574936,15402.169988767992,101.88915964787468,200.0,2625.0,2918.0,0.0,39.0,52.0,0.0,89,84.19113800123392,64.77562330538827,72.0,60.5,39.0,398.0,52.0,489.0,25.0,412.0,37.5,503.5,39.0,398.0,52.0,489.0,481.0,12.0,1796.0,23.0,1015.0,15.0
223,0.0,0.0,13253.354742982296,13,10043.089569244417,10327.075577295454,-0.24222283610402318,-0.22079535502030667,-0.22345597489571034,3.2160128470866165,210,97,0.008194859957492456,0.1624673004928031,0.10086159104431727,283.9860080510487,147972.0161020978,11502.753808659809,73.98600805104891,210.0,2322.0,4213.0,0.0,41.0,59.0,0.0,92,64.4196765063243,99.90839275358287,50.0,86.38680267333984,41.0,397.0,59.0,696.0,28.5,409.5,37.0,718.0,41.0,397.0,59.0,696.0,865.0,13.0,1016.0,18.0,1123.0,20.0
224,0.0,0.0,151286.11126932662,16,141540.6594936462,142688.86584307437,-0.06441735922692271,-0.056827724330537066,-0.05715474429363976,3.0000822912358247,251,123,0.0041250470709942415,0.16604421230931765,0.09013886466332059,1148.2063494282643,1794412.6988565277,149530.28989392778,897.2063494282638,251.0,3492.0,4572.0,0.0,51.0,61.0,0.0,104,77.88921936650797,101.44427415214831,68.0,80.67915344238281,51.0,666.0,61.0,886.0,34.75,682.25,44.0,903.0,51.0,666.0,61.0,886.0,948.0,12.0,1308.0,24.0,1182.0,19.0
225,0.0,0.0,17334.370441340394,21,14489.1649085252,14915.099662720113,-0.16413665223339868,-0.13956496353917824,-0.14247956309581267,3.1653121534469917,319,142,0.005637917382471382,0.17118986089101793,0.07684209217196326,425.93475419493694,213869.50838987366,16891.660128762658,106.93475419493683,319.0,4464.0,6104.0,0.0,70.0,87.0,0.0,131,81.01045516034024,90.183944208331,62.74739074707031,73.0,70.0,1078.0,87.0,1513.0,48.25,1099.75,61.25,1538.75,70.0,1078.0,87.0,1513.0,1174.0,19.0,1837.0,28.0,1587.0,25.0
226,0.0,0.0,104147.70300085966,14,89955.13991141251,90771.95831723089,-0.136273414396187,-0.12843052989386006,-0.12945759162688264,2.75569285992947,235,113,0.0042983108310105395,0.17108452519566317,0.11104271733651436,816.8184058184814,1163636.811636963,105566.62795747358,581.8184058184814,235.0,3157.0,3899.0,0.0,50.0,58.0,0.0,101,76.36455179520269,78.673382032304,64.0,65.1817855834961,50.0,560.0,58.0,746.0,33.0,577.0,36.25,767.75,50.0,560.0,58.0,746.0,744.0,3.0,1669.0,27.0,1028.0,16.0
227,0.0,0.0,364609.35853120475,20,342434.5966819348,344881.131462018,-0.060817862543624646,-0.054107846130609705,-0.054406743266904645,2.939349254763463,306,141,0.004626860159018296,0.15798450610714512,0.0761528268562086,2446.5347800833124,4281069.560166623,364117.121606831,2140.534780083312,306.0,4817.0,5263.0,0.0,76.0,69.0,0.0,128,91.90854367575395,94.82220887875063,90.0,80.69245147705078,76.0,1130.0,69.0,1285.0,49.75,1156.25,44.5,1309.5,76.0,1130.0,69.0,1285.0,1041.0,14.0,2197.0,36.0,1195.0,18.0
228,0.0,0.0,187067.5354302335,15,133939.1854458972,135410.96954124927,-0.2840062540095335,-0.2761385922478753,-0.277383416988188,3.7174830376834347,281,134,0.00399825001845309,0.16772214779964614,0.09300582533614876,1471.7840953522311,2381568.190704465,160159.9904130665,1190.7840953522325,281.0,2598.0,4962.0,0.0,42.0,90.0,0.0,121,68.0787408169039,71.63307370692291,54.91492462158203,63.893272399902344,42.0,565.0,90.0,1118.0,34.0,573.0,59.25,1148.75,42.0,565.0,90.0,1118.0,1000.0,17.0,1205.0,19.0,1493.0,31.0
229,0.0,0.0,27225.38505896136,24,23620.55420191209,24170.361490431234,-0.13240697419861558,-0.11221231809628907,-0.11321197320287557,3.264822633570103,386,171,0.004329129992819683,0.16251713039141807,0.06245146801513367,549.8072885191692,327614.5770383389,25086.70560459286,163.80728851916945,386.0,4954.0,7135.0,0.0,75.0,116.0,0.0,151,77.66841657559296,75.85659930485399,63.50410842895508,53.618621826171875,75.0,1373.0,116.0,2058.0,52.5,1395.5,83.5,2090.5,75.0,1373.0,116.0,2058.0,1532.0,20.0,2487.0,37.0,1794.0,32.0
230,0.0,0.0,19501.94974724727,20,18328.855972581376,18727.004876168845,-0.0601526406266879,-0.039736789455516286,-0.04061043199725045,2.6876653937898354,293,133,0.0052712603331151716,0.17369830293072708,0.07442225241343553,398.14890358748755,210297.8071749747,19561.382869766112,105.14890358748735,293.0,5051.0,4992.0,0.0,67.0,73.0,0.0,130,106.89098635937611,74.38616705568913,76.0,58.596378326416016,67.0,1192.0,73.0,1260.0,43.0,1216.0,54.0,1279.0,67.0,1192.0,73.0,1260.0,980.0,12.0,2371.0,30.0,1051.0,12.0
231,0.0,0.0,62982.57869287387,23,49188.70981623799,49955.74172787149,-0.21901086241482481,-0.20683238500801948,-0.20871247879484334,3.312307053370321,377,175,0.0044822304822013425,0.16724159545185863,0.06228279630666034,767.0319116335704,780063.8232671411,58876.17080015383,390.0319116335706,377.0,4561.0,7031.0,0.0,64.0,115.0,0.0,146,79.9606828076672,85.80396488486578,66.33876037597656,68.0,64.0,1249.0,115.0,1930.0,46.75,1266.25,74.75,1970.25,64.0,1249.0,115.0,1930.0,1374.0,28.0,1571.0,23.0,1978.0,34.0
232,0.0,0.0,38571.160359942085,5,32166.701479955216,32537.839599007504,-0.16604268111773457,-0.15642051482590247,-0.15706602481850707,3.696406768391427,116,61,0.008494701594124607,0.19506254423612962,0.33138125164929727,371.1381190523218,510276.23810464295,34511.639957221276,255.13811905232149,116.0,844.0,1676.0,0.0,17.0,33.0,0.0,48,71.071506728926,73.60492021433299,54.0,70.03742980957031,17.0,75.0,33.0,115.0,10.75,81.25,20.0,128.0,17.0,75.0,33.0,115.0,376.0,11.0,345.0,7.0,420.0,6.0
233,0.0,0.0,348687.0452762799,23,250844.66612732792,253115.67080505256,-0.2806022778145578,-0.27408926074526796,-0.2752655434417004,3.111228230155094,350,174,0.002347977357425087,0.1733774683483468,0.0637800771297059,2271.004677724949,3842009.3554498935,308721.2726964079,1921.0046777249468,350.0,4922.0,6670.0,0.0,57.0,96.0,0.0,134,78.9701798872555,88.79984285506897,66.0,63.0,57.0,1220.0,96.0,1709.0,38.0,1239.0,77.25,1727.75,57.0,1220.0,96.0,1709.0,1282.0,16.0,2277.0,19.0,1704.0,26.0
234,0.0,0.0,48972.23875093551,21,38910.622322030926,39546.38868898549,-0.20545551286875519,-0.19247333392063803,-0.19417072498997245,3.0382816530247845,357,172,0.003957298777526754,0.17372106824433117,0.07085832716039214,635.7663669546034,557532.7339092072,45875.66242864212,278.7663669546036,357.0,4625.0,5949.0,0.0,66.0,98.0,0.0,142,84.23813302111992,85.23194426867899,77.98968505859375,67.27757263183594,66.0,1268.0,98.0,1548.0,47.0,1287.0,66.25,1579.75,66.0,1268.0,98.0,1548.0,1152.0,17.0,2037.0,32.0,1693.0,22.0
235,0.0,0.0,32698.334638146327,14,27860.820725112506,28303.30212201434,-0.147943739843873,-0.13441150947806024,-0.13572715172037042,3.1208012133597682,245,116,0.0052073345194552575,0.1731190175968789,0.09164504694581334,442.4813969018602,394962.79380372004,31639.53475416286,197.48139690186002,245.0,3809.0,3244.0,0.0,55.0,60.0,0.0,103,95.42759038830314,66.70216319845265,78.0,55.05388641357422,55.0,689.0,60.0,636.0,33.5,710.5,43.25,652.75,55.0,689.0,60.0,636.0,554.0,9.0,1689.0,22.0,1042.0,18.0
236,0.0,0.0,64369.320621584,29,55311.09305517143,56154.74018750321,-0.14072274616139435,-0.12761639170270067,-0.12878575140894977,3.172190377532598,455,212,0.003248081995007957,0.1625946663328417,0.049480611957791285,843.6471323318204,777294.2646636404,61258.48169209169,388.6471323318202,455.0,5868.0,8748.0,0.0,90.0,124.0,0.0,178,87.15133966294313,74.30563029964073,70.5,62.5,90.0,1990.0,124.0,2958.0,60.75,2019.25,83.25,2998.75,90.0,1990.0,124.0,2958.0,1790.0,23.0,2532.0,34.0,1987.0,26.0
237,0.0,0.0,132301.55945176553,26,96654.37691341605,97928.21804992051,-0.2694388689450461,-0.2598105535889532,-0.2614700597858439,3.5822197591275518,420,194,0.0035207292001933313,0.15617707465101738,0.05209348903487451,1273.8411365045276,1707682.2730090567,119177.65993123787,853.8411365045283,420.0,5221.0,7883.0,0.0,87.0,113.0,0.0,166,60.01669383720535,89.58808352370424,36.59965896606445,76.0,87.0,1573.0,113.0,2543.0,62.5,1597.5,80.25,2575.75,87.0,1573.0,113.0,2543.0,1554.0,23.0,2347.0,30.0,2325.0,37.0
238,0.0,0.0,34514.301408884196,13,28414.458010303584,28819.737147831944,-0.1767337929375118,-0.16499143915995462,-0.16595231296921698,3.243322434785258,205,100,0.0024118221261050996,0.17199991039772902,0.11838990587599542,405.27913752839123,400558.2750567824,30875.61313367411,200.2791375283912,205.0,2725.0,3827.0,0.0,37.0,55.0,0.0,81,86.07812176813707,79.7978576060182,52.0,63.0,37.0,416.0,55.0,545.0,26.75,426.25,39.25,560.75,37.0,416.0,55.0,545.0,804.0,11.0,1515.0,17.0,1090.0,18.0
239,0.0,0.0,343759.60100529983,9,249254.34385345274,251472.25971141708,-0.27491670596391604,-0.2684647673083026,-0.26952278360308324,3.437967354845241,164,81,0.0035829556040804515,0.16919596701002643,0.1484305345042573,2217.915857964609,4107831.71592922,298710.78546891356,2053.91585796461,164.0,1653.0,2883.0,0.0,30.0,44.0,0.0,66,60.59632743811351,81.97568691123827,56.5,66.03502655029297,30.0,204.0,44.0,316.0,22.75,211.25,29.75,330.25,30.0,204.0,44.0,316.0,579.0,7.0,862.0,14.0,1244.0,15.0
240,0.0,0.0,131563.9163479344,27,107339.91979720187,108558.95117137989,-0.1841234072621376,-0.17485771034449527,-0.17564605702020808,3.3653569587832144,421,191,0.004430493230272465,0.16122068062141345,0.05650362037240139,1219.0313741780903,1596062.7483561824,118565.63567429547,798.0313741780911,421.0,5753.0,7855.0,0.0,81.0,122.0,0.0,168,68.76142119260899,90.91802212761701,50.625267028808594,69.21760559082031,81.0,1779.0,122.0,2554.0,58.0,1802.0,85.5,2590.5,81.0,1779.0,122.0,2554.0,1607.0,23.0,2655.0,32.0,2250.0,37.0
241,0.0,0.0,366217.47871612426,21,286139.6950311718,288356.8644564013,-0.21866182893751307,-0.21260758643384436,-0.21364573624327876,2.7368695315492464,322,145,0.00334924001635553,0.1702916814034257,0.07299510002388811,2217.169425229663,3790338.8504593302,346229.4061487242,1895.1694252296652,322.0,4188.0,6396.0,0.0,66.0,90.0,0.0,129,95.86779029836687,80.32633238240214,88.5,49.0,66.0,1012.0,90.0,1541.0,48.25,1029.75,53.75,1577.25,66.0,1012.0,90.0,1541.0,1421.0,18.0,1946.0,34.0,1543.0,20.0
242,0.0,0.0,89267.03711606565,11,83144.0991496954,83854.15621204578,-0.0685912534366876,-0.060636950423054836,-0.060760152725473415,3.209121884831212,164,85,0.0039847532225982,0.17271810415792088,0.12380224193227532,710.0570623504252,1092114.1247008506,85078.89104049189,546.0570623504253,164.0,2608.0,2936.0,0.0,28.0,40.0,0.0,66,81.88033711277873,88.56324760055075,59.16697692871094,65.84056091308594,28.0,309.0,40.0,349.0,20.0,317.0,31.75,357.25,28.0,309.0,40.0,349.0,625.0,7.0,997.0,9.0,757.0,15.0
243,0.0,0.0,32138.309868297867,26,24208.760554322027,24726.634671102693,-0.24673199513200816,-0.23061807629486641,-0.23266439631374736,2.8301007470403468,357,160,0.005277221309331018,0.15653423951564746,0.05262454184202912,517.8741167806937,321748.2335613876,28421.97701776733,160.87411678069378,357.0,5062.0,8020.0,0.0,61.0,110.0,0.0,141,92.50768491118244,97.61168625078852,60.0,75.57750701904297,61.0,1347.0,110.0,2146.0,39.0,1369.0,75.25,2180.75,61.0,1347.0,110.0,2146.0,1729.0,20.0,2283.0,23.0,2493.0,37.0
244,0.0,0.0,82811.04569224577,12,72869.5709380112,73613.52688846152,-0.12005010528644333,-0.11106632849397147,-0.11185185832186584,3.2533591184374777,217,112,0.006502633644359631,0.17548961211079597,0.13052880099027744,743.9559504503909,1053911.900900782,80986.44067050877,526.955950450391,217.0,2748.0,3300.0,0.0,45.0,48.0,0.0,87,83.4711133309475,69.16985589103719,65.83965301513672,65.01785278320312,45.0,451.0,48.0,500.0,31.5,464.5,34.75,513.25,45.0,451.0,48.0,500.0,683.0,7.0,1601.0,22.0,914.0,14.0
245,0.0,0.0,113096.95073494513,25,91887.31700992136,92821.02118643092,-0.187534974083703,-0.17927918849052815,-0.1802242888194584,2.7248868119453165,362,170,0.0033840564014181126,0.16215698670843465,0.0619922410607816,933.7041765096627,1143408.353019326,104904.20629646617,571.7041765096631,362.0,5501.0,7099.0,0.0,74.0,93.0,0.0,136,87.50954816101967,99.31617907532728,68.68247985839844,69.0,74.0,1381.0,93.0,1852.0,51.5,1403.5,66.5,1878.5,74.0,1381.0,93.0,1852.0,1366.0,19.0,2670.0,31.0,1833.0,24.0
246,0.0,0.0,51529.67419903837,16,43295.50668820848,43748.0289723712,-0.1597946744049772,-0.1510128939804628,-0.15171597947118087,2.438773645255933,221,101,0.00925159859698353,0.1558764612198411,0.08784588463695898,452.52228416273124,463044.5683254624,47466.94811408676,231.5222841627312,221.0,2886.0,5173.0,0.0,42.0,62.0,0.0,97,97.34774237171538,99.92349283161668,69.5,73.84286499023438,42.0,538.0,62.0,909.0,27.75,552.25,39.0,932.0,42.0,538.0,62.0,909.0,1099.0,15.0,1483.0,25.0,1486.0,20.0
247,0.0,0.0,42901.59929731346,8,34961.30461530139,35270.57008521907,-0.18508155434917084,-0.1778728377748905,-0.17886168698823912,2.341039631786867,119,58,0.004092080644192209,0.16918081920243194,0.15436531469633755,309.2654699176954,380530.9398353907,40636.960462832845,190.26546991769536,119.0,1708.0,2324.0,0.0,20.0,33.0,0.0,53,94.88926608360126,99.51961189875101,76.87100219726562,79.55337524414062,20.0,177.0,33.0,194.0,11.75,185.25,20.5,206.5,20.0,177.0,33.0,194.0,468.0,2.0,646.0,11.0,730.0,12.0
248,0.0,0.0,98733.51547736408,19,72332.67387348242,73129.40554505237,-0.26739493146007143,-0.25932541557463107,-0.2608124578880654,2.7770147887051224,292,141,0.004132354099960061,0.1613545990669023,0.07188692096713643,796.7316715699423,1009463.3431398838,90876.66252675778,504.7316715699419,292.0,3700.0,5876.0,0.0,50.0,82.0,0.0,117,89.4335924727639,88.37109532679112,63.19501495361328,63.0,50.0,771.0,82.0,1320.0,34.25,786.75,54.0,1348.0,50.0,771.0,82.0,1320.0,1132.0,15.0,1175.0,22.0,1704.0,27.0
249,0.0,0.0,23512.688526508144,20,18499.136234101883,18921.75610585296,-0.21322752124896283,-0.19525340181661388,-0.19707855197700375,2.867504097027213,302,138,0.004494074367379061,0.1531637966244477,0.0700617832217867,422.61987175109914,241239.74350219846,21032.20565162361,120.61987175109923,302.0,3847.0,6213.0,0.0,62.0,82.0,0.0,122,77.09182362567543,90.72336050818136,67.0,73.5,62.0,926.0,82.0,1366.0,44.75,943.25,57.0,1391.0,62.0,926.0,82.0,1366.0,1185.0,22.0,1675.0,28.0,1747.0,21.0
250,0.0,0.0,258151.60420891768,19,213322.29393501653,215015.76247810805,-0.17365497460794999,-0.16709499777464298,-0.1677806177386516,2.9166945227337058,298,140,0.004360295168371304,0.16634568808980985,0.07707375163530304,1693.4685430916804,2790937.086183363,239220.89410031232,1395.4685430916816,298.0,4164.0,5412.0,0.0,59.0,80.0,0.0,119,87.10068527840565,90.50085457568335,76.0,56.32378387451172,59.0,936.0,80.0,1186.0,38.5,956.5,57.25,1208.75,59.0,936.0,80.0,1186.0,1069.0,18.0,1916.0,26.0,1821.0,23.0
251,0.0,0.0,311378.66664988745,18,266747.4240935506,268952.9873890461,-0.14333429787121543,-0.13625107884653043,-0.1368205470350805,3.225706337583835,309,152,0.003495140382805173,0.1594130776047824,0.08604353500033363,2205.563295495716,3793126.5909914314,293976.43446308054,1896.5632954957157,309.0,4205.0,4867.0,0.0,57.0,82.0,0.0,123,61.79827543961931,70.21789554167978,48.0,63.5,57.0,994.0,82.0,1081.0,42.5,1008.5,63.0,1100.0,57.0,994.0,82.0,1081.0,909.0,16.0,2013.0,32.0,1405.0,23.0
252,0.0,0.0,16151.170559889842,22,13262.996441430465,13683.46320626312,-0.17882134968173324,-0.15278814278359976,-0.15501715830857388,3.3127130469368584,323,141,0.005873645401860289,0.16204543970494936,0.059348076452668354,420.466764832666,194933.5296653324,14711.018348358011,97.4667648326662,323.0,5255.0,5828.0,0.0,71.0,89.0,0.0,136,86.09150686869658,68.84887484286266,64.0,46.0,71.0,1350.0,89.0,1480.0,46.5,1374.5,64.75,1504.25,71.0,1350.0,89.0,1480.0,1084.0,20.0,2360.0,27.0,1753.0,30.0
253,0.0,0.0,23483.507517245223,23,19770.454693212465,20218.318511428464,-0.15811321291361868,-0.13904179362554558,-0.14100502197028675,2.525985693750645,333,139,0.004937090820932974,0.16163095151177181,0.08168189851061396,447.8638182160176,229727.6364320351,22736.434830211758,114.86381821601755,333.0,4932.0,6606.0,0.0,77.0,94.0,0.0,153,100.95647636438203,97.54795166322037,64.22428894042969,75.0,77.0,1394.0,94.0,1936.0,48.0,1423.0,59.25,1970.75,77.0,1394.0,94.0,1936.0,1265.0,14.0,2475.0,48.0,1241.0,15.0
254,0.0,0.0,23195.142936636254,11,21054.307141844896,21386.72576846151,-0.09229672783822129,-0.07796533839497855,-0.07885639489778662,3.1347922539982864,191,91,0.0029371746393131322,0.16416577989027847,0.13261830254870355,332.41862661662844,282837.25323325687,22556.29961383491,141.41862661662844,191.0,2205.0,3336.0,0.0,36.0,53.0,0.0,81,71.10352169821996,77.97216786313672,80.54557800292969,54.9044303894043,36.0,296.0,53.0,505.0,27.75,304.25,35.75,522.25,36.0,296.0,53.0,505.0,703.0,5.0,926.0,16.0,993.0,15.0
255,0.0,0.0,52274.743704186054,21,43829.898437538126,44494.62846241837,-0.16154732990057075,-0.14883124603716935,-0.14982889420485246,3.3068140780559654,345,166,0.0039454847317563855,0.16266809451848632,0.06633772627995746,664.7300248802298,639460.0497604603,48344.11873984089,319.73002488023013,345.0,3757.0,6827.0,0.0,64.0,94.0,0.0,139,61.05496395998897,83.14698791664297,52.08842468261719,68.69171142578125,64.0,954.0,94.0,1807.0,50.0,968.0,65.25,1835.75,64.0,954.0,94.0,1807.0,1366.0,15.0,1527.0,23.0,1698.0,25.0
256,0.0,0.0,13194.896656197297,20,11199.342043498787,11571.40415842046,-0.15123685048046587,-0.12303942502000009,-0.1253893672185803,3.140193139300107,294,127,0.008514701139232623,0.16411543769570394,0.06995392567529424,372.06211492166966,156124.22984333898,12429.508545940607,78.06211492166949,294.0,3692.0,6387.0,0.0,68.0,79.0,0.0,131,84.40524036661957,87.80553314178074,62.0,82.0,68.0,898.0,79.0,1574.0,45.5,920.5,53.5,1599.5,68.0,898.0,79.0,1574.0,1352.0,16.0,1472.0,24.0,1622.0,26.0
257,0.0,0.0,54038.503775738216,19,43516.48491201749,44147.743556933914,-0.19471336414841334,-0.18303171863994094,-0.18452745639832535,3.1413487942947502,312,150,0.0035152085128167046,0.16328326256174325,0.07539813965930993,631.2586449164728,638517.2898329464,50815.53590870008,319.2586449164732,312.0,3657.0,5919.0,0.0,46.0,97.0,0.0,126,90.30996751181809,75.76555548514096,76.39543151855469,61.0,46.0,868.0,97.0,1383.0,32.5,881.5,66.75,1413.25,46.0,868.0,97.0,1383.0,1213.0,16.0,1632.0,17.0,1900.0,29.0
258,0.0,0.0,29657.13230685368,25,25527.26972171684,26135.020429047614,-0.13925360491386563,-0.11876104005484434,-0.12049453666468923,3.3566302325151525,416,187,0.004064074936854649,0.16531279715815028,0.06125894167444127,607.7507073307779,383501.41466155596,28562.977457766847,191.75070733077797,416.0,5454.0,7133.0,0.0,81.0,123.0,0.0,168,82.05307208481658,79.35870963934984,72.0,57.0,81.0,1659.0,123.0,2330.0,57.0,1683.0,86.5,2366.5,81.0,1659.0,123.0,2330.0,1345.0,17.0,2441.0,33.0,1761.0,29.0
259,0.0,0.0,188763.02887526865,29,175240.74820739048,176835.72719910578,-0.07163627723315169,-0.06318664066385704,-0.06352651132931775,3.0837426596017425,448,208,0.003040194759430468,0.16648667913761062,0.05448313915663809,1594.978991715378,2293957.9834307544,185971.9046503554,1146.9789917153773,448.0,6265.0,8351.0,0.0,74.0,137.0,0.0,172,93.69208037516418,91.7557346376006,83.51728057861328,58.0,74.0,2002.0,137.0,2775.0,52.25,2023.75,93.75,2818.25,74.0,2002.0,137.0,2775.0,1637.0,33.0,2316.0,24.0,1700.0,30.0
260,0.0,0.0,313223.01319484436,19,266718.0378738921,268752.5552315801,-0.14847240899257697,-0.14197698154318195,-0.14254281926088463,2.970454060932327,295,146,0.002603769016809816,0.15728784167089924,0.08008508991394446,2034.5173576882705,3479034.715376541,292803.2755272259,1739.5173576882705,295.0,4351.0,5225.0,0.0,53.0,77.0,0.0,117,63.13484359993488,90.78733367936604,41.0,71.0,53.0,972.0,77.0,1121.0,38.5,986.5,55.0,1143.0,53.0,972.0,77.0,1121.0,963.0,18.0,2034.0,28.0,1450.0,26.0
261,0.0,0.0,39040.19198522383,13,26089.971720939415,26536.26724159852,-0.3317150763291813,-0.32028338252941657,-0.3227656840146065,3.207552931833536,228,106,0.004704007442832434,0.1666092826443437,0.10432945501604421,446.29552065912594,436591.04131825163,34028.358268485594,218.29552065912583,228.0,2388.0,4162.0,0.0,37.0,72.0,0.0,100,60.87548012009408,93.0897315536049,53.0,60.61982727050781,37.0,401.0,72.0,789.0,24.25,413.75,51.0,810.0,37.0,401.0,72.0,789.0,782.0,17.0,864.0,15.0,1398.0,23.0
262,0.0,0.0,120800.81713994539,24,96933.1773309014,98082.56126601264,-0.1975784632432891,-0.18806375992981983,-0.18902953918550303,3.3915506331127148,413,196,0.0029653905795243756,0.16097349712164968,0.056558198293412666,1149.3839351113024,1472767.870222604,108561.54231073055,736.383935111302,413.0,4879.0,7217.0,0.0,86.0,107.0,0.0,166,58.037993907024,83.26364714976226,39.54289245605469,62.982666015625,86.0,1504.0,107.0,2287.0,59.0,1531.0,77.0,2317.0,86.0,1504.0,107.0,2287.0,1342.0,17.0,2071.0,31.0,2481.0,31.0
263,0.0,0.0,70021.53764906361,25,56828.657740988994,57520.5350689151,-0.18841174231555946,-0.17853082065694514,-0.1795045567561513,2.6055388832190562,360,175,0.003775222236381743,0.1690282513847252,0.06624319020865267,691.8773279261654,663754.6558523312,63686.88835611277,331.8773279261656,360.0,4797.0,7802.0,0.0,63.0,97.0,0.0,134,89.22424917880755,101.25213977634468,75.0,72.0,63.0,1172.0,97.0,2017.0,47.5,1187.5,69.25,2044.75,63.0,1172.0,97.0,2017.0,1632.0,24.0,2158.0,28.0,1576.0,14.0
264,0.0,0.0,485816.72801324626,17,374715.6136042373,377518.1574739719,-0.22868935547641256,-0.22292062890086717,-0.22373381355932975,2.8225357015290578,274,134,0.0032240749045776306,0.1708029302499111,0.07923729684904693,2802.5438697349846,5057087.73946997,447920.61768522393,2528.543869734985,274.0,3716.0,4852.0,0.0,52.0,71.0,0.0,115,79.15339690919933,99.84081473019951,74.91673278808594,84.86271667480469,52.0,747.0,71.0,1085.0,34.25,764.75,51.0,1105.0,52.0,747.0,71.0,1085.0,960.0,7.0,1801.0,27.0,1464.0,21.0
265,0.0,0.0,34769.991415905715,25,30563.73343136858,31118.153297428933,-0.12097379991336332,-0.10502844463764316,-0.10644342784811256,2.680071591514617,371,166,0.005694337344175785,0.17328763509537112,0.08344752669404079,554.4198660603654,366839.7321207317,34219.21015861891,183.41986606036588,371.0,5048.0,7544.0,0.0,76.0,104.0,0.0,155,79.3689025455678,134.74439447274403,67.7510757446289,95.85088348388672,76.0,1467.0,104.0,2224.0,55.75,1487.25,63.25,2264.75,76.0,1467.0,104.0,2224.0,1464.0,21.0,2415.0,37.0,1210.0,18.0
266,0.0,0.0,447365.5745001212,13,324270.9361779179,326711.9397878399,-0.2751544717309713,-0.2696980760021547,-0.2706569065211003,2.813615647223488,215,105,0.005613243036466074,0.16619515827545303,0.10000354110265802,2441.0036099222225,4452007.219844446,395577.05973786284,2226.003609922223,215.0,2466.0,4086.0,0.0,39.0,58.0,0.0,84,89.77733652721201,101.73230596608124,48.64122009277344,74.23793029785156,39.0,359.0,58.0,636.0,27.5,370.5,37.75,656.25,39.0,359.0,58.0,636.0,804.0,15.0,969.0,22.0,1277.0,24.0
267,0.0,0.0,294968.28983775456,27,232436.47363497203,234468.66761976382,-0.21199504610199882,-0.20510551236293295,-0.2059038100811088,3.018228577100458,405,183,0.004494204367303964,0.16197533140102133,0.05868119016506006,2032.1939847919461,3254387.969583891,269561.0924132116,1627.1939847919455,405.0,5631.0,7977.0,0.0,73.0,122.0,0.0,163,71.67718760482661,100.74561416343082,55.0,75.13418579101562,73.0,1667.0,122.0,2539.0,48.5,1691.5,84.5,2576.5,73.0,1667.0,122.0,2539.0,1584.0,25.0,2421.0,28.0,1940.0,33.0
268,0.0,0.0,208215.95365345888,27,180695.0223520629,182411.1002204358,-0.13217494057732027,-0.12393312318407168,-0.1244934644495248,3.235313562734591,442,201,0.005283093701695503,0.1611428896727841,0.05699956107082552,1716.077868373142,2548155.7367462823,196901.75985542644,1274.0778683731412,442.0,6202.0,7406.0,0.0,84.0,130.0,0.0,177,73.42874272384036,77.16597391126928,55.5,63.0,84.0,2033.0,130.0,2532.0,54.25,2062.75,90.0,2572.0,84.0,2033.0,130.0,2532.0,1441.0,17.0,2726.0,30.0,1945.0,37.0
269,0.0,0.0,67837.28161115432,18,68504.20265539945,69176.80652931661,0.00983118763614299,0.01974614675512054,0.019788914836894378,2.844092595397437,282,132,0.005229370776742745,0.15917017730643734,0.07507187184835863,672.6038739172128,781207.7478344247,68669.33139752943,390.60387391721235,282.0,3921.0,5151.0,0.0,58.0,74.0,0.0,114,81.90726518445348,83.72360781726618,75.9193344116211,77.4053955078125,58.0,833.0,74.0,1087.0,39.5,851.5,47.0,1114.0,58.0,833.0,74.0,1087.0,1082.0,17.0,1782.0,25.0,1543.0,23.0
270,0.0,0.0,26671.79445775321,28,22462.726405696063,23065.595694783144,-0.15780970638192726,-0.1352064544694248,-0.1371471816230515,3.0635605066269007,449,204,0.0037677019795584713,0.16602471884399383,0.05103835829470855,602.8692890871127,307738.5781742263,25112.820320387473,153.86928908711315,449.0,5649.0,8446.0,0.0,92.0,125.0,0.0,178,71.54418486349208,77.75016212579415,50.913543701171875,57.0,92.0,1869.0,125.0,2891.0,68.5,1892.5,90.0,2926.0,92.0,1869.0,125.0,2891.0,1737.0,21.0,2249.0,40.0,2250.0,25.0
271,0.0,0.0,16724.210547633884,8,13608.376329180162,13824.744561274889,-0.1863068041136653,-0.1733693783692054,-0.17485963006246863,2.7867899916607124,130,63,0.004450987737541815,0.18318787394753933,0.18258511027205448,216.3682320947407,172736.46418948137,15496.00657982697,86.36823209474069,130.0,1464.0,2558.0,0.0,20.0,39.0,0.0,54,81.24684156503665,90.77390875619284,79.4285888671875,73.0,20.0,150.0,39.0,222.0,12.5,157.5,24.75,236.25,20.0,150.0,39.0,222.0,503.0,8.0,756.0,7.0,602.0,9.0
272,0.0,0.0,67539.48392491565,26,51378.163332153934,52221.02905019871,-0.23928700152237503,-0.22680740190059234,-0.22883159238094875,3.317812920582527,422,194,0.004698641615763537,0.16620426561945195,0.05601744003903106,842.8657180448346,841731.436089668,63425.173166626315,420.865718044834,422.0,5268.0,7833.0,0.0,87.0,115.0,0.0,162,70.73688747758976,89.71819835002023,50.0,67.9134292602539,87.0,1568.0,115.0,2440.0,65.0,1590.0,80.25,2474.75,87.0,1568.0,115.0,2440.0,1637.0,26.0,2152.0,37.0,1895.0,31.0
273,0.0,0.0,73734.22621037721,5,59887.760887177974,60265.414899714815,-0.18778884698257692,-0.18266701914296102,-0.18319815565956166,2.2570515235063744,69,36,0.006128120863014182,0.18496748328664803,0.2528995703033304,377.6540125368696,617308.0250737395,68375.49106042772,308.65401253686974,69.0,886.0,1634.0,0.0,5.0,23.0,0.0,28,92.25336832719519,118.98816968334106,113.0,111.272216796875,5.0,41.0,23.0,71.0,2.75,43.25,16.0,78.0,5.0,41.0,23.0,71.0,365.0,8.0,145.0,0.0,282.0,6.0
274,0.0,0.0,116480.75983332505,9,99592.91178811745,100343.68992322402,-0.14498401340592904,-0.13853850140737345,-0.13933838752220906,2.6169533901367656,149,72,0.007777214798062601,0.16556380686029437,0.14868593708505387,750.7781351066317,1203556.2702132633,114976.85388183048,601.7781351066317,149.0,2136.0,2400.0,0.0,34.0,34.0,0.0,64,79.35490455390577,81.11994454617559,52.018218994140625,88.98191833496094,34.0,231.0,34.0,277.0,23.0,242.0,23.5,287.5,34.0,231.0,34.0,277.0,468.0,6.0,768.0,19.0,829.0,10.0
275,0.0,0.0,78004.71963726149,7,62728.84720544549,63135.767111330715,-0.19583266888019146,-0.19061606265716435,-0.191148724277733,2.202407938971651,102,52,0.004723883935861935,0.18166096855141928,0.19455566227884993,406.9199058852628,609839.8117705254,69224.21148455267,304.9199058852627,102.0,1394.0,2134.0,0.0,14.0,29.0,0.0,42,116.65310799435055,87.10059947806982,96.51834106445312,73.0,14.0,109.0,29.0,142.0,9.5,113.5,19.0,152.0,14.0,109.0,29.0,142.0,403.0,6.0,534.0,7.0,569.0,6.0
276,0.0,0.0,37906.43292664828,13,38514.35146918256,38988.571853788904,0.016037344999215497,0.028547632778706422,0.02824334330314504,3.253219325547669,218,98,0.0046380742456771816,0.16622139765348265,0.1241651868566201,474.2203846063753,512440.7692127507,39379.51287118361,256.2203846063754,218.0,2925.0,3627.0,0.0,51.0,56.0,0.0,93,76.91550053889294,89.48353478056227,62.0,61.0,51.0,479.0,56.0,623.0,34.75,495.25,35.25,643.75,51.0,479.0,56.0,623.0,705.0,10.0,1558.0,23.0,734.0,11.0
277,0.0,0.0,63414.823802247156,25,64743.29855196363,65547.0980214796,0.020948962246732483,0.03362422366545914,0.033604781178498966,3.1243881994613285,395,182,0.003087520052030312,0.16332085041504454,0.061974952714953235,803.7994695160097,817598.9390320181,65420.72294129289,408.799469516009,395.0,5977.0,6623.0,0.0,90.0,98.0,0.0,156,75.20741200698461,97.9700911505117,56.0,70.78274536132812,90.0,1719.0,98.0,1993.0,61.25,1747.75,66.75,2024.25,90.0,1719.0,98.0,1993.0,1099.0,23.0,2456.0,36.0,1511.0,22.0
278,0.0,0.0,76381.41286936766,16,62818.325205012545,63439.62293764864,-0.1775705260591549,-0.16943637785089016,-0.17040196348414605,2.5843050257135705,246,114,0.0048098760398819366,0.16635313287448694,0.08004171389677756,621.2977326361593,750595.4652723195,72610.95902031411,375.29773263615976,246.0,3423.0,4641.0,0.0,52.0,64.0,0.0,108,123.32752565367781,96.53184749641379,87.63517761230469,78.26011657714844,52.0,659.0,64.0,953.0,30.75,680.25,41.0,976.0,52.0,659.0,64.0,953.0,986.0,11.0,1451.0,27.0,1561.0,18.0
279,0.0,0.0,51661.56559876863,18,42795.43194654151,43407.770039666066,-0.1716195308730336,-0.1597666556063353,-0.1613222358740216,3.1763170058816477,299,137,0.00657428134566814,0.1623562253917565,0.08950731123672069,612.3380931245999,626676.1862492007,49324.12170201937,313.3380931246004,299.0,3747.0,5316.0,0.0,58.0,86.0,0.0,126,110.02666099970773,80.56335932199353,62.3818359375,65.3670654296875,58.0,910.0,86.0,1213.0,34.5,933.5,60.5,1238.5,58.0,910.0,86.0,1213.0,983.0,21.0,1705.0,25.0,1227.0,20.0
280,0.0,0.0,98305.78268801408,23,86416.75511319314,87481.75095912111,-0.1209392494493664,-0.11010574793188321,-0.11103271925176339,3.4271300195813263,409,190,0.002800697910672043,0.1570340060765456,0.06021759931609196,1064.9958459279878,1311991.6918559754,95706.29684019503,655.9958459279877,409.0,5186.0,6405.0,0.0,88.0,108.0,0.0,161,73.13188272970635,82.33010027517282,54.02400207519531,46.02332305908203,88.0,1633.0,108.0,1873.0,56.5,1664.5,75.5,1905.5,88.0,1633.0,108.0,1873.0,1138.0,23.0,2323.0,44.0,1818.0,33.0
281,0.0,0.0,68090.27869321126,11,67732.96094383107,68393.66886359893,-0.0052477057846999076,0.004455704635233149,0.0042923183752821,3.2864192923944024,203,107,0.005379421275448579,0.15977847339167098,0.13691561306595287,660.7079197679044,915415.8395358095,69636.26352047584,457.70791976790474,203.0,2476.0,3054.0,0.0,44.0,41.0,0.0,82,55.347979802437415,65.16620877978417,44.000762939453125,45.73070526123047,44.0,392.0,41.0,424.0,31.25,404.75,31.75,433.25,44.0,392.0,41.0,424.0,554.0,6.0,1151.0,20.0,793.0,9.0
282,0.0,0.0,241725.6096704561,6,188019.5030121305,189387.16556909753,-0.22217797581126375,-0.21652006244895372,-0.21735719074425153,2.85922497570056,94,48,0.01228088631972177,0.18403696635904063,0.21251378375944638,1367.6625569671955,2547325.1139343907,222728.63587013222,1273.6625569671953,94.0,1009.0,2015.0,0.0,16.0,24.0,0.0,40,88.43681362882755,95.69978180851366,58.67363739013672,82.83580017089844,16.0,65.0,24.0,135.0,12.25,68.75,14.25,144.75,16.0,65.0,24.0,135.0,424.0,7.0,338.0,4.0,563.0,10.0
283,0.0,0.0,265494.0904872327,27,238969.76054788334,241185.52548792594,-0.09990553797514712,-0.0915597215542383,-0.09231576260993646,3.326953648185841,454,216,0.0036029870746262815,0.16842786369866514,0.058025922936704666,2215.7649400428318,3523529.8800856606,264771.48862646543,1761.7649400428304,454.0,6626.0,6982.0,0.0,100.0,111.0,0.0,178,82.98276243759247,70.06223526037091,67.0,64.0,100.0,2282.0,111.0,2313.0,73.0,2309.0,77.0,2347.0,100.0,2282.0,111.0,2313.0,1329.0,16.0,3444.0,51.0,1706.0,24.0
284,0.0,0.0,413980.2798797958,5,276583.72448099154,279487.68751468125,-0.33189154671497645,-0.3248768091179757,-0.3265306245658125,3.7152443921042533,99,51,0.005318908803529682,0.1799148132332917,0.26371900616218347,2903.963033690043,5609926.0673800865,377493.74437536777,2804.963033690043,99.0,1136.0,1384.0,0.0,15.0,28.0,0.0,41,66.13819255606525,71.79324730777657,62.0,67.64103698730469,15.0,63.0,28.0,99.0,12.25,65.75,20.0,107.0,15.0,63.0,28.0,99.0,218.0,5.0,523.0,6.0,538.0,11.0
285,0.0,0.0,13589.261127690417,21,9470.988221968439,9881.409885444678,-0.30305348223313633,-0.27285157061927123,-0.2780254405496617,3.2966299337183806,333,151,0.005406600368549079,0.16671791050105494,0.06077000969286812,410.421663476243,154843.3269524858,11742.546939279347,77.4216634762429,333.0,4163.0,6366.0,0.0,61.0,100.0,0.0,141,71.7373475824794,89.43652283071387,55.0,57.63531494140625,61.0,1148.0,100.0,1637.0,46.25,1162.75,74.25,1662.75,61.0,1148.0,100.0,1637.0,1224.0,15.0,1517.0,27.0,1733.0,26.0
286,0.0,0.0,133861.40798570483,11,104561.93645958994,105484.40993940378,-0.21887915245328815,-0.2119878945941721,-0.21287208186475348,3.1616103959148774,170,85,0.003433682385448038,0.17345504048151517,0.11478870668742715,922.4734798139086,1504946.9596278162,119001.61398542029,752.4734798139082,170.0,1939.0,3605.0,0.0,25.0,49.0,0.0,69,57.26862654865909,82.7961346042597,49.0,63.345149993896484,25.0,234.0,49.0,451.0,18.25,240.75,35.0,465.0,25.0,234.0,49.0,451.0,697.0,12.0,689.0,7.0,963.0,15.0
287,0.0,0.0,33522.16221174265,21,32997.16990816151,33556.66106965237,-0.015661051344630805,0.0010291358204106427,0.0014053696648361758,3.226398419526713,350,157,0.0036355939445843794,0.1615752899093135,0.07214815223434891,559.4911614909128,418982.32298182516,32465.17234558453,209.4911614909126,350.0,4625.0,5959.0,0.0,76.0,96.0,0.0,148,76.93342142136338,83.49311492341435,60.967201232910156,69.5,76.0,1330.0,96.0,1606.0,51.5,1354.5,67.5,1634.5,76.0,1330.0,96.0,1606.0,1192.0,13.0,1745.0,27.0,1461.0,22.0
288,0.0,0.0,364793.97847171413,9,404485.8539059233,407358.6244755789,0.10880627909620744,0.1166813284094963,0.11701855619720791,3.4180346027986634,191,98,0.00617867616263316,0.18404550783485915,0.2659081864195861,2872.770569655894,5363541.139311789,392297.16508137144,2681.770569655894,191.0,2041.0,2495.0,0.0,44.0,40.0,0.0,79,69.44979865379399,61.296495364646944,49.87275695800781,58.28871154785156,44.0,279.0,40.0,348.0,33.0,290.0,32.5,355.5,44.0,279.0,40.0,348.0,445.0,5.0,1068.0,23.0,219.0,1.0
289,0.0,0.0,39633.80336933101,7,35163.366640977765,35548.68988585695,-0.11279353350712018,-0.10307144750673014,-0.10392990264670487,3.3572655221888748,123,63,0.003924683171680673,0.17141035992122394,0.19165392633040426,385.32324487921477,524646.4897584291,39067.991963320295,262.32324487921454,123.0,1340.0,2188.0,0.0,18.0,35.0,0.0,50,87.08338506691192,74.6618015986051,50.0,62.17863845825195,18.0,116.0,35.0,181.0,14.5,119.5,28.0,188.0,18.0,116.0,35.0,181.0,428.0,4.0,448.0,6.0,538.0,9.0
290,0.0,0.0,388740.79823158844,22,334093.70408040314,336384.8295284605,-0.1405746307045186,-0.13468092091516826,-0.1351673924717668,2.6653171879213597,333,153,0.003241301025967769,0.16167833553456326,0.060048776482582236,2291.125448057687,3916250.896115373,367334.41275422805,1958.1254480576865,333.0,4376.0,6712.0,0.0,71.0,87.0,0.0,133,88.50767114402642,100.07032768615818,76.0,78.92882537841797,71.0,1025.0,87.0,1743.0,47.25,1048.75,60.5,1769.5,71.0,1025.0,87.0,1743.0,1457.0,16.0,1774.0,28.0,2139.0,17.0
291,0.0,0.0,230375.76447398952,6,186729.84821309842,188249.66396953084,-0.18945532903839335,-0.18285821254090684,-0.18373722860688557,3.2679636367167015,110,57,0.005984827349114452,0.17122554913957955,0.2192832812988609,1519.8157564325022,2819631.512865004,215702.48527136815,1409.815756432502,110.0,1297.0,1727.0,0.0,23.0,24.0,0.0,43,69.21036378653648,62.05826043137321,72.0,53.0,23.0,96.0,24.0,115.0,18.0,101.0,18.5,120.5,23.0,96.0,24.0,115.0,351.0,7.0,529.0,10.0,360.0,3.0
292,0.0,0.0,67139.75667610709,19,60604.74966814882,61323.88325615822,-0.09733438623384039,-0.08662339138352226,-0.08764853792458205,3.1014440740423947,300,145,0.0035292797599529913,0.1577057546157705,0.07791975455186699,719.133588009429,838267.1760188605,67570.71512547626,419.1335880094303,300.0,3977.0,5599.0,0.0,51.0,85.0,0.0,127,73.20466906577396,85.17409952292383,56.757328033447266,69.0,51.0,965.0,85.0,1312.0,37.25,978.75,57.75,1339.25,51.0,965.0,85.0,1312.0,1149.0,18.0,1782.0,19.0,1710.0,27.0
293,0.0,0.0,15434.273137062279,17,14097.670635843304,14450.57038044991,-0.08659964025188815,-0.0637349584186252,-0.06401618271371134,2.9917669483596465,266,115,0.00954926167818857,0.16913119146719588,0.08503405610768419,352.89974460661017,173799.4892132203,14523.147375208544,86.89974460661016,266.0,3554.0,4999.0,0.0,56.0,78.0,0.0,123,85.39071490616159,92.99176295776341,63.673500061035156,70.5,56.0,741.0,78.0,1211.0,35.5,761.5,51.75,1237.25,56.0,741.0,78.0,1211.0,1019.0,15.0,1429.0,24.0,1257.0,17.0
294,0.0,0.0,41129.64825545446,20,34298.74999062485,34825.62003596731,-0.16608209781914973,-0.15327211602523572,-0.1547201241871149,2.9210301823558202,297,135,0.004362319044317292,0.17295879896208402,0.08341065914019935,526.8700453424799,459740.0906849594,39347.42727599767,229.8700453424797,297.0,4383.0,5697.0,0.0,59.0,83.0,0.0,121,78.9473817990203,78.14040177070802,54.0,69.0,59.0,1044.0,83.0,1234.0,41.75,1061.25,59.0,1258.0,59.0,1044.0,83.0,1234.0,1106.0,17.0,1907.0,27.0,1181.0,23.0
295,0.0,0.0,131948.6844333483,15,111005.69631429086,112120.73283262971,-0.15872070425708895,-0.1502701727256277,-0.1512807409111976,3.281298244949924,272,131,0.003921748877679797,0.17233646855058402,0.11677900075554255,1115.0365183389554,1686073.0366779093,128460.81876836835,843.0365183389547,272.0,3209.0,4351.0,0.0,62.0,64.0,0.0,115,67.54435202972358,80.80675151817138,43.0,62.88081359863281,62.0,703.0,64.0,896.0,41.0,724.0,45.5,914.5,62.0,703.0,64.0,896.0,849.0,15.0,1535.0,29.0,907.0,16.0
296,0.0,0.0,248406.96116007562,23,195936.92723886453,197562.3657114635,-0.21122610121782748,-0.20468265144891573,-0.20561011863190792,2.7934802999129906,342,164,0.00407678685874669,0.1644633937520486,0.058249838680880094,1625.4384725991808,2566876.945198362,229720.33714344734,1283.438472599181,342.0,4556.0,7036.0,0.0,71.0,84.0,0.0,133,72.01142734675678,81.8142876964688,63.0,69.0,71.0,1147.0,84.0,1757.0,50.25,1167.75,58.5,1782.5,71.0,1147.0,84.0,1757.0,1467.0,20.0,1819.0,31.0,1840.0,27.0
297,0.0,0.0,444558.2479409524,8,343483.21337965166,346201.02193052555,-0.22736061028998356,-0.22124710646126844,-0.22245970552485195,2.9879045589529363,125,62,0.0034377517740403316,0.1820483810135564,0.15485803738467285,2717.808550874216,5185617.101748431,433884.09832321154,2592.8085508742156,125.0,2061.0,1971.0,0.0,28.0,27.0,0.0,49,77.04772422694418,90.2928259105689,71.5,91.0,28.0,173.0,27.0,164.0,20.5,180.5,19.5,171.5,28.0,173.0,27.0,164.0,406.0,3.0,843.0,12.0,600.0,9.0
298,0.0,0.0,113433.55013050568,26,93014.61246692076,94069.18377431858,-0.1800079221719929,-0.17071110208495055,-0.17174440315851258,3.0475016545484235,410,184,0.0030291442240828865,0.1620968683102614,0.05463696306699276,1054.5713073978575,1289142.6147957132,105754.053723946,644.5713073978566,410.0,5627.0,7465.0,0.0,88.0,112.0,0.0,160,86.98013945564021,90.09358518049922,74.68116760253906,66.54541015625,88.0,1643.0,112.0,2316.0,62.25,1668.75,72.0,2356.0,88.0,1643.0,112.0,2316.0,1536.0,16.0,2291.0,34.0,1970.0,29.0
299,0.0,0.0,95542.44916446171,21,79401.83068784856,80398.58635640463,-0.16893662050498148,-0.15850402559797516,-0.15926654911051774,3.7219373231055863,356,170,0.0031855714741329164,0.15879977585678945,0.0682787287990266,996.7556685560999,1281511.337112199,86078.24540439234,640.7556685560995,356.0,4062.0,6522.0,0.0,60.0,105.0,0.0,147,69.17630541526727,71.49368771965786,59.0,57.0,60.0,1107.0,105.0,1815.0,45.75,1121.25,74.25,1845.75,60.0,1107.0,105.0,1815.0,1300.0,26.0,1910.0,26.0,1918.0,37.0
300,0.0,0.0,48768.78063838148,29,40257.66359395715,40963.88303688769,-0.17451978362005638,-0.16003880965092798,-0.16139436466238444,2.910894261910693,445,198,0.004091547441579641,0.15824727376015235,0.04864870762160639,706.2194429305548,522438.88586111076,44869.27717516825,261.2194429305554,445.0,6523.0,8093.0,0.0,107.0,111.0,0.0,179,86.58352299408028,75.98715924970098,61.0,57.0,107.0,2246.0,111.0,2727.0,66.5,2286.5,77.25,2760.75,107.0,2246.0,111.0,2727.0,1556.0,20.0,2745.0,42.0,1994.0,28.0
301,0.0,0.0,58332.97370763674,10,48316.67917544132,48874.90332075262,-0.17170896485402598,-0.16213934908046523,-0.16325235147109063,3.454479507412025,176,86,0.007516635426190144,0.1674505466035477,0.16993163390092003,558.2241453113566,764448.2906227136,55322.97188205145,382.22414531135684,176.0,2271.0,2769.0,0.0,40.0,40.0,0.0,77,86.11852954588538,102.04700774583357,85.3454818725586,67.89886474609375,40.0,336.0,40.0,354.0,24.0,352.0,25.75,368.25,40.0,336.0,40.0,354.0,619.0,8.0,1318.0,22.0,842.0,16.0
302,0.0,0.0,23543.35922400021,16,23295.554165263162,23638.327182081288,-0.010525475841375864,0.004033747146170441,0.0035996184325364222,2.5577499316082926,217,102,0.00324186518619397,0.169680741834895,0.0824385164892609,342.77301681814856,251546.03363629745,24586.652366571205,125.77301681814873,217.0,4299.0,3756.0,0.0,58.0,41.0,0.0,91,94.72074865837331,111.61621235799213,84.82624816894531,92.0,58.0,738.0,41.0,617.0,35.25,760.75,31.0,627.0,58.0,738.0,41.0,617.0,711.0,9.0,1558.0,22.0,1126.0,13.0
303,0.0,0.0,29970.30233941577,24,22979.182757433722,23544.502132386446,-0.23326823676341768,-0.21440558504404428,-0.21699898255605699,3.3630319217881293,382,175,0.0031319470440021816,0.1661248088684935,0.05819639702622031,565.3193749527485,366638.74990549724,27255.075065608868,183.31937495274863,382.0,4633.0,7460.0,0.0,74.0,109.0,0.0,159,75.73627246652778,83.47800985487271,55.72685241699219,50.0,74.0,1381.0,109.0,2250.0,54.25,1400.75,78.25,2280.75,74.0,1381.0,109.0,2250.0,1516.0,18.0,2087.0,37.0,2303.0,41.0
304,0.0,0.0,260061.29334659802,10,209075.6118102711,210580.8641582498,-0.19605255699615198,-0.19026448938867235,-0.19095380031389586,2.885167175795273,158,76,0.0078037876133409375,0.17590646160502052,0.15246618027391645,1505.2523479788276,2694504.695957653,233479.0786616147,1347.2523479788267,158.0,1694.0,3346.0,0.0,31.0,41.0,0.0,69,72.83663760513032,101.7235698311179,57.0,80.98271179199219,31.0,221.0,41.0,397.0,17.5,234.5,27.5,410.5,31.0,221.0,41.0,397.0,741.0,7.0,708.0,12.0,918.0,13.0
305,0.0,0.0,408593.8620333393,6,314187.98404041165,316625.0508723997,-0.23105065142957182,-0.22508613003451183,-0.22593643241718797,3.141643229656553,110,57,0.003858738055100484,0.17674375060545766,0.24926549006134344,2437.0668319883425,4654133.663976685,370358.2268701369,2327.0668319883425,110.0,1165.0,1859.0,0.0,14.0,33.0,0.0,44,55.146028150652924,73.80587580304268,63.452125549316406,68.0,14.0,81.0,33.0,136.0,10.25,84.75,25.25,143.75,14.0,81.0,33.0,136.0,363.0,11.0,643.0,9.0,736.0,10.0
306,0.0,0.0,52261.205666769805,17,46450.06122360551,47043.99743285685,-0.11119422847259919,-0.09982946561124417,-0.10039223173524592,3.2392579398836188,275,134,0.002397616284930911,0.16724733642269532,0.08513336383426146,593.9362092513818,637872.4185027638,49229.8259617511,318.9362092513819,275.0,3578.0,4990.0,0.0,52.0,72.0,0.0,110,85.2437632301813,88.81328370079481,65.62493896484375,56.886287689208984,52.0,758.0,72.0,988.0,39.75,770.25,51.25,1008.75,52.0,758.0,72.0,988.0,1048.0,13.0,1302.0,22.0,939.0,21.0
307,0.0,0.0,83541.70995250766,19,64511.86137321211,65236.55959938617,-0.2277885931484257,-0.2191139056589544,-0.2203453158492138,2.819962511999093,297,133,0.003772387631582638,0.1651761304431116,0.08092186211002834,724.6982261741275,855396.4523482551,75834.02693373554,427.69822617412757,297.0,4080.0,5495.0,0.0,53.0,92.0,0.0,127,112.30949646043587,84.22168722607883,75.72481536865234,64.61408233642578,53.0,957.0,92.0,1310.0,32.25,977.75,59.0,1343.0,53.0,957.0,92.0,1310.0,1064.0,19.0,2027.0,28.0,1415.0,25.0
308,0.0,0.0,477126.41329799703,27,383943.9681268264,386858.7633268018,-0.1952992803879252,-0.18919021763487465,-0.18992189614923305,2.8740657539190977,408,184,0.004997211313690796,0.1602561775615573,0.0575754590249022,2914.7951999752986,5013590.399950603,436106.09753047867,2506.795199975302,408.0,5273.0,8335.0,0.0,69.0,128.0,0.0,170,82.0108945191978,92.55332520660889,52.0,76.5,69.0,1764.0,128.0,2629.0,46.5,1786.5,81.75,2675.25,69.0,1764.0,128.0,2629.0,1677.0,27.0,2114.0,28.0,2158.0,36.0
309,0.0,0.0,172575.31153087446,14,149605.1066219674,151176.27520166142,-0.13310249713672162,-0.12399824829743766,-0.12474157027401911,3.9339541003568974,284,138,0.0047940885800876985,0.17131730244199828,0.09067510204576817,1571.16857969418,2574337.15938836,163597.3052630946,1287.1685796941802,284.0,3249.0,3807.0,0.0,51.0,81.0,0.0,119,64.1486070638114,57.18870483751694,52.0,47.05097579956055,51.0,683.0,81.0,851.0,38.0,696.0,56.25,875.75,51.0,683.0,81.0,851.0,706.0,13.0,1143.0,20.0,1246.0,32.0
310,0.0,0.0,216411.8207075991,26,187443.17540516175,189020.54671814505,-0.13385888630167675,-0.12657013789678007,-0.12725941409728392,2.8397112421657886,392,183,0.0038996411972091363,0.16564348778316615,0.056073151670315874,1577.3713129835403,2370742.6259670802,208713.3535590545,1185.37131298354,392.0,5522.0,7582.0,0.0,77.0,106.0,0.0,152,84.8027997976159,92.04639492238077,66.32595825195312,72.56179809570312,77.0,1555.0,106.0,2214.0,51.75,1580.25,69.5,2250.5,77.0,1555.0,106.0,2214.0,1618.0,30.0,2469.0,32.0,2058.0,28.0
311,0.0,0.0,75009.6436784622,16,62262.3287714225,63028.877645194894,-0.16994234716915324,-0.15972300954560315,-0.16090123948818336,3.4883407621172324,270,132,0.008184965473242692,0.16700060702557523,0.0878279352285147,766.548873772475,993097.7475449515,71172.6444797064,496.54887377247576,270.0,3592.0,4472.0,0.0,51.0,71.0,0.0,108,63.998367129572,62.42653452099038,51.523006439208984,54.0,51.0,707.0,71.0,899.0,37.75,720.25,53.5,916.5,51.0,707.0,71.0,899.0,843.0,11.0,1431.0,19.0,1127.0,20.0
312,0.0,0.0,371630.9369559655,9,312102.92909476213,314634.48606514087,-0.16018044231946382,-0.15336842340867363,-0.1544272438487545,3.260708288932702,153,78,0.006426909922548592,0.1784747002366622,0.17755244799826883,2531.5569703791152,4757113.940758231,364730.1076352443,2378.5569703791157,153.0,1699.0,2837.0,0.0,28.0,38.0,0.0,64,81.60863225708785,79.6581345595935,72.00675964355469,72.29246520996094,28.0,225.0,38.0,285.0,20.5,232.5,24.75,298.25,28.0,225.0,38.0,285.0,567.0,6.0,778.0,11.0,966.0,15.0
313,0.0,0.0,16031.923448392847,20,14443.497835760341,14828.976371639916,-0.09907891699618487,-0.07503448233303056,-0.07692448218445713,2.876752936735335,293,139,0.0032761825919989467,0.16731476262728961,0.07354212268535462,385.47853587958633,184957.07175917237,16073.423389728921,92.47853587958619,293.0,4820.0,5243.0,0.0,66.0,68.0,0.0,119,99.01218916079584,84.4025533620485,83.44042205810547,62.5,66.0,1083.0,68.0,1158.0,48.0,1101.0,53.75,1172.25,66.0,1083.0,68.0,1158.0,1089.0,10.0,2034.0,30.0,1181.0,13.0
314,0.0,0.0,455703.3101053071,29,378756.7917146845,381533.8884246375,-0.16885222618383267,-0.16275813678757345,-0.16341318019762874,2.7320059167863393,425,197,0.004494291718504947,0.16414337666487627,0.05062570882929935,2777.0967099527893,4704193.419905573,430470.6471352668,2352.0967099527866,425.0,6353.0,8263.0,0.0,91.0,108.0,0.0,168,104.73229856584244,94.41704089348286,85.0,78.15288543701172,91.0,2034.0,108.0,2639.0,62.0,2063.0,71.25,2675.75,91.0,2034.0,108.0,2639.0,1697.0,24.0,3407.0,49.0,2634.0,37.0
315,0.0,0.0,14676.49714213093,25,11741.477842310092,12223.662329577244,-0.1999809131155318,-0.1671267189166331,-0.17101589075669155,3.339074430743466,390,169,0.007036604258120615,0.1589980337896427,0.05658423535181919,482.18448726716235,184368.9745343254,13803.89823275626,92.1844872671627,390.0,5584.0,6954.0,0.0,86.0,110.0,0.0,169,70.20549369286223,89.71192972362029,52.5,69.44465637207031,86.0,1701.0,110.0,2311.0,64.0,1723.0,77.75,2343.25,86.0,1701.0,110.0,2311.0,1291.0,24.0,2477.0,39.0,2070.0,30.0
316,0.0,0.0,16920.201899672833,10,13997.211434664792,14265.89509561521,-0.17275151220651563,-0.1568720526974886,-0.158465214715098,3.1365051850235495,169,83,0.0052404864610055765,0.1833324792975573,0.13482791224792987,268.6836609504265,199367.32190085264,15890.880943925153,99.68366095042632,169.0,2432.0,2608.0,0.0,33.0,43.0,0.0,72,62.76702772809431,81.01577487568537,44.4117431640625,60.0,33.0,310.0,43.0,334.0,24.25,318.75,27.75,349.25,33.0,310.0,43.0,334.0,515.0,7.0,1123.0,15.0,731.0,16.0
317,0.0,0.0,114096.71693013051,7,82648.51914439509,83326.6808653962,-0.2756275432972658,-0.2696837989087536,-0.27072602456614636,2.8093499354674347,108,54,0.002997429312443972,0.1875742865706381,0.16535336463116343,678.1617210011934,1140323.4420023866,101475.73888945357,570.1617210011933,108.0,1184.0,2344.0,0.0,21.0,26.0,0.0,45,66.59967465056623,102.20330009352048,64.93614196777344,98.92558288574219,21.0,94.0,26.0,174.0,14.0,101.0,20.0,180.0,21.0,94.0,26.0,174.0,522.0,3.0,455.0,8.0,733.0,7.0
318,0.0,0.0,102856.31489187271,11,77356.51663784817,78283.09371374866,-0.24791670089319362,-0.23890824014020484,-0.24014364708422187,3.911959110519809,209,101,0.007976145911050322,0.17105824440895823,0.12275165189236653,926.5770759005998,1435154.1518011983,91715.82008244071,717.5770759005992,209.0,2208.0,3336.0,0.0,39.0,58.0,0.0,86,76.24413178284031,83.01956471311154,74.60526275634766,62.0,39.0,349.0,58.0,500.0,27.75,360.25,42.5,515.5,39.0,349.0,58.0,500.0,642.0,10.0,882.0,15.0,1000.0,19.0
319,0.0,0.0,179527.0169245841,26,155289.08291106223,156928.9985264453,-0.135009952422391,-0.125875307155757,-0.12650010468993222,3.5840205789268005,437,200,0.00439781981298764,0.16174677784044764,0.05615763639447319,1639.9156153832635,2405831.230766528,167816.50508037332,1202.915615383264,437.0,5330.0,7774.0,0.0,83.0,128.0,0.0,171,82.77969109554903,81.5363613128054,52.0,58.0,83.0,1686.0,128.0,2549.0,57.5,1711.5,85.0,2592.0,83.0,1686.0,128.0,2549.0,1546.0,32.0,1965.0,20.0,2069.0,45.0
320,0.0,0.0,268917.98244381824,30,233504.41755055287,235563.33844268273,-0.1316890918615452,-0.12403277645482069,-0.12480479197690986,2.994427520250441,478,223,0.003908755962665248,0.16388492125727055,0.05410224249435503,2058.920892130038,3161841.784260077,263977.15113134834,1580.9208921300385,478.0,6392.0,8727.0,0.0,105.0,120.0,0.0,180,84.1190083637369,91.32440379252557,66.0,71.5,105.0,2160.0,120.0,3014.0,70.0,2195.0,84.0,3050.0,105.0,2160.0,120.0,3014.0,1730.0,21.0,2628.0,50.0,1889.0,26.0
321,0.0,0.0,34054.95767221866,18,29323.527575059805,29890.514780124613,-0.13893513369475308,-0.12228595120208641,-0.12369284900160038,3.564947893957358,334,156,0.0044375499139624516,0.1648129108911124,0.08997912425077181,566.9872050648354,465974.4101296714,32677.504972758874,232.9872050648357,334.0,3936.0,5128.0,0.0,79.0,81.0,0.0,138,79.47512583524644,68.98088827040067,55.98381423950195,53.64356994628906,79.0,966.0,81.0,1354.0,49.0,996.0,59.25,1375.75,79.0,966.0,81.0,1354.0,909.0,21.0,2006.0,34.0,1533.0,21.0
322,0.0,0.0,11187.72581825872,22,9209.119144894032,9598.427896051673,-0.1768551272623735,-0.1420572820629249,-0.14558637297347887,3.1170409610351104,324,135,0.00835916113294827,0.1628398410548335,0.05798470624919787,389.3087511576577,130617.5023153153,10476.081638652873,65.30875115765765,324.0,4783.0,6227.0,0.0,76.0,92.0,0.0,145,88.26646371121285,84.33877199463603,74.0,60.5,76.0,1316.0,92.0,1693.0,50.5,1341.5,70.25,1714.75,76.0,1316.0,92.0,1693.0,1315.0,18.0,2289.0,36.0,1577.0,26.0
323,0.0,0.0,207264.04818661883,17,169446.0830061247,171154.22579676833,-0.18246273539173152,-0.17422135052258325,-0.17547482930066072,3.448133501316631,293,140,0.004732297190807292,0.16952777959562101,0.07777727299063983,1708.1427906436159,2830285.5812872318,205204.1764193961,1415.1427906436159,293.0,3372.0,5196.0,0.0,51.0,85.0,0.0,121,55.212559577163674,87.43532665742664,37.0,64.574951171875,51.0,751.0,85.0,1170.0,41.0,761.0,56.25,1198.75,51.0,751.0,85.0,1170.0,963.0,12.0,1141.0,16.0,1470.0,24.0
324,0.0,0.0,148742.13986493036,27,124589.84905900407,125773.90155971228,-0.1623769217510147,-0.154416484300112,-0.1553437398972367,2.764312352379278,393,180,0.004629922144116078,0.16030026780744894,0.050031509567724876,1184.0525007082454,1582105.0014164932,143083.05283000632,791.0525007082466,393.0,5881.0,7727.0,0.0,87.0,99.0,0.0,162,91.28993252673551,92.2726855548407,69.0,78.0,87.0,1793.0,99.0,2395.0,54.5,1825.5,67.25,2426.75,87.0,1793.0,99.0,2395.0,1477.0,19.0,2137.0,35.0,1909.0,25.0
325,0.0,0.0,14922.580501686447,22,11612.814901970352,12051.048687749659,-0.22179579459075782,-0.19242863616063377,-0.1965585906088385,3.1941836178111362,350,153,0.0055546432735297325,0.15842235898203347,0.0590314171556063,438.23378577930816,176467.57155861604,13811.633321156969,88.23378577930802,350.0,4787.0,6282.0,0.0,91.0,84.0,0.0,148,67.43758027944668,92.26352300311416,56.0,69.5,91.0,1381.0,84.0,1693.0,60.5,1411.5,60.75,1716.25,91.0,1381.0,84.0,1693.0,1182.0,19.0,2409.0,40.0,2417.0,22.0
326,0.0,0.0,140547.93624168047,13,124380.51658411969,125524.11675762851,-0.11503135577714885,-0.10689462887749279,-0.10735105162874614,3.467500608543938,225,113,0.004471645595407826,0.17641762524561072,0.11891935114768909,1143.6001735089376,1837200.3470178745,132458.5453922491,918.6001735089372,225.0,2806.0,3746.0,0.0,40.0,59.0,0.0,87,72.37098245352912,70.20484218487707,58.74446105957031,52.0,40.0,464.0,59.0,568.0,28.5,475.5,42.5,584.5,40.0,464.0,59.0,568.0,673.0,12.0,1461.0,16.0,619.0,14.0
327,0.0,0.0,43913.97184969897,19,35187.55751055031,35757.97346242467,-0.19871612545127781,-0.1857267298706029,-0.18754669433156623,3.257914958033145,299,143,0.003319378963980096,0.16315692789458489,0.07380138739261345,570.4159518743824,542831.9037487636,41654.85523266082,271.4159518743818,299.0,4199.0,5366.0,0.0,59.0,78.0,0.0,122,69.72953704107124,71.98367243641833,67.58121490478516,54.83452224731445,59.0,941.0,78.0,1238.0,43.5,956.5,54.75,1261.25,59.0,941.0,78.0,1238.0,1006.0,14.0,1646.0,21.0,1455.0,23.0
328,0.0,0.0,119805.3475856225,21,83945.14622172064,85101.33069108213,-0.2993205402477822,-0.2896700155202847,-0.29145606617874575,3.7515259908247125,371,169,0.006567272338184059,0.16872613210229,0.06615712286507086,1156.1844693615135,1570368.9387230247,104648.67780229641,785.1844693615124,371.0,3719.0,6865.0,0.0,67.0,114.0,0.0,159,58.68403035036281,87.2230429268845,45.0,52.99436569213867,67.0,1134.0,114.0,2024.0,45.75,1155.25,75.75,2062.25,67.0,1134.0,114.0,2024.0,1507.0,27.0,1739.0,27.0,2334.0,43.0
329,0.0,0.0,14621.232944596146,8,11391.814218428824,11629.06926826869,-0.22087184701895335,-0.20464509988080926,-0.20683502620885463,3.400145729777495,146,71,0.006851138722237713,0.17921588945178077,0.1777225525066887,237.2550498398721,182510.0996797442,13419.285097207261,91.2550498398721,146.0,1802.0,2230.0,0.0,31.0,36.0,0.0,63,50.691813863132595,80.2731718741999,52.0,63.5,31.0,180.0,36.0,257.0,21.25,189.75,27.0,266.0,31.0,180.0,36.0,257.0,395.0,5.0,876.0,17.0,774.0,10.0
330,0.0,0.0,13417.43232029672,23,11788.45710629658,12199.169092908867,-0.12140737326738504,-0.09079704658133214,-0.09331240064677626,2.803742411967557,337,134,0.007681339301388385,0.16421702351636533,0.06092849628607395,410.71198661229164,147423.97322458302,13145.285083547193,73.71198661229151,337.0,4722.0,6816.0,0.0,66.0,114.0,0.0,156,83.17668052276753,91.37414134785784,60.674835205078125,70.0,66.0,1421.0,114.0,1972.0,46.75,1440.25,71.0,2015.0,66.0,1421.0,114.0,1972.0,1424.0,26.0,1707.0,27.0,1555.0,25.0
331,0.0,0.0,64202.84315783099,30,48016.02477850562,48850.98881920945,-0.2521199620324138,-0.2391148675593977,-0.24123848391822766,3.130745509149594,472,213,0.002267308911059224,0.16209272574113348,0.04603297965018918,834.9640407038567,725928.0814077144,57967.66930481828,362.9640407038572,472.0,6052.0,9067.0,0.0,81.0,148.0,0.0,178,73.43096346793955,85.40092864701845,60.0,73.5,81.0,2106.0,148.0,3004.0,58.0,2129.0,99.25,3052.75,81.0,2106.0,148.0,3004.0,1877.0,31.0,2715.0,32.0,2805.0,37.0
332,0.0,0.0,54223.26810333622,17,50972.38795330792,51649.6065235674,-0.05995360043280529,-0.04746415459252751,-0.04806648887041598,3.4955241560815042,298,137,0.00303437678132712,0.17179192754796221,0.08558760748207021,677.2185702595167,758437.1405190337,54243.448668456964,379.2185702595168,298.0,3898.0,4657.0,0.0,62.0,82.0,0.0,130,74.47471183466222,78.8221258970029,59.04779052734375,52.0,62.0,920.0,82.0,1144.0,45.25,936.75,56.0,1170.0,62.0,920.0,82.0,1144.0,858.0,10.0,1277.0,22.0,1152.0,23.0
333,0.0,0.0,84927.1966557773,8,61391.86172174803,62017.165971045935,-0.27712365250229,-0.26976082558793457,-0.2713182342309801,3.1579881419060496,140,69,0.009699807211901244,0.1897840518542835,0.24328175440326735,625.3042492979573,970608.498595915,76837.566749862,485.30424929795754,140.0,1448.0,2584.0,0.0,26.0,37.0,0.0,62,64.10584422273172,64.51394878392313,43.5227165222168,64.17241668701172,26.0,159.0,37.0,274.0,19.75,165.25,23.0,288.0,26.0,159.0,37.0,274.0,518.0,10.0,845.0,10.0,601.0,8.0
334,0.0,0.0,124489.40444224776,5,84457.8887486053,84950.28202016893,-0.32156564546996125,-0.3176103428177419,-0.31846931585888616,1.9785717760975905,57,27,0.008130965625985323,0.19121406082616985,0.24976420012219372,492.39327156368256,870786.543127365,110027.16121383895,435.3932715636825,57.0,977.0,1543.0,0.0,7.0,18.0,0.0,24,102.37792580761467,145.2414602386664,83.23788452148438,104.77095031738281,7.0,34.0,18.0,61.0,4.0,37.0,9.5,69.5,7.0,34.0,18.0,61.0,271.0,5.0,261.0,2.0,449.0,7.0
335,0.0,0.0,283185.94659217994,10,236852.44502841413,238515.94298118545,-0.1636151162207612,-0.15774089127143165,-0.15816134333863996,2.8820234998708756,166,83,0.003313664719993263,0.16709111484129294,0.14384056361959355,1663.497952771499,2994995.9055429995,259799.74709411507,1497.4979527714997,166.0,2401.0,2639.0,0.0,25.0,48.0,0.0,65,78.01881516144292,82.83167211233369,66.78372192382812,72.0,25.0,259.0,48.0,318.0,16.5,267.5,36.5,329.5,25.0,259.0,48.0,318.0,478.0,8.0,1262.0,15.0,945.0,18.0
336,0.0,0.0,354544.36306567164,12,271980.62649712834,273859.450760647,-0.23287279440753694,-0.2275735301708337,-0.2284609100627376,2.5332262725097507,176,87,0.005213627164746609,0.17345869097668756,0.10504099340553921,1878.824263518756,3405648.5270375125,336097.94000591035,1702.8242635187562,176.0,2356.0,3692.0,0.0,32.0,45.0,0.0,71,84.75607617606073,99.96416614410124,77.37551879882812,75.0,32.0,299.0,45.0,476.0,20.0,311.0,30.5,490.5,32.0,299.0,45.0,476.0,799.0,15.0,844.0,13.0,1393.0,13.0
337,0.0,0.0,91870.51429396878,12,73047.15301736679,73803.21520824403,-0.20489012629635117,-0.19666047615574145,-0.19761828994654562,3.2148044555519917,217,103,0.005960694877234792,0.16446121916493509,0.11660304373667632,756.0621908773376,1078124.3817546756,83840.58786940732,539.0621908773378,217.0,2797.0,3251.0,0.0,52.0,50.0,0.0,96,77.46618726661032,76.35895794717818,58.952964782714844,60.67694091796875,52.0,486.0,50.0,564.0,35.75,502.25,36.25,577.75,52.0,486.0,50.0,564.0,515.0,9.0,1379.0,27.0,1000.0,14.0
338,0.0,0.0,17263.6809246561,24,14497.168430024061,14935.830473510483,-0.1602504417630244,-0.1348409103078918,-0.13627045637940838,3.0174619878341606,344,144,0.00481957690553531,0.1620636278918183,0.06067367034773361,438.66204348642935,189324.0869728596,15685.706045028795,94.66204348642981,344.0,4401.0,7686.0,0.0,65.0,111.0,0.0,144,63.10036415473682,93.65167752306381,56.3632698059082,67.0,65.0,1208.0,111.0,2066.0,45.0,1228.0,76.0,2101.0,65.0,1208.0,111.0,2066.0,1654.0,20.0,1948.0,23.0,2000.0,27.0
339,0.0,0.0,84019.10062575109,21,73385.84080880183,74336.72289945194,-0.1265576486507909,-0.11524019721929268,-0.1166348317560183,3.4657087332949224,366,168,0.0038466311248632518,0.1653778419514679,0.08198729482484737,950.8820906501381,1169764.1813002762,84381.31067264824,584.8820906501381,366.0,5037.0,5547.0,0.0,84.0,93.0,0.0,146,73.21527189023502,70.27235512643286,54.54206085205078,53.0,84.0,1443.0,93.0,1446.0,55.5,1471.5,65.25,1473.75,84.0,1443.0,93.0,1446.0,989.0,18.0,2799.0,49.0,1397.0,21.0
340,0.0,0.0,83747.03650255947,17,78738.8767077222,79588.26217917961,-0.05980103898582978,-0.04965876402387981,-0.05001185567477284,3.3577504737827923,299,145,0.007811020258229628,0.15790915114538828,0.08319560673366226,849.3854714574154,1100770.94291483,81957.47059747398,550.3854714574151,299.0,3619.0,4949.0,0.0,54.0,83.0,0.0,123,74.99731996829453,75.62783820153703,64.43557739257812,66.0,54.0,845.0,83.0,1109.0,39.75,859.25,56.5,1135.5,54.0,845.0,83.0,1109.0,1045.0,19.0,1535.0,24.0,1227.0,21.0
341,0.0,0.0,175754.11768920664,23,145742.6713655804,147147.6848666015,-0.17075814051023674,-0.16276394088923185,-0.16360926801178166,3.104848732981414,375,182,0.00454210094397267,0.17083826307600686,0.06620911153793911,1405.013501021262,2060027.002042525,165871.7685792373,1030.0135010212625,375.0,5404.0,6188.0,0.0,80.0,90.0,0.0,148,86.38259817480572,78.00684568921625,83.51556396484375,62.79924011230469,80.0,1464.0,90.0,1770.0,48.25,1495.75,65.5,1794.5,80.0,1464.0,90.0,1770.0,1080.0,16.0,2334.0,29.0,1488.0,25.0
342,0.0,0.0,300391.0295337344,14,254051.01075631756,255681.24056367637,-0.15426565450155294,-0.1488386289013237,-0.14942510279451127,2.479023809172359,221,105,0.006134679517202633,0.17790201813808285,0.11510591048804533,1630.2298073589866,2818459.6147179715,284230.7932148235,1409.229807358986,221.0,2748.0,4308.0,0.0,42.0,60.0,0.0,94,75.49258178914485,99.60125331226047,65.12039947509766,84.09077453613281,42.0,465.0,60.0,749.0,26.5,480.5,34.25,774.75,42.0,465.0,60.0,749.0,964.0,15.0,1285.0,16.0,1177.0,13.0
343,0.0,0.0,220485.13078260998,6,162428.89304163153,163561.95586378628,-0.2633113513591976,-0.25817239791533975,-0.2590458738995395,2.5462136051951756,105,52,0.0069088151277841205,0.1541969883401687,0.2743949516696977,1133.062822154942,2056125.6443098842,201880.71025489192,1028.062822154942,105.0,1494.0,1530.0,0.0,17.0,30.0,0.0,43,107.39764283457902,77.30832595698982,45.0,49.5,17.0,101.0,30.0,110.0,13.5,104.5,17.5,122.5,17.0,101.0,30.0,110.0,251.0,3.0,1095.0,13.0,618.0,6.0
344,0.0,0.0,83185.85428539845,30,70610.76585329165,71575.95969976061,-0.15116859158485674,-0.13956573128173932,-0.1409597904523766,2.9601589247616973,482,224,0.002460712095757235,0.1567923624454741,0.05400913920142986,965.1938464690065,966387.6929380136,81616.2001349143,483.1938464690068,482.0,6531.0,8585.0,0.0,108.0,120.0,0.0,185,82.53128232885783,90.05516295646308,59.0,68.0,108.0,2332.0,120.0,2989.0,77.75,2362.25,87.75,3021.25,108.0,2332.0,120.0,2989.0,1699.0,22.0,3016.0,52.0,2212.0,22.0
345,0.0,0.0,247078.72205320332,17,190038.701104999,191433.54077159558,-0.23085768160935338,-0.2252123566902119,-0.22599887573681543,2.5158562684470787,266,129,0.003059339663486452,0.16786499080062883,0.09890450152151277,1394.8396665965815,2257679.3331931643,224345.02335329403,1128.8396665965822,266.0,3823.0,4745.0,0.0,56.0,64.0,0.0,111,95.21710797451387,82.67944066282735,71.88990783691406,65.27658081054688,56.0,755.0,64.0,1012.0,35.25,775.75,46.0,1030.0,56.0,755.0,64.0,1012.0,943.0,9.0,2217.0,37.0,1348.0,11.0
346,0.0,0.0,13035.119067690684,26,11226.215496917159,11702.34785950926,-0.13877154181561246,-0.10224465164149354,-0.10533631994266934,3.147517559765653,397,164,0.006987128152426984,0.1619497348203771,0.05353175333624556,476.1323625921097,158264.72518421913,12570.599065696924,79.13236259210957,397.0,5801.0,7257.0,0.0,88.0,120.0,0.0,168,85.66031230411193,72.26926636140225,55.204750061035156,63.0,88.0,1856.0,120.0,2291.0,62.0,1882.0,86.75,2324.25,88.0,1856.0,120.0,2291.0,1498.0,29.0,2599.0,45.0,1838.0,31.0
347,0.0,0.0,71090.59011465593,9,60799.83769167653,61547.811944977424,-0.14475547897945895,-0.13423405480651907,-0.13566059282952614,3.880879354432798,192,95,0.012740259380639428,0.1742921661754682,0.16282454392471787,747.9742533009535,1111948.5066019073,71629.93261641999,555.9742533009537,192.0,2027.0,2509.0,0.0,49.0,39.0,0.0,84,56.53415928332556,72.44453944098241,55.17774200439453,65.0,49.0,298.0,39.0,370.0,33.25,313.75,28.5,380.5,49.0,298.0,39.0,370.0,455.0,10.0,843.0,23.0,747.0,11.0
348,0.0,0.0,123132.28424882954,12,85515.99249268393,86189.47036482848,-0.3054949559786404,-0.30002540852199155,-0.3012268706705612,2.3767298950342712,151,75,0.005401681940263204,0.16572990146345132,0.109374873176092,673.4778721446144,1044955.7442892288,109915.2817567182,522.4778721446144,151.0,2030.0,4018.0,0.0,29.0,35.0,0.0,62,82.4651016571017,111.00206353225795,72.0,67.0,29.0,225.0,35.0,455.0,19.0,235.0,23.0,467.0,29.0,225.0,35.0,455.0,842.0,10.0,843.0,11.0,1169.0,10.0
349,0.0,0.0,177661.22538361273,23,157969.42559715032,159321.73953428978,-0.11083904067386197,-0.10322728445514018,-0.10382822498406119,2.8850043388597273,356,171,0.003298636700887826,0.1620765110894158,0.06138608310663446,1352.313937139564,1992627.8742791265,172671.13323187368,996.3139371395633,356.0,5227.0,6365.0,0.0,77.0,85.0,0.0,139,83.888256858533,92.39525515197366,55.0,65.0,77.0,1327.0,85.0,1708.0,47.75,1356.25,58.25,1734.75,77.0,1327.0,85.0,1708.0,1249.0,12.0,2290.0,31.0,1560.0,20.0
350,0.0,0.0,14216.83411382193,25,11619.998645769183,12112.256001891752,-0.18265919453389723,-0.1480342314667693,-0.15239859941719258,3.175267630445766,406,174,0.005311910525894961,0.16150217296491,0.060916892406857236,492.25735612258654,172514.7122451728,13582.690683379811,86.2573561225864,406.0,5667.0,6879.0,0.0,90.0,117.0,0.0,174,67.76927570883116,87.78101053967734,51.5,61.48170471191406,90.0,1855.0,117.0,2275.0,66.25,1878.75,81.75,2310.25,90.0,1855.0,117.0,2275.0,1345.0,21.0,2780.0,40.0,1889.0,28.0
351,0.0,0.0,17792.934952083197,24,12972.553272987665,13443.234910142013,-0.2709154893263498,-0.24446220107334904,-0.24881396052216387,3.04331480394574,374,166,0.0034680371348737647,0.1568420868840853,0.05855469051705155,470.6816371543567,193363.27430871307,15884.264918799425,96.68163715435654,374.0,5106.0,6966.0,0.0,72.0,112.0,0.0,153,66.485293555839,88.66439123662121,48.5,71.80972290039062,72.0,1453.0,112.0,2030.0,49.5,1475.5,81.0,2061.0,72.0,1453.0,112.0,2030.0,1267.0,24.0,2418.0,32.0,1908.0,28.0
352,0.0,0.0,366538.78884637833,9,269950.4422553577,272750.0951680363,-0.263514666196767,-0.2558765853227344,-0.257452271286452,3.85296601521669,174,89,0.003982296725311937,0.17254138848849268,0.14515436614340482,2799.6529126788337,5251305.825357672,340731.3874959224,2625.652912678836,174.0,1761.0,2775.0,0.0,33.0,43.0,0.0,68,60.047432625283506,71.30772206005551,48.421451568603516,59.276763916015625,33.0,215.0,43.0,321.0,24.75,223.25,33.5,330.5,33.0,215.0,43.0,321.0,496.0,9.0,488.0,12.0,682.0,10.0
353,0.0,0.0,107440.01181682726,29,82765.14123662273,83832.26652617364,-0.2296618379219123,-0.21972954853078464,-0.22106521712956273,3.106714655502896,463,207,0.0033133895572470635,0.15777270113148611,0.04892039542247757,1067.1252895510052,1208250.5791020107,97228.96315580892,604.1252895510054,463.0,5621.0,8995.0,0.0,93.0,134.0,0.0,181,80.84991863944745,82.29052749962092,63.0,62.26665115356445,93.0,1929.0,134.0,3093.0,65.5,1956.5,89.5,3137.5,93.0,1929.0,134.0,3093.0,1883.0,18.0,2528.0,36.0,3020.0,39.0
354,0.0,0.0,70829.32591635112,24,56677.120444119944,57457.002265282914,-0.19980714610985884,-0.18879642687635934,-0.19016654100144936,2.96771069824841,388,169,0.004618057540393944,0.16079598894219999,0.058144013661774,779.8818211629953,783763.6423259898,66024.2626402718,391.8818211629949,388.0,5160.0,6913.0,0.0,83.0,112.0,0.0,163,75.78581910644562,89.65479490319262,57.0,70.5,83.0,1633.0,112.0,2079.0,51.0,1665.0,79.25,2111.75,83.0,1633.0,112.0,2079.0,1373.0,22.0,2126.0,37.0,2202.0,26.0
355,0.0,0.0,16110.129922197106,30,12641.049252186018,13240.79108143378,-0.21533536270438558,-0.17810774057196466,-0.18228046235106177,3.482999499998313,498,216,0.004364482900651944,0.16219232359184815,0.04563973511348998,599.7418292477712,203483.6584955418,14605.49007368795,101.74182924777091,498.0,6332.0,8747.0,0.0,120.0,132.0,0.0,200,64.87762790189043,86.13246764245558,51.73640441894531,62.0,120.0,2421.0,132.0,3310.0,85.75,2455.25,97.25,3344.75,120.0,2421.0,132.0,3310.0,1742.0,32.0,2883.0,53.0,1973.0,33.0
356,0.0,0.0,150954.64297742234,7,102616.62834729286,103502.83793452228,-0.32021548775653885,-0.3143447866654703,-0.3154989123665767,2.9684117555875846,118,60,0.005406231918617937,0.18528427218353616,0.17785991224314648,886.2095872295072,1536419.1744590136,129397.41021161717,768.2095872295068,118.0,1341.0,2187.0,0.0,18.0,33.0,0.0,47,51.03427196455328,126.89223627359142,32.5,118.45465087890625,18.0,95.0,33.0,183.0,12.0,101.0,23.0,193.0,18.0,95.0,33.0,183.0,508.0,10.0,581.0,6.0,615.0,10.0
357,0.0,0.0,52719.08700613691,20,40175.60197274317,40881.430060365776,-0.23793061954835415,-0.22454214627034685,-0.22615508950184882,3.749773936791165,355,167,0.0033913645301389328,0.17332173442913507,0.08895653748145484,705.8280876226422,701656.1752452843,46779.89840673704,350.82808762264216,355.0,4330.0,5750.0,0.0,72.0,96.0,0.0,150,65.56476359258272,74.71492870107056,47.5,64.47193145751953,72.0,1129.0,96.0,1703.0,52.5,1148.5,66.25,1732.75,72.0,1129.0,96.0,1703.0,1033.0,11.0,2081.0,30.0,1387.0,29.0
358,0.0,0.0,43119.388510644894,14,36593.444725891226,37000.737080525316,-0.15134592604768982,-0.14190023656316608,-0.1427274103535523,2.400259991943289,213,100,0.005207945119543115,0.16607464642610148,0.11735028047671012,407.2923546341161,388584.70926823304,40473.18942245384,194.29235463411652,213.0,2754.0,4301.0,0.0,42.0,57.0,0.0,93,78.67348356854419,85.54166046122221,70.354248046875,66.90115356445312,42.0,461.0,57.0,741.0,26.75,476.25,38.5,759.5,42.0,461.0,57.0,741.0,908.0,13.0,1229.0,26.0,963.0,14.0
359,0.0,0.0,227633.45515784432,21,220889.34083897658,222544.98828186124,-0.029627078823678543,-0.02235377428355012,-0.022649907494257326,2.92431782396475,309,145,0.005502399131868399,0.1668381184210014,0.0709821305583801,1655.6474428847237,2693294.8857694464,230249.84354452914,1346.6474428847232,309.0,4639.0,5945.0,0.0,67.0,76.0,0.0,122,103.50255931442987,92.0321862343666,73.0,57.81300354003906,67.0,1062.0,76.0,1357.0,45.0,1084.0,46.5,1386.5,67.0,1062.0,76.0,1357.0,1270.0,17.0,2411.0,29.0,1737.0,27.0
360,0.0,0.0,410175.4557207647,10,378050.2961342755,380336.0088021575,-0.07832053122251925,-0.07274800698684669,-0.07291954762273023,2.675771093160026,160,80,0.005045513821661186,0.16277703140291616,0.15943273027685728,2285.7126678824034,4251425.335764808,397214.96979249903,2125.712667882404,160.0,2634.0,2406.0,0.0,28.0,42.0,0.0,65,90.3823267589936,86.94046436435565,72.14724731445312,60.416709899902344,28.0,319.0,42.0,261.0,19.0,328.0,27.75,275.25,28.0,319.0,42.0,261.0,498.0,5.0,1145.0,12.0,422.0,8.0
361,0.0,0.0,40509.58795060032,22,37599.03548378828,38128.23309233781,-0.07184848363210539,-0.058784968663874504,-0.05940633350695246,2.5003112424560383,328,150,0.004595780670229654,0.17716778404130373,0.0805133232367547,529.1976085495598,402395.21709912026,40234.51263450008,201.19760854956013,328.0,5094.0,5994.0,0.0,72.0,84.0,0.0,137,79.53274832223121,92.60678853609791,71.55707550048828,55.0,72.0,1263.0,84.0,1595.0,50.5,1284.5,52.25,1626.75,72.0,1263.0,84.0,1595.0,1182.0,13.0,2339.0,38.0,1469.0,15.0
362,0.0,0.0,31092.686857774017,6,26008.180715448674,26299.641068003708,-0.16352739683074635,-0.15415347704413385,-0.15546030349550033,3.1625516399338247,100,48,0.009025333318947145,0.18653489514388105,0.2078217691607419,291.46035255506416,382920.70511012845,30269.917198738684,191.46035255506422,100.0,1180.0,1844.0,0.0,21.0,25.0,0.0,46,70.09104314967747,75.16239861139779,55.40392303466797,52.84086608886719,21.0,97.0,25.0,133.0,13.75,104.25,15.0,143.0,21.0,97.0,25.0,133.0,386.0,8.0,446.0,6.0,429.0,7.0
363,0.0,0.0,52657.6925851727,24,42676.82395920773,43352.53835162503,-0.18954246067316993,-0.1767102540335732,-0.17791889322737542,3.1081144335545283,381,175,0.0037837990445056657,0.16085396435857274,0.057275983464957735,675.7143924173475,589428.7848346945,47410.47968435053,294.71439241734726,381.0,4921.0,7175.0,0.0,75.0,107.0,0.0,152,65.32908263390279,78.40684519522132,40.0,67.91021728515625,75.0,1401.0,107.0,2065.0,52.0,1424.0,73.75,2098.25,75.0,1401.0,107.0,2065.0,1404.0,16.0,1767.0,31.0,2051.0,29.0
364,0.0,0.0,69318.00327431087,10,56546.24272770019,57115.03964048978,-0.18424882344157012,-0.17604320749878688,-0.17744711666060464,2.872461057639046,174,87,0.004701184001896643,0.17482703239793831,0.17424324875811736,568.7969127896141,789593.8255792283,68721.02090639107,394.79691278961417,174.0,1930.0,3110.0,0.0,32.0,45.0,0.0,71,62.27203993630616,80.4272321762924,45.72602081298828,58.03679656982422,32.0,242.0,45.0,391.0,21.5,252.5,29.75,406.25,32.0,242.0,45.0,391.0,562.0,7.0,1041.0,14.0,822.0,9.0
365,0.0,0.0,280774.03873250686,10,211623.30263104316,213448.4800481067,-0.2462860754991082,-0.239785554919275,-0.24123905189149808,3.063198713298409,160,78,0.007050938903440198,0.17154213789612222,0.14432892178791115,1825.1774170637636,3330354.8341275263,271803.68838538777,1665.1774170637632,160.0,2041.0,2999.0,0.0,34.0,38.0,0.0,69,74.57433774409174,82.23441630035303,67.0,62.62027359008789,34.0,266.0,38.0,352.0,23.0,277.0,24.75,365.25,34.0,266.0,38.0,352.0,581.0,4.0,1104.0,16.0,1084.0,13.0
366,0.0,0.0,27208.958649108106,18,23035.968853282902,23514.96981151046,-0.15336822881172607,-0.1357636977304435,-0.13755835234512204,3.5360395896436536,296,139,0.003416392408630798,0.1658815171280248,0.07438129640492039,479.00095822759005,366001.91645518027,25876.54261049042,183.00095822759013,296.0,3613.0,5457.0,0.0,66.0,73.0,0.0,126,69.59023350207514,75.11967815867007,53.0,56.364688873291016,66.0,891.0,73.0,1236.0,50.75,906.25,52.25,1256.75,66.0,891.0,73.0,1236.0,1104.0,10.0,1240.0,27.0,1455.0,23.0
367,0.0,0.0,155095.028390663,17,123640.85968630835,124840.27208416186,-0.20280578320747933,-0.1950723799494951,-0.19612973912269183,3.1812256756867456,287,141,0.0028267025059640427,0.16729278499599934,0.09169779578886585,1199.4123978535715,1824824.795707142,143405.79557541205,912.4123978535711,287.0,3360.0,5208.0,0.0,59.0,70.0,0.0,117,63.8884094618871,81.16593498540504,44.062862396240234,72.43107604980469,59.0,760.0,70.0,1100.0,40.75,778.25,50.25,1119.75,59.0,760.0,70.0,1100.0,961.0,16.0,1525.0,24.0,1461.0,21.0
368,0.0,0.0,11198.492159392696,9,7309.285375950436,7509.992716927234,-0.34729736183100335,-0.3293746506195252,-0.333238273562959,3.4206785137016387,137,60,0.006379541943492914,0.17736370190249287,0.1666416577295474,200.70734097680315,127414.68195360654,9312.091259324934,63.70734097680327,137.0,1417.0,3083.0,0.0,24.0,44.0,0.0,63,40.52583181278309,99.70213428609391,28.590600967407227,85.80378723144531,24.0,156.0,44.0,340.0,16.75,163.25,28.75,355.25,24.0,156.0,44.0,340.0,590.0,11.0,634.0,6.0,923.0,13.0
369,0.0,0.0,10380.63163792242,13,7696.884891241256,7929.786709311087,-0.2585340507486007,-0.23609786129563937,-0.2393830331681046,2.7385354362140673,181,80,0.007884719185311629,0.1813487366476264,0.09982800868724066,232.90181806983904,103803.63613967795,9476.199829933821,51.90181806983898,181.0,2691.0,3856.0,0.0,35.0,53.0,0.0,85,79.92527972143847,96.60226166483658,71.0,81.22724151611328,35.0,445.0,53.0,570.0,23.0,457.0,34.75,588.25,35.0,445.0,53.0,570.0,778.0,10.0,1045.0,11.0,1096.0,15.0
370,0.0,0.0,25227.906774359602,21,19958.642382648133,20418.97430310045,-0.20886649212874409,-0.1906195592948169,-0.1931260569616423,2.967432846451474,320,145,0.005181004233706622,0.1598572597729759,0.06371840334072867,460.3319204523504,280663.84090470057,23645.340554237395,140.3319204523503,320.0,4687.0,5875.0,0.0,62.0,92.0,0.0,138,75.58517499149153,89.3438371163365,57.0,65.50100708007812,62.0,1179.0,92.0,1562.0,45.0,1196.0,56.5,1597.5,62.0,1179.0,92.0,1562.0,1148.0,18.0,2084.0,27.0,1660.0,32.0
371,0.0,0.0,118748.58882183438,15,92455.24117002166,93319.54604273959,-0.22142029570778476,-0.21414185239074712,-0.21519475439431057,2.8684818903933262,238,112,0.003910335205215406,0.17613051797935503,0.10595401963708707,864.3048727180319,1252609.7454360628,109170.09356335041,626.3048727180314,238.0,2486.0,5074.0,0.0,43.0,68.0,0.0,101,66.62163894909321,109.17621934595346,56.98432159423828,106.5,43.0,415.0,68.0,989.0,29.25,428.75,44.0,1013.0,43.0,415.0,68.0,989.0,1061.0,11.0,1401.0,21.0,1366.0,16.0
372,0.0,0.0,15549.5045141143,18,13391.177089913252,13777.419053765898,-0.13880361411142927,-0.11396411112263283,-0.11613862739041003,3.14377548820104,292,135,0.004059266756465002,0.15558174274950023,0.0716398521853992,386.2419638526568,188483.92770531346,14988.660005518514,94.24196385265672,292.0,3601.0,5461.0,0.0,55.0,84.0,0.0,119,74.35069385128395,78.7009169546938,64.0,62.95233154296875,55.0,776.0,84.0,1223.0,42.5,788.5,55.5,1251.5,55.0,776.0,84.0,1223.0,1048.0,17.0,1352.0,20.0,1599.0,30.0
373,0.0,0.0,318206.04231657187,5,278122.25179737067,280398.2059504217,-0.12596803702213566,-0.11881558279316551,-0.11959897215807247,3.4944230469127135,100,50,0.012361808312113517,0.19184849752849784,0.24912199705263458,2275.954153051215,4351908.30610243,311346.69784381834,2175.954153051215,100.0,1117.0,1403.0,0.0,23.0,22.0,0.0,43,63.645880191693706,58.69781840375215,58.0,50.23453140258789,23.0,84.0,22.0,86.0,16.5,90.5,15.25,92.75,23.0,84.0,22.0,86.0,270.0,4.0,474.0,14.0,368.0,7.0
374,0.0,0.0,85580.3670790034,28,70373.86560705423,71321.2085778328,-0.17768679886487637,-0.16661716919264047,-0.16758057985845143,3.1713003559697124,455,222,0.0030834905697594063,0.1617628306006058,0.059837595915662366,947.3429707785813,984685.9415571619,77624.77777479918,492.34297077858093,455.0,5455.0,8649.0,0.0,85.0,120.0,0.0,172,74.83836423975042,82.70052542588463,53.0,59.34999084472656,85.0,1838.0,120.0,2772.0,60.75,1862.25,84.5,2807.5,85.0,1838.0,120.0,2772.0,1798.0,30.0,2943.0,47.0,2647.0,37.0
375,0.0,0.0,431925.02535308007,24,345390.40599699615,347994.7672172797,-0.20034638948124295,-0.19431672908322695,-0.19500571580571013,2.8376638513365555,377,177,0.004476211060860087,0.16064899893667878,0.06183989338847941,2604.361220283467,4454722.440566935,392463.895826556,2227.3612202834674,377.0,5367.0,6729.0,0.0,84.0,92.0,0.0,150,73.88262104311279,92.31859813384723,49.092384338378906,72.5,84.0,1468.0,92.0,1956.0,53.5,1498.5,64.5,1983.5,84.0,1468.0,92.0,1956.0,1374.0,21.0,2726.0,43.0,2249.0,27.0
376,0.0,0.0,68541.40502286468,25,52715.16933187608,53479.58629097946,-0.2309003686998995,-0.21974773827383254,-0.22138748119714424,2.9133627541964024,405,191,0.003145027782616431,0.1643292702218424,0.0607363178666323,764.4169591034921,718833.9182069859,61684.209868096485,359.41695910349296,405.0,5182.0,7410.0,0.0,80.0,109.0,0.0,156,63.65776594357237,73.60222294656907,47.05564880371094,51.0,80.0,1522.0,109.0,2187.0,53.25,1548.75,80.25,2215.75,80.0,1522.0,109.0,2187.0,1486.0,27.0,2583.0,35.0,1894.0,17.0
377,0.0,0.0,72707.39011937317,21,58758.451727113286,59465.916400034905,-0.19185035206679957,-0.182120052687877,-0.18349390500519536,2.848005825554187,313,140,0.004591770855535949,0.16459161382781495,0.07671698036592141,707.4646729216512,788929.3458433023,69252.78547225113,394.4646729216512,313.0,4027.0,6549.0,0.0,70.0,82.0,0.0,125,86.32186445144475,99.7171336567258,80.0,98.84605407714844,70.0,928.0,82.0,1543.0,46.25,951.75,53.75,1571.25,70.0,928.0,82.0,1543.0,1387.0,14.0,1820.0,31.0,1831.0,18.0
378,0.0,0.0,21853.011561198087,8,18396.239016015403,18653.569863968223,-0.15818289097144322,-0.14640735846727637,-0.1470582646351587,3.0764188589232666,137,68,0.007853547909880174,0.18684671802418656,0.18197051000791825,257.33084795283537,240661.69590567044,19556.967609240066,120.33084795283521,137.0,1410.0,2622.0,0.0,19.0,42.0,0.0,59,82.47599443195848,86.54609919481067,71.80741882324219,93.34495544433594,19.0,139.0,42.0,272.0,13.75,144.25,27.25,286.75,19.0,139.0,42.0,272.0,531.0,9.0,759.0,6.0,809.0,13.0
379,0.0,0.0,17637.289198288574,22,15888.342113440993,16309.069326107898,-0.09916189870137693,-0.07530748389098019,-0.07725456482322268,2.7153248914444235,325,141,0.006545254752062472,0.1670120310094341,0.06078591678817117,420.7272126669097,191454.4253338195,17627.211566566428,95.72721266690975,325.0,5089.0,5963.0,0.0,68.0,94.0,0.0,141,81.92315835265356,90.3484856085486,66.5,63.5,68.0,1368.0,94.0,1564.0,44.25,1391.75,63.75,1594.25,68.0,1368.0,94.0,1564.0,1174.0,20.0,1693.0,24.0,1478.0,20.0
380,0.0,0.0,21105.590240514022,19,16229.23806913712,16630.884617075095,-0.23104552470730333,-0.2120151851924681,-0.21445660360785634,3.040979633825383,286,126,0.003685375773739464,0.15873208939690733,0.07411671257991312,401.64654793799264,231293.09587598508,19014.68636153206,115.64654793799254,286.0,3795.0,5770.0,0.0,50.0,92.0,0.0,124,88.62299665296501,81.29952702894627,72.40940856933594,61.0,50.0,852.0,92.0,1360.0,35.0,867.0,63.25,1388.75,50.0,852.0,92.0,1360.0,1200.0,14.0,1702.0,27.0,1296.0,22.0
381,0.0,0.0,11451.761061898504,10,8382.662304436868,8596.87870719952,-0.2680023396290485,-0.24929636055694082,-0.2524921183230122,2.9073089025015397,155,75,0.00687850587243595,0.17004169809404593,0.12703993146971587,214.2164027626565,118432.80552531291,10184.057619695108,59.21640276265646,155.0,2075.0,2965.0,0.0,29.0,41.0,0.0,67,93.66994111472609,91.81903911685971,72.73493957519531,59.0,29.0,272.0,41.0,328.0,20.5,280.5,27.75,341.25,29.0,272.0,41.0,328.0,563.0,10.0,1033.0,14.0,885.0,8.0
382,0.0,0.0,10773.995150502682,12,9537.338821497402,9769.905758165456,-0.11478159324654802,-0.09319564175693718,-0.09544517696668953,2.832035447363586,171,80,0.005288911984472125,0.17110326591087555,0.115930657870661,232.5669366680599,123133.87333611991,10869.732708567293,61.56693666805996,171.0,2581.0,3459.0,0.0,39.0,40.0,0.0,64,95.32587343696117,88.1897214822079,78.81864166259766,66.29670715332031,39.0,289.0,40.0,399.0,25.0,303.0,26.5,412.5,39.0,289.0,40.0,399.0,672.0,13.0,1176.0,18.0,1208.0,17.0
383,0.0,0.0,14865.13184305538,26,12957.07446137346,13438.523490218375,-0.12835791850533207,-0.09597011098851982,-0.09774466736055287,3.3064579358082913,389,162,0.005917320583149468,0.1687792660288245,0.05110726605429373,481.44902884492603,184898.05768985188,13980.070310848518,92.44902884492593,389.0,5902.0,7174.0,0.0,93.0,108.0,0.0,163,84.66261673435848,82.0641636790224,62.0,53.936981201171875,93.0,1853.0,108.0,2172.0,60.5,1885.5,77.25,2202.75,93.0,1853.0,108.0,2172.0,1497.0,18.0,2752.0,34.0,1686.0,31.0
384,0.0,0.0,406877.12305326737,26,314564.36451086024,316819.74944430904,-0.22688117201006108,-0.22133801215746463,-0.2222238187674359,2.47284867950468,376,173,0.0031161378626654457,0.17077174079806332,0.05605949771838143,2255.3849334486595,3758769.86689732,380004.031185828,1879.38493344866,376.0,5247.0,7857.0,0.0,89.0,88.0,0.0,154,95.81544432843619,103.35596941292475,85.0,68.0,89.0,1521.0,88.0,2306.0,62.25,1547.75,59.75,2334.25,89.0,1521.0,88.0,2306.0,1643.0,14.0,2703.0,54.0,2369.0,20.0
385,0.0,0.0,38112.447471055966,20,27894.57600399192,28417.075019994612,-0.26809801377421083,-0.25438860777504213,-0.2563728212956049,3.1769931086134617,310,146,0.004061819005456123,0.16112657217602236,0.07013198352530198,522.4990160027237,424998.0320054474,33443.417838489564,212.49901600272372,310.0,4302.0,5778.0,0.0,60.0,84.0,0.0,131,77.88114239811725,90.77932417601325,63.063026428222656,82.5,60.0,986.0,84.0,1490.0,44.75,1001.25,58.5,1515.5,60.0,986.0,84.0,1490.0,1106.0,19.0,2282.0,30.0,1850.0,27.0
386,0.0,0.0,114059.41268011996,9,109708.34330717691,110591.95817560336,-0.038147394158039694,-0.03040042398114995,-0.030549303542371065,3.161565609073728,163,79,0.007287809922243058,0.1741348098011231,0.184314896201703,883.6148684264857,1441229.7368529718,113964.87650901714,720.6148684264859,163.0,2083.0,2444.0,0.0,33.0,42.0,0.0,70,76.37340733077849,80.95070197889511,56.0,60.844276428222656,33.0,242.0,42.0,312.0,21.75,253.25,28.25,325.75,33.0,242.0,42.0,312.0,475.0,10.0,720.0,16.0,419.0,12.0
387,0.0,0.0,28642.505105206197,24,24595.047507477146,25170.02608298992,-0.1413094833312386,-0.12123517162558184,-0.12296696155898623,3.22262100380256,399,171,0.006949036109228331,0.16709276083194483,0.05674129935181392,574.9785755128017,351957.1510256028,27303.64124499188,175.97857551280143,399.0,5415.0,6677.0,0.0,93.0,111.0,0.0,168,68.83481212353507,72.6686962145931,48.112422943115234,55.0,93.0,1721.0,111.0,2105.0,61.75,1752.25,78.75,2137.25,93.0,1721.0,111.0,2105.0,1229.0,14.0,2021.0,38.0,1588.0,24.0
388,0.0,0.0,114967.53086799716,14,93229.97684455205,94261.95386836822,-0.18907559255494177,-0.18009934494811908,-0.18113573986914688,3.661575741449685,255,123,0.0075087866904219175,0.17226281615611264,0.10932651602186262,1031.9770238161866,1553954.0476323739,106098.72342946094,776.9770238161869,255.0,2964.0,4092.0,0.0,55.0,63.0,0.0,103,74.92496045693302,78.4626447532823,52.99665451049805,72.0,55.0,542.0,63.0,782.0,40.0,557.0,42.0,803.0,55.0,542.0,63.0,782.0,743.0,16.0,1161.0,21.0,941.0,11.0
389,0.0,0.0,83660.4066139458,24,63301.53547482503,64126.199193130764,-0.24335132905900847,-0.2334940530585322,-0.23500814617154153,3.006583248743131,368,169,0.0033288308667302046,0.1665149351524226,0.05956570578387961,824.6637183057297,913327.4366114585,75943.96704242806,456.6637183057293,368.0,5460.0,6627.0,0.0,80.0,95.0,0.0,150,89.16649735677387,100.21147285591431,77.0,79.44893646240234,80.0,1556.0,95.0,1866.0,51.75,1584.25,69.25,1891.75,80.0,1556.0,95.0,1866.0,1228.0,16.0,2646.0,34.0,2115.0,31.0
390,0.0,0.0,43069.815238788586,22,33253.603716625825,33887.18080556118,-0.22791394547990307,-0.21320347863850475,-0.215281386418681,3.307756028594179,374,174,0.004331663769352961,0.16328644635596812,0.0698035683455697,633.5770889353997,519154.1778708,39237.6412727335,259.5770889354,374.0,4158.0,6930.0,0.0,64.0,114.0,0.0,159,77.39452360896523,76.41459688503595,50.456077575683594,60.5,64.0,1233.0,114.0,2087.0,46.25,1250.75,72.5,2128.5,64.0,1233.0,114.0,2087.0,1435.0,19.0,1678.0,29.0,2014.0,40.0
391,0.0,0.0,33057.279425455374,17,30876.221300544123,31303.933951868195,-0.06597814952768777,-0.05303961802243884,-0.054038015320777566,2.577210645690084,253,112,0.004831536950225799,0.16718695389604907,0.08659571542363806,427.7126513240881,349425.30264817603,33895.68710967866,174.71265132408803,253.0,4130.0,4438.0,0.0,54.0,70.0,0.0,117,104.11353126991769,83.63030782360983,104.53146362304688,64.5,54.0,879.0,70.0,986.0,34.0,899.0,43.25,1012.75,54.0,879.0,70.0,986.0,915.0,16.0,1800.0,27.0,1039.0,14.0
392,0.0,0.0,88742.15115575356,15,80323.65990955252,81099.37896838725,-0.09486462900167403,-0.08612335950649075,-0.08622947395503855,3.1303288442578223,263,128,0.0068956126753335015,0.16311564101837275,0.1363342837894682,775.7190588347602,1025438.1176695202,81895.39890917148,512.7190588347601,263.0,3163.0,4397.0,0.0,49.0,71.0,0.0,108,71.39087873976001,75.8301867743316,51.0,68.0,49.0,651.0,71.0,849.0,33.75,666.25,46.25,873.75,49.0,651.0,71.0,849.0,790.0,17.0,1740.0,22.0,780.0,16.0
393,0.0,0.0,16271.556185182015,23,11912.095751165187,12372.29789254296,-0.26791908434589984,-0.23963647043114322,-0.24303062433952027,3.0328000977842597,375,153,0.00620442736307066,0.17149777686128087,0.06210544800871789,460.20214137778413,170404.28275556804,14046.778328718738,85.20214137778402,375.0,4602.0,6955.0,0.0,82.0,117.0,0.0,164,89.9014364084833,84.41844014304566,71.0,63.47720718383789,82.0,1484.0,117.0,2080.0,54.0,1512.0,75.5,2121.5,82.0,1484.0,117.0,2080.0,1364.0,18.0,2453.0,51.0,1907.0,27.0
394,0.0,0.0,258681.19069707763,29,225567.8296456008,227465.61982918406,-0.12800838345549992,-0.12067197767172733,-0.12115513572512582,2.969735554518881,450,206,0.0043749688324326306,0.1585423823533671,0.05012595330143012,1897.7901835836653,2895580.3671673285,243757.42503076454,1447.7901835836642,450.0,6611.0,8005.0,0.0,97.0,118.0,0.0,174,95.97838883011954,87.5752868266188,86.0,70.2215805053711,97.0,2250.0,118.0,2581.0,61.75,2285.25,84.0,2615.0,97.0,2250.0,118.0,2581.0,1565.0,29.0,3036.0,46.0,2402.0,34.0
395,0.0,0.0,326288.97136082285,25,298735.4917463416,300981.8293939858,-0.08444502276484112,-0.07756051901261307,-0.07788063840438941,2.9766893135206374,393,184,0.0035462932985789327,0.16147460495148871,0.06517355684701262,2246.3376476443964,3706675.295288794,311308.5465833161,1853.337647644397,393.0,5137.0,7463.0,0.0,72.0,112.0,0.0,156,86.75243337534538,86.10878694523763,57.45589828491211,69.5,72.0,1573.0,112.0,2143.0,52.5,1592.5,76.75,2178.25,72.0,1573.0,112.0,2143.0,1500.0,25.0,2181.0,34.0,2094.0,31.0
396,0.0,0.0,27770.874699895936,25,25049.376629807575,25500.485451188426,-0.09799828415554224,-0.0817543297876756,-0.08259989553478764,2.4457941348138803,320,136,0.005280857909203259,0.15697375962456184,0.06891687802144147,451.1088213808931,262217.64276178664,26802.914340717893,131.10882138089332,320.0,5601.0,6991.0,0.0,70.0,89.0,0.0,137,95.99247413716634,107.25972355162216,71.75270080566406,76.98147583007812,70.0,1417.0,89.0,1845.0,48.25,1438.75,54.5,1879.5,70.0,1417.0,89.0,1845.0,1347.0,19.0,2585.0,35.0,1459.0,16.0
397,0.0,0.0,382750.58686958544,13,271861.6901833017,274366.5643051699,-0.2897158110016613,-0.28317140791568585,-0.2843500390229651,3.4426435633997357,240,117,0.00438334802365315,0.16792855303512091,0.10212830567529384,2504.8741218685086,4529748.243737018,328944.0338737629,2264.874121868509,240.0,2774.0,3778.0,0.0,43.0,67.0,0.0,100,58.65574840498443,72.51629051671031,49.0,66.0,43.0,483.0,67.0,707.0,28.5,497.5,48.75,725.25,43.0,483.0,67.0,707.0,671.0,11.0,1052.0,15.0,1170.0,17.0
398,0.0,0.0,191091.64387198613,18,147267.77315651675,148685.44098713563,-0.22933431220481493,-0.22191552715543528,-0.2230471447209157,3.1560160016915977,303,146,0.004340243288339542,0.1570989301580351,0.0801985772512543,1417.6678306188687,2229335.6612377376,176594.13482400222,1114.667830618869,303.0,3689.0,5383.0,0.0,52.0,87.0,0.0,119,68.55233567228882,96.97605883715292,63.5,85.08428192138672,52.0,814.0,87.0,1189.0,35.5,830.5,59.25,1216.75,52.0,814.0,87.0,1189.0,1009.0,14.0,1786.0,22.0,1660.0,25.0
399,0.0,0.0,74345.99574211528,19,58038.497264128935,58777.57253468022,-0.21934602281140103,-0.20940499958380288,-0.21090855850488,3.231108994805474,298,134,0.006026168487138289,0.16496767077174823,0.072654154708529,739.0752705513547,882150.5411027095,68254.47102843854,441.0752705513548,298.0,3730.0,5846.0,0.0,56.0,89.0,0.0,123,82.92511112351225,90.62618755897444,52.5,64.0,56.0,912.0,89.0,1280.0,36.0,932.0,61.75,1307.25,56.0,912.0,89.0,1280.0,1252.0,27.0,1420.0,19.0,1712.0,26.0
400,0.0,0.0,71549.04766720705,8,57855.989127656525,58368.54743209402,-0.19138002511564445,-0.18421629168872955,-0.18530838825762685,2.7109413432725056,138,71,0.0042036159893463956,0.16268612685719533,0.16583231369747514,512.5583044375356,749116.6088750709,69082.70172776745,374.55830443753547,138.0,1905.0,2127.0,0.0,34.0,25.0,0.0,57,75.85996648618845,87.86974095467997,47.260623931884766,56.0,34.0,203.0,25.0,194.0,21.25,215.75,16.25,202.75,34.0,203.0,25.0,194.0,402.0,3.0,749.0,13.0,501.0,4.0
401,0.0,0.0,187853.55966196174,5,159676.8293351156,160713.65628411018,-0.14999306043254945,-0.14447372424929927,-0.14501325946598276,2.7003540279282023,77,38,0.004850997847923484,0.18550113261366166,0.23221907065293318,1036.8269489946695,1919653.897989339,177722.42807197382,959.8269489946695,77.0,891.0,1629.0,0.0,14.0,20.0,0.0,33,59.358340741801506,110.3442185071015,43.27217102050781,75.0,14.0,41.0,20.0,90.0,10.5,44.5,11.25,98.75,14.0,41.0,20.0,90.0,379.0,4.0,294.0,2.0,504.0,6.0
402,0.0,0.0,382665.59078526247,17,343861.1778026439,346701.15368316974,-0.10140554551295977,-0.09398398488949744,-0.0944145197564018,3.4314352241103885,305,140,0.006333454130088638,0.165796503633123,0.07659543355974814,2839.9758805260576,5069951.761052117,369375.4529758404,2534.9758805260585,305.0,4398.0,4170.0,0.0,67.0,81.0,0.0,129,78.18442034226885,78.35240918161008,57.0,59.0,67.0,1018.0,81.0,1027.0,43.0,1042.0,56.75,1051.25,67.0,1018.0,81.0,1027.0,810.0,14.0,1931.0,31.0,1423.0,24.0
403,0.0,0.0,348802.4147737766,30,291760.7959721663,294349.4783475232,-0.16353561897960456,-0.1561139892382054,-0.15688922498563385,3.25729016332118,460,208,0.004253146824039832,0.16046029631798683,0.04740543678069626,2588.6823753572385,4257364.750714479,326756.6395108633,2128.6823753572394,460.0,5828.0,9292.0,0.0,91.0,131.0,0.0,180,84.59177011982645,73.71280602211618,70.0,60.0,91.0,2066.0,131.0,3112.0,65.25,2091.75,91.5,3151.5,91.0,2066.0,131.0,3112.0,1881.0,23.0,2451.0,41.0,2421.0,38.0
404,0.0,0.0,12287.191124862662,28,10226.321378631294,10685.457931256373,-0.16772505003696714,-0.13035796198898897,-0.13414093525590343,2.9482331135221767,390,152,0.007157745160664164,0.16470878656130483,0.04704634379689943,459.1365526250936,138273.105250187,11725.082441411474,69.13655262509351,390.0,6517.0,7567.0,0.0,98.0,112.0,0.0,176,91.27826041912742,106.55313346456694,62.5,81.7037353515625,98.0,2180.0,112.0,2528.0,63.25,2214.75,74.0,2566.0,98.0,2180.0,112.0,2528.0,1556.0,21.0,2170.0,35.0,1805.0,21.0
405,0.0,0.0,41299.71702772313,11,34370.553538564,34797.96824128372,-0.16777750521892942,-0.15742841003184105,-0.15827749309226002,3.350316403746642,175,89,0.004441889713992413,0.17315215149272187,0.12662850706361733,427.41470271971457,504829.4054394298,37670.278311242604,252.4147027197149,175.0,2229.0,3303.0,0.0,24.0,51.0,0.0,71,77.13170544473184,86.52006656607595,53.158538818359375,63.0,24.0,285.0,51.0,420.0,17.0,292.0,37.25,433.75,24.0,285.0,51.0,420.0,711.0,8.0,965.0,9.0,923.0,15.0
406,0.0,0.0,153899.08559006485,13,168239.5488446952,169300.17196540427,0.09318095165833862,0.1000726308170714,0.1005786764480272,2.7533100875541585,202,101,0.0016098471005796128,0.17280752503509877,0.13217808562871577,1060.6231207091273,1717246.241418256,155925.61197345314,858.623120709128,202.0,2506.0,4046.0,0.0,40.0,48.0,0.0,80,66.78334124055837,95.8774963068761,55.36808395385742,82.52386474609375,40.0,384.0,48.0,568.0,29.75,394.25,34.5,581.5,40.0,384.0,48.0,568.0,863.0,8.0,1079.0,24.0,877.0,8.0
407,0.0,0.0,97270.16735926968,20,84278.25089137888,85156.49327197693,-0.13356527310069122,-0.12453637550093444,-0.1251921774240693,3.1071155233292447,310,145,0.004121516148755645,0.16939368290687334,0.07308593316230844,878.2423805980777,1136484.7611961558,91442.1070493722,568.242380598078,310.0,4683.0,5397.0,0.0,62.0,83.0,0.0,120,83.5337698099453,72.54068009116301,66.5,47.0,62.0,1009.0,83.0,1246.0,42.25,1028.75,58.75,1270.25,62.0,1009.0,83.0,1246.0,1097.0,15.0,2021.0,25.0,1722.0,24.0
408,0.0,0.0,23593.74563619093,25,19586.33487279389,20132.840583759367,-0.16985055383703007,-0.1466873935914106,-0.14869121989178435,3.2990572620021736,402,180,0.003748601576962178,0.16521947976433785,0.05506468010255235,546.5057109654853,289011.4219309706,21901.061347111303,144.50571096548532,402.0,5920.0,6633.0,0.0,89.0,108.0,0.0,161,77.04913894601553,71.99810767262942,65.0,56.748390197753906,89.0,1794.0,108.0,2026.0,63.75,1819.25,73.25,2060.75,89.0,1794.0,108.0,2026.0,1172.0,17.0,2620.0,32.0,1947.0,31.0
409,0.0,0.0,32238.39210147318,16,26660.40551778115,27111.038859151362,-0.1730231013424871,-0.15904494325222618,-0.16056011306523044,3.008499057009341,266,127,0.003788117284935555,0.16692444162055461,0.0807365836137306,450.63334137023287,369266.6827404658,30685.29154763495,184.6333413702329,266.0,3698.0,4362.0,0.0,50.0,73.0,0.0,110,65.08624053937217,78.15667810479142,47.33937454223633,73.0,50.0,724.0,73.0,912.0,36.75,737.25,51.75,933.25,50.0,724.0,73.0,912.0,872.0,15.0,1357.0,21.0,1363.0,21.0
410,0.0,0.0,15431.369131684718,17,12681.7601480796,12992.82969823383,-0.17818308668149463,-0.15802482674359175,-0.1602099844845294,2.698032103525562,232,103,0.005365778239001878,0.16706518349119398,0.08887197350894878,311.0695501542344,158139.10030846897,14653.189272824633,79.06955015423449,232.0,3893.0,4662.0,0.0,44.0,68.0,0.0,100,86.54786565226463,101.98549428686496,56.0,90.5,44.0,672.0,68.0,911.0,30.0,686.0,45.75,933.25,44.0,672.0,68.0,911.0,913.0,14.0,1602.0,21.0,664.0,13.0
411,0.0,0.0,27956.73702919061,19,22396.283802811144,22845.643701066405,-0.1988949289959555,-0.18282152608823898,-0.18454733497953124,3.1192839542391613,290,128,0.006999753348782727,0.16942616934684293,0.07021113130053369,449.3598982552729,318719.79651054577,25544.307698999317,159.3598982552729,290.0,3941.0,5620.0,0.0,61.0,82.0,0.0,129,84.9383825494463,88.74629464640054,68.0,76.5,61.0,925.0,82.0,1381.0,44.25,941.75,58.5,1404.5,61.0,925.0,82.0,1381.0,1154.0,16.0,1830.0,28.0,1338.0,21.0
412,0.0,0.0,282299.21242606913,13,242222.81917437655,244128.70927649047,-0.14196424037912658,-0.13521292823151276,-0.1358793732055793,3.103845523806528,224,105,0.008223961556810044,0.1831293418435796,0.12540984952114645,1905.8901021142296,3363780.204228458,270936.5026729124,1681.890102114229,224.0,2538.0,4014.0,0.0,39.0,67.0,0.0,100,71.74416198397087,103.37557406378896,73.0,73.0,39.0,475.0,67.0,719.0,27.0,487.0,43.75,742.25,39.0,475.0,67.0,719.0,844.0,14.0,1093.0,17.0,1145.0,18.0
413,0.0,0.0,100501.69569793539,23,98735.70148831993,99848.62343927074,-0.017571785205726997,-0.00649812178918352,-0.0071341606393136026,3.310608947833615,416,207,0.0019439381846032072,0.16325936701207008,0.06691817873724716,1112.9219509508564,1393843.9019017126,105255.85503037224,696.9219509508563,416.0,5248.0,6344.0,0.0,91.0,95.0,0.0,154,68.48715781145917,68.79781345993678,56.0,57.0,91.0,1519.0,95.0,1837.0,69.0,1541.0,70.5,1861.5,91.0,1519.0,95.0,1837.0,1299.0,17.0,2808.0,49.0,1963.0,22.0
414,0.0,0.0,284699.6373913754,11,219654.60036483788,221525.3980309621,-0.2284689844445441,-0.2218978567702491,-0.2226013017598515,3.407928086575039,188,92,0.00831995960833806,0.1725396902199322,0.13427486495301041,1870.7976661244754,3365595.3322489485,246894.53876001274,1682.7976661244743,188.0,1940.0,3604.0,0.0,30.0,55.0,0.0,80,99.67585752401278,84.41508558334063,76.0584716796875,54.9710807800293,30.0,273.0,55.0,522.0,20.5,282.5,37.75,539.25,30.0,273.0,55.0,522.0,800.0,15.0,620.0,8.0,670.0,12.0
415,0.0,0.0,17983.392962752827,11,13482.799985851596,13779.636098166297,-0.2502638398784285,-0.23375771598237016,-0.23587951783257144,3.3862314452267315,188,92,0.010413743077046426,0.1752001115364254,0.12434647045881829,296.8361123147134,217672.22462942693,16070.388878487622,108.83611231471346,188.0,2299.0,3245.0,0.0,39.0,46.0,0.0,75,80.71800521794398,82.18589330812098,84.0076904296875,70.0206069946289,39.0,319.0,46.0,421.0,28.5,329.5,31.25,435.75,39.0,319.0,46.0,421.0,636.0,10.0,1166.0,20.0,910.0,17.0
416,0.0,0.0,37490.44840590913,30,32162.04381075099,32877.87611078679,-0.142126990252757,-0.12303326557159333,-0.12427314393460565,3.154061409693255,496,216,0.005087894156224256,0.16295467513732761,0.04918131751009714,715.8323000358344,439664.6000716683,34849.08368623262,219.83230003583415,496.0,6364.0,8749.0,0.0,100.0,150.0,0.0,208,79.37301230572486,84.30390584120772,68.5,66.5,100.0,2533.0,150.0,3454.0,70.25,2562.75,99.0,3505.0,100.0,2533.0,150.0,3454.0,1774.0,44.0,3335.0,52.0,2672.0,39.0
417,0.0,0.0,13038.80802707872,19,9227.389372573358,9601.6806566008,-0.29231342670203353,-0.2636074833941696,-0.26807102380119086,3.3545135753826054,298,132,0.00914252573875764,0.16298746121240487,0.07291494291476763,374.2912840274506,152582.56805490138,11371.437663469456,76.29128402745069,298.0,3641.0,5884.0,0.0,55.0,93.0,0.0,130,76.16297925254976,77.44327389528715,67.0,63.0,55.0,920.0,93.0,1390.0,39.75,935.25,66.5,1416.5,55.0,920.0,93.0,1390.0,1215.0,21.0,1089.0,21.0,1243.0,17.0
418,0.0,0.0,79693.18626053091,17,71482.29571271472,72248.61355716136,-0.10303127448027183,-0.0934154229827372,-0.0939565499484305,3.2421735449181424,271,126,0.005460104843922238,0.15741867970271411,0.09501444965750182,766.3178444467277,990635.6888934552,76386.69515749707,495.31784444672763,271.0,3839.0,4729.0,0.0,69.0,59.0,0.0,114,93.87486797975545,72.39213195034588,75.0,55.0,69.0,775.0,59.0,1035.0,48.25,795.75,38.5,1055.5,69.0,775.0,59.0,1035.0,914.0,9.0,2162.0,30.0,1261.0,15.0
419,0.0,0.0,233522.62965787807,26,201178.7667424113,202933.49309533625,-0.1385041910621343,-0.13099003127601117,-0.13152293126743775,3.0250099805107564,437,202,0.004733794119598071,0.1596397367014838,0.054280185749680895,1754.726352924929,2635452.7058498557,217805.29013369352,1317.7263529249278,437.0,5717.0,7387.0,0.0,81.0,128.0,0.0,175,70.63045228627334,79.69966058563723,55.74314498901367,60.28871154785156,81.0,1824.0,128.0,2517.0,53.75,1851.25,90.5,2554.5,81.0,1824.0,128.0,2517.0,1416.0,26.0,2722.0,37.0,2110.0,26.0
420,0.0,0.0,306596.5052368265,20,292657.7382395635,294848.8394809649,-0.04546290241141593,-0.03831637202383398,-0.03867319040670725,2.979979835633796,330,159,0.004081536581753317,0.16684127471483523,0.07024424746011484,2191.1012414017287,3722202.4828034556,312267.42193809175,1861.1012414017277,330.0,4481.0,5599.0,0.0,60.0,91.0,0.0,131,80.18011729100228,101.60752830819801,66.19474792480469,80.0,60.0,1136.0,91.0,1333.0,38.75,1157.25,62.75,1361.25,60.0,1136.0,91.0,1333.0,1059.0,20.0,1817.0,25.0,1298.0,21.0
421,0.0,0.0,36102.686929343065,14,26883.835989349634,27305.360367713685,-0.25535082632591133,-0.24367511977285006,-0.2454764826676782,3.1251286829132874,221,111,0.0039950506221821,0.17331566627806894,0.10895784211510015,421.5243783640669,401048.7567281335,32082.57942471911,200.52437836406673,221.0,2944.0,4112.0,0.0,34.0,62.0,0.0,85,74.64998022026396,79.11013361478992,55.615203857421875,59.5,34.0,456.0,62.0,638.0,24.5,465.5,46.75,653.25,34.0,456.0,62.0,638.0,741.0,6.0,1335.0,13.0,1114.0,23.0
422,0.0,0.0,36178.40829189881,19,33138.48812275842,33673.79586699141,-0.08402581298252143,-0.06922948087432157,-0.06975109050742878,3.3773632883343163,299,137,0.0051461252244127615,0.1576255629920261,0.0800013159985527,535.307744233025,472615.4884660503,34984.05768921144,236.30774423302515,299.0,4578.0,4998.0,0.0,54.0,89.0,0.0,124,100.03060814289711,80.15590628572168,71.5,53.0,54.0,971.0,89.0,1242.0,34.0,991.0,63.0,1268.0,54.0,971.0,89.0,1242.0,971.0,17.0,2306.0,22.0,1203.0,26.0
423,0.0,0.0,11584.226433496424,11,9953.035523954488,10192.351030241565,-0.14081137993170245,-0.12015264128730896,-0.12212991169000842,3.0323259946920675,171,80,0.007326678278937554,0.1837811616989963,0.15095461490073203,239.31550628708385,136631.01257416763,11264.538576437137,68.31550628708382,171.0,2219.0,3313.0,0.0,37.0,43.0,0.0,75,71.26761825188527,85.69102700683034,66.0,82.0,37.0,306.0,43.0,437.0,24.5,318.5,31.75,448.25,37.0,306.0,43.0,437.0,605.0,11.0,999.0,17.0,649.0,10.0
424,0.0,0.0,43743.333604309795,26,34429.450343412,35098.15295553777,-0.21292120406617,-0.19763424358495307,-0.19974900023676778,3.0506419098979514,421,190,0.0036467662960781347,0.16032573099570252,0.054735817724511915,668.7026121258334,495405.22425166686,40598.44115465513,247.70261212583344,421.0,5437.0,7664.0,0.0,86.0,119.0,0.0,175,76.86907199908633,90.2898910139339,63.80714797973633,59.0,86.0,1882.0,119.0,2462.0,57.25,1910.75,82.5,2498.5,86.0,1882.0,119.0,2462.0,1535.0,24.0,2293.0,37.0,2123.0,29.0
425,0.0,0.0,28580.663445712875,11,29369.04109368468,29723.16154385805,0.027584301864415295,0.03997451284905518,0.03990146568372088,2.973451811213984,177,83,0.004889442156288644,0.16570503233653738,0.14018547007878887,354.1204501733758,354240.9003467514,29783.642281571392,177.1204501733757,177.0,2705.0,2824.0,0.0,41.0,42.0,0.0,77,87.04959116608352,69.89254331800632,75.0,49.5,41.0,387.0,42.0,376.0,27.0,401.0,28.75,389.25,41.0,387.0,42.0,376.0,521.0,11.0,893.0,19.0,530.0,7.0
426,0.0,0.0,396075.0631193835,21,319700.0475123458,322443.3345505486,-0.19282964952534032,-0.18590346988505346,-0.1867372395932575,3.2861844870740042,350,169,0.003274217313518037,0.163605893948477,0.07689966739518507,2743.287038203237,4786574.076406477,364143.74293608277,2393.2870382032384,350.0,4285.0,6299.0,0.0,58.0,102.0,0.0,139,70.74326619841216,77.71040395253236,49.132362365722656,68.0,58.0,1128.0,102.0,1631.0,40.25,1145.75,74.75,1658.25,58.0,1128.0,102.0,1631.0,1212.0,23.0,1632.0,23.0,1465.0,29.0
427,0.0,0.0,17287.199974882544,18,13542.367859406326,13883.673450976965,-0.21662456157835142,-0.19688130691209316,-0.19945609153555033,2.6425741885048675,258,109,0.007979166402456018,0.15911216975249737,0.07329246672991786,341.3055915706562,166611.1831413121,15762.204885871004,83.30559157065605,258.0,3332.0,5703.0,0.0,49.0,82.0,0.0,118,54.8332204747992,100.85435228488863,42.67567443847656,79.30023193359375,49.0,765.0,82.0,1225.0,30.0,784.0,51.5,1255.5,49.0,765.0,82.0,1225.0,1275.0,17.0,1319.0,19.0,1984.0,23.0
428,0.0,0.0,13848.675981051934,11,12404.068221923837,12682.701256192606,-0.10431378141164116,-0.08419394940387381,-0.08571138377825727,3.333927562234154,188,91,0.005345695628389167,0.1732040089001203,0.14021875887588334,278.6330342687779,181266.0685375559,13592.532017708616,90.63303426877795,188.0,2392.0,3152.0,0.0,48.0,38.0,0.0,83,62.75470298819823,67.90096983765271,52.610267639160156,58.5,48.0,363.0,38.0,464.0,34.0,377.0,28.25,473.75,48.0,363.0,38.0,464.0,583.0,5.0,1059.0,27.0,882.0,14.0
429,0.0,0.0,301843.71650384687,24,266590.13767630863,268778.21151760523,-0.11679414511545394,-0.10954511615887896,-0.1102043160110674,3.0422998089139255,383,176,0.003872916331749163,0.17171662779650845,0.05665847586527466,2188.0738412967326,3610147.6825934644,296662.7148330144,1805.0738412967323,383.0,5697.0,6399.0,0.0,96.0,87.0,0.0,153,80.9266883979724,80.65076594403445,59.45585632324219,56.0,96.0,1658.0,87.0,1831.0,64.25,1689.75,59.0,1859.0,96.0,1658.0,87.0,1831.0,1290.0,15.0,2374.0,45.0,1836.0,26.0
430,0.0,0.0,454523.2446622688,16,419067.12972916354,422374.85205130745,-0.07800726442373862,-0.07072991973127585,-0.07081202518994378,3.5885238993382376,283,136,0.0036410130083599167,0.1731330119331662,0.09516965345156222,3307.722322143914,6049444.644287834,421443.8034955972,3024.722322143917,283.0,3427.0,4637.0,0.0,51.0,80.0,0.0,118,66.63708305747379,66.84163049433883,48.0,47.0,51.0,720.0,80.0,1037.0,37.75,733.25,59.0,1058.0,51.0,720.0,80.0,1037.0,891.0,10.0,1337.0,23.0,1147.0,19.0
431,0.0,0.0,14790.292240191535,6,9374.68254394317,9548.190101836122,-0.3661597491313824,-0.3544285706613953,-0.3577940293698979,2.7163876086124663,100,51,0.004809705062799638,0.21033511173341596,0.24629489386389153,173.5075578929584,147015.11578591677,13530.388236917728,73.50755789295839,100.0,948.0,2076.0,0.0,18.0,25.0,0.0,41,53.69983140196645,83.02194129438185,43.38452911376953,65.0,18.0,67.0,25.0,136.0,13.25,71.75,18.0,143.0,18.0,67.0,25.0,136.0,379.0,5.0,367.0,8.0,762.0,9.0
432,0.0,0.0,34129.86511050343,24,28535.676199813824,29098.268989339726,-0.16390890771402433,-0.14742502218724662,-0.14893070519199592,3.217958488830788,357,159,0.004878973908807203,0.16411552156987705,0.06253555022202938,562.5927895259155,411185.57905183145,31944.599384906254,205.59278952591572,357.0,5055.0,7029.0,0.0,71.0,103.0,0.0,144,84.5532826594149,83.2235190975273,64.0,74.21439361572266,71.0,1414.0,103.0,1865.0,48.75,1436.25,72.5,1895.5,71.0,1414.0,103.0,1865.0,1424.0,22.0,2198.0,27.0,1849.0,34.0
433,0.0,0.0,12113.39811282207,9,8358.165172974203,8594.469725722582,-0.3100065650342113,-0.2904988636817518,-0.2935627939334061,3.449856342810205,165,77,0.011445408447760841,0.17475742811544312,0.1389794642981984,236.30455274838266,142609.10549676523,10334.423474906047,71.30455274838262,165.0,1680.0,2837.0,0.0,27.0,52.0,0.0,74,78.29215131111232,73.87708163613075,70.0,70.51719665527344,27.0,221.0,52.0,363.0,18.5,229.5,36.75,378.25,27.0,221.0,52.0,363.0,531.0,11.0,672.0,7.0,884.0,12.0
434,0.0,0.0,260963.22093832245,26,228613.7639233763,230479.22152934462,-0.12396174793762149,-0.1168133934711919,-0.11760200144309796,2.800199055820208,411,188,0.004016619664434327,0.16930855064152586,0.07254455205363784,1865.4576059685419,2908915.2119370843,259706.1096327161,1454.457605968542,411.0,5582.0,7522.0,0.0,90.0,107.0,0.0,165,77.26776256290083,96.65706627398852,64.17390441894531,74.0,90.0,1769.0,107.0,2324.0,57.0,1802.0,76.0,2355.0,90.0,1769.0,107.0,2324.0,1468.0,20.0,2777.0,49.0,1692.0,25.0
435,0.0,0.0,199088.52642187866,19,170428.24589939104,171904.23713628348,-0.14395746976274781,-0.13654372642243728,-0.13748691343241992,2.9976828978375183,302,146,0.003835730036988781,0.16383755170609976,0.07828958275030748,1475.9912368926227,2347982.473785246,195816.44838743983,1173.991236892623,302.0,4384.0,5192.0,0.0,69.0,68.0,0.0,125,87.22266872478251,66.10964300985563,75.0,45.43029022216797,69.0,1019.0,68.0,1219.0,47.25,1040.75,51.0,1236.0,69.0,1019.0,68.0,1219.0,886.0,10.0,2233.0,34.0,1138.0,9.0
436,0.0,0.0,19750.91684875227,20,14202.024726650487,14633.095183633359,-0.28094352098152464,-0.2591181819208671,-0.26301440045538604,3.3128929194139913,314,131,0.009328005067096136,0.15930214521611905,0.06622499630659381,431.07045698288096,234140.91396576184,17668.916537693163,117.07045698288093,314.0,4230.0,5841.0,0.0,58.0,105.0,0.0,138,73.87887142986133,87.83623481386586,66.77679443359375,71.0,58.0,1117.0,105.0,1476.0,37.5,1137.5,69.75,1511.25,58.0,1117.0,105.0,1476.0,1124.0,21.0,1758.0,23.0,1550.0,30.0
437,0.0,0.0,12113.321183168602,28,9173.408424436018,9634.715459173953,-0.24270080139686034,-0.20461817915293612,-0.21017547574232065,2.9620337313505045,396,155,0.005765016249663372,0.1604465074172887,0.04836763956987926,461.307034737947,130614.06947589363,11024.019417255393,65.30703473794682,396.0,5717.0,8276.0,0.0,89.0,125.0,0.0,169,80.848933785479,95.75194592677407,76.0,83.0,89.0,1872.0,125.0,2610.0,59.0,1902.0,86.75,2648.25,89.0,1872.0,125.0,2610.0,1777.0,25.0,1866.0,36.0,1797.0,25.0
438,0.0,0.0,238419.34460443977,22,207879.19666054889,209780.19318879218,-0.12809425340280123,-0.12012092166079325,-0.12106728598513572,3.219170526230016,363,168,0.0038500640716109193,0.1605303906734377,0.06487271360764726,1900.9965282433277,3075993.056486653,238880.87252781863,1537.9965282433266,363.0,4898.0,6190.0,0.0,80.0,93.0,0.0,142,84.58939545305267,84.13116914190955,59.11665344238281,67.71732330322266,80.0,1367.0,93.0,1584.0,55.0,1392.0,64.25,1612.75,80.0,1367.0,93.0,1584.0,1215.0,15.0,2252.0,32.0,1808.0,27.0
439,0.0,0.0,381558.51119771495,13,424733.3626063419,428041.92895425874,0.11315394662040368,0.12182513662356009,0.1218322271121457,3.6048124162189636,240,117,0.005061927244553914,0.1645306889202221,0.10858507071479896,3308.566347917037,6137132.695834075,425620.80818835134,3068.5663479170375,240.0,3043.0,3509.0,0.0,51.0,59.0,0.0,99,74.27382407629622,89.00401743958982,49.62584686279297,58.0,51.0,540.0,59.0,637.0,38.0,553.0,37.0,659.0,51.0,540.0,59.0,637.0,694.0,11.0,1292.0,18.0,799.0,12.0
440,0.0,0.0,11100.614263434272,13,10208.274055061598,10490.704063506486,-0.08038656124752186,-0.054943824319420576,-0.05723466601253946,3.3820483202449583,206,92,0.00987019786293261,0.1755190127177491,0.11707183816704637,282.4300084448995,152860.01688979927,11299.36671622774,76.43000844489964,206.0,2360.0,4122.0,0.0,43.0,58.0,0.0,92,66.48215551607322,74.75004222370345,66.96064758300781,49.5,43.0,420.0,58.0,665.0,29.5,433.5,43.5,679.5,43.0,420.0,58.0,665.0,880.0,7.0,594.0,13.0,982.0,13.0
441,0.0,0.0,13945.134560573499,22,12241.394265551584,12679.417422506815,-0.12217453245943066,-0.09076406775200241,-0.09346838031088478,3.392059214807734,345,147,0.006376135407628268,0.16844282165242486,0.065755490080312,438.0231569552481,186046.31391049645,13711.900510044736,93.02315695524823,345.0,5065.0,5996.0,0.0,77.0,99.0,0.0,144,82.83679657848164,86.18389428723688,62.0,69.0,77.0,1372.0,99.0,1610.0,53.75,1395.25,68.5,1640.5,77.0,1372.0,99.0,1610.0,1096.0,10.0,2251.0,26.0,1186.0,27.0
442,0.0,0.0,26029.776799057756,19,19929.125627159632,20391.79217824492,-0.23437201244533756,-0.21659750155894242,-0.21925146019356512,3.0729467336981853,316,142,0.004988434639263725,0.16534582396009784,0.08000999182192607,462.66655108528926,293333.1021705783,23864.15447377134,146.66655108528917,316.0,4337.0,5231.0,0.0,70.0,85.0,0.0,132,67.75447589764273,81.76601026115829,56.0,56.24983596801758,70.0,1071.0,85.0,1280.0,45.75,1095.25,61.5,1303.5,70.0,1071.0,85.0,1280.0,951.0,10.0,1983.0,34.0,1165.0,18.0
443,0.0,0.0,10226.537146970795,25,7873.371083639336,8286.268605383153,-0.23010389827102828,-0.18972879222976957,-0.19496591700555255,2.9480400459250498,357,138,0.006817317264757848,0.1567747037125914,0.05215743880639715,412.8975217438251,111795.04348765011,9480.454958725852,55.89752174382505,357.0,5349.0,7072.0,0.0,78.0,116.0,0.0,165,99.09631578302451,109.85998269185043,75.5,72.5,78.0,1594.0,116.0,2285.0,52.75,1619.25,79.75,2321.25,78.0,1594.0,116.0,2285.0,1357.0,25.0,1715.0,31.0,1738.0,27.0
444,0.0,0.0,428668.4388422409,14,421963.74233084795,424380.09421737556,-0.015640751461668545,-0.010003873008349817,-0.010191847940172583,2.4807176564030216,216,103,0.0031449119351894296,0.15820413654893895,0.10899083057407954,2416.351886527799,4400703.773055594,443490.99560936174,2200.3518865277974,216.0,3559.0,3497.0,0.0,41.0,58.0,0.0,91,91.22823772440795,91.33371231777572,80.23585510253906,70.05912780761719,41.0,573.0,58.0,602.0,28.25,585.75,39.0,621.0,41.0,573.0,58.0,602.0,716.0,13.0,1363.0,20.0,874.0,9.0
445,0.0,0.0,66981.65763335474,29,51751.49946379298,52547.38627967539,-0.22737804210413615,-0.2154958814648914,-0.21724942658878266,2.9781639063848457,429,196,0.0031136100261734303,0.16182994350751007,0.04529884838147767,795.8868158825065,733773.6317650139,61596.142357367105,366.88681588250694,429.0,5743.0,8873.0,0.0,78.0,126.0,0.0,166,68.2576269864295,83.37710019004936,49.624732971191406,68.6943359375,78.0,1818.0,126.0,2792.0,58.75,1837.25,89.5,2828.5,78.0,1818.0,126.0,2792.0,1859.0,28.0,2672.0,33.0,2530.0,37.0
446,0.0,0.0,123909.25610043578,11,117619.95167814671,118387.14570910914,-0.05075734146278166,-0.044565761793054826,-0.04490797234435839,2.3906718745321753,168,84,0.007501499909593443,0.16578037848689142,0.11707230720975156,767.1940309625317,1198388.0619250638,125319.1701767493,599.1940309625319,168.0,2600.0,2944.0,0.0,32.0,41.0,0.0,71,84.86914861231497,91.49356334433055,71.0,65.56790924072266,32.0,341.0,41.0,367.0,19.75,353.25,27.75,380.25,32.0,341.0,41.0,367.0,612.0,9.0,998.0,12.0,716.0,8.0
447,0.0,0.0,34346.095136183525,7,30820.020786080462,31154.780506569718,-0.10266303450572911,-0.09291637424749821,-0.09346710754060084,3.2147965537592667,124,62,0.003738155918185879,0.17259268207228162,0.17436297935554232,334.7597204892828,421519.4409785656,32779.6358128523,210.7597204892828,124.0,1465.0,2063.0,0.0,25.0,30.0,0.0,51,87.51197238644806,74.61652975282905,78.0,44.5,25.0,131.0,30.0,171.0,16.75,139.25,21.5,179.5,25.0,131.0,30.0,171.0,402.0,6.0,443.0,8.0,432.0,5.0
448,0.0,0.0,128631.29928067098,13,88122.80343803442,89043.67235178637,-0.3149194330553081,-0.30776045294003584,-0.3095674669381506,2.9899758022145266,206,101,0.003720290233363044,0.17219918788812888,0.12945731600222665,920.8689137520835,1429737.8275041666,119544.26407441415,714.8689137520834,206.0,2468.0,4084.0,0.0,36.0,56.0,0.0,83,96.57628096365482,79.28169138525803,77.80516815185547,64.888427734375,36.0,356.0,56.0,631.0,28.0,364.0,36.5,650.5,36.0,356.0,56.0,631.0,803.0,15.0,1291.0,22.0,1163.0,15.0
449,0.0,0.0,20687.719582387534,22,17164.6222190548,17621.84545077801,-0.17029897129561433,-0.14819778078486956,-0.14997089180256606,3.124959189733943,337,148,0.006503668375942997,0.16668000431154317,0.06726282827295062,457.2232317232271,240446.4634464535,19235.96828371101,120.22323172322676,337.0,4524.0,6540.0,0.0,68.0,99.0,0.0,146,82.47560273088116,101.95626252690387,69.37722778320312,78.0,68.0,1202.0,99.0,1837.0,49.0,1221.0,65.75,1870.25,68.0,1202.0,99.0,1837.0,1336.0,20.0,1891.0,34.0,1678.0,25.0
450,0.0,0.0,217583.57050509067,8,158922.46046033307,160344.52876754227,-0.26960266305302283,-0.2630669292018498,-0.2646414092323508,3.084594646447653,122,63,0.004872187332657482,0.18157964436444218,0.162231902204019,1422.0683072093154,2600136.614418632,210735.68105723851,1300.068307209316,122.0,1569.0,2463.0,0.0,20.0,31.0,0.0,48,80.08828804389827,96.64924023627552,62.941410064697266,65.0,20.0,137.0,31.0,196.0,14.75,142.25,23.5,203.5,20.0,137.0,31.0,196.0,452.0,5.0,730.0,7.0,729.0,9.0
451,0.0,0.0,10586.150962661084,12,8552.261972284265,8809.667238434056,-0.19212733670156845,-0.16781205279359301,-0.17126956082330747,3.4793791543084645,187,85,0.006612626105264686,0.16947064021493197,0.11266808654847141,257.40526614980274,140810.53229960537,10117.504162002706,70.40526614980269,187.0,2679.0,3368.0,0.0,39.0,51.0,0.0,85,85.86104311571792,78.20950057688293,57.56806182861328,67.1744155883789,39.0,440.0,51.0,489.0,23.0,456.0,38.0,502.0,39.0,440.0,51.0,489.0,608.0,9.0,1163.0,13.0,915.0,18.0
452,0.0,0.0,13170.473050086366,9,8899.229044820344,9175.597864297963,-0.32430452490375916,-0.303320554288079,-0.3073201674612891,4.284519057164467,181,91,0.0039616273435833585,0.16448195645781466,0.1470931190372156,276.3688194776302,190737.6389552602,11129.466132045403,95.3688194776301,181.0,1848.0,2688.0,0.0,37.0,44.0,0.0,72,48.63523642974679,66.0002948032955,32.4754638671875,62.157249450683594,37.0,243.0,44.0,324.0,27.25,252.75,34.0,334.0,37.0,243.0,44.0,324.0,429.0,7.0,1017.0,15.0,1028.0,15.0
453,0.0,0.0,53177.6926856187,22,49678.49065673856,50320.02385702785,-0.06580206571892988,-0.053738112435323226,-0.05433373891686333,2.814679772569217,344,156,0.005404340869601786,0.16337623896405817,0.06386030545633814,641.5332002893239,595066.4005786476,52853.8278473039,297.5332002893238,344.0,4763.0,6325.0,0.0,78.0,88.0,0.0,143,79.12381303952806,101.14065427456762,62.12705993652344,85.0,78.0,1271.0,88.0,1709.0,49.75,1299.25,60.5,1736.5,78.0,1271.0,88.0,1709.0,1288.0,18.0,1673.0,32.0,1564.0,17.0
454,0.0,0.0,31297.717820836977,7,31698.02204453906,32039.79039221938,0.01279020489588456,0.02371011763957931,0.023631919474903063,3.390342564472187,123,60,0.0053048506616353635,0.16756173866448976,0.20116726187844364,341.7683476803516,437536.6953607032,32263.45767723471,218.7683476803516,123.0,1540.0,1988.0,0.0,31.0,25.0,0.0,53,74.5667339597204,71.86864794580008,39.0,59.0,31.0,139.0,25.0,176.0,20.5,149.5,17.5,183.5,31.0,139.0,25.0,176.0,334.0,5.0,620.0,13.0,446.0,6.0
455,0.0,0.0,123751.31244155079,11,108196.32231952167,109056.2813229004,-0.1256955567996576,-0.11874646683517831,-0.11918060951858345,2.895907564289608,181,86,0.008615564154345718,0.1618180937448679,0.11710625413530164,859.95900337883,1357918.0067576608,117227.32654717607,678.9590033788304,181.0,2267.0,3277.0,0.0,38.0,46.0,0.0,77,76.29154252112937,93.45286225455297,50.638153076171875,81.5,38.0,310.0,46.0,453.0,25.0,323.0,33.25,465.75,38.0,310.0,46.0,453.0,645.0,9.0,757.0,16.0,1047.0,13.0
456,0.0,0.0,263049.90023276064,17,240737.33879854408,243139.88956202674,-0.08482254285013302,-0.07568910177542909,-0.07651371293582543,3.8837339366888233,317,152,0.0030516237815484347,0.1628808531117771,0.07931608109347826,2402.5507634828755,4171101.5269657536,268498.1511968565,2085.550763482877,317.0,4364.0,4204.0,0.0,80.0,68.0,0.0,126,69.19073945059556,60.8543821889114,66.65363311767578,49.0,80.0,979.0,68.0,1015.0,54.25,1004.75,52.0,1031.0,80.0,979.0,68.0,1015.0,740.0,7.0,2012.0,32.0,1409.0,22.0
457,0.0,0.0,37432.94738469901,8,29511.033644198313,29867.45996733771,-0.21162944128035277,-0.2021077138172066,-0.20390347453951863,2.9621556623777456,138,73,0.0013311889864816553,0.1806114305124685,0.18072687261712933,356.4263231394165,436852.6462788329,36869.487635920515,218.42632313941647,138.0,1936.0,2096.0,0.0,30.0,27.0,0.0,54,75.18287779258614,73.23524751186498,49.5190315246582,50.0,30.0,174.0,27.0,201.0,20.25,183.75,23.5,204.5,30.0,174.0,27.0,201.0,393.0,5.0,791.0,15.0,784.0,8.0
458,0.0,0.0,194802.63292602432,23,165063.99477350453,166479.42322095486,-0.15266035014944046,-0.1453943885646818,-0.1460965745017221,2.8351724842258794,370,172,0.005468611825763283,0.16267622367898096,0.05907807119347618,1415.4284474504789,2090856.89490096,184367.69777975706,1045.42844745048,370.0,5018.0,6574.0,0.0,76.0,99.0,0.0,151,78.16473102574295,86.3755173005796,64.91220092773438,69.0,76.0,1463.0,99.0,1835.0,50.75,1488.25,61.0,1873.0,76.0,1463.0,99.0,1835.0,1236.0,16.0,2360.0,35.0,1796.0,28.0
459,0.0,0.0,74685.2015161281,14,76615.07839042527,77279.52190909279,0.025840150861485167,0.03473673954544321,0.0348094925481357,2.839172577907363,231,105,0.004757087614823969,0.17408988813089585,0.12200742592379347,664.443518667597,866887.0373351936,76332.71785596601,433.44351866759683,231.0,3321.0,3727.0,0.0,54.0,58.0,0.0,102,89.52488373575663,87.21235840725512,78.58999633789062,76.5,54.0,647.0,58.0,667.0,31.75,669.25,38.75,686.25,54.0,647.0,58.0,667.0,760.0,15.0,1468.0,23.0,724.0,11.0
460,0.0,0.0,257817.41919782566,7,257452.49234742706,259362.63336405874,-0.0014154468365017436,0.00599344362006593,0.0058274682374479525,3.3612001020595947,126,63,0.005170657769207798,0.17423769860352759,0.1904914576908825,1910.1410166318096,3568282.0332636177,265402.380468001,1784.141016631809,126.0,1454.0,2074.0,0.0,29.0,27.0,0.0,55,62.21270714709656,67.96585808793795,52.554969787597656,51.0,29.0,137.0,27.0,192.0,20.0,146.0,16.5,202.5,29.0,137.0,27.0,192.0,474.0,6.0,456.0,11.0,523.0,9.0
461,0.0,0.0,11665.020139162592,13,8954.045626067682,9234.074803275033,-0.23240204309578893,-0.208396154218905,-0.2119363569454502,3.409759052635968,206,97,0.0067754955272879185,0.18209093717805142,0.11895869390027845,280.02917720735763,148058.35441471558,10855.485103870957,74.02917720735779,206.0,2753.0,3798.0,0.0,40.0,56.0,0.0,87,69.36694439040579,89.59316031348534,70.5,55.732276916503906,40.0,444.0,56.0,590.0,27.75,456.25,39.25,606.75,40.0,444.0,56.0,590.0,734.0,12.0,1158.0,18.0,1040.0,18.0
462,0.0,0.0,47688.15333388046,8,42652.79139489099,43020.94921564096,-0.10558936731592938,-0.09786925665925594,-0.09809500808507376,2.67541042670257,130,63,0.0025797392271002632,0.1570488332198439,0.1784422416436451,368.1578207499743,476315.6414999486,44508.651527441085,238.1578207499743,130.0,1238.0,2787.0,0.0,26.0,33.0,0.0,57,75.29119290856275,92.71738790593245,27.5,74.0,26.0,115.0,33.0,281.0,20.25,120.75,20.25,293.75,26.0,115.0,33.0,281.0,640.0,10.0,379.0,11.0,556.0,5.0
463,0.0,0.0,197094.06469017884,12,167032.2045824803,168279.36643469843,-0.15252544593341333,-0.14619769652006287,-0.14683682443884327,2.8184041856977884,203,97,0.007698229902580055,0.1701844947694153,0.1056085669618542,1247.1618522181768,2088323.704436354,185239.90588661088,1044.161852218177,203.0,2745.0,3303.0,0.0,41.0,53.0,0.0,80,66.7382110133573,89.71446989310576,52.0,84.0,41.0,407.0,53.0,459.0,26.5,421.5,36.25,475.75,41.0,407.0,53.0,459.0,646.0,12.0,1000.0,20.0,1080.0,14.0
464,0.0,0.0,437302.4384778512,8,453437.1247366063,456259.9135572297,0.03689594394880635,0.043350947562435405,0.04350355644298265,3.013948008220039,142,66,0.008568862370406743,0.18398410663368217,0.19574675685048099,2822.788820623584,5361577.64124717,444730.435513848,2680.7888206235853,142.0,1808.0,2224.0,0.0,29.0,39.0,0.0,62,85.76171470799999,84.26299581421752,79.59446716308594,74.27151489257812,29.0,183.0,39.0,245.0,18.75,193.25,24.0,260.0,29.0,183.0,39.0,245.0,488.0,10.0,660.0,12.0,282.0,1.0
465,0.0,0.0,110407.90105925767,30,105594.52488453207,106729.05691357049,-0.043596301791320013,-0.03332047897290147,-0.033477048496966644,3.082100137406049,471,215,0.002789094951348476,0.165741576185133,0.05337498056436694,1134.5320290384786,1327064.0580769563,107642.8408320501,663.5320290384782,471.0,6662.0,8457.0,0.0,102.0,124.0,0.0,184,85.26090690986585,93.93645544563408,73.12625122070312,73.9012451171875,102.0,2417.0,124.0,2876.0,66.5,2452.5,85.25,2914.75,102.0,2417.0,124.0,2876.0,1753.0,31.0,3172.0,48.0,2093.0,29.0
466,0.0,0.0,405485.69254637044,10,389867.1561683095,392294.4756066064,-0.038518094880190756,-0.0325318924495851,-0.03282940092019404,2.7988461625320626,160,82,0.003295862181407817,0.16482187826075034,0.15245832879822177,2427.319438297029,4534638.876594059,405045.3841746395,2267.3194382970296,160.0,1963.0,3077.0,0.0,24.0,44.0,0.0,62,86.18764524096177,90.04463497355165,72.37734985351562,58.83564758300781,24.0,211.0,44.0,341.0,17.0,218.0,30.0,355.0,24.0,211.0,44.0,341.0,637.0,11.0,850.0,10.0,531.0,8.0
467,0.0,0.0,10578.345938764427,23,8404.519757989257,8790.274047429713,-0.2054977397561908,-0.1690313307662128,-0.1729844465760565,3.0767174270523143,326,129,0.008269495870241624,0.1637764490098297,0.0585390670715154,385.754289440459,119508.57888091792,9710.72106184728,59.75428944045896,326.0,4764.0,6754.0,0.0,67.0,107.0,0.0,147,83.61502637925851,90.54133335307479,58.15030288696289,68.36183166503906,67.0,1325.0,107.0,1865.0,45.0,1347.0,73.0,1899.0,67.0,1325.0,107.0,1865.0,1416.0,25.0,2010.0,22.0,1326.0,22.0
468,0.0,0.0,36127.79702473179,29,30754.102560503503,31460.044123562304,-0.148741271452274,-0.12920114940786764,-0.13126544866475454,3.204612783609761,481,212,0.0038664183308699607,0.15347820708432264,0.054941338966236035,705.941563058821,449883.1261176415,35096.527762933125,224.94156305882075,481.0,6221.0,8375.0,0.0,118.0,122.0,0.0,195,69.71006294226106,87.68987890904437,48.33143615722656,69.0,118.0,2200.0,122.0,3209.0,78.25,2239.75,84.0,3247.0,118.0,2200.0,122.0,3209.0,1621.0,28.0,3105.0,54.0,2085.0,29.0
469,0.0,0.0,170571.30512297765,10,170402.87082468005,171747.34762049743,-0.0009874714752059477,0.00689472649969991,0.007037829761660674,3.4469716059205933,187,93,0.007719341791344298,0.15936705172363655,0.1392042071177038,1344.4767958174782,2314953.5916349567,167897.64003703586,1157.4767958174784,187.0,2137.0,2903.0,0.0,37.0,47.0,0.0,81,58.05639881677212,74.00526452483581,49.0,69.98015594482422,37.0,298.0,47.0,428.0,26.0,309.0,33.0,442.0,37.0,298.0,47.0,428.0,505.0,14.0,823.0,10.0,738.0,8.0
470,0.0,0.0,165321.98311399692,23,143857.7181763599,145169.66651759736,-0.12983309620013728,-0.12189737999031647,-0.12272353893434018,2.914301285676926,374,172,0.003939656517137086,0.16238534835002097,0.06829271073487116,1311.9483412376146,1875896.6824752283,160921.64970166254,937.9483412376142,374.0,4937.0,6655.0,0.0,76.0,103.0,0.0,146,83.02846982240365,88.87747041825821,74.5,60.0,76.0,1382.0,103.0,1797.0,49.25,1408.75,72.0,1828.0,76.0,1382.0,103.0,1797.0,1395.0,21.0,2422.0,35.0,1960.0,30.0
471,0.0,0.0,219651.9208518365,28,181689.50050909026,183577.98746416668,-0.1728299037655734,-0.16423226916373312,-0.16528502287795566,3.3893115733135133,477,228,0.004646830516312243,0.16284197078950166,0.0523618056891096,1888.4869550764306,2822973.910152858,208226.2023636423,1411.486955076429,477.0,6573.0,7539.0,0.0,100.0,121.0,0.0,186,77.1237309305551,72.03164032606888,60.5,57.39387893676758,100.0,2321.0,121.0,2666.0,71.25,2349.75,85.5,2701.5,100.0,2321.0,121.0,2666.0,1315.0,22.0,3174.0,49.0,2089.0,35.0
472,0.0,0.0,52139.549886537825,6,51202.94033111813,51750.99739519859,-0.017963514404283787,-0.007452164281908313,-0.008123133589134524,3.8442717939972,121,61,0.008861989320079526,0.17864095111246275,0.2384064960924011,548.0570640805215,854114.1281610428,55544.59816646779,427.0570640805214,121.0,1159.0,1865.0,0.0,23.0,31.0,0.0,53,61.967612513199306,58.759876190403915,63.72468566894531,47.0,23.0,95.0,31.0,169.0,14.75,103.25,21.0,179.0,23.0,95.0,31.0,169.0,355.0,3.0,431.0,8.0,369.0,8.0
473,0.0,0.0,68441.33019456749,23,61192.138436423025,61905.46751167655,-0.10591833527396677,-0.0954958453365905,-0.09633506347746057,2.7316197859096545,346,166,0.002360911200559692,0.15715839774249749,0.06639953389722984,713.3290752535407,734658.1505070806,67236.49410293321,367.3290752535403,346.0,5188.0,6404.0,0.0,72.0,85.0,0.0,137,95.21039028904185,83.3813394429903,76.5,73.0,72.0,1322.0,85.0,1672.0,50.25,1343.75,62.75,1694.25,72.0,1322.0,85.0,1672.0,1319.0,18.0,2511.0,34.0,1580.0,16.0
474,0.0,0.0,10427.396173779305,20,7041.483267552405,7403.950066339765,-0.3247131738162117,-0.28995216610665353,-0.2966694092260971,3.2560880402367487,304,126,0.00740006876588768,0.16086339539886724,0.06433315531312339,362.4667987873663,116933.59757473224,8978.07400550432,58.46679878736612,304.0,3416.0,6581.0,0.0,58.0,101.0,0.0,140,48.04754614905823,99.3566109477179,33.5,80.0,58.0,929.0,101.0,1689.0,42.25,944.75,70.5,1719.5,58.0,929.0,101.0,1689.0,1356.0,25.0,1642.0,26.0,1666.0,27.0
475,0.0,0.0,22179.356027134778,25,18260.99214303736,18773.66892255138,-0.17666716199079868,-0.15355211848426953,-0.15615990743712205,3.212959204663095,377,162,0.004933133205970838,0.16648223261791306,0.05584102318345344,512.6767795140298,271353.55902805954,21113.99038573485,135.67677951402976,377.0,5420.0,7159.0,0.0,81.0,109.0,0.0,162,71.54207436800158,95.89305294135137,63.30138397216797,74.93896484375,81.0,1623.0,109.0,2231.0,58.0,1646.0,75.75,2264.25,81.0,1623.0,109.0,2231.0,1399.0,25.0,2171.0,33.0,1710.0,27.0
476,0.0,0.0,235302.30089311473,30,187324.2972665184,189175.82617035584,-0.20389942403661476,-0.1960306998600566,-0.19709073053616588,3.1208870470744996,479,219,0.004002943231765708,0.1611364853179639,0.044465523629414604,1851.52890383781,2745057.8076756164,219894.03703738787,1372.5289038378082,479.0,6327.0,8793.0,0.0,90.0,140.0,0.0,190,66.51097986482979,85.94335285199688,43.086891174316406,65.5,90.0,2228.0,140.0,3242.0,62.0,2256.0,95.25,3286.75,90.0,2228.0,140.0,3242.0,1710.0,24.0,2579.0,29.0,2136.0,30.0
477,0.0,0.0,217061.88436914518,20,195485.60134308226,197026.2554138339,-0.09940152822671211,-0.0923037640327391,-0.09309848979778168,2.802624261555678,299,143,0.004266247548350191,0.1588532735747738,0.08629663127850912,1540.6540707518118,2483308.141503622,221516.32806864285,1241.6540707518109,299.0,4445.0,5635.0,0.0,63.0,73.0,0.0,120,91.06713854765846,89.85786876343086,84.0,70.7981948852539,63.0,988.0,73.0,1276.0,41.0,1010.0,48.5,1300.5,63.0,988.0,73.0,1276.0,1135.0,12.0,2432.0,36.0,1358.0,14.0
478,0.0,0.0,13563.394951574277,13,11945.376011628387,12237.876310767107,-0.11929306384741756,-0.0977276445565215,-0.09964328478517948,3.1556067157202268,208,94,0.005152933881431222,0.17600576242559038,0.14000245910056874,292.50029913872635,169000.5982774526,13388.914834946438,84.5002991387263,208.0,3033.0,3510.0,0.0,46.0,55.0,0.0,87,68.15421745293153,100.96548740348851,49.738922119140625,72.03321838378906,46.0,469.0,55.0,558.0,30.5,484.5,38.5,574.5,46.0,469.0,55.0,558.0,667.0,13.0,1535.0,20.0,689.0,13.0
479,0.0,0.0,192354.10464189693,30,153899.00662161142,155444.83243396092,-0.19991826060523565,-0.19188190590811416,-0.1928426469573017,3.030612653942506,464,214,0.0032916876328801053,0.16224081893963693,0.04568240124774271,1545.8258123496032,2163651.624699206,178483.0223919019,1081.825812349603,464.0,5898.0,9222.0,0.0,99.0,121.0,0.0,168,79.27064423682555,104.19965741765556,65.0,71.44828796386719,99.0,1825.0,121.0,2995.0,68.25,1855.75,88.5,3027.5,99.0,1825.0,121.0,2995.0,1930.0,23.0,2533.0,42.0,2531.0,32.0
480,0.0,0.0,301904.72976547014,11,246972.9356846639,248666.92952310535,-0.18195075686120954,-0.17633973566337213,-0.17687426430599507,2.751481271589473,170,86,0.0021214312646958182,0.1670803341473813,0.13809689009037218,1693.9938384416723,3047987.676883344,276940.6163468619,1523.993838441672,170.0,2061.0,3483.0,0.0,34.0,39.0,0.0,69,73.1205324797737,103.32947967050261,58.5,75.42438507080078,34.0,252.0,39.0,434.0,22.75,263.25,29.0,444.0,34.0,252.0,39.0,434.0,694.0,11.0,899.0,17.0,991.0,8.0
481,0.0,0.0,27687.19010720857,12,22481.8111574323,22864.84247107592,-0.1880067615969816,-0.17417251867957217,-0.1762402644918305,3.225818159981959,208,106,0.004599531985193325,0.15956215849094693,0.11662922237508543,383.0313136436238,350062.62728724716,27129.75514475411,175.03131364362358,208.0,2748.0,3300.0,0.0,39.0,51.0,0.0,84,64.91714653295604,80.62683717160401,57.0,69.82347869873047,39.0,400.0,51.0,518.0,29.5,409.5,34.25,534.75,39.0,400.0,51.0,518.0,574.0,16.0,1187.0,15.0,843.0,18.0
482,0.0,0.0,128663.63226847048,21,124614.30088631992,125671.44793162422,-0.031472229648399686,-0.023255867132701002,-0.023651198162127907,2.7500779290360633,329,148,0.004729724737259419,0.1606932360381148,0.09230500043239534,1057.1470453043225,1456294.090608644,132386.62032380054,728.1470453043221,329.0,4169.0,6415.0,0.0,73.0,87.0,0.0,132,75.7317218696216,88.4311551935342,62.0,55.0,73.0,1042.0,87.0,1570.0,50.75,1064.25,56.5,1600.5,73.0,1042.0,87.0,1570.0,1310.0,17.0,2048.0,38.0,1184.0,13.0
483,0.0,0.0,33049.5454719218,28,24338.60975055433,24943.521332496424,-0.2635720279048346,-0.24526885388823538,-0.24857819798655922,2.9861408347521055,423,191,0.0043074588358800354,0.16508409544841263,0.05190215287180482,604.911581942102,363823.16388420237,30459.31052967275,181.91158194210118,423.0,5810.0,8302.0,0.0,76.0,128.0,0.0,170,73.24829408452429,88.31243529874396,59.5,60.997352600097656,76.0,1844.0,128.0,2712.0,51.75,1868.25,84.5,2755.5,76.0,1844.0,128.0,2712.0,1551.0,26.0,3049.0,36.0,2060.0,33.0
484,0.0,0.0,16942.618988057104,14,16084.06833594145,16409.960010687188,-0.05067402228196527,-0.03143899876078127,-0.03197790056221017,3.048984220210661,223,99,0.004001708619359525,0.17067113560592445,0.14134807143222475,325.8916747457373,205783.34949147457,16873.107125924755,102.89167474573729,223.0,3374.0,3664.0,0.0,50.0,60.0,0.0,104,86.32919924612021,91.01387339372863,73.5,68.5,50.0,636.0,60.0,706.0,33.75,652.25,43.25,722.75,50.0,636.0,60.0,706.0,705.0,12.0,1744.0,27.0,714.0,11.0
485,0.0,0.0,13531.707782411999,8,10387.27723158657,10602.904657401841,-0.23237499666615924,-0.21644002162217135,-0.21823740919995882,3.2294546975902234,140,71,0.0067768940715986275,0.16972130401527413,0.15426691633723305,215.62742581528,151254.85163056004,11709.00862484806,75.62742581528002,140.0,1704.0,2310.0,0.0,28.0,33.0,0.0,58,90.49099567501409,75.49861487573283,67.64347839355469,57.0,28.0,163.0,33.0,238.0,20.25,170.75,22.5,248.5,28.0,163.0,33.0,238.0,407.0,3.0,711.0,9.0,614.0,8.0
486,0.0,0.0,35124.3511657089,20,24590.095091051815,25126.614186021794,-0.2999131862951375,-0.2846383391545084,-0.28729626672136255,3.289197226518047,334,146,0.0033214858337424495,0.15854343914645927,0.07585386095049486,536.5190949699931,405038.18993998674,30785.48974461781,202.51909496999338,334.0,3162.0,6908.0,0.0,51.0,117.0,0.0,138,69.78275473540539,85.09031039543885,66.79354858398438,60.0,51.0,770.0,117.0,1820.0,36.0,785.0,79.75,1857.25,51.0,770.0,117.0,1820.0,1364.0,21.0,1620.0,30.0,1721.0,26.0
487,0.0,0.0,57814.55433704474,10,37656.248624523076,38076.90493316832,-0.34867181704806827,-0.341395858364846,-0.34273732362693266,2.69547100292856,165,86,0.003107779342788013,0.17647418810412016,0.13306545511312176,420.65630864525997,511312.61729052,47423.309018627166,255.65630864526,165.0,2023.0,3017.0,0.0,22.0,47.0,0.0,65,64.22578229540385,70.65994170047526,45.554019927978516,36.6060676574707,22.0,221.0,47.0,360.0,14.75,228.25,31.75,375.25,22.0,221.0,47.0,360.0,513.0,10.0,827.0,5.0,831.0,11.0
488,0.0,0.0,20402.924784252285,6,13521.2654558926,13714.276942216653,-0.3372878840229415,-0.3278278929498467,-0.32984224572128584,2.9558160701073177,91,44,0.008788810353502952,0.18848549316977142,0.2250003256012218,193.0114863240622,204022.9726481246,17256.0612542374,102.01148632406229,91.0,906.0,2118.0,0.0,8.0,33.0,0.0,38,71.22195058816106,84.42170866250046,47.48278045654297,70.84225463867188,8.0,71.0,33.0,116.0,6.0,73.0,23.0,126.0,8.0,71.0,33.0,116.0,444.0,14.0,143.0,2.0,614.0,7.0
489,0.0,0.0,19332.71041505929,11,16168.341831181711,16518.291338669125,-0.16367951083634302,-0.1455780910160358,-0.1474021297095326,3.8429699344668506,208,106,0.004563608609163577,0.176452509010711,0.12132962418484236,349.94950748743383,283899.01497486775,18468.72469835326,141.9495074874339,208.0,2414.0,3130.0,0.0,41.0,50.0,0.0,82,76.86737901900922,59.8232608017757,77.11360168457031,40.21269989013672,41.0,312.0,50.0,499.0,28.0,325.0,36.75,512.25,41.0,312.0,50.0,499.0,589.0,6.0,1213.0,18.0,976.0,22.0
490,0.0,0.0,450543.48768642376,15,388757.00509308046,391870.4625924704,-0.13713766657825144,-0.13022721823201566,-0.13065262649014564,3.429759461790018,242,119,0.002743218156895567,0.1694250740288997,0.1217551951231684,3113.4574993901188,5742914.9987802375,418609.1665290549,2871.4574993901188,242.0,2674.0,4886.0,0.0,47.0,61.0,0.0,98,57.986253982908856,89.86936195031588,41.0,62.0,47.0,438.0,61.0,924.0,35.25,449.75,44.25,940.75,47.0,438.0,61.0,924.0,980.0,12.0,1363.0,23.0,1085.0,17.0
491,0.0,0.0,160750.93592372173,12,160849.99785210035,162205.2859964917,0.0006162448001274523,0.009047226160226352,0.008854610560548037,3.3760387261668496,222,111,0.003996451174978668,0.17262686631725238,0.13069459874701528,1355.288144391469,2266576.288782937,167842.88278561935,1133.2881443914684,222.0,3125.0,2923.0,0.0,47.0,52.0,0.0,95,81.31398287753423,61.51292281540152,69.0,52.490478515625,47.0,520.0,52.0,521.0,36.25,530.75,35.0,538.0,47.0,520.0,52.0,521.0,588.0,15.0,1545.0,21.0,769.0,11.0
492,0.0,0.0,229701.30889552395,19,239363.04029876177,240832.64379845065,0.04206215214747555,0.04846004124421266,0.048731266653689875,2.5832874298845714,284,134,0.005093207431234459,0.1766572390466362,0.10660678407183062,1469.603499689017,2371206.9993780353,229475.72267287225,1185.6034996890178,284.0,4793.0,4783.0,0.0,61.0,70.0,0.0,115,98.09537648717588,87.09817026045104,95.90372467041016,74.0,61.0,1035.0,70.0,1019.0,40.75,1055.25,47.0,1042.0,61.0,1035.0,70.0,1019.0,960.0,15.0,2292.0,28.0,882.0,7.0
493,0.0,0.0,15359.102722698162,30,11526.703830315968,12017.013252502493,-0.24951971228882763,-0.21759666111592735,-0.2219840193346192,2.9095248481528837,410,164,0.0072769170261166045,0.16262814468493553,0.044987907080757866,490.3094221865203,160618.84437304095,13801.123272328303,80.30942218652048,410.0,5942.0,9119.0,0.0,91.0,126.0,0.0,184,81.121466529734,104.81184441761384,71.0,75.26239013671875,91.0,2114.0,126.0,3169.0,63.75,2141.25,84.0,3211.0,91.0,2114.0,126.0,3169.0,1890.0,23.0,2883.0,46.0,2517.0,33.0
494,0.0,0.0,168539.82281129307,7,172401.5354165199,173945.99234575953,0.02291276056193925,0.03207651132112277,0.031799695809450856,3.8782291805911138,158,82,0.006822699323716643,0.18957880175918676,0.24218019565201732,1544.456929239836,2772913.858479674,178748.7103880379,1386.456929239837,158.0,1806.0,1722.0,0.0,33.0,36.0,0.0,68,51.029609284120205,60.709703061375116,29.0,44.78742980957031,33.0,201.0,36.0,206.0,23.5,210.5,24.75,217.25,33.0,201.0,36.0,206.0,326.0,4.0,886.0,16.0,524.0,6.0
495,0.0,0.0,427077.78368031105,24,355843.84539706644,358908.3283327208,-0.16679382774114693,-0.15961835982229056,-0.1602018224648114,3.3815954915150037,401,191,0.003020991342921265,0.16215501781992211,0.06464903217360597,3064.4829356544947,5326965.871308999,393820.4528509737,2663.4829356544997,401.0,4738.0,7358.0,0.0,80.0,106.0,0.0,155,67.76865073520193,82.84638630828259,54.5,68.5,80.0,1385.0,106.0,2149.0,53.25,1411.75,79.5,2175.5,80.0,1385.0,106.0,2149.0,1456.0,23.0,2040.0,38.0,2195.0,30.0
496,0.0,0.0,15683.90271972935,19,13181.483624796021,13546.396862380707,-0.15955334202535232,-0.13628660516108648,-0.1391825673976943,3.0486803514323695,271,116,0.004480657348792184,0.1578110899512803,0.08057768900443196,364.9132375846883,187826.47516937662,15402.276847516141,93.9132375846883,271.0,3776.0,5776.0,0.0,53.0,83.0,0.0,116,96.6459500774715,101.82818782661965,78.88114929199219,72.58794403076172,53.0,827.0,83.0,1237.0,35.75,844.25,56.75,1263.25,53.0,827.0,83.0,1237.0,1091.0,19.0,1484.0,22.0,1593.0,21.0
497,0.0,0.0,25373.970636177146,30,20532.50512307875,21147.768693940598,-0.19080441065048115,-0.16655658678074636,-0.16898603475909746,3.1143840918941095,470,199,0.004657825221601168,0.16802238926046642,0.05607340461930438,615.2635708618507,290527.1417237009,23321.396233677766,145.26357086185047,470.0,6409.0,8685.0,0.0,91.0,150.0,0.0,200,80.72576607708493,78.28027411640892,70.0,53.53980255126953,91.0,2416.0,150.0,3328.0,62.25,2444.75,101.0,3377.0,91.0,2416.0,150.0,3328.0,1657.0,25.0,3261.0,49.0,1898.0,32.0
498,0.0,0.0,56356.36222504536,21,48683.419910373814,49268.511914021394,-0.13615041872347133,-0.12576841426918883,-0.12653529474159209,2.6268093810185915,304,138,0.007242795419887449,0.166209972362945,0.0690883712768207,585.092003647599,562184.0072951979,53504.4540496122,281.092003647599,304.0,4829.0,5753.0,0.0,64.0,81.0,0.0,119,79.26668262029787,101.78995748302417,67.82254028320312,77.65845489501953,64.0,1029.0,81.0,1324.0,43.5,1049.5,55.25,1349.75,64.0,1029.0,81.0,1324.0,1182.0,11.0,1989.0,32.0,1492.0,14.0
499,0.0,0.0,10937.221729053024,10,8973.646956415705,9224.01545737765,-0.17953140397815914,-0.1566399872030123,-0.15942295516592597,3.2640840519171173,180,90,0.004520410738507201,0.16983891691822148,0.12093252956995812,250.36850096195258,140737.00192390525,10779.21092758359,70.36850096195262,180.0,2547.0,2493.0,0.0,34.0,46.0,0.0,78,82.99335743757071,89.08927611208345,67.03435516357422,73.4738540649414,34.0,325.0,46.0,375.0,24.75,334.25,36.75,384.25,34.0,325.0,46.0,375.0,416.0,13.0,900.0,14.0,610.0,14.0
500,0.0,0.0,155185.70186342954,8,112992.77335366979,114132.8298387137,-0.27188670092101297,-0.26454029934306855,-0.2660385196190862,3.5223372221840727,143,69,0.0053799730329223815,0.1712183531196856,0.19981941862714123,1140.0564850440455,1994112.9700880907,141533.3657953691,997.0564850440454,143.0,1615.0,2417.0,0.0,24.0,42.0,0.0,58,83.83555387399416,70.61552595998751,61.0,55.533775329589844,24.0,165.0,42.0,233.0,15.0,174.0,29.0,246.0,24.0,165.0,42.0,233.0,460.0,11.0,895.0,13.0,723.0,11.0
501,0.0,0.0,105752.09682106358,28,91437.7915600942,92525.21174145963,-0.13535717674884218,-0.12507444747865681,-0.12621211141688782,3.1656239150950958,434,192,0.004910135903108841,0.15843346615990253,0.05282426426963159,1087.4201813655125,1306840.3627310246,103205.59215036816,653.4201813655123,434.0,5556.0,8556.0,0.0,86.0,128.0,0.0,176,81.08936924156276,71.4898959559387,54.0,54.0,86.0,1982.0,128.0,2732.0,60.0,2008.0,84.25,2775.75,86.0,1982.0,128.0,2732.0,1734.0,27.0,1883.0,31.0,2171.0,29.0
502,0.0,0.0,427299.2364591124,8,334416.9837268856,337732.64030115167,-0.21737050948630599,-0.20961094360984467,-0.21075243172839409,3.9322652407952807,170,85,0.005430254210033323,0.17055999332482086,0.168449638141904,3315.656574266411,6291313.148532823,399980.21263059793,3145.6565742664116,170.0,1823.0,2209.0,0.0,37.0,40.0,0.0,74,52.80741607592733,89.20724256797246,30.361122131347656,76.13719177246094,37.0,227.0,40.0,288.0,27.0,237.0,28.5,299.5,37.0,227.0,40.0,288.0,409.0,9.0,939.0,15.0,833.0,10.0
503,0.0,0.0,74933.69519212996,28,62635.4323362809,63540.27935399404,-0.16412193238724337,-0.15204663014313136,-0.15326148182325083,3.199100982525983,452,208,0.0037565117346503307,0.15877518686461045,0.04890520094396072,904.84701771318,905694.0354263601,70777.23088247373,452.84701771318004,452.0,5628.0,8484.0,0.0,88.0,128.0,0.0,176,75.6998647899027,89.18786545384582,52.0,67.476318359375,88.0,1901.0,128.0,2811.0,61.0,1928.0,93.0,2846.0,88.0,1901.0,128.0,2811.0,1799.0,28.0,2441.0,38.0,2610.0,36.0
504,0.0,0.0,79614.71632718951,23,67299.90382293993,68211.36056188044,-0.15468010277948963,-0.1432317577876575,-0.14439823746447455,3.447279207632213,388,184,0.004574593269942964,0.16427188730326395,0.06932993667738392,911.4567389406108,1046913.4778812226,75923.17120436425,523.4567389406113,388.0,4614.0,6973.0,0.0,83.0,98.0,0.0,150,91.60099855473143,80.30340765749537,80.01615905761719,62.5,83.0,1330.0,98.0,1938.0,58.75,1354.25,68.75,1967.25,83.0,1330.0,98.0,1938.0,1434.0,21.0,2386.0,41.0,1803.0,33.0
505,0.0,0.0,203896.19137167506,25,158349.31200851468,159786.03617933154,-0.2233826883020812,-0.21633633711154854,-0.21745016344074808,2.7909166646637753,379,176,0.0038676195848256468,0.16246366766619016,0.060525391408486624,1436.7241708168206,2115448.3416336398,189494.04405527905,1057.7241708168199,379.0,5095.0,7502.0,0.0,70.0,108.0,0.0,148,73.50774201628329,91.70986931307185,46.0,74.88188171386719,70.0,1450.0,108.0,2071.0,45.5,1474.5,71.5,2107.5,70.0,1450.0,108.0,2071.0,1549.0,26.0,2541.0,31.0,2063.0,28.0
506,0.0,0.0,23662.950737735955,30,19445.917326118462,20008.493382077908,-0.17821249168610553,-0.15443793955206875,-0.15721955432268897,3.0301226735741964,426,184,0.005404616412297177,0.16638285525980528,0.04935775582669082,562.5760559594576,273152.11191891524,22536.390547904557,136.57605595945762,426.0,6479.0,8627.0,0.0,91.0,121.0,0.0,176,82.4138253831488,96.420320530469,65.78492736816406,72.67633819580078,91.0,2150.0,121.0,2912.0,62.5,2178.5,88.0,2945.0,91.0,2150.0,121.0,2912.0,1734.0,30.0,2991.0,40.0,2042.0,31.0
507,0.0,0.0,139595.05768879922,5,125105.93877456721,125927.2476671364,-0.10379392475722715,-0.09791041493841868,-0.09819676707025304,2.772137379426551,85,43,0.003086214724720707,0.20060221235089135,0.30714851813081223,821.3088925692671,1472617.7851385332,132805.26752277708,736.3088925692666,85.0,1515.0,1005.0,0.0,16.0,21.0,0.0,36,89.79467356629115,70.17314194972265,93.81261444091797,40.0,16.0,82.0,21.0,61.0,9.75,88.25,17.25,64.75,16.0,82.0,21.0,61.0,174.0,4.0,847.0,13.0,284.0,6.0
508,0.0,0.0,213710.17238874754,8,196763.20006189158,198160.11630917256,-0.07929885665914271,-0.07276235803735531,-0.07317569253500833,3.001359239954386,142,72,0.0031325526663945904,0.17558549458804346,0.21424291548340132,1396.9162472810763,2509832.4945621514,209057.98789020465,1254.9162472810758,142.0,1483.0,2549.0,0.0,26.0,36.0,0.0,56,75.06606067414998,71.93054843150954,62.62205505371094,51.79064178466797,26.0,160.0,36.0,226.0,20.75,165.25,24.0,238.0,26.0,160.0,36.0,226.0,474.0,5.0,670.0,10.0,573.0,6.0
509,0.0,0.0,29086.985745122416,14,23912.343518020876,24322.88455923692,-0.17790231935494638,-0.16378806754441322,-0.16544625646711342,3.0781647450957528,240,110,0.0050142273615582985,0.17419490663815143,0.11559112828788218,410.54104121606866,341082.0824321371,27701.740377570906,170.54104121606855,240.0,3141.0,3904.0,0.0,48.0,68.0,0.0,102,68.6604071445496,91.23818213225796,55.07952117919922,72.30923461914062,48.0,562.0,68.0,749.0,31.0,579.0,43.25,773.75,48.0,562.0,68.0,749.0,798.0,12.0,1353.0,22.0,881.0,17.0
510,0.0,0.0,333807.8698498967,9,266329.5056440578,268308.5474120172,-0.20214731377118778,-0.19621862860013628,-0.19705740479828215,2.9350724246297624,146,71,0.007455045185477972,0.1730202544397135,0.15862164086404262,1979.041767959656,3666083.5359193143,312265.1680717694,1833.0417679596571,146.0,1597.0,2939.0,0.0,23.0,43.0,0.0,62,51.70185205883031,98.92703711108993,49.0,78.80055236816406,23.0,155.0,43.0,337.0,15.75,162.25,26.25,353.75,23.0,155.0,43.0,337.0,626.0,9.0,499.0,8.0,763.0,13.0
511,0.0,0.0,97703.44933188097,8,74018.87637057502,74665.65512691348,-0.24241286385758742,-0.23579304888932084,-0.23667975670424135,2.9423711753764232,128,64,0.005019058268480974,0.16483012443203965,0.1559035421131319,646.7787563385353,1037557.5126770702,88156.57940779119,518.7787563385351,128.0,1959.0,2073.0,0.0,22.0,34.0,0.0,52,86.283545898456,94.54454128960633,85.70184326171875,80.0,22.0,168.0,34.0,192.0,13.75,176.25,25.25,200.75,22.0,168.0,34.0,192.0,362.0,5.0,732.0,8.0,517.0,13.0
512,0.0,0.0,49003.526117229056,5,38886.84185467995,39256.427175149496,-0.20644808780387336,-0.19890607297854423,-0.19933079967520317,3.2798052752473774,95,47,0.007309649532533754,0.18525700062671108,0.31324002891232255,369.58532046957305,549170.6409391462,41860.003479758816,274.5853204695731,95.0,1027.0,1493.0,0.0,18.0,25.0,0.0,42,62.050620252877394,81.69833161208449,39.0,59.228572845458984,18.0,72.0,25.0,95.0,13.25,76.75,16.75,103.25,18.0,72.0,25.0,95.0,295.0,2.0,439.0,9.0,470.0,6.0
513,0.0,0.0,175083.0949924972,11,144504.29026400065,145689.83628107898,-0.17465309674704432,-0.16788176330032212,-0.16832047349281687,3.144168748442602,207,107,0.0069510649158428615,0.18070166487690079,0.11596020496766149,1185.5460170784813,1957092.0341569618,155612.83368826547,978.546017078481,207.0,2156.0,3388.0,0.0,39.0,50.0,0.0,84,64.45329417116588,77.99415307097405,57.0,66.29874420166016,39.0,319.0,50.0,516.0,27.5,330.5,34.25,531.75,39.0,319.0,50.0,516.0,650.0,12.0,838.0,20.0,990.0,15.0
514,0.0,0.0,129186.52751982569,18,116799.94548269134,117885.22991788053,-0.09588137613833947,-0.08748046579555901,-0.08809242620196245,3.0576808805104276,306,146,0.006516926446010353,0.1652199037833492,0.07901598340825258,1085.2844351892568,1558568.8703785148,127430.63544603274,779.2844351892574,306.0,4170.0,4902.0,0.0,77.0,65.0,0.0,124,87.1197763998531,90.8385310112159,70.0,82.0,77.0,1003.0,65.0,1087.0,45.0,1035.0,46.5,1105.5,77.0,1003.0,65.0,1087.0,988.0,16.0,2124.0,32.0,1554.0,14.0
515,0.0,0.0,45684.65000145718,27,33786.09535661231,34482.12808422479,-0.26044972752259987,-0.24521413465737552,-0.2478313630791753,3.1365729292059172,435,204,0.0035248087490165688,0.16128205478702629,0.05346062899000571,696.0327276125084,522065.45522501814,41611.136342778176,261.03272761250906,435.0,5329.0,8270.0,0.0,78.0,126.0,0.0,162,75.3012434907845,80.22299339164682,61.5,50.5,78.0,1676.0,126.0,2492.0,54.75,1699.25,95.25,2522.75,78.0,1676.0,126.0,2492.0,1616.0,23.0,2621.0,32.0,2464.0,37.0
516,0.0,0.0,37309.86487700543,11,28833.398609243875,29237.98780664855,-0.2271910202758658,-0.21634699286546288,-0.21749523690269545,3.2240193719729513,191,93,0.006328404612152286,0.1797772118060517,0.12392152191784499,404.5891974047148,427178.39480942965,33124.676492562154,213.58919740471484,191.0,1992.0,3552.0,0.0,34.0,53.0,0.0,82,69.75005235203264,76.1916916041005,51.39183044433594,59.0,34.0,308.0,53.0,507.0,23.5,318.5,35.75,524.25,34.0,308.0,53.0,507.0,755.0,12.0,915.0,18.0,945.0,24.0
517,0.0,0.0,47476.048672681995,8,35644.59145225816,35991.25912923126,-0.24920897065369574,-0.2419070218465581,-0.24300780572765723,2.7045229900795125,120,58,0.008261954500881623,0.167738256952149,0.16672771272280631,346.6676769731118,453335.3539462236,41905.296757423355,226.6676769731118,120.0,1424.0,2608.0,0.0,18.0,36.0,0.0,50,80.46231290315897,91.78599952605998,54.5,75.5,18.0,110.0,36.0,236.0,11.5,116.5,25.5,246.5,18.0,110.0,36.0,236.0,431.0,4.0,595.0,10.0,646.0,10.0
518,0.0,0.0,455686.65730851557,16,341291.10612674843,344192.3413940745,-0.25103994015852304,-0.24467320718358354,-0.24589112596237517,3.102987528320002,244,120,0.0031318647426740653,0.16533625373529734,0.08185552821864724,2901.2352673265423,5314470.534653086,428173.69439528574,2657.235267326543,244.0,3149.0,4915.0,0.0,45.0,63.0,0.0,93,63.041829266808904,84.93058208322165,53.061676025390625,60.0,45.0,520.0,63.0,860.0,29.75,535.25,48.75,874.25,45.0,520.0,63.0,860.0,941.0,8.0,1353.0,15.0,1357.0,23.0
519,0.0,0.0,12726.13379491618,10,11466.253475773015,11696.880500633066,-0.09899945572208746,-0.08087713919008765,-0.08193081757169529,2.73500208075725,164,74,0.00793564696304151,0.17518235416000427,0.14653508546572397,230.62702486005318,133254.04972010618,12180.434034917776,66.6270248600531,164.0,1998.0,3021.0,0.0,30.0,50.0,0.0,75,83.38755928476078,86.51569771579119,63.361297607421875,58.83958053588867,30.0,299.0,50.0,370.0,20.75,308.25,31.25,388.75,30.0,299.0,50.0,370.0,649.0,12.0,810.0,11.0,934.0,14.0
520,0.0,0.0,277942.8448670792,13,270142.55180736125,272560.6013101969,-0.02806437799630468,-0.019364569573490087,-0.01977691915190749,3.7595117293562867,245,114,0.007555419557903664,0.16146306857664205,0.12289572424361948,2418.049502835871,4346099.00567174,289006.8789874403,2173.04950283587,245.0,3202.0,3348.0,0.0,57.0,61.0,0.0,112,67.37865297038486,77.57749143888056,57.0,58.0,57.0,676.0,61.0,661.0,37.5,695.5,42.25,679.75,57.0,676.0,61.0,661.0,623.0,7.0,1100.0,21.0,733.0,23.0
521,0.0,0.0,39553.81298514908,10,28364.84856161696,28746.80087813273,-0.2828795400264733,-0.273223016731003,-0.2749264478983722,3.180296398211656,160,81,0.004507796140026782,0.17073668037102535,0.13806346940070827,381.95231651579275,443904.6330315854,34894.91052478645,221.95231651579272,160.0,1884.0,3156.0,0.0,22.0,47.0,0.0,63,65.63147805913502,71.3054336060875,48.906044006347656,62.0,22.0,197.0,47.0,364.0,15.25,203.75,35.75,375.25,22.0,197.0,47.0,364.0,638.0,13.0,924.0,10.0,914.0,16.0
522,0.0,0.0,20298.02052859798,12,13232.427714725201,13516.300835791215,-0.34809270213901056,-0.3341074408340442,-0.33710598035058226,2.9434500691065457,184,88,0.006863718866191393,0.16619352666275747,0.14686899571414064,283.8731210660331,199746.24213206617,16965.31599334188,99.87312106603308,184.0,2185.0,3859.0,0.0,35.0,49.0,0.0,75,60.80830703145317,79.16863218278375,40.0,62.0,35.0,303.0,49.0,512.0,24.0,314.0,34.5,526.5,35.0,303.0,49.0,512.0,727.0,6.0,1317.0,22.0,1208.0,12.0
523,0.0,0.0,215745.23335687682,21,197051.85883441247,198591.6354706576,-0.08664559689966611,-0.07950858343110845,-0.07990236580046817,2.8506542957956156,346,161,0.004304950777531657,0.1744941141681794,0.07861388635169046,1539.7766362452764,2387553.272490554,209386.42718023702,1193.7766362452771,346.0,4488.0,6096.0,0.0,65.0,99.0,0.0,145,60.78250134843218,86.8588437265241,45.86030960083008,68.0,65.0,1234.0,99.0,1647.0,43.0,1256.0,68.5,1677.5,65.0,1234.0,99.0,1647.0,1199.0,28.0,2321.0,36.0,1074.0,16.0
524,0.0,0.0,53521.39026156034,23,46738.28091415757,47413.880723649054,-0.12673641910745492,-0.11411343218223102,-0.11538141657655032,2.948454052907813,364,169,0.004615340695837901,0.15684148181087024,0.060133299956105495,675.5998094915146,623199.6189830297,52841.21846569223,311.59980949151486,364.0,5410.0,6181.0,0.0,78.0,94.0,0.0,153,86.64744936213447,79.30405485905003,58.5,62.991966247558594,78.0,1514.0,94.0,1832.0,54.25,1537.75,66.25,1859.75,78.0,1514.0,94.0,1832.0,1118.0,13.0,1751.0,35.0,1300.0,26.0
525,0.0,0.0,154976.01305421366,12,129909.91296040102,131089.58466282254,-0.16174180506917557,-0.15412984190679357,-0.1548598277629224,3.3571871143234144,227,116,0.003930851430039473,0.1655221522565897,0.12796767070799642,1179.6717024216218,1905343.4048432445,141885.40435489212,952.6717024216223,227.0,2177.0,3871.0,0.0,44.0,55.0,0.0,91,63.48381051462275,86.85169757411325,45.522117614746094,60.951759338378906,44.0,384.0,55.0,609.0,29.75,398.25,39.0,625.0,44.0,384.0,55.0,609.0,812.0,12.0,1209.0,21.0,1488.0,16.0
526,0.0,0.0,182223.67334934144,25,140087.77160138986,141620.97088922161,-0.23123176573865212,-0.22281793421143636,-0.22409346640063077,3.3506477599182665,416,193,0.003916533779453844,0.15930776321998427,0.05771988912137641,1533.199287831874,2234398.5756637473,166713.92636317073,1117.1992878318736,416.0,5052.0,7548.0,0.0,75.0,123.0,0.0,167,80.78627519920784,77.86589255189645,65.0,51.0,75.0,1585.0,123.0,2392.0,50.75,1609.25,85.0,2430.0,75.0,1585.0,123.0,2392.0,1543.0,25.0,2379.0,34.0,2510.0,35.0
527,0.0,0.0,72951.21198127455,15,59976.58856725875,60756.74722671352,-0.17785343192579428,-0.16715917972262284,-0.16870269106035474,3.553912380614218,276,131,0.0040819043872885735,0.1762733201373725,0.10211134259472025,780.1586594547812,1008317.3189095623,70930.0913276382,504.1586594547812,276.0,3337.0,4223.0,0.0,60.0,70.0,0.0,116,78.2032875858088,71.83568196952372,55.45301818847656,65.22634887695312,60.0,729.0,70.0,881.0,39.25,749.75,53.0,898.0,60.0,729.0,70.0,881.0,777.0,16.0,1381.0,28.0,1446.0,23.0
528,0.0,0.0,14884.777475682082,26,11609.57932026077,12078.193351463698,-0.2200367563957304,-0.18855398603060236,-0.19226832443935982,2.975989415216152,388,163,0.006434759731907544,0.15941580955197732,0.06455043380914502,468.6140312029412,161228.062405882,13544.07223203881,80.61403120294099,388.0,5016.0,8041.0,0.0,79.0,120.0,0.0,171,68.16685018687825,103.51420399502892,59.0,82.0,79.0,1643.0,120.0,2585.0,56.5,1665.5,82.75,2622.25,79.0,1643.0,120.0,2585.0,1705.0,27.0,2686.0,47.0,1660.0,23.0
529,0.0,0.0,354069.3786058531,17,309250.63058584713,311592.06406905095,-0.12658182471604762,-0.11996890186905307,-0.12061544784391542,2.9589393734612037,278,126,0.005675258132780786,0.17133044121413998,0.09498142705580867,2341.433483204059,4126866.9664081186,348677.8914280979,2063.4334832040595,278.0,3493.0,5075.0,0.0,53.0,82.0,0.0,119,82.35456063882944,98.68672940718061,76.33572387695312,73.23532104492188,53.0,770.0,82.0,1118.0,33.25,789.75,52.25,1147.75,53.0,770.0,82.0,1118.0,1040.0,16.0,1500.0,21.0,1345.0,21.0
530,0.0,0.0,167702.45278533138,13,131649.08958645898,132839.71335354476,-0.21498411382821414,-0.2078844933556988,-0.20880208545409307,3.253754151433486,215,111,0.0041550058358611735,0.16516976615901635,0.11017638671958761,1190.6237670859039,1951247.534171806,149922.78483241866,975.623767085903,215.0,2726.0,3826.0,0.0,39.0,52.0,0.0,85,69.73565924396138,79.05463624735116,59.07648849487305,50.89212417602539,39.0,422.0,52.0,592.0,29.75,431.25,36.0,608.0,39.0,422.0,52.0,592.0,780.0,7.0,1485.0,14.0,1394.0,15.0
531,0.0,0.0,22529.72106088496,20,18129.96989103569,18514.655301200048,-0.1952865354151193,-0.1782119604958483,-0.1803079862461201,2.6261523732003234,275,119,0.004866128533885386,0.16640335896857456,0.07644166016570683,384.68541016436257,219370.82032872512,20883.291328350457,109.68541016436257,275.0,3551.0,6524.0,0.0,46.0,90.0,0.0,121,85.90057823582536,114.5210047373977,67.21533203125,82.05552673339844,46.0,819.0,90.0,1463.0,30.25,834.75,56.25,1496.75,46.0,819.0,90.0,1463.0,1388.0,23.0,1604.0,23.0,1528.0,21.0
532,0.0,0.0,15180.402678514198,20,12836.724352869738,13222.208188450273,-0.1543884161229543,-0.12899489766733818,-0.1315903073912802,3.201946370263716,293,132,0.005982427895771708,0.17187483274167564,0.08026274538439652,385.4838355805512,184967.67116110216,14441.815209561739,92.48383558055109,293.0,4227.0,5833.0,0.0,53.0,88.0,0.0,118,91.82592560859484,90.72396458617044,83.69010925292969,71.0,53.0,964.0,88.0,1250.0,36.0,981.0,64.25,1273.75,53.0,964.0,88.0,1250.0,1146.0,20.0,2174.0,21.0,1450.0,22.0
533,0.0,0.0,100153.56825840198,15,83674.37852865888,84521.69297356422,-0.164539217287055,-0.15607906494660906,-0.15720642900436332,3.071177168580624,238,116,0.003483483639777161,0.17137382429378667,0.0927766346105428,847.3144449053926,1218628.8898107868,99198.8432218963,609.3144449053934,238.0,3636.0,3924.0,0.0,45.0,62.0,0.0,97,82.52448892705166,88.22100090596241,63.970314025878906,76.5,45.0,612.0,62.0,736.0,31.75,625.25,43.0,755.0,45.0,612.0,62.0,736.0,734.0,10.0,1769.0,18.0,1281.0,23.0
534,0.0,0.0,310628.0582530006,7,250644.30065235752,252723.45502357933,-0.19310476309834013,-0.18641137428177557,-0.18708656609239027,3.5790072155913633,133,67,0.004774728722031903,0.1929671568640312,0.2292079402861249,2079.154371222158,3892308.7424443145,271884.6671702773,1946.1543712221574,133.0,1244.0,2284.0,0.0,26.0,33.0,0.0,55,63.99296239416713,73.60161186143377,51.564327239990234,60.0,26.0,130.0,33.0,196.0,16.25,139.75,22.25,206.75,26.0,130.0,33.0,196.0,465.0,5.0,680.0,8.0,710.0,9.0
535,0.0,0.0,37025.911703807134,13,31932.842194312518,32428.198567978725,-0.1375541958355324,-0.12417555501693844,-0.1252359410376499,3.3477283700874727,262,126,0.004165659993838452,0.1690430679586142,0.1367426503919663,495.35637366622063,466712.7473324415,34852.9432302961,233.35637366622075,262.0,2840.0,3712.0,0.0,48.0,75.0,0.0,109,70.47045918257811,59.32145736421633,65.25857543945312,44.46299743652344,48.0,588.0,75.0,706.0,33.0,603.0,54.75,726.25,48.0,588.0,75.0,706.0,739.0,15.0,1362.0,30.0,773.0,16.0
536,0.0,0.0,209139.40156502352,18,183170.02612805288,184536.47801644032,-0.12417256261917964,-0.11763887323228239,-0.11806719651265507,2.7451431748716244,268,135,0.0031117092068710587,0.17195734037690177,0.08402002991327345,1366.451888387591,2196903.7767751827,200071.8757481493,1098.4518883875915,268.0,4563.0,4509.0,0.0,55.0,60.0,0.0,104,98.81129238770612,90.9910034777397,76.0,59.807594299316406,55.0,912.0,60.0,845.0,31.75,935.25,46.0,859.0,55.0,912.0,60.0,845.0,879.0,11.0,2369.0,26.0,1615.0,19.0
537,0.0,0.0,491472.1844775709,7,375603.2198169362,378787.6019000431,-0.23575894693572952,-0.2292796746926994,-0.2299375601093958,3.5471612963769688,141,72,0.008462254312437637,0.1819102054622795,0.2003039229852024,3184.3820831071425,6086764.166214286,428988.39787968196,3043.3820831071434,141.0,1263.0,2265.0,0.0,20.0,42.0,0.0,61,47.43063077901795,67.83191629260406,46.5,61.08837890625,20.0,131.0,42.0,234.0,14.25,136.75,28.0,248.0,20.0,131.0,42.0,234.0,417.0,7.0,559.0,5.0,546.0,9.0
538,0.0,0.0,137298.1026939665,24,116915.99394340542,118177.17084297322,-0.14845149605593755,-0.1392658126792421,-0.14006445716573657,3.2843958622513023,414,185,0.0053013880811777665,0.16278230697367727,0.06645108053500583,1261.1768995679251,1694353.7991358517,128969.97425079343,847.1768995679258,414.0,4988.0,7097.0,0.0,80.0,125.0,0.0,165,65.85596081996744,89.53677165507099,53.0,65.0,80.0,1548.0,125.0,2203.0,55.0,1573.0,82.75,2245.25,80.0,1548.0,125.0,2203.0,1475.0,28.0,2556.0,39.0,1786.0,30.0
539,0.0,0.0,142615.45123712393,30,124522.22976683904,125880.56972782295,-0.1268671894478084,-0.11734269578880496,-0.11808638327125198,3.189505221719679,496,225,0.004166710616695172,0.1614218920126417,0.046421854791225736,1358.339960983979,1724679.9219679586,135183.9707161591,862.3399609839793,496.0,6906.0,8214.0,0.0,99.0,142.0,0.0,192,72.85356468713263,78.31588710273047,59.70603942871094,59.29966735839844,99.0,2568.0,142.0,2951.0,74.25,2592.75,102.5,2990.5,99.0,2568.0,142.0,2951.0,1699.0,32.0,2727.0,45.0,1778.0,31.0
540,0.0,0.0,235077.31977664554,23,180662.82443613882,182556.09378906558,-0.23147488406030692,-0.22342106859769395,-0.2244914082749423,3.5246206922688073,416,191,0.004668155585661193,0.1737664787178986,0.06586231324129548,1893.2693529270982,2954538.705854196,209564.3023613097,1477.269352927098,416.0,4846.0,6746.0,0.0,81.0,121.0,0.0,168,61.6699114198623,84.65174426147489,48.0,65.0,81.0,1560.0,121.0,2102.0,55.75,1585.25,84.75,2138.25,81.0,1560.0,121.0,2102.0,1257.0,25.0,2515.0,37.0,2275.0,33.0
541,0.0,0.0,32233.429733961242,10,27877.206701124218,28223.247057559438,-0.1351461221716439,-0.12441067269291117,-0.12539455875390382,2.9092762238323475,167,80,0.0058450039237862355,0.18400661172262392,0.12775290117369265,346.0403564352395,358080.712870479,30770.60111524787,179.0403564352395,167.0,2031.0,3009.0,0.0,31.0,46.0,0.0,74,70.0214629732942,88.02552997711389,53.201210021972656,81.26261138916016,31.0,286.0,46.0,377.0,18.25,298.75,27.25,395.75,31.0,286.0,46.0,377.0,655.0,5.0,644.0,5.0,708.0,9.0
542,0.0,0.0,76436.63336893368,23,59992.93755415649,60724.647141803776,-0.21512846772579652,-0.2055557071868076,-0.2069902572218575,2.7800530492459354,334,157,0.0038848059089105318,0.1663758157815602,0.06647028467430748,731.709587647348,795419.1752946966,71529.13642335412,397.7095876473483,334.0,4589.0,7003.0,0.0,72.0,82.0,0.0,139,90.36054290050465,86.7428243202723,87.82791900634766,62.0,72.0,1225.0,82.0,1818.0,53.0,1244.0,55.0,1845.0,72.0,1225.0,82.0,1818.0,1443.0,17.0,2015.0,34.0,1890.0,16.0
543,0.0,0.0,296250.03361840127,22,247669.62658695542,249694.26909608993,-0.16398447769974644,-0.1571502421575407,-0.15789044667733432,2.9716258610566118,346,165,0.0030670232900041824,0.1600368686848988,0.0663500407790216,2024.6425091346687,3357285.01826934,282445.1306494217,1678.64250913467,346.0,5197.0,5891.0,0.0,61.0,98.0,0.0,141,100.76598994785758,73.15746207917256,70.0,57.5,61.0,1292.0,98.0,1651.0,41.0,1312.0,63.75,1685.25,61.0,1292.0,98.0,1651.0,1180.0,20.0,2359.0,25.0,1608.0,29.0
544,0.0,0.0,28958.611380008897,13,23973.0954036741,24330.98585223073,-0.17216004976593824,-0.15980136157263303,-0.16125483550664266,2.827663173117595,202,92,0.004531464759424026,0.1741845750263571,0.10128231553338872,357.8904485566512,311780.8971133017,27565.243632744332,155.89044855665085,202.0,2610.0,3942.0,0.0,37.0,60.0,0.0,79,88.26602824752302,80.82110886770286,78.64522552490234,66.5,37.0,363.0,60.0,567.0,24.75,375.25,40.5,586.5,37.0,363.0,60.0,567.0,832.0,21.0,1057.0,16.0,1015.0,11.0
545,0.0,0.0,180206.85770069392,30,143385.05769299724,144956.90713874355,-0.20433073678502345,-0.19560826381256313,-0.1968629208297339,3.2281348184229977,488,216,0.003377250099760307,0.16052324022972522,0.05449679731930679,1571.8494457463341,2167698.891492671,167875.49261585914,1083.8494457463355,488.0,6145.0,8974.0,0.0,108.0,134.0,0.0,192,82.73438998719175,74.46138671106678,74.26736450195312,58.780052185058594,108.0,2360.0,134.0,3157.0,71.25,2396.75,90.0,3201.0,108.0,2360.0,134.0,3157.0,1831.0,30.0,2884.0,54.0,2133.0,40.0
546,0.0,0.0,62276.98159278287,13,48235.505050790045,48842.30984912674,-0.22546816147589366,-0.2157245165076055,-0.21706150932084511,3.214550172225661,238,114,0.004355363277045405,0.17051111774029296,0.09977347082830967,606.8047983367336,737609.5966734668,57364.91555230319,368.8047983367334,238.0,2825.0,3724.0,0.0,39.0,72.0,0.0,102,71.88216776099834,67.08437891424052,50.53877258300781,55.5271110534668,39.0,504.0,72.0,710.0,23.5,519.5,49.25,732.75,39.0,504.0,72.0,710.0,752.0,15.0,1179.0,18.0,969.0,23.0
547,0.0,0.0,19034.13429846607,28,14712.786425299437,15222.77457258635,-0.2270314901326972,-0.20023814406872564,-0.20422222899598375,2.915280389941611,407,179,0.0037132722068370346,0.16564438206608534,0.05672067326056275,509.98814728691616,205976.2945738327,17663.50633754633,102.98814728691636,407.0,5443.0,8652.0,0.0,80.0,120.0,0.0,168,90.12051931424767,96.98056726478771,60.5,68.40258026123047,80.0,1777.0,120.0,2720.0,59.25,1797.75,85.75,2754.25,80.0,1777.0,120.0,2720.0,1866.0,23.0,2564.0,36.0,2196.0,29.0
548,0.0,0.0,55840.29224161596,20,50242.00445384551,51008.037589286854,-0.10025534543313563,-0.08653705878580242,-0.08781434894131834,3.6831954123696,352,172,0.00269174789066721,0.16837437138696,0.06777694523537314,766.033135441395,828066.2708827904,56205.69764652063,414.03313544139525,352.0,4466.0,5614.0,0.0,84.0,76.0,0.0,143,61.94479877943244,84.57849580814381,38.5,59.5,84.0,1180.0,76.0,1520.0,61.0,1203.0,55.75,1540.25,84.0,1180.0,76.0,1520.0,1058.0,13.0,1595.0,31.0,1451.0,23.0
549,0.0,0.0,17757.12311497294,28,15594.259303515328,16119.15395941806,-0.1218026026768868,-0.09224293512802939,-0.09444012698269855,3.1721542697276353,415,171,0.003703599752406094,0.15890809322246296,0.05264696611395083,524.8946559027424,219789.3118054846,17321.770405601677,109.89465590274231,415.0,6200.0,7893.0,0.0,99.0,118.0,0.0,175,87.34744935890811,97.66386406079793,80.0,65.5,99.0,1989.0,118.0,2686.0,67.0,2021.0,81.5,2722.5,99.0,1989.0,118.0,2686.0,1523.0,17.0,2946.0,40.0,1780.0,28.0
550,0.0,0.0,183117.93701515265,14,142797.05869700754,144071.91694281407,-0.22019076326099418,-0.2132288114905292,-0.21403890982733342,3.1806130192893565,250,125,0.003918822920783693,0.1692226194910316,0.10192966618113279,1274.8582458066808,2049716.4916133636,161110.17586723983,1024.858245806682,250.0,3304.0,3752.0,0.0,44.0,67.0,0.0,101,74.69790603970064,92.81079175266328,59.21510696411133,66.04290771484375,44.0,604.0,67.0,699.0,30.75,617.25,47.25,718.75,44.0,604.0,67.0,699.0,741.0,9.0,1408.0,24.0,1162.0,20.0
551,0.0,0.0,19757.672239105057,30,14456.199267158174,15054.075616853796,-0.2683247757017665,-0.2380643106803717,-0.24294922992394608,3.3222499069549327,481,207,0.003565755878878185,0.15975333685195015,0.048841489364300446,597.876349695632,233752.69939126403,17589.939494160015,116.87634969563202,481.0,6193.0,8890.0,0.0,85.0,159.0,0.0,196,75.34797763003628,74.64834332564503,60.0,50.0,85.0,2260.0,159.0,3362.0,56.0,2289.0,118.0,3403.0,85.0,2260.0,159.0,3362.0,1715.0,28.0,3073.0,44.0,2508.0,47.0
552,0.0,0.0,39044.16884817779,28,31460.987036524803,32153.381825568904,-0.19422059773227562,-0.17648696914009177,-0.17883612144261407,3.308220089629751,450,202,0.004601535999385683,0.16547419516492257,0.05113470355982801,692.3947890441486,484789.5780882961,36635.22717306217,242.39478904414807,450.0,5447.0,8658.0,0.0,97.0,123.0,0.0,174,75.65860906657524,83.81931158001797,64.0,70.3006820678711,97.0,1808.0,123.0,2843.0,67.5,1837.5,77.5,2888.5,97.0,1808.0,123.0,2843.0,1770.0,21.0,2426.0,37.0,2788.0,42.0
553,0.0,0.0,447597.78208058997,19,401572.2293014845,404186.99742582365,-0.1028279286040309,-0.09698614781551851,-0.09733962407611285,2.7465274218014373,266,123,0.004597345912712385,0.16114712164171474,0.07600501221610002,2614.768124339504,4697536.248679006,427588.68993904936,2348.7681243395027,266.0,4034.0,5542.0,0.0,57.0,67.0,0.0,110,89.06812952284393,98.42337334654663,71.0,73.0,57.0,824.0,67.0,1142.0,36.75,844.25,43.75,1165.25,57.0,824.0,67.0,1142.0,1196.0,16.0,1665.0,22.0,1468.0,20.0
554,0.0,0.0,216652.9796278232,24,177851.41603236983,179525.86426589664,-0.17909545330098176,-0.1713667424547093,-0.17236619061701386,3.1101744487263234,381,179,0.0031791225100314515,0.16422929993244184,0.05946979641078101,1674.4482335269392,2586896.467053879,207938.21292831848,1293.4482335269395,381.0,5564.0,6532.0,0.0,82.0,96.0,0.0,151,64.74378514731191,85.20935256714849,47.06352233886719,62.0,82.0,1623.0,96.0,1823.0,55.0,1650.0,71.25,1847.75,82.0,1623.0,96.0,1823.0,1319.0,16.0,2576.0,32.0,1752.0,24.0
555,0.0,0.0,114780.09664612904,19,108430.17770558862,109424.63763543646,-0.055322474244968056,-0.04665842918048446,-0.04701948448165316,2.988743788430833,311,147,0.004489612980040395,0.16615356318386612,0.07799393349585206,994.45992984791,1366919.8596958183,114338.99628558377,683.4599298479092,311.0,5192.0,4384.0,0.0,70.0,75.0,0.0,129,78.42809042934744,82.10956865640189,65.5,63.0,70.0,1239.0,75.0,1067.0,42.0,1267.0,52.75,1089.25,70.0,1239.0,75.0,1067.0,865.0,14.0,2539.0,30.0,1156.0,18.0
556,0.0,0.0,451915.7393456083,6,446144.9217868763,448578.0106828629,-0.012769675973420158,-0.0073857322773899226,-0.007150103821651044,2.7596645081854883,90,46,0.0048211839661224986,0.18653235558843995,0.2371466471531693,2433.088895986887,4686177.791973774,424524.229129485,2343.088895986887,90.0,1318.0,1706.0,0.0,20.0,18.0,0.0,38,138.78528835496627,85.77508145388123,95.5,80.87080383300781,20.0,89.0,18.0,101.0,13.0,96.0,14.5,104.5,20.0,89.0,18.0,101.0,343.0,0.0,601.0,11.0,507.0,5.0
557,0.0,0.0,132194.6719380064,26,106108.36490878064,107248.36875165095,-0.19733251459226064,-0.18870883993005538,-0.18957811955295878,3.0188826958330335,422,205,0.0027571822034582524,0.16354396924792192,0.06877697496159774,1140.003842870267,1436007.6857405333,118918.80460630816,718.0038428702667,422.0,4734.0,8370.0,0.0,68.0,123.0,0.0,160,72.87017825945698,87.01211675525063,41.0,74.00751495361328,68.0,1401.0,123.0,2568.0,48.75,1420.25,87.5,2603.5,68.0,1401.0,123.0,2568.0,1698.0,20.0,2515.0,41.0,2042.0,34.0
558,0.0,0.0,40326.54007928152,8,29286.15792195153,29648.936606766925,-0.27377459448851116,-0.26477856646076126,-0.266187144923817,3.1455107178669848,143,67,0.009126975805434463,0.16918791248902396,0.1688159829137305,362.7786848154099,439557.36963081977,34935.29422218038,219.7786848154099,143.0,1398.0,2634.0,0.0,22.0,46.0,0.0,62,78.52948076443712,97.80734741893376,67.24372863769531,70.83073425292969,22.0,150.0,46.0,278.0,13.5,158.5,28.25,295.75,22.0,150.0,46.0,278.0,559.0,12.0,540.0,7.0,969.0,16.0
559,0.0,0.0,75442.3202699754,8,55864.36100973435,56424.53260633965,-0.2595089757337793,-0.2520838117860019,-0.25358538105894524,2.836040457894969,152,78,0.005033587742286739,0.18594393445980356,0.22023046535197696,560.1715966053631,816343.1932107259,71961.52570198617,408.17159660536294,152.0,1574.0,2458.0,0.0,34.0,32.0,0.0,64,81.51164935733732,72.14766571090354,71.2018814086914,54.591392517089844,34.0,178.0,32.0,268.0,23.25,188.75,22.0,278.0,34.0,178.0,32.0,268.0,483.0,10.0,819.0,19.0,595.0,6.0
560,0.0,0.0,122004.43659116488,16,117311.44324605359,118302.15602868827,-0.038465759739848115,-0.03034545845970249,-0.03044870284378587,3.128975753609923,249,121,0.002819854763344823,0.17784666905541036,0.08871442808130807,990.7127826347138,1483425.5652694297,118523.25505862344,741.7127826347148,249.0,3502.0,4562.0,0.0,51.0,61.0,0.0,102,76.18520216172877,73.99447657774655,47.03031921386719,54.48659896850586,51.0,714.0,61.0,806.0,37.75,727.25,49.25,817.75,51.0,714.0,61.0,806.0,891.0,10.0,1277.0,21.0,559.0,12.0
561,0.0,0.0,88717.34049048794,15,72318.2898947772,73056.1832823107,-0.18484605720872582,-0.17652870477848015,-0.17781030720267488,2.9489556191691033,221,104,0.0052235326785484955,0.16853962197387432,0.09012811299995513,737.8933875335285,1033786.7750670566,87640.07572266686,516.8933875335283,221.0,3111.0,4449.0,0.0,39.0,63.0,0.0,96,63.20848673092251,104.38849964404722,46.21004867553711,73.9530029296875,39.0,536.0,63.0,802.0,27.25,547.75,41.5,823.5,39.0,536.0,63.0,802.0,884.0,9.0,1388.0,11.0,1378.0,18.0
562,0.0,0.0,62010.524721844195,15,44158.23957922829,44679.37267300468,-0.2878912123820031,-0.2794872665016225,-0.2808721799563234,2.6637349519407363,237,116,0.004793347553534775,0.16607953188558927,0.10141756744068191,521.1330937764268,568266.187552854,53333.589659401754,284.13309377642696,237.0,2735.0,4822.0,0.0,40.0,66.0,0.0,95,69.86288176807835,99.39519968370519,45.5,87.41609191894531,40.0,470.0,66.0,848.0,29.75,480.25,45.5,868.5,40.0,470.0,66.0,848.0,934.0,15.0,1352.0,26.0,1407.0,16.0
563,0.0,0.0,28297.28169712219,27,24103.85984263453,24712.744515565424,-0.14819168496011859,-0.1266742586769849,-0.1283028609118666,3.4358551539462057,427,187,0.00428226772695652,0.15886627868087091,0.05038049814124535,608.8846729309403,363769.3458618797,26468.617677616392,181.88467293093984,427.0,6044.0,7549.0,0.0,78.0,135.0,0.0,178,81.8071650776055,89.24664599954008,69.0,72.0,78.0,2123.0,135.0,2465.0,57.5,2143.5,90.25,2509.75,78.0,2123.0,135.0,2465.0,1448.0,22.0,2663.0,34.0,1883.0,38.0
564,0.0,0.0,436832.4181486944,26,355535.0776091423,358360.3437075054,-0.18610647278444226,-0.17963885275217306,-0.18031216410339945,3.0262553563557066,405,188,0.0024997103769004384,0.1595805357629854,0.05674753902542056,2825.266098363039,4840532.196726074,399878.0362800552,2420.266098363037,405.0,5494.0,7610.0,0.0,71.0,120.0,0.0,153,72.82618892640743,89.2730000201579,66.0,67.11614990234375,71.0,1517.0,120.0,2270.0,49.75,1538.25,85.0,2305.0,71.0,1517.0,120.0,2270.0,1467.0,26.0,2345.0,32.0,2072.0,37.0
565,0.0,0.0,42575.055672192924,27,36299.61094695731,36961.397957142566,-0.14739721712998954,-0.13185320903095876,-0.1332891639125593,3.0033542547169283,418,190,0.0031816997413897574,0.1601598408422273,0.05216977514365254,661.7870101852646,487574.02037052816,40585.79000502248,243.78701018526408,418.0,6000.0,7607.0,0.0,82.0,119.0,0.0,172,77.30201241240742,88.06785858689763,57.5,70.4914779663086,82.0,2002.0,119.0,2440.0,58.0,2026.0,82.0,2477.0,82.0,2002.0,119.0,2440.0,1527.0,27.0,2629.0,43.0,2037.0,31.0
566,0.0,0.0,151982.66146012032,12,112059.74105611797,113102.07579546256,-0.2626807559524017,-0.25582250824617836,-0.25687243073008503,3.1285577178530963,190,92,0.0027535118285969946,0.17474326791518738,0.11614680125411028,1042.3347393446645,1704669.4786893292,136218.47768395345,852.3347393446646,190.0,2091.0,3957.0,0.0,32.0,54.0,0.0,78,69.74034067076403,101.50973332759601,59.240257263183594,80.518798828125,32.0,303.0,54.0,547.0,20.75,314.25,37.5,563.5,32.0,303.0,54.0,547.0,858.0,8.0,808.0,10.0,1072.0,17.0
567,0.0,0.0,213169.6388708416,12,181036.02163050103,182366.48125583254,-0.15074199783117403,-0.14450067926264365,-0.1450162448760205,2.8165614017679577,212,106,0.004214154697025489,0.16952910519434602,0.11445761734287625,1330.4596253316079,2236919.2506632144,198550.54901866318,1118.4596253316072,212.0,2870.0,3178.0,0.0,42.0,52.0,0.0,92,54.78866146440765,96.6291648951675,42.589900970458984,74.23013305664062,42.0,470.0,52.0,540.0,29.5,482.5,34.75,557.25,42.0,470.0,52.0,540.0,554.0,10.0,1409.0,22.0,1325.0,12.0
568,0.0,0.0,218124.2128915945,13,210897.7670515904,212622.96682950325,-0.03312995721202017,-0.025220703328453165,-0.025439156871285062,3.421831533191541,232,114,0.004571840838586997,0.1646056500752403,0.11488807884752306,1725.1997779129954,2986399.5558259916,218187.21398599783,1493.1997779129958,232.0,2749.0,3803.0,0.0,47.0,58.0,0.0,93,68.41343265991095,80.85886121434663,52.0,73.2392349243164,47.0,442.0,58.0,662.0,35.25,453.75,39.75,680.25,47.0,442.0,58.0,662.0,751.0,16.0,993.0,22.0,910.0,16.0
569,0.0,0.0,12602.015278373876,9,10702.799774416482,10921.246926880964,-0.15070728466871552,-0.13337298157202304,-0.13500232911782928,3.0603210730436334,146,68,0.007471760479394074,0.17872845540466872,0.15813535652071561,218.4471524644847,144894.30492896936,11836.528052991605,72.44715246448469,146.0,2147.0,2389.0,0.0,27.0,42.0,0.0,64,78.70172792394516,74.8607653442052,76.64937591552734,65.16019439697266,27.0,240.0,42.0,267.0,19.25,247.75,26.75,282.25,27.0,240.0,42.0,267.0,501.0,9.0,1062.0,8.0,599.0,15.0
570,0.0,0.0,62431.94937098252,24,47326.27092468422,48086.171953502424,-0.24195429741489383,-0.2297826283179908,-0.23203967398302272,3.0047451377398335,404,190,0.002625215432629354,0.1607060425234406,0.05679210864335353,759.9010288182252,711802.0576364514,59223.16411266982,355.9010288182257,404.0,5477.0,6619.0,0.0,84.0,106.0,0.0,153,87.25571455991626,81.1383854829317,72.47328186035156,60.0,84.0,1595.0,106.0,1887.0,62.25,1616.75,75.75,1917.25,84.0,1595.0,106.0,1887.0,1153.0,17.0,2561.0,42.0,2110.0,29.0
571,0.0,0.0,358232.71659855876,9,281238.7878611216,283353.7913180857,-0.21492712745083464,-0.20902313443465736,-0.20979140574586774,2.997200160820389,158,82,0.006143649388786309,0.16854041161772224,0.15218444663615874,2115.003456964272,3914006.913928546,326471.93246323016,1957.003456964273,158.0,1690.0,2846.0,0.0,19.0,48.0,0.0,59,65.35743433487168,79.05779703897426,46.2690315246582,60.99838638305664,19.0,169.0,48.0,295.0,15.75,172.25,33.75,309.25,19.0,169.0,48.0,295.0,623.0,10.0,570.0,7.0,826.0,15.0
572,0.0,0.0,290501.660003165,28,223575.0854420575,225427.4803957723,-0.2303827611875896,-0.22400622291343786,-0.22487559100521903,2.7446067866108397,420,194,0.0024983223839303414,0.15517173793637,0.05421043476721648,1852.394953714868,2864789.907429734,260947.20757497847,1432.394953714867,420.0,5280.0,8832.0,0.0,75.0,123.0,0.0,163,75.82234508107886,113.58293789014776,68.25943756103516,78.83985900878906,75.0,1663.0,123.0,2703.0,51.0,1687.0,79.75,2746.25,75.0,1663.0,123.0,2703.0,1844.0,28.0,2441.0,29.0,2601.0,32.0
573,0.0,0.0,252915.81948196626,21,195272.21468375446,197031.36176431557,-0.22791616956297978,-0.22096070475985163,-0.22216347735587627,3.0054866519619816,320,145,0.0031890530151931196,0.16791329076561207,0.0698385844238151,1759.1470805614936,2878294.161122989,239419.97540099194,1439.1470805614945,320.0,4560.0,6024.0,0.0,67.0,87.0,0.0,125,83.26697475615988,89.64424775229858,61.0,66.0,67.0,1042.0,87.0,1429.0,42.25,1066.75,61.25,1454.75,67.0,1042.0,87.0,1429.0,1206.0,14.0,2067.0,37.0,1851.0,31.0
574,0.0,0.0,13809.247923548708,14,12769.443397464976,13075.134352928886,-0.07529769411341858,-0.05316101026529829,-0.05368512337412901,2.9132301780811076,228,101,0.005669497103443335,0.16338575800783636,0.09712444999783759,305.690955463915,155381.9109278301,13334.160144374291,77.69095546391505,228.0,3227.0,3818.0,0.0,48.0,65.0,0.0,99,74.40504678005459,86.0354556640339,62.34969711303711,69.90988159179688,48.0,578.0,65.0,693.0,32.25,593.75,43.25,714.75,48.0,578.0,65.0,693.0,773.0,17.0,1020.0,21.0,875.0,13.0
575,0.0,0.0,131024.51711972055,22,93959.77498932337,94894.86220096327,-0.28288402006877955,-0.2757472854163978,-0.27704790352870334,2.6505131986784307,312,148,0.0026882325674190415,0.161166007270339,0.06075800872523149,935.087211639961,1246174.4232799201,117540.86188867816,623.0872116399601,312.0,4796.0,6292.0,0.0,54.0,88.0,0.0,125,82.12558910166923,90.04921242264595,73.5,66.78363037109375,54.0,1127.0,88.0,1481.0,39.5,1141.5,61.75,1507.25,54.0,1127.0,88.0,1481.0,1194.0,16.0,1788.0,24.0,1887.0,26.0
576,0.0,0.0,20982.315624503353,18,16348.745676140894,16765.76196560464,-0.22083215367093856,-0.20095749841712318,-0.20336177792350052,3.4363925212798514,287,136,0.004793484140743116,0.15783172589567077,0.07321975061083683,417.0162894637667,260032.578927533,18917.555060814644,130.0162894637665,287.0,3553.0,5516.0,0.0,51.0,82.0,0.0,113,76.74580500250931,92.49680265624544,57.0,57.53504180908203,51.0,769.0,82.0,1131.0,37.5,782.5,61.5,1151.5,51.0,769.0,82.0,1131.0,1100.0,23.0,1444.0,19.0,1490.0,27.0
577,0.0,0.0,18712.301435367513,24,14774.838458901593,15235.969177111909,-0.21042109598682768,-0.18577791033683877,-0.18819578681976745,3.013586774929367,361,161,0.0055111707115772955,0.156136981227947,0.060568589102825886,461.13071821030934,200261.43642061925,16613.213039577484,100.13071821030962,361.0,4807.0,7274.0,0.0,74.0,103.0,0.0,159,76.37779622023069,86.66004224972714,62.5,72.4309310913086,74.0,1446.0,103.0,2188.0,49.5,1470.5,76.0,2215.0,74.0,1446.0,103.0,2188.0,1481.0,30.0,2240.0,34.0,1597.0,19.0
578,0.0,0.0,116839.71653327852,8,94985.36105653725,95858.35706666634,-0.18704560508341073,-0.179573864856444,-0.18077437315094624,3.2077445386960393,137,71,0.005611122099077051,0.17931890477575774,0.1737201023751071,872.9960101291514,1471992.0202583026,114721.73068188537,735.9960101291513,137.0,1406.0,2626.0,0.0,24.0,34.0,0.0,55,62.30362648154405,93.02151594307807,51.0,70.81246185302734,24.0,136.0,34.0,246.0,18.0,142.0,25.0,255.0,24.0,136.0,34.0,246.0,553.0,12.0,430.0,8.0,520.0,11.0
579,0.0,0.0,33229.566007867936,13,29305.987510737952,29700.896064478457,-0.11807492448745727,-0.10619067196225129,-0.10693794592456374,2.869777804583084,215,99,0.004831138200592291,0.1855805795754982,0.12044603672063096,394.908553740523,359817.10748104594,31345.380372864744,179.90855374052296,215.0,2473.0,4078.0,0.0,46.0,57.0,0.0,92,75.4855134628376,78.04101516263852,56.77077865600586,62.0,46.0,406.0,57.0,686.0,33.0,419.0,40.5,702.5,46.0,406.0,57.0,686.0,820.0,7.0,1473.0,22.0,1137.0,7.0
580,0.0,0.0,113740.98588133053,11,86078.17698296977,86858.0333524133,-0.243208801858129,-0.23635237834992073,-0.23767592536091653,2.7931256272691796,169,84,0.005748867479922422,0.17307917483354063,0.15212173514941058,779.8563694435535,1221712.7388871077,109349.9632597593,610.8563694435538,169.0,2285.0,3259.0,0.0,32.0,42.0,0.0,68,66.13130092192472,100.83160464671354,58.24586868286133,88.31100463867188,32.0,270.0,42.0,404.0,22.0,280.0,27.75,418.25,32.0,270.0,42.0,404.0,612.0,6.0,1284.0,14.0,916.0,13.0
581,0.0,0.0,189119.90194846335,11,151055.86867732627,152192.77758019432,-0.20126931580955354,-0.19525773854478812,-0.19621073341204942,2.646847521490614,169,84,0.006535555306528809,0.16871302428778126,0.15494731985297452,1136.908902868162,1935817.8057363234,182841.83259696586,967.9089028681617,169.0,2154.0,3390.0,0.0,28.0,46.0,0.0,70,81.85940849916699,82.305789745728,54.66459655761719,64.59966278076172,28.0,262.0,46.0,434.0,18.5,271.5,32.75,447.25,28.0,262.0,46.0,434.0,699.0,7.0,863.0,13.0,600.0,8.0
582,0.0,0.0,23413.20114938782,27,19616.826511657815,20134.0105016111,-0.1621467570157218,-0.14005733888560812,-0.14251064695117321,3.021379028272416,380,163,0.004809804723657473,0.16123099995024745,0.051866547969595445,517.1839899532855,274367.9799065702,22702.214563216367,137.1839899532851,380.0,5451.0,8151.0,0.0,73.0,117.0,0.0,155,104.49252004163714,78.22513996321494,64.09261322021484,56.648841857910156,73.0,1526.0,117.0,2466.0,50.0,1549.0,77.0,2506.0,73.0,1526.0,117.0,2466.0,1833.0,27.0,2195.0,25.0,1847.0,32.0
583,0.0,0.0,88326.48480974331,8,74737.24525067233,75423.95699178285,-0.1538523760833732,-0.14607767812511407,-0.14667339196123308,3.4197308139742977,136,65,0.004591466799528091,0.19340101145081512,0.2508230681043251,686.711741110571,1101423.4822211422,80519.75010140522,550.7117411105711,136.0,1530.0,2502.0,0.0,26.0,37.0,0.0,58,60.999175257580454,74.44881465010909,53.0,64.0,26.0,154.0,37.0,247.0,13.5,166.5,30.25,253.75,26.0,154.0,37.0,247.0,479.0,9.0,974.0,16.0,547.0,9.0
584,0.0,0.0,167798.35610992563,25,124972.17646766955,126277.81534317473,-0.2552240715290466,-0.24744307232396578,-0.24881317423418137,3.0206884590787815,389,184,0.0030840334938475726,0.16359560069249607,0.055415393630228967,1305.6388755053636,1833277.751010728,151726.81458598864,916.638875505364,389.0,4952.0,7648.0,0.0,76.0,104.0,0.0,147,72.52630920170293,80.30066855694696,50.762752532958984,61.5,76.0,1428.0,104.0,2067.0,51.75,1452.25,76.25,2094.75,76.0,1428.0,104.0,2067.0,1522.0,25.0,2006.0,37.0,1872.0,23.0
585,0.0,0.0,301159.2696821953,6,256023.82201048892,257971.9997621434,-0.14987235066460525,-0.14340342226764669,-0.14394492390191982,3.318025580533003,119,59,0.006000149688816701,0.1876965453006942,0.2150297098877061,1948.1777516547088,3658355.5033094166,275642.50293707376,1829.1777516547083,119.0,1320.0,1704.0,0.0,23.0,31.0,0.0,52,56.728572932781105,94.34345915955495,50.0,48.0528564453125,23.0,119.0,31.0,139.0,14.25,127.75,21.0,149.0,23.0,119.0,31.0,139.0,384.0,9.0,399.0,9.0,518.0,10.0
586,0.0,0.0,104105.66290189313,10,73317.15607044219,74017.0456451062,-0.29574286329135957,-0.28901998621479186,-0.29008587315651746,3.074992999990933,159,77,0.005284665808888337,0.17312491842929434,0.14055895662481474,699.889574664099,1081779.1493281987,87949.72454664031,540.8895746640994,159.0,1710.0,3330.0,0.0,33.0,39.0,0.0,68,69.98673501531343,95.1180766238845,41.0,87.0,33.0,204.0,39.0,404.0,21.25,215.75,27.0,416.0,33.0,204.0,39.0,404.0,624.0,8.0,726.0,9.0,1193.0,13.0
587,0.0,0.0,47526.369123301396,12,40551.69126600288,40958.29017715811,-0.14675385445926992,-0.13819862672663263,-0.13882729587615938,2.6534037161255384,171,86,0.004322810413114225,0.18513024597825203,0.126326338219606,406.59891115523965,471197.82231047907,44395.60209466686,235.59891115523953,171.0,2433.0,3611.0,0.0,30.0,43.0,0.0,70,99.8835329127386,106.91157526468679,106.58039855957031,76.88187408447266,30.0,301.0,43.0,465.0,23.25,307.75,27.75,480.25,30.0,301.0,43.0,465.0,816.0,5.0,769.0,11.0,623.0,12.0
588,0.0,0.0,19119.01499205929,27,15600.241828726756,16200.343923139286,-0.18404573482441366,-0.15265802501500292,-0.15569664572649355,3.5019940818769997,476,208,0.005245376799153138,0.15670533981501167,0.05029139591976211,600.1020944125455,248204.18882509158,17718.775576289598,124.1020944125458,476.0,5831.0,7766.0,0.0,106.0,135.0,0.0,183,77.27913205257728,72.59624352357713,51.966064453125,52.0,106.0,2021.0,135.0,2673.0,74.75,2052.25,95.0,2713.0,106.0,2021.0,135.0,2673.0,1412.0,17.0,2388.0,47.0,1692.0,32.0
589,0.0,0.0,21100.114696998742,25,16098.417912661513,16611.476183293446,-0.23704595241127602,-0.2127305267370777,-0.2165142497526661,3.1656298990682212,389,167,0.00529912383294506,0.16267816510655364,0.055357108424957634,513.0582706319483,248116.54126389624,19594.563260295166,124.05827063194812,389.0,5270.0,7307.0,0.0,75.0,122.0,0.0,161,81.76277537854196,91.67479965993022,71.0,70.0,75.0,1613.0,122.0,2210.0,50.5,1637.5,80.75,2251.25,75.0,1613.0,122.0,2210.0,1533.0,19.0,2553.0,35.0,2390.0,37.0
590,0.0,0.0,109467.7747016986,20,96607.2082149818,97472.9256906619,-0.11748267032706239,-0.10957424724968468,-0.11013741068364802,2.6766877624207552,303,138,0.003160260929817414,0.16027851180085126,0.08074966912387932,865.7174756801335,1125434.9513602671,105114.51570489128,562.7174756801336,303.0,3958.0,6121.0,0.0,52.0,93.0,0.0,125,91.59869801786482,81.99396178158509,63.0,61.0,52.0,916.0,93.0,1438.0,38.25,929.75,58.0,1473.0,52.0,916.0,93.0,1438.0,1239.0,21.0,1389.0,28.0,1300.0,18.0
591,0.0,0.0,314634.69342333486,30,275471.70142817183,277906.99906865973,-0.12447130851673116,-0.11673122869911468,-0.1174016314019879,3.25586086875864,468,209,0.004177216665695883,0.16149986332753408,0.050957509363213464,2435.297640487971,3934595.28097594,302116.35567186266,1967.29764048797,468.0,6494.0,8626.0,0.0,110.0,119.0,0.0,183,84.27160230136323,83.28599592934809,67.67366027832031,65.0,110.0,2228.0,119.0,3033.0,76.25,2261.75,82.0,3070.0,110.0,2228.0,119.0,3033.0,1576.0,22.0,2935.0,46.0,1925.0,26.0
592,0.0,0.0,11179.080333320537,23,9250.325799901662,9627.529272211466,-0.17253248710182356,-0.13879058159055302,-0.14173217707510732,2.9253042935327764,317,129,0.009982542815005812,0.1646987734379753,0.057675367567639274,377.2034723098028,120406.94461960615,10290.121346162194,60.203472309803075,317.0,4894.0,6610.0,0.0,68.0,97.0,0.0,143,77.47856184287274,92.02183268598533,52.154823303222656,66.28141021728516,68.0,1341.0,97.0,1765.0,46.75,1362.25,64.75,1797.25,68.0,1341.0,97.0,1765.0,1336.0,14.0,1925.0,33.0,1420.0,24.0
593,0.0,0.0,64188.85715050514,15,53667.981935516924,54397.14636014946,-0.16390500909401873,-0.15254533613827737,-0.15387747372824823,3.8072549234484874,261,122,0.004405565453072924,0.16777627167604717,0.10232346508317404,729.1644246326086,936328.8492652173,61483.1990562587,468.16442463260864,261.0,3154.0,4405.0,0.0,50.0,74.0,0.0,111,66.93153281905093,86.62589735482513,58.126487731933594,42.264732360839844,50.0,664.0,74.0,876.0,32.0,682.0,53.25,896.75,50.0,664.0,74.0,876.0,847.0,13.0,1465.0,14.0,1265.0,25.0
594,0.0,0.0,44758.80136356458,14,37772.73335633741,38261.79733952558,-0.1560825534732505,-0.14515589841795473,-0.1464139914406145,3.0932881613721923,220,106,0.0042188504658170565,0.162990350381787,0.10102569930049984,489.06398318819515,538127.9663763902,43491.58066619268,269.0639831881951,220.0,2892.0,4164.0,0.0,35.0,65.0,0.0,92,67.66047938431726,89.05527345649985,63.85910415649414,69.0,35.0,453.0,65.0,735.0,26.5,461.5,44.0,756.0,35.0,453.0,65.0,735.0,810.0,12.0,1195.0,14.0,1356.0,18.0
595,0.0,0.0,261221.82710227917,5,270837.2009463116,272586.249466057,0.03680922819771726,0.04350487281190385,0.0433957187070082,2.974399276201097,81,39,0.006786158669244905,0.1910826437179301,0.30535576212663135,1749.0485197456017,3336097.0394912036,280400.90869643324,1668.0485197456019,81.0,1376.0,1144.0,0.0,26.0,11.0,0.0,36,98.51163302741836,89.22876359213201,89.2744140625,57.0,26.0,73.0,11.0,70.0,14.5,84.5,7.75,73.25,26.0,73.0,11.0,70.0,197.0,1.0,606.0,12.0,378.0,4.0
596,0.0,0.0,253902.34664034608,30,235853.3085923549,237721.5108556245,-0.0710865349880272,-0.06372857911251129,-0.06417174956410898,2.8453488404928455,434,203,0.0032080736801161124,0.15805016215563725,0.05253933877405628,1868.202263270014,2868404.526540025,252025.73457066744,1434.2022632700125,434.0,6354.0,8766.0,0.0,81.0,120.0,0.0,169,83.16268466634972,99.66961279586796,61.0,76.15959167480469,81.0,2101.0,120.0,2768.0,58.0,2124.0,79.0,2809.0,81.0,2101.0,120.0,2768.0,1921.0,30.0,3015.0,29.0,2273.0,30.0
597,0.0,0.0,130692.8169781033,16,129437.86510421538,130419.44565351713,-0.009602301816619252,-0.0020917088705186826,-0.0019892164759981457,2.8493110859569724,257,130,0.0027635541244053242,0.1732967602918407,0.09000218076236784,981.5805493018281,1449161.0986036554,127150.12988103917,724.5805493018277,257.0,3960.0,4104.0,0.0,55.0,56.0,0.0,101,78.37822170409365,77.23587106841082,68.17000579833984,68.03135681152344,55.0,725.0,56.0,780.0,38.25,741.75,39.0,797.0,55.0,725.0,56.0,780.0,862.0,12.0,1734.0,29.0,1000.0,17.0
598,0.0,0.0,334979.1161915662,17,321410.3054555613,323692.53918910393,-0.04050643780505181,-0.033693375070008136,-0.03394716214743054,3.008405578972482,261,121,0.01048306634487487,0.17168964614251325,0.10387909390111191,2282.233733542866,4042467.467085732,335931.05724681186,2021.233733542866,261.0,3938.0,4630.0,0.0,53.0,70.0,0.0,109,87.95012313302229,88.73394456443124,79.0,60.41942596435547,53.0,811.0,70.0,919.0,35.25,828.75,42.75,946.25,53.0,811.0,70.0,919.0,1027.0,11.0,2055.0,24.0,1019.0,19.0
599,0.0,0.0,10816.238073720557,16,8594.334360618319,8893.428843296513,-0.2054229666505436,-0.17777060908965714,-0.18171215492585047,3.0341293082868286,236,100,0.007311097400942837,0.16087357356098278,0.09751238123511777,299.09448267819846,126188.96535639698,10397.461061707972,63.09448267819849,236.0,3712.0,4328.0,0.0,50.0,70.0,0.0,111,78.0480185583442,85.64474702969693,54.43665313720703,71.5,50.0,740.0,70.0,913.0,32.75,757.25,48.0,935.0,50.0,740.0,70.0,913.0,807.0,16.0,1411.0,19.0,713.0,15.0
600,0.0,0.0,24605.059217140337,12,19456.73616481203,19781.923275889054,-0.20923839308388614,-0.19602212287672116,-0.19789311647950403,2.992924989675012,185,91,0.004470977635781572,0.1682518563661147,0.10556754101904527,325.1871110770353,280374.22215407074,23419.750170928546,140.18711107703538,185.0,2339.0,3700.0,0.0,32.0,50.0,0.0,78,80.03558769527223,83.21770069146031,69.3983383178711,61.07762145996094,32.0,297.0,50.0,556.0,25.0,304.0,31.25,574.75,32.0,297.0,50.0,556.0,802.0,9.0,808.0,9.0,1022.0,19.0
601,0.0,0.0,312138.4795753648,16,267544.44685464306,269860.9712292984,-0.14286618164280085,-0.1354447180097148,-0.1362251356042875,3.4463114936678627,276,135,0.002877890909041986,0.15871618647724361,0.09063968343616237,2316.5243746555207,4081048.749311045,296044.6811619776,2040.5243746555225,276.0,2971.0,5093.0,0.0,56.0,69.0,0.0,114,70.40086927350283,81.53962932220443,58.72660827636719,62.58131408691406,56.0,666.0,69.0,1033.0,41.75,680.25,48.0,1054.0,56.0,666.0,69.0,1033.0,1074.0,15.0,1459.0,22.0,1451.0,17.0
602,0.0,0.0,95263.90905102831,6,84982.71364737653,85698.15756319743,-0.10792329966372305,-0.10041317412984774,-0.10090195730138685,3.3602775165868577,103,52,0.004934478095304753,0.18407513850561028,0.20665559263919972,715.4439158209663,1224887.831641933,91129.96066513065,612.4439158209665,103.0,1435.0,1589.0,0.0,22.0,23.0,0.0,42,58.376617737672156,74.88721678796043,50.35621643066406,52.0,22.0,110.0,23.0,97.0,15.75,116.25,18.25,101.75,22.0,110.0,23.0,97.0,340.0,6.0,411.0,5.0,482.0,6.0
603,0.0,0.0,111053.7869327162,18,77233.54586726539,78222.99088997669,-0.30453928676868414,-0.29562968494384256,-0.29759358319083395,3.3601882197194595,326,159,0.0043189768168512745,0.1636350633530542,0.08189147199122203,989.4450227113814,1326890.04542276,98721.40775000556,663.44502271138,326.0,3209.0,5857.0,0.0,59.0,90.0,0.0,132,54.269060866893035,73.83946167610871,44.60070037841797,50.509422302246094,59.0,837.0,90.0,1389.0,41.25,854.75,67.0,1412.0,59.0,837.0,90.0,1389.0,1103.0,22.0,1570.0,27.0,1763.0,20.0
604,0.0,0.0,52300.71647075403,27,41736.58447706023,42423.51204875657,-0.20198828441673733,-0.1888540939495672,-0.1904627266975487,2.934195487384296,400,188,0.003155794470963256,0.16159271755213458,0.04744426739438596,686.9275716963971,573855.1433927941,48893.73815242626,286.927571696397,400.0,5880.0,7728.0,0.0,68.0,117.0,0.0,159,76.52260144308876,82.6039993406677,53.70081329345703,61.358646392822266,68.0,1745.0,117.0,2363.0,50.75,1762.25,84.5,2395.5,68.0,1745.0,117.0,2363.0,1423.0,17.0,1864.0,20.0,1989.0,29.0
605,0.0,0.0,27123.45314778121,18,21902.722503944355,22321.425326199987,-0.1924803090296756,-0.1770433799641048,-0.17896645072822792,2.726374500434691,279,126,0.005337040978123319,0.16922419156457463,0.07566495449407659,418.7028222556435,279405.64451128687,25620.62222804852,139.70282225564344,279.0,3788.0,5269.0,0.0,54.0,81.0,0.0,123,78.51656148102153,95.6033203127261,59.28124237060547,73.43008422851562,54.0,832.0,81.0,1242.0,33.0,853.0,51.5,1271.5,54.0,832.0,81.0,1242.0,945.0,14.0,1600.0,22.0,1795.0,22.0
606,0.0,0.0,73835.36511110434,11,77459.90704566884,77991.87714327058,0.04908951054972688,0.05629432489311448,0.056379802077644925,2.4159917930329984,162,81,0.003973135711519612,0.1821042045289108,0.13316705610083138,531.9700976018007,739940.1952036018,76566.91936385808,369.97009760180094,162.0,2829.0,2707.0,0.0,33.0,37.0,0.0,65,114.1228791752607,77.43357772207113,82.43158721923828,67.67524719238281,33.0,339.0,37.0,305.0,20.75,351.25,26.0,316.0,33.0,339.0,37.0,305.0,582.0,9.0,1094.0,14.0,576.0,7.0
607,0.0,0.0,344566.9749870626,11,306558.98844334064,309085.99001258693,-0.11030652762107873,-0.10297268034990259,-0.10378852259029847,3.399549748305535,182,90,0.008411459473135765,0.18193205110256794,0.14283022245259355,2527.001569246546,4690003.13849309,344898.84585677605,2345.001569246545,182.0,2855.0,2689.0,0.0,41.0,40.0,0.0,75,78.48448009512678,57.56827927085317,60.02549743652344,48.0,41.0,396.0,40.0,348.0,29.0,408.0,31.75,356.25,41.0,396.0,40.0,348.0,493.0,9.0,1461.0,18.0,720.0,11.0
608,0.0,0.0,75324.10035978754,6,71969.14731801707,72532.51480919145,-0.044540233812889185,-0.037060987615677,-0.03747365697443883,3.088087568744321,91,45,0.006725112709687803,0.16573161167785225,0.20903637364606864,563.3674911744324,944734.9823488652,76482.20470744403,472.36749117443264,91.0,1047.0,1977.0,0.0,18.0,22.0,0.0,38,64.93480011384626,104.25160750181504,58.573116302490234,50.93859100341797,18.0,69.0,22.0,119.0,14.0,73.0,13.25,127.75,18.0,69.0,22.0,119.0,424.0,5.0,321.0,4.0,501.0,6.0
609,0.0,0.0,110243.03741059356,19,92771.06253117613,93922.73560579412,-0.15848597144819332,-0.14803929742987265,-0.1494042924595853,3.7629571604604375,345,163,0.0040280093514713155,0.15459080819117696,0.07464195635783272,1151.6730746181117,1613346.1492362234,107186.0561016069,806.6730746181117,345.0,4034.0,5537.0,0.0,73.0,90.0,0.0,140,73.02701331581619,73.33568575218527,62.0,62.5,73.0,1037.0,90.0,1459.0,54.75,1055.25,63.5,1485.5,73.0,1037.0,90.0,1459.0,1010.0,15.0,1737.0,28.0,1438.0,23.0
610,0.0,0.0,61125.040048683404,18,56797.08821574673,57400.03499676257,-0.07080489157127179,-0.06094073801757882,-0.06134275727846128,2.793700086060494,269,120,0.00700300823215627,0.165916932395677,0.08198347305288317,602.9467810159124,667893.5620318255,59767.829532271695,333.9467810159128,269.0,4204.0,4864.0,0.0,53.0,78.0,0.0,116,96.16976288815576,87.04464584315573,90.0,72.0,53.0,884.0,78.0,1072.0,31.25,905.75,51.75,1098.25,53.0,884.0,78.0,1072.0,922.0,18.0,1688.0,19.0,1427.0,24.0
611,0.0,0.0,110518.64631907053,25,91155.59080009538,92107.45535291226,-0.17520170725827966,-0.16658900175998015,-0.1673819978288753,2.8760985630089517,375,168,0.00400149138605991,0.1646727703421091,0.06455185625493264,951.8645528169434,1153729.1056338872,100285.94990385734,576.8645528169436,375.0,5053.0,7547.0,0.0,77.0,105.0,0.0,150,73.01340484802076,93.72384490273873,53.0,72.69259643554688,77.0,1446.0,105.0,2122.0,48.0,1475.0,70.25,2156.75,77.0,1446.0,105.0,2122.0,1496.0,29.0,2374.0,40.0,1930.0,30.0
612,0.0,0.0,90651.25532903941,13,73565.84510183915,74333.8401182466,-0.1884740610064899,-0.1800020876883064,-0.18121385726007655,3.2110429301791137,212,100,0.006400252361346625,0.16891312355139665,0.09725732225450116,767.9950164074987,1111990.0328149977,86575.45671251508,555.9950164074988,212.0,2744.0,3808.0,0.0,44.0,55.0,0.0,89,91.59298144674781,59.18751437922789,83.53851318359375,52.721031188964844,44.0,475.0,55.0,583.0,28.5,490.5,36.75,601.25,44.0,475.0,55.0,583.0,788.0,10.0,830.0,15.0,1042.0,23.0
613,0.0,0.0,14416.710083489637,18,11386.860284181435,11672.649493570034,-0.21016235894055046,-0.19033888966541457,-0.19288762005890303,2.3264959433211354,224,96,0.006909235585552075,0.15621527634027826,0.07193181681856697,285.78920938859994,123578.4187771999,13279.457797032346,61.78920938859995,224.0,3511.0,5534.0,0.0,39.0,71.0,0.0,99,79.69100407453206,128.02079531527767,74.67430877685547,124.72869873046875,39.0,674.0,71.0,995.0,26.25,686.75,45.25,1020.75,39.0,674.0,71.0,995.0,1192.0,11.0,1103.0,11.0,1282.0,19.0
614,0.0,0.0,44370.38280039197,8,44662.58897692181,45062.1747726669,0.006585613152007008,0.015591300516542228,0.015761356570899387,2.9921665558025587,137,71,0.004808327905121855,0.1685616695780639,0.18256403949998465,399.58579574513305,525171.5914902659,43878.87352659454,262.58579574513294,137.0,1942.0,2090.0,0.0,25.0,33.0,0.0,54,96.8216924687471,78.58254697219095,89.0,58.0,25.0,176.0,33.0,198.0,15.5,185.5,22.25,208.75,25.0,176.0,33.0,198.0,390.0,9.0,802.0,8.0,400.0,6.0
615,0.0,0.0,340654.2558801072,27,310155.113595532,312363.72618037503,-0.08953107662130388,-0.08304763322754127,-0.08348380056910887,2.701597755665144,385,177,0.002714282041050075,0.1623629919177439,0.05330280039653638,2208.612584843126,3647225.1696862485,337506.3110374371,1823.6125848431243,385.0,5890.0,7718.0,0.0,74.0,107.0,0.0,151,79.78992368992462,89.01558332715672,69.75105285644531,60.0,74.0,1646.0,107.0,2250.0,52.75,1667.25,69.25,2287.75,74.0,1646.0,107.0,2250.0,1548.0,20.0,2165.0,22.0,1692.0,19.0
616,0.0,0.0,442195.15355914895,9,356938.79527220747,359603.12539947295,-0.19280256149514174,-0.18677732556521187,-0.1876310194629751,2.998867115161065,139,66,0.004720701095584411,0.17979271181013606,0.1393229456373097,2664.330127265695,5050660.254531389,421047.3539321969,2525.3301272656945,139.0,1779.0,2757.0,0.0,25.0,39.0,0.0,62,106.56241710898843,63.57201351297324,55.0,55.0,25.0,212.0,39.0,282.0,20.5,216.5,24.25,296.75,25.0,212.0,39.0,282.0,625.0,8.0,495.0,6.0,749.0,13.0
617,0.0,0.0,109207.43548608334,30,86863.00466857434,87862.29786134239,-0.20460539814027978,-0.1954549846329926,-0.19650305833605908,2.8030903328391226,442,195,0.004377624274689025,0.15501551227781424,0.04868453109140901,999.2931927680196,1114586.3855360385,99406.92710455078,557.2931927680193,442.0,6115.0,9002.0,0.0,86.0,131.0,0.0,180,83.20360189427512,87.33153244588712,59.76093673706055,71.0,86.0,2058.0,131.0,3124.0,54.25,2089.75,86.75,3168.25,86.0,2058.0,131.0,3124.0,1765.0,36.0,2728.0,36.0,2797.0,44.0
618,0.0,0.0,94110.18051121518,17,76985.96652932328,77739.8126705893,-0.18195920875798544,-0.1739489580372765,-0.17482565889491042,2.8490862722907426,257,119,0.005040628466585695,0.16466580690442512,0.08624059801563035,753.8461412660203,993692.2825320408,87193.94461624054,496.8461412660204,257.0,3781.0,4787.0,0.0,54.0,67.0,0.0,106,95.46152779952018,90.95960205088411,71.43204498291016,75.0,54.0,770.0,67.0,911.0,32.75,791.25,44.75,933.25,54.0,770.0,67.0,911.0,833.0,13.0,1690.0,22.0,1472.0,18.0
619,0.0,0.0,34383.45836578541,11,29306.101224495444,29694.683454119753,-0.14766859945485844,-0.1363671699857686,-0.13765096178735792,2.910490925041521,195,94,0.005482202528011658,0.16480359022591157,0.1250187668368143,388.58222962434354,387164.4592486871,33255.941112680484,193.58222962434354,195.0,2284.0,3258.0,0.0,35.0,55.0,0.0,82,75.5914967800282,73.46008190983223,73.9571304321289,40.38041305541992,35.0,339.0,55.0,472.0,25.0,349.0,32.25,494.75,35.0,339.0,55.0,472.0,658.0,11.0,831.0,11.0,1055.0,17.0
620,0.0,0.0,61201.83746962805,29,51906.872619601054,52807.36278976828,-0.1518739507558038,-0.13716050084322384,-0.13857133284862244,3.5785793538113833,484,214,0.003956389423640308,0.16906933206003033,0.05083265875655557,900.4901701672336,832980.340334468,58192.11047026932,416.49017016723406,484.0,6279.0,8333.0,0.0,106.0,135.0,0.0,188,76.67030814666641,83.44217792591706,64.5,71.0,106.0,2202.0,135.0,3007.0,73.25,2234.75,94.5,3047.5,106.0,2202.0,135.0,3007.0,1735.0,23.0,2570.0,45.0,1774.0,35.0
621,0.0,0.0,38514.03132292663,25,34203.36334658457,34798.01896808718,-0.11192461106443585,-0.09648463760342296,-0.09750184937466755,2.8426176089612283,384,174,0.003367610857170306,0.16843930320958245,0.071095980570956,594.6556215026287,421311.2430052578,37053.10570766645,210.6556215026289,384.0,4973.0,7623.0,0.0,74.0,111.0,0.0,161,88.18103097768484,98.1170632523863,70.04081726074219,65.0,74.0,1455.0,111.0,2382.0,54.5,1474.5,70.75,2422.25,74.0,1455.0,111.0,2382.0,1644.0,20.0,2369.0,35.0,1773.0,25.0
622,0.0,0.0,59800.64174291591,7,54146.95674939459,54768.705949686264,-0.09454221273789376,-0.08414518049592234,-0.08549388709216843,3.7387649990626874,150,77,0.004379933963015028,0.18168219742124384,0.18641752822230362,621.7492002917065,943498.4005834127,63088.90775563246,471.74920029170636,150.0,1874.0,1654.0,0.0,32.0,34.0,0.0,63,64.90998882214807,61.45277269380937,46.5,34.5,32.0,196.0,34.0,179.0,19.75,208.25,24.5,188.5,32.0,196.0,34.0,179.0,296.0,5.0,1014.0,16.0,453.0,13.0
623,0.0,0.0,142900.6853156453,23,127655.8094825068,128968.0814716367,-0.10668161457354075,-0.09749850963439155,-0.0981154923903681,3.3263012646313075,392,179,0.005204122928410251,0.1608264195676401,0.0642414892133057,1312.2719891300208,1840543.9782600428,138332.62773208634,920.2719891300214,392.0,5222.0,6370.0,0.0,76.0,114.0,0.0,160,66.6915505473843,78.32931605748853,56.735233306884766,47.712493896484375,76.0,1558.0,114.0,1932.0,51.75,1582.25,79.5,1966.5,76.0,1558.0,114.0,1932.0,1241.0,23.0,2296.0,33.0,1566.0,29.0
624,0.0,0.0,301659.48652231327,29,255748.67849981922,258198.66191129753,-0.15219414629315198,-0.14407246101243032,-0.14481368432837172,3.40796888025696,505,238,0.0031540104157828006,0.15679942454398055,0.04587755085030198,2449.9834114785435,3889966.8229570882,285358.1531724393,1944.9834114785442,505.0,6670.0,7946.0,0.0,111.0,127.0,0.0,189,71.67495204573824,82.1378083992395,48.062583923339844,60.18252182006836,111.0,2333.0,127.0,2910.0,73.5,2370.5,96.0,2941.0,111.0,2333.0,127.0,2910.0,1564.0,23.0,2687.0,47.0,1727.0,32.0
625,0.0,0.0,62106.486039655494,27,49092.35372879752,49867.768555050185,-0.2095454620077578,-0.19706021488304437,-0.19875723766449827,2.956112103813602,431,198,0.003846294868161137,0.16029882936944187,0.05441922497740294,775.4148262527049,688829.6525054101,58254.696398080545,344.4148262527051,431.0,5118.0,8489.0,0.0,84.0,122.0,0.0,174,73.82723128286067,91.09480356432019,62.694923400878906,71.20272827148438,84.0,1717.0,122.0,2774.0,60.5,1740.5,80.75,2815.25,84.0,1717.0,122.0,2774.0,1645.0,26.0,1879.0,33.0,2172.0,31.0
626,0.0,0.0,189172.05213092198,29,158733.16779860403,160010.8281506595,-0.1609058208622267,-0.1541518615026738,-0.1548449099427962,2.410457828027871,418,187,0.0029385233189599567,0.16045628026046263,0.057634120012586255,1277.6603520556469,1719320.704111293,178318.89487130797,859.6603520556465,418.0,5785.0,8831.0,0.0,81.0,121.0,0.0,167,93.99368166827217,110.3577811911238,78.6227798461914,90.0,81.0,1933.0,121.0,2708.0,52.25,1961.75,74.25,2754.75,81.0,1933.0,121.0,2708.0,1870.0,27.0,2819.0,42.0,2554.0,22.0
627,0.0,0.0,11336.740347301826,21,9120.000124122704,9454.447651201013,-0.19553594377829353,-0.1660347364795034,-0.16963542111286578,2.8007700423212576,275,116,0.007570387486147936,0.1618752838228597,0.0670002083305673,334.4475270783133,118895.05415662668,10612.711179430436,59.44752707831334,275.0,3495.0,7020.0,0.0,49.0,90.0,0.0,122,86.55346205637572,102.9601236578174,68.69796752929688,85.875732421875,49.0,805.0,90.0,1601.0,31.25,822.75,61.25,1629.75,49.0,805.0,90.0,1601.0,1473.0,20.0,1244.0,15.0,1568.0,21.0
628,0.0,0.0,43812.02273938745,8,41608.38414126853,42062.45585880468,-0.050297577247850556,-0.03993348791472018,-0.04031294855684586,3.440676273794332,154,75,0.005220752610736557,0.16845938126195378,0.2503694438751675,454.0717175361844,600143.4350723694,43606.502567774216,300.07171753618474,154.0,1990.0,2042.0,0.0,27.0,44.0,0.0,68,72.68513766233607,66.31102584102109,56.95631790161133,46.56339645385742,27.0,205.0,44.0,268.0,17.75,214.25,33.25,278.75,27.0,205.0,44.0,268.0,338.0,9.0,1178.0,13.0,640.0,11.0
629,0.0,0.0,22390.179898626997,22,17794.553276560408,18248.12591660085,-0.20525188465986377,-0.18499422518173447,-0.18733108491749662,2.8656500556531572,336,151,0.004749098175322113,0.16761598994829086,0.06698382880161853,453.5726400404498,235145.2800808989,20514.130783085366,117.57264004044946,336.0,5404.0,5676.0,0.0,73.0,90.0,0.0,143,92.6517121168539,78.90037086408027,77.0,49.0,73.0,1413.0,90.0,1565.0,46.0,1440.0,62.25,1592.75,73.0,1413.0,90.0,1565.0,1069.0,17.0,2886.0,41.0,1946.0,32.0
630,0.0,0.0,318519.9642430823,27,234555.82881101946,236795.61497403044,-0.26360713568328986,-0.25657528080934644,-0.2578377993888761,3.1208321642155,424,199,0.0033823125089866607,0.16073466216827226,0.05644665701994605,2239.7861630112866,3631572.3260225714,290913.7799577456,1815.7861630112857,424.0,5266.0,8339.0,0.0,71.0,127.0,0.0,170,79.0952993245009,90.48642266176869,61.0,76.0,71.0,1655.0,127.0,2736.0,52.25,1673.75,86.5,2776.5,71.0,1655.0,127.0,2736.0,1692.0,29.0,2326.0,32.0,2224.0,39.0
631,0.0,0.0,137599.892510986,26,128404.60806539157,129703.53297977435,-0.06682624730146713,-0.057386378630936985,-0.05776915757009882,3.1587424038618073,448,209,0.003956196334149365,0.16124849120695423,0.05600922308401362,1298.9249143828272,1701849.8287656563,134693.6225857649,850.9249143828282,448.0,5084.0,8020.0,0.0,102.0,111.0,0.0,181,75.34033619833224,81.5420239110992,55.27975082397461,65.0,102.0,1769.0,111.0,2724.0,71.25,1799.75,70.25,2764.75,102.0,1769.0,111.0,2724.0,1654.0,26.0,1913.0,43.0,1927.0,25.0
632,0.0,0.0,23206.572176960595,25,19376.135686710346,19876.133486877272,-0.1650582628507753,-0.14351273702497824,-0.14582532783920354,3.000203399598842,368,161,0.006106958777969351,0.15948009892339837,0.055434699944893334,499.99780016692745,263995.60033385496,21998.14189007601,131.99780016692748,368.0,5273.0,7317.0,0.0,85.0,97.0,0.0,158,73.86645897925207,86.04555219069802,57.0,76.78113555908203,85.0,1581.0,97.0,2184.0,57.25,1608.75,65.75,2215.25,85.0,1581.0,97.0,2184.0,1506.0,14.0,2110.0,33.0,2058.0,28.0
633,0.0,0.0,168610.99057741134,18,147463.7371407559,148791.0048677295,-0.125420373631851,-0.11754859894843128,-0.1182870493322532,3.1076454009213377,299,144,0.005105439761842176,0.16194173964930783,0.0865363712085404,1327.267726973722,2056535.4539474435,165441.61162481192,1028.267726973722,299.0,3939.0,5133.0,0.0,52.0,85.0,0.0,125,76.94934520095025,85.17647858500729,55.43022918701172,71.31256866455078,52.0,869.0,85.0,1244.0,37.0,884.0,57.0,1272.0,52.0,869.0,85.0,1244.0,976.0,21.0,2088.0,27.0,1501.0,18.0
634,0.0,0.0,10888.243681896598,30,8392.686511195727,8864.928090937154,-0.22919740259396693,-0.18582570799030906,-0.19065920754580312,3.1274256092569654,411,164,0.007899512983298822,0.1601171094016081,0.04205476162575312,472.2415797414319,122483.15948286434,9791.052992621358,61.241579741432176,411.0,6373.0,8610.0,0.0,77.0,140.0,0.0,177,91.5461438564548,92.09951182449475,70.0,69.5,77.0,2150.0,140.0,2900.0,53.5,2173.5,102.5,2937.5,77.0,2150.0,140.0,2900.0,1794.0,27.0,1688.0,20.0,1756.0,33.0
635,0.0,0.0,333342.8351874398,30,257847.28198941913,259838.33536166258,-0.22648020364850285,-0.220507213795207,-0.22147524636538096,2.5401712859289307,423,189,0.0031523179219400295,0.16159420400595875,0.04630529123862425,1991.0533722433822,3136106.7444867673,308651.1096573459,1568.0533722433836,423.0,6288.0,8828.0,0.0,84.0,121.0,0.0,167,88.34875978563218,88.1413308544436,66.5,72.8998794555664,84.0,2024.0,121.0,2781.0,52.5,2055.5,86.0,2816.0,84.0,2024.0,121.0,2781.0,1861.0,27.0,2845.0,41.0,2452.0,31.0
636,0.0,0.0,31683.47437457567,24,26155.42099526664,26759.060957708356,-0.17447749934095003,-0.1554252970696578,-0.1575696111904229,3.282294858471804,408,185,0.004434108720927243,0.16275281136077935,0.059546209539909474,603.6399624417265,391279.92488345405,29802.313758736254,195.63996244172702,408.0,5007.0,7076.0,0.0,84.0,115.0,0.0,166,84.6938333462667,66.5867739599515,76.5,48.0,84.0,1610.0,115.0,2171.0,58.25,1635.75,82.75,2203.25,84.0,1610.0,115.0,2171.0,1426.0,25.0,2014.0,37.0,1692.0,31.0
637,0.0,0.0,18386.003432056656,21,15513.722339743466,15948.030478355096,-0.15622106799486746,-0.1325993962043358,-0.1349816767215528,3.014713534196076,328,151,0.005399820155692643,0.1640075349794736,0.06578173581159878,434.30813861164035,212616.27722328075,17631.548969044787,106.30813861164037,328.0,4913.0,5636.0,0.0,73.0,83.0,0.0,139,84.29182047557815,85.91553619320483,73.43148040771484,71.0,73.0,1287.0,83.0,1470.0,51.0,1309.0,60.75,1492.25,73.0,1287.0,83.0,1470.0,1042.0,11.0,2560.0,33.0,1688.0,21.0
638,0.0,0.0,11310.08506478195,16,8997.023182719116,9298.414473964174,-0.20451321708139847,-0.17786520431060604,-0.18141360125225514,3.2376244194943244,233,99,0.006555846842148385,0.1719926186780115,0.08648873026407138,301.3912912450715,136782.58249014273,10561.95567856404,68.39129124507136,233.0,3049.0,4997.0,0.0,46.0,72.0,0.0,110,81.51296774913563,91.90973961241953,59.5,71.91133117675781,46.0,659.0,72.0,979.0,34.25,670.75,48.25,1002.75,46.0,659.0,72.0,979.0,1018.0,14.0,1099.0,20.0,1194.0,20.0
639,0.0,0.0,367764.28960874776,7,321726.4683334591,323769.45491937775,-0.12518295706270655,-0.11962780490779745,-0.12000371854136005,2.8033726370703054,105,56,0.003190669700979885,0.17297334519666502,0.22190647288281978,2042.9865859187814,3875973.171837562,345652.6899584949,1937.9865859187812,105.0,1666.0,1862.0,0.0,18.0,24.0,0.0,40,107.60518067667205,68.55987532000897,100.75778198242188,55.92041015625,18.0,103.0,24.0,135.0,13.25,107.75,15.75,143.25,18.0,103.0,24.0,135.0,382.0,1.0,927.0,10.0,585.0,8.0
640,0.0,0.0,16284.456609910078,10,14169.93592450507,14418.525003774452,-0.12984901713688102,-0.11458359654445538,-0.11668265142067913,2.6991705084129043,158,74,0.0055273699963418015,0.18356305125417904,0.12260418061830976,248.58907926938699,181178.15853877406,16780.910836687537,90.58907926938703,158.0,2499.0,2526.0,0.0,26.0,48.0,0.0,69,98.56022106691663,74.7740505540202,86.57954406738281,50.5,26.0,325.0,48.0,290.0,19.25,331.75,33.25,304.75,26.0,325.0,48.0,290.0,467.0,11.0,771.0,8.0,548.0,6.0
641,0.0,0.0,441638.1374728438,10,392973.9071497718,395814.6243751812,-0.1101902806708226,-0.1037580525990699,-0.10428398018439833,3.1847712457851913,160,81,0.006548757876465644,0.1876980487080866,0.2047520566537877,2840.7172254097477,5361434.4508195,420864.9567778974,2680.71722540975,160.0,1723.0,3317.0,0.0,26.0,43.0,0.0,65,77.88272784320046,79.46922905415057,61.0,42.148643493652344,26.0,228.0,43.0,353.0,19.5,234.5,31.5,364.5,26.0,228.0,43.0,353.0,672.0,7.0,936.0,10.0,712.0,8.0
642,0.0,0.0,122279.43264179309,25,91083.63446425919,92073.57984498164,-0.2551189313162686,-0.24702316770880728,-0.24818536759640053,2.79402365040942,382,181,0.004007627689225577,0.15633707743358813,0.0598659539464748,989.945380722497,1215890.7614449947,108793.88594892756,607.9453807224974,382.0,5002.0,7598.0,0.0,81.0,95.0,0.0,153,79.18644656618395,102.90638596055236,63.654415130615234,82.0,81.0,1471.0,95.0,2178.0,53.0,1499.0,66.5,2206.5,81.0,1471.0,95.0,2178.0,1478.0,26.0,2299.0,34.0,1784.0,23.0
643,0.0,0.0,24171.32667093049,26,19824.407057409375,20332.358363634223,-0.17983785800011198,-0.15882323546242016,-0.16117956678142153,2.940788673538579,374,156,0.006148684772051782,0.16129087074631776,0.05036824098999581,507.9513062248622,267902.6124497246,22774.72492841214,133.9513062248623,374.0,5388.0,7711.0,0.0,81.0,111.0,0.0,161,82.15525518366007,87.91654694344922,64.69828796386719,61.0,81.0,1653.0,111.0,2338.0,53.75,1680.25,73.5,2375.5,81.0,1653.0,111.0,2338.0,1556.0,16.0,2017.0,42.0,2148.0,30.0
644,0.0,0.0,32101.294050315468,19,28844.259916498086,29311.85043871975,-0.10146114760085112,-0.08689505186998236,-0.08738561629597996,3.1153748261653336,281,127,0.005234039963917007,0.16969348038267715,0.07790480046824287,467.5905222216683,373181.04444333666,29946.721122372892,186.59052222166832,281.0,3428.0,6140.0,0.0,59.0,76.0,0.0,122,61.5910035489667,102.31227146672263,50.0,86.5,59.0,823.0,76.0,1357.0,41.0,841.0,47.25,1385.75,59.0,823.0,76.0,1357.0,1327.0,15.0,1590.0,19.0,1460.0,20.0
645,0.0,0.0,187815.76366458106,5,164031.53784119713,165147.41900539995,-0.12663594023907399,-0.12069457971410935,-0.12131186622345058,2.8315548463710907,85,45,0.009145656072866291,0.21632121883898067,0.2440239556488011,1115.8811642030278,2061762.3284060552,182034.4687167548,1030.8811642030275,85.0,1135.0,1385.0,0.0,10.0,25.0,0.0,34,114.90521392220487,73.95796492111427,113.29376220703125,78.0,10.0,68.0,25.0,67.0,6.0,72.0,14.5,77.5,10.0,68.0,25.0,67.0,238.0,5.0,365.0,2.0,262.0,9.0
646,0.0,0.0,171839.57522269894,13,150543.51051296372,151726.86446590742,-0.12392991941545572,-0.11704353162376047,-0.11770930983512728,2.8797508786701953,213,101,0.006980781713789012,0.15685429700387263,0.12265685588214502,1183.3539529438706,1940707.9058877425,168478.80143576153,970.3539529438713,213.0,3001.0,3551.0,0.0,37.0,62.0,0.0,88,73.7360275390596,82.64568073821908,72.97603607177734,62.0,37.0,479.0,62.0,566.0,25.25,490.75,39.25,588.75,37.0,479.0,62.0,566.0,705.0,7.0,1635.0,19.0,745.0,10.0
647,0.0,0.0,20270.248557695202,18,17099.673677434283,17494.45138870556,-0.1564151949709207,-0.13693947368671344,-0.13880401537129128,2.9599458904053586,281,124,0.006431610391489222,0.15567029218567266,0.08112509875586897,394.7777112712773,227555.4225425545,19219.559323717167,113.77771127127725,281.0,3956.0,5116.0,0.0,67.0,72.0,0.0,122,85.11828348170927,78.91181954921632,67.57598114013672,60.0,67.0,911.0,72.0,1146.0,42.75,935.25,48.5,1169.5,67.0,911.0,72.0,1146.0,1059.0,20.0,1583.0,28.0,1219.0,14.0
648,0.0,0.0,183231.63332507605,11,164092.77448751882,165243.48921974923,-0.10445171769878003,-0.0981716081382824,-0.09855417138639078,2.778680361812024,185,87,0.005223644033894244,0.1767735420873669,0.13851309408737725,1150.7147322304907,1931429.464460981,173772.18796060656,965.7147322304905,185.0,2276.0,3268.0,0.0,32.0,55.0,0.0,81,64.0895510868102,95.7731892615864,65.27899169921875,74.64913177490234,32.0,345.0,55.0,459.0,20.5,356.5,35.25,478.75,32.0,345.0,55.0,459.0,624.0,13.0,1118.0,14.0,892.0,14.0
649,0.0,0.0,29293.164762825578,24,23835.27645636085,24356.733760178882,-0.18631951687893578,-0.1685181864989631,-0.17068768064985385,2.873886777161769,362,155,0.00541401934528202,0.1634819484503139,0.05741159553071521,521.4573038180492,318914.60763609933,27742.44710773342,159.45730381804967,362.0,5265.0,6829.0,0.0,84.0,99.0,0.0,143,96.90194628348438,91.21537429234625,86.82220458984375,75.0,84.0,1427.0,99.0,1820.0,51.75,1459.25,63.0,1856.0,84.0,1427.0,99.0,1820.0,1417.0,29.0,2604.0,34.0,1984.0,23.0
650,0.0,0.0,34693.33230881761,7,22796.76423633084,23124.4373353569,-0.34290646878746656,-0.3334616251469271,-0.33562454098604144,3.174673525655906,131,65,0.010884191223985026,0.19055291975104188,0.20796685867508485,327.67309902607695,393346.19805215404,30975.32666535265,196.673099026077,131.0,1405.0,2123.0,0.0,26.0,33.0,0.0,57,87.24406024549552,81.61241006238335,56.765323638916016,77.0,26.0,128.0,33.0,212.0,16.0,138.0,21.75,223.25,26.0,128.0,33.0,212.0,435.0,7.0,737.0,14.0,648.0,11.0
651,0.0,0.0,467419.52659349766,22,407568.6954605943,410781.00847768626,-0.128045209341359,-0.12117276855887193,-0.12181895358593287,3.1347985416197672,371,168,0.006278417722923868,0.16492699934105579,0.06936105187745158,3212.313017092723,5682626.034185445,453189.09323350026,2841.3130170927225,371.0,4716.0,6372.0,0.0,78.0,103.0,0.0,158,65.1708883720949,78.79095976619737,54.251220703125,55.12299728393555,78.0,1375.0,103.0,1920.0,55.25,1397.75,65.0,1958.0,78.0,1375.0,103.0,1920.0,1247.0,14.0,2231.0,36.0,1524.0,25.0
652,0.0,0.0,10164.724022841936,7,7431.323094312576,7595.184687492055,-0.26891049106566234,-0.25278987698787203,-0.2557862685278087,2.71708798984048,111,47,0.011415741249886606,0.19105931139975096,0.2701113178877131,163.86159317948253,105723.18635896497,9727.618939308988,52.86159317948249,111.0,1390.0,2136.0,0.0,22.0,35.0,0.0,53,58.83620687079486,124.47194611749762,31.0,118.0,22.0,128.0,35.0,185.0,13.25,136.75,21.75,198.25,22.0,128.0,35.0,185.0,452.0,4.0,628.0,8.0,333.0,10.0
653,0.0,0.0,105954.28707366672,15,87343.44224792482,88115.73291691707,-0.1756497574543856,-0.16836085305681936,-0.1691362343112186,2.737945588825482,237,116,0.005211404745289912,0.1606162420060198,0.11094127844433553,772.290668992297,1070581.337984594,97754.07356103174,535.290668992297,237.0,3157.0,4403.0,0.0,40.0,66.0,0.0,98,63.79118855618034,86.00568073072543,65.711181640625,69.83895874023438,40.0,571.0,66.0,793.0,27.5,583.5,49.5,809.5,40.0,571.0,66.0,793.0,873.0,10.0,1524.0,19.0,862.0,12.0
654,0.0,0.0,445660.30141793564,17,329154.47885252855,331878.1563089865,-0.2614229317592933,-0.25531137673006565,-0.2563814220911418,3.0518022703518706,301,148,0.006398990991235248,0.15785905934482092,0.08756347220726499,2723.6774564582493,4845354.912916495,396925.69207291974,2422.677456458248,301.0,3743.0,4825.0,0.0,63.0,73.0,0.0,124,67.9653207044621,73.86044156208233,52.0,61.742252349853516,63.0,889.0,73.0,1083.0,42.75,909.25,53.5,1102.5,63.0,889.0,73.0,1083.0,877.0,13.0,1964.0,33.0,1588.0,17.0
655,0.0,0.0,108563.6017549032,25,82911.30681879702,83875.71040665542,-0.2362881713709135,-0.2274048663564422,-0.2289809012520615,2.795135838091847,397,186,0.0033202000177665553,0.15644416392976981,0.05855721565255027,964.4035878584705,1134807.1757169412,101498.39233677808,567.4035878584706,397.0,4682.0,7918.0,0.0,71.0,115.0,0.0,153,93.08570729519458,80.16740747900481,68.0,65.0,71.0,1355.0,115.0,2284.0,50.5,1375.5,78.5,2320.5,71.0,1355.0,115.0,2284.0,1631.0,26.0,1831.0,29.0,1773.0,25.0
656,0.0,0.0,77056.33917777761,14,69718.93128454655,70362.74902428905,-0.09522134027549434,-0.08686618420900716,-0.08746074571860807,2.8211828610694796,219,102,0.0034628533175397715,0.17070234269675777,0.1033701229298917,643.817739742565,849635.4794851298,75290.71326867503,424.8177397425649,219.0,2572.0,4484.0,0.0,53.0,50.0,0.0,93,91.62009025092115,90.7092282092969,73.55207061767578,63.222991943359375,53.0,464.0,50.0,735.0,33.5,483.5,35.5,749.5,53.0,464.0,50.0,735.0,973.0,13.0,1062.0,29.0,1253.0,20.0
657,0.0,0.0,382453.678726425,10,279581.65030351013,282069.173443912,-0.26897905326856797,-0.26247493713956294,-0.26378233232447057,3.2788316862428477,176,87,0.004640278263230912,0.1764283950139486,0.13652092512224118,2487.523140402093,4623046.280804187,352491.88759835745,2311.5231404020938,176.0,2139.0,2901.0,0.0,30.0,49.0,0.0,71,67.1178617464775,65.73369923347623,45.93335723876953,47.131187438964844,30.0,266.0,49.0,365.0,20.5,275.5,30.0,384.0,30.0,266.0,49.0,365.0,606.0,4.0,1053.0,14.0,784.0,16.0
658,0.0,0.0,12331.341669356432,8,10700.24416532412,10944.451319191345,-0.13227250916951017,-0.11246873108799915,-0.1138266585242671,3.689938598425908,158,79,0.006973881108883731,0.17471645257740145,0.16103839127517808,244.20715386722972,172414.30773445932,11681.380538961379,86.20715386722966,158.0,1753.0,2279.0,0.0,35.0,36.0,0.0,69,70.25850592104699,87.34590694452974,50.0,62.48739242553711,35.0,204.0,36.0,277.0,26.0,213.0,22.25,290.75,35.0,204.0,36.0,277.0,429.0,5.0,721.0,11.0,622.0,7.0
659,0.0,0.0,155239.94559946918,29,123295.72894426499,124593.60011585623,-0.2057731760459559,-0.19741275588103369,-0.19862375828238166,2.9201365552793295,435,189,0.005978690979451656,0.15390108876892572,0.05148729180316242,1297.871171591347,1725742.343182696,147745.00357378132,862.871171591348,435.0,6579.0,8028.0,0.0,83.0,134.0,0.0,180,94.60283267505434,92.48393959998326,69.00238800048828,78.07552337646484,83.0,2189.0,134.0,2812.0,50.5,2221.5,87.5,2858.5,83.0,2189.0,134.0,2812.0,1466.0,28.0,2783.0,36.0,1821.0,36.0
660,0.0,0.0,82721.95411523471,30,66136.92238888984,67028.00073067404,-0.20049129525205978,-0.1897193260533765,-0.19103120144449426,2.9538708023500595,443,196,0.002330594762220796,0.15804765134742826,0.04818341545812426,891.0783417842288,896156.683568458,75845.96141235153,448.078341784229,443.0,5472.0,9645.0,0.0,86.0,131.0,0.0,172,77.15781574559472,95.91823926687456,55.0,69.0,86.0,1881.0,131.0,3060.0,61.0,1906.0,86.75,3104.25,86.0,1881.0,131.0,3060.0,2153.0,24.0,2138.0,40.0,2312.0,36.0
661,0.0,0.0,157433.0875759384,8,133565.81908602506,134597.9028373141,-0.1516026196107021,-0.14504692177627332,-0.14541353903913568,3.0925653759010956,150,74,0.0049574135793983365,0.18525737351351426,0.1898178879930187,1032.0837512891048,1764167.5025782092,142613.59810899512,882.0837512891046,150.0,1590.0,2442.0,0.0,17.0,51.0,0.0,64,82.3247641445565,66.33677507233035,58.0,48.0,17.0,188.0,51.0,256.0,11.0,194.0,34.75,272.25,17.0,188.0,51.0,256.0,466.0,9.0,649.0,7.0,479.0,12.0
662,0.0,0.0,60762.36006252066,27,53795.09052610052,54494.952609395805,-0.1146642350503051,-0.10314621497051935,-0.10376667230913861,2.714173431260056,388,182,0.0023725483740847804,0.16555403076348255,0.05875008755502456,699.8620832953183,623724.1665906367,57450.65508775102,311.86208329531837,388.0,5456.0,8144.0,0.0,68.0,111.0,0.0,149,83.42289419334969,112.96202241142676,73.76494598388672,88.0,68.0,1562.0,111.0,2280.0,48.25,1581.75,76.75,2314.25,68.0,1562.0,111.0,2280.0,1726.0,20.0,2439.0,32.0,2009.0,26.0
663,0.0,0.0,43476.648823980126,24,38271.28312146129,38926.114773822155,-0.11972785031324096,-0.10466616386606276,-0.10591743769590367,3.124487273718918,391,173,0.004593286967279475,0.17016178056531253,0.06351983250265805,654.831652360923,527663.3047218461,42219.99151350322,263.83165236092304,391.0,5588.0,6506.0,0.0,88.0,106.0,0.0,160,72.16849408532956,80.17928828378915,66.0,61.383033752441406,88.0,1661.0,106.0,1984.0,60.0,1689.0,75.5,2014.5,88.0,1661.0,106.0,1984.0,1181.0,22.0,2626.0,37.0,1515.0,25.0
664,0.0,0.0,39302.44092372037,7,30976.21928929279,31379.532325311236,-0.21184998790755571,-0.20158820704765412,-0.20289436380633175,3.6043037002660885,139,69,0.005344431363364831,0.17949679412424505,0.20082690370910647,403.3130360184812,528626.0720369619,36666.310333250774,264.31303601848094,139.0,1331.0,2197.0,0.0,26.0,37.0,0.0,60,65.04440671244937,61.56825180342228,51.0,57.0,26.0,129.0,37.0,228.0,17.25,137.75,24.5,240.5,26.0,129.0,37.0,228.0,423.0,7.0,375.0,6.0,546.0,7.0
665,0.0,0.0,166615.91095076577,18,146348.00033410388,147503.91240621227,-0.12164450862469534,-0.11470692345943478,-0.11524701616896471,2.7322867608780768,288,134,0.003157740203007399,0.16545041605833793,0.08254916120380482,1155.9120721083973,1735824.1442167936,158825.21639666316,867.9120721083968,288.0,4032.0,5040.0,0.0,50.0,86.0,0.0,121,83.8696299362476,81.59626049140584,64.30176544189453,74.54302978515625,50.0,928.0,86.0,1114.0,31.5,946.5,55.0,1145.0,50.0,928.0,86.0,1114.0,1035.0,13.0,2133.0,25.0,1460.0,24.0
666,0.0,0.0,49092.55201730621,15,36957.832682456894,37442.744120214265,-0.24718045479834827,-0.23730295978471705,-0.23869820775336825,2.912941704147271,231,113,0.00571604907300494,0.17993164959732633,0.0948450860815339,484.9114377573868,507822.8755147737,43583.33663112499,253.91143775738686,231.0,2642.0,4916.0,0.0,33.0,70.0,0.0,94,93.07069013767253,84.11348849456493,98.586181640625,59.818580627441406,33.0,449.0,70.0,857.0,24.25,457.75,47.5,879.5,33.0,449.0,70.0,857.0,1078.0,13.0,1080.0,16.0,1406.0,22.0
667,0.0,0.0,17806.65921880987,24,14481.072033335437,14954.132767831938,-0.1867608710095089,-0.16019436413792298,-0.16316276439692656,3.1924572387921843,366,157,0.006644956430304869,0.15555546093718822,0.05464406755103633,473.06073449651115,214121.46899302278,16767.763275823254,107.06073449651139,366.0,5230.0,6840.0,0.0,75.0,110.0,0.0,154,84.27664078924721,77.00519907238485,67.44291687011719,61.28348159790039,75.0,1493.0,110.0,2009.0,58.5,1509.5,77.0,2042.0,75.0,1493.0,110.0,2009.0,1233.0,16.0,1608.0,24.0,1257.0,26.0
668,0.0,0.0,14724.603903712095,25,11678.64898817497,12105.941467598159,-0.20686158591805892,-0.17784264033437036,-0.1814585827749312,2.9287592608516317,347,146,0.004692402392720063,0.15856894180686898,0.06021366175527667,427.29247942319705,160584.95884639389,13707.592921080393,80.29247942319695,347.0,5158.0,7368.0,0.0,66.0,110.0,0.0,148,85.24729035222074,105.72061764457916,73.7105484008789,80.39112091064453,66.0,1396.0,110.0,2109.0,43.75,1418.25,74.75,2144.25,66.0,1396.0,110.0,2109.0,1392.0,26.0,2419.0,29.0,1980.0,29.0
669,0.0,0.0,29373.61593890999,14,21101.075773640132,21433.39504888686,-0.28163165823624636,-0.27031812857282755,-0.2723540195233427,2.5917557079791904,199,93,0.005103771190621721,0.17262336214267532,0.10757402534947827,332.3192752467494,266638.5504934987,25719.876845703813,133.31927524674936,199.0,2696.0,4349.0,0.0,36.0,56.0,0.0,85,87.62151855435992,81.28608656288847,72.30796813964844,66.59547424316406,36.0,436.0,56.0,661.0,25.25,446.75,37.75,679.25,36.0,436.0,56.0,661.0,853.0,9.0,1089.0,21.0,859.0,13.0
670,0.0,0.0,21652.778420640694,20,15654.129677507864,16097.089692618583,-0.2770382916501176,-0.256580870135636,-0.25997044313926887,3.161406003110192,324,146,0.004843910658415968,0.17413881933287223,0.07129671145797377,442.96001511073746,237920.0302214744,18814.415958232556,118.96001511073719,324.0,3498.0,6540.0,0.0,58.0,100.0,0.0,132,63.17390949103038,80.24169724136425,38.352474212646484,55.0,58.0,886.0,100.0,1586.0,40.75,903.25,66.5,1619.5,58.0,886.0,100.0,1586.0,1402.0,26.0,1286.0,26.0,1779.0,22.0
671,0.0,0.0,20024.078574358282,22,16533.41130867124,16962.628667610326,-0.17432349022825933,-0.15288842856760843,-0.1545199413346715,2.9947059466657784,322,145,0.006082138297423634,0.16532247350489712,0.06809092594161853,429.2173589391118,214434.71787822348,17901.149703610223,107.21735893911175,322.0,3850.0,7181.0,0.0,60.0,95.0,0.0,138,67.51488955774056,103.74387587099396,43.5,68.86865234375,60.0,1031.0,95.0,1840.0,46.0,1045.0,65.75,1869.25,60.0,1031.0,95.0,1840.0,1570.0,20.0,1518.0,16.0,1685.0,24.0
672,0.0,0.0,34388.402170898626,17,29238.72077496459,29729.048238947464,-0.14975052840029834,-0.13549201584870862,-0.13697965071745022,3.201987080155477,279,135,0.004859375882583872,0.16748362856706306,0.07815403032288933,490.32746398289447,422654.9279657886,32999.424840376465,211.3274639828943,279.0,3451.0,5117.0,0.0,58.0,69.0,0.0,110,64.90162762968836,75.86577871398715,45.5,64.0,58.0,723.0,69.0,1020.0,45.5,735.5,51.5,1037.5,58.0,723.0,69.0,1020.0,1032.0,11.0,1463.0,26.0,1821.0,14.0
673,0.0,0.0,69516.44045653661,24,57580.694323339,58376.50466781484,-0.1716967389988867,-0.1602489384606327,-0.16129937247377413,3.2290465229727023,381,172,0.004447686547969136,0.16446079798136085,0.05556483237766408,795.8103444759086,829620.688951819,64231.08826781933,414.8103444759095,381.0,5042.0,7053.0,0.0,88.0,97.0,0.0,156,69.53923424790827,90.7644495668181,57.5,68.0,88.0,1473.0,97.0,2085.0,53.5,1507.5,69.0,2113.0,88.0,1473.0,97.0,2085.0,1449.0,23.0,2218.0,32.0,2679.0,31.0
674,0.0,0.0,75538.39255606939,9,55467.00833520952,56081.791211147705,-0.2657110317241874,-0.25757235078148855,-0.25920118143650683,3.199598843759214,171,84,0.0029602694676624675,0.17271750311943992,0.16488589155201352,614.7828759382414,887565.7518764833,69349.7681441903,443.78287593824166,171.0,1704.0,2832.0,0.0,36.0,42.0,0.0,72,67.91920164074305,69.39561557128677,46.5,42.0,36.0,227.0,42.0,343.0,25.0,238.0,30.0,355.0,36.0,227.0,42.0,343.0,566.0,9.0,734.0,21.0,971.0,14.0
675,0.0,0.0,14346.241824132137,27,11076.79888385608,11566.039829251833,-0.22789542936439666,-0.19379305249153567,-0.19799771002406696,3.3804554409137553,402,165,0.006194158026918805,0.16330062250595287,0.05175461394844574,489.2409453957762,174481.89079155223,12903.726571854239,87.24094539577612,402.0,4904.0,8640.0,0.0,82.0,128.0,0.0,177,76.0703790941928,96.28238918492994,54.5,69.0,82.0,1661.0,128.0,2887.0,56.75,1686.25,86.5,2928.5,82.0,1661.0,128.0,2887.0,1813.0,22.0,1930.0,29.0,2593.0,40.0
676,0.0,0.0,407272.52160083567,6,378782.1035103719,381313.3208054227,-0.06995418688812749,-0.06373914128401559,-0.06359329506670164,3.3479773755704767,109,55,0.0041589681732810335,0.20624256522083187,0.24601599301152594,2531.2172950510226,4844434.590102046,361743.3786628099,2422.217295051023,109.0,1068.0,1956.0,0.0,24.0,24.0,0.0,47,53.65438954728092,85.27982960232998,36.7032470703125,48.59711456298828,24.0,95.0,24.0,139.0,17.5,101.5,19.25,143.75,24.0,95.0,24.0,139.0,446.0,5.0,420.0,12.0,396.0,4.0
677,0.0,0.0,392311.3968797513,29,312149.14855711994,315011.0221954168,-0.20433321325916554,-0.19703831012594342,-0.19796069075043898,3.299311537508246,484,228,0.0027067653380027086,0.16288879446623736,0.0466033996368552,2861.8736382971106,4755747.27659422,360359.06449940195,2377.87363829711,484.0,5845.0,8771.0,0.0,94.0,133.0,0.0,180,70.77838205683443,72.75132178870263,63.5,51.9102783203125,94.0,2028.0,133.0,2965.0,66.5,2055.5,100.5,2997.5,94.0,2028.0,133.0,2965.0,1671.0,29.0,2446.0,44.0,2394.0,41.0
678,0.0,0.0,19798.86619820486,8,18260.50729936431,18494.11070176352,-0.07769934315632832,-0.06590051588709878,-0.0666846606273146,2.6678942661614253,130,63,0.010596427103847346,0.18201014440099345,0.18985247241290623,233.60340239921703,207206.80479843408,19416.699475928246,103.60340239921705,130.0,1517.0,2515.0,0.0,28.0,31.0,0.0,55,84.28618683804325,81.68592826528888,62.98012161254883,76.80667877197266,28.0,158.0,31.0,223.0,18.75,167.25,19.5,234.5,28.0,158.0,31.0,223.0,567.0,5.0,831.0,17.0,769.0,9.0
679,0.0,0.0,27367.621222553527,13,20611.955682097745,20979.596949119157,-0.24684883956551074,-0.23341540068414968,-0.23570811664813385,2.9163004514242985,220,111,0.003831798510608627,0.1620113427197045,0.10231995862292195,367.6412670214315,295282.53404286277,25313.109791092433,147.6412670214314,220.0,2359.0,4193.0,0.0,39.0,57.0,0.0,85,65.88766156201233,90.3483443500368,71.0,80.0,39.0,385.0,57.0,624.0,31.25,392.75,37.5,643.5,39.0,385.0,57.0,624.0,813.0,11.0,890.0,19.0,1069.0,14.0
680,0.0,0.0,452680.9765912605,21,346134.4407187424,348945.1292076416,-0.23536782277626445,-0.22915883977445162,-0.23001362260276215,3.0788979000837813,324,157,0.004595617739363928,0.1736277335007468,0.06345891834074958,2810.6884888996437,4973376.977799287,403827.6957530773,2486.6884888996437,324.0,4268.0,6316.0,0.0,59.0,87.0,0.0,125,81.78015346655464,77.24484506669118,72.04794311523438,63.0,59.0,992.0,87.0,1487.0,42.0,1009.0,59.0,1515.0,59.0,992.0,87.0,1487.0,1301.0,19.0,1901.0,24.0,1781.0,30.0
681,0.0,0.0,35127.07670293608,18,30007.696504493466,30450.15537605877,-0.14573886240908607,-0.1331429132697054,-0.13382716788018978,2.770146481161018,264,119,0.002915280042864148,0.16206180707821033,0.08753461756291056,442.4588715653247,356917.7431306498,32211.08933750853,178.4588715653249,264.0,4204.0,4868.0,0.0,58.0,69.0,0.0,111,82.44479283741829,88.80848402999135,63.0,79.76737976074219,58.0,835.0,69.0,1036.0,38.25,854.75,44.5,1060.5,58.0,835.0,69.0,1036.0,875.0,9.0,2065.0,29.0,1187.0,14.0
682,0.0,0.0,61474.93983618229,15,46530.28350923697,47079.914843987775,-0.24310160151062643,-0.23416086344377418,-0.2355729081540694,2.839234486746392,229,114,0.0030351456066306346,0.1627043711819649,0.10440900303780533,549.631334750846,641262.6695016919,56464.39845802804,320.63133475084595,229.0,3409.0,4151.0,0.0,43.0,57.0,0.0,91,84.7341812181387,79.27514128916344,60.0,52.0,43.0,542.0,57.0,723.0,29.0,556.0,41.5,738.5,43.0,542.0,57.0,723.0,804.0,6.0,1696.0,23.0,750.0,12.0
683,0.0,0.0,321798.7965673586,9,279484.52216069057,281557.48165638844,-0.13149295416277562,-0.12505116656813509,-0.12575725419657402,3.058207344697297,148,74,0.00333902626349414,0.16150363972530032,0.155314803091574,2072.95949569816,3849918.9913963205,314720.23946249037,1924.9594956981603,148.0,1958.0,2578.0,0.0,33.0,32.0,0.0,63,88.43278916132456,102.10395926057208,69.0,79.5,33.0,207.0,32.0,295.0,23.25,216.75,21.75,305.25,33.0,207.0,32.0,295.0,507.0,8.0,743.0,12.0,627.0,3.0
684,0.0,0.0,14268.298114527883,6,13094.923089450991,13291.215003041545,-0.08223650891357315,-0.06847930311264516,-0.06873693962815108,3.2009110188977257,110,56,0.005679821204169076,0.18549899669660633,0.2101849395521917,196.29191359056418,172583.8271811285,13479.274038095562,86.29191359056425,110.0,1134.0,1890.0,0.0,18.0,30.0,0.0,47,68.19891690639844,70.13373186052112,61.187896728515625,48.660057067871094,18.0,87.0,30.0,147.0,13.25,91.75,19.25,157.75,18.0,87.0,30.0,147.0,328.0,4.0,340.0,6.0,555.0,9.0
685,0.0,0.0,73677.69824853449,6,49770.039020055905,50387.344274380346,-0.3244897682312453,-0.31611131356994326,-0.31773580418715697,3.842066465016733,118,63,0.0032300398456807113,0.1874989053688194,0.2210646166691803,617.3052543244854,998610.5086489707,64978.73720702418,499.30525432448536,118.0,1196.0,1828.0,0.0,18.0,31.0,0.0,46,66.30780969747693,64.84977986134872,72.76046752929688,52.479103088378906,18.0,75.0,31.0,152.0,14.5,78.5,24.25,158.75,18.0,75.0,31.0,152.0,356.0,7.0,699.0,9.0,668.0,11.0
686,0.0,0.0,30708.80676172484,12,20102.26103149044,20506.69483030572,-0.34539100827109626,-0.3322210468996448,-0.3349348830966421,3.365457809829732,231,111,0.00779423199011122,0.16036983993427134,0.11223313575698017,404.4337988153024,346867.5976306049,25766.74684625997,173.43379881530248,231.0,2263.0,3785.0,0.0,47.0,61.0,0.0,96,52.249921405387816,79.39683469649889,42.0,75.0,47.0,382.0,61.0,662.0,29.0,400.0,44.25,678.75,47.0,382.0,61.0,662.0,739.0,13.0,1089.0,24.0,1073.0,21.0
687,0.0,0.0,376076.1014365728,18,314671.3611320459,317086.554396369,-0.1632774325993248,-0.15685534607189777,-0.15759738275163981,2.9558210989821694,283,133,0.004169050956920682,0.16385211797705265,0.08516421687001369,2415.1932643232267,4264386.528646452,360676.98161053157,2132.1932643232262,283.0,4208.0,4864.0,0.0,43.0,89.0,0.0,119,77.57884333747035,96.91358908690974,48.0,82.438720703125,43.0,907.0,89.0,1103.0,32.25,917.75,55.75,1136.25,43.0,907.0,89.0,1103.0,934.0,16.0,2061.0,24.0,1312.0,26.0
688,0.0,0.0,22384.63183781404,21,18897.52437885531,19350.089417132454,-0.1557813183716521,-0.13556365110974822,-0.13668942225348035,3.027532065923182,330,142,0.0037233773443759847,0.17375653072557162,0.07829601947004916,452.5650382771569,245130.07655431383,20241.740732774582,122.56503827715692,330.0,5162.0,5404.0,0.0,78.0,89.0,0.0,136,88.91022664797289,102.49442855272594,74.5,64.4371566772461,78.0,1273.0,89.0,1410.0,47.0,1304.0,63.0,1436.0,78.0,1273.0,89.0,1410.0,942.0,19.0,2569.0,50.0,1385.0,22.0
689,0.0,0.0,35700.08532804771,6,30362.135125052013,30688.00097883158,-0.1495220572708812,-0.14039418402393544,-0.14104527805019795,3.2225110137137785,114,58,0.006653135378468726,0.19668722892402607,0.24401072569945736,325.86585377959165,423731.7075591833,32872.78970932471,211.86585377959165,114.0,1236.0,1788.0,0.0,17.0,33.0,0.0,49,78.61259910534439,65.94008906738092,85.84117126464844,56.182403564453125,17.0,100.0,33.0,144.0,11.25,105.75,21.75,155.25,17.0,100.0,33.0,144.0,380.0,4.0,604.0,11.0,523.0,11.0
690,0.0,0.0,15164.322642211864,13,11952.900925387978,12253.826983774557,-0.21177482124288738,-0.19193047570325128,-0.19404928300353885,3.034200088654854,218,99,0.006951442225586584,0.16592373642320735,0.10536866516549512,300.9260583865887,165852.11677317743,13665.225753676674,82.92605838658872,218.0,2786.0,3739.0,0.0,43.0,63.0,0.0,96,70.89586622204051,90.19261019671434,58.0,63.0,43.0,466.0,63.0,675.0,27.75,481.25,42.75,695.25,43.0,466.0,63.0,675.0,779.0,12.0,1121.0,16.0,1010.0,15.0
691,0.0,0.0,122209.97687826867,27,100588.50525387892,101672.58700626864,-0.17692067519108157,-0.16805002665581859,-0.16899323196151705,2.931212087469111,416,184,0.004753954749087143,0.16283019064528031,0.05241944428814429,1084.081752389802,1336163.5047796043,113959.98181875715,668.0817523898021,416.0,5223.0,8385.0,0.0,81.0,124.0,0.0,175,77.13123643005379,94.85017451940271,58.0,84.5,81.0,1782.0,124.0,2738.0,54.25,1808.75,83.25,2778.75,81.0,1782.0,124.0,2738.0,1717.0,25.0,2397.0,30.0,2426.0,29.0
692,0.0,0.0,347202.627408408,5,331884.25654571486,334285.9561640771,-0.04411939787735075,-0.03720211261286699,-0.037270532449145355,3.4287420446123686,98,49,0.008494892089585785,0.1777765456595816,0.30919995565791003,2401.699618362576,4607399.236725151,335939.47698433767,2303.699618362575,98.0,1229.0,1291.0,0.0,19.0,25.0,0.0,44,75.86354758552068,85.75631098638048,50.22941589355469,62.0,19.0,89.0,25.0,87.0,12.0,96.0,18.25,93.75,19.0,89.0,25.0,87.0,207.0,7.0,469.0,9.0,231.0,4.0
693,0.0,0.0,103749.12081982703,15,79835.3927185812,80642.14240819903,-0.23049571805793823,-0.22271975154137535,-0.2238339321981988,2.973848988463043,247,120,0.0039988770636560375,0.17172459784085461,0.10868640081576264,806.7496896178565,1119499.3792357119,94111.98951079694,559.749689617856,247.0,2933.0,4627.0,0.0,47.0,65.0,0.0,101,72.36090236881465,77.1620443890363,60.0,58.77943420410156,47.0,526.0,65.0,877.0,32.75,540.25,39.0,903.0,47.0,526.0,65.0,877.0,992.0,11.0,1038.0,14.0,996.0,17.0
694,0.0,0.0,69373.54078026167,29,58916.67470576715,59723.59494764247,-0.15073277155646825,-0.1391012441354993,-0.14028927874718267,2.9182775722732273,420,190,0.0035816319871993527,0.15464068401050013,0.05035858465602525,806.9202418753454,773840.4837506907,66292.57023929173,386.92024187534537,420.0,6318.0,8298.0,0.0,92.0,109.0,0.0,168,78.44894126613345,88.35504786358622,54.89572525024414,70.0,92.0,1982.0,109.0,2689.0,62.75,2011.25,72.5,2725.5,92.0,1982.0,109.0,2689.0,1735.0,23.0,2241.0,38.0,1680.0,31.0
695,0.0,0.0,435005.3762079253,20,392746.9520092832,395588.30596894963,-0.09714460213577525,-0.09061283467939252,-0.09095559289116517,3.0990690493405286,295,142,0.0027785850793453975,0.15582508144090276,0.0735204673194082,2841.3539596667033,5092707.919333407,410825.6252322869,2546.3539596667033,295.0,3847.0,6233.0,0.0,55.0,78.0,0.0,116,61.0521037892767,97.62777930295647,40.24617385864258,82.0,55.0,924.0,78.0,1263.0,37.25,941.75,55.75,1285.25,55.0,924.0,78.0,1263.0,1317.0,16.0,1688.0,20.0,1646.0,19.0
696,0.0,0.0,53177.264291071246,25,46946.177614612134,47696.613535574324,-0.11717576598812263,-0.10306379669134569,-0.10395018320692984,3.2208641511207357,427,200,0.0038918026929367936,0.1631447212630017,0.05826135095394599,750.4359209622035,646871.841924406,50209.4943758587,323.435920962203,427.0,5482.0,7114.0,0.0,97.0,105.0,0.0,173,75.5806600379047,74.00799654721793,59.0,60.0,97.0,1858.0,105.0,2263.0,63.25,1891.75,77.25,2290.75,97.0,1858.0,105.0,2263.0,1506.0,21.0,2316.0,35.0,2099.0,24.0
697,0.0,0.0,21343.0476689334,25,17285.668748756874,17812.27125435338,-0.19010307164718476,-0.16542981439896975,-0.16804924342773508,3.260012865750657,398,167,0.006374002103435584,0.15890497269260617,0.06034261521354266,526.6025055965281,257205.01119305537,19724.232831657155,128.6025055965277,398.0,5360.0,7202.0,0.0,88.0,118.0,0.0,175,77.72229055136108,78.53071325385375,56.0,55.5,88.0,1777.0,118.0,2383.0,56.0,1809.0,77.5,2423.5,88.0,1777.0,118.0,2383.0,1441.0,22.0,2449.0,34.0,1694.0,34.0
698,0.0,0.0,498581.0363760881,19,401478.2323158046,404941.51495179994,-0.1947583180581245,-0.18781203975366256,-0.18899155287392222,3.20476085744467,321,153,0.0037804817118569723,0.1633553488873829,0.0760040397538703,3463.2826359954925,6284565.271990989,490252.2802436197,3142.2826359954947,321.0,4195.0,5381.0,0.0,61.0,88.0,0.0,129,69.86759773337168,78.142390175976,52.71711730957031,58.16967010498047,61.0,1033.0,88.0,1269.0,39.25,1054.75,68.5,1288.5,61.0,1033.0,88.0,1269.0,964.0,22.0,1712.0,20.0,1261.0,23.0
699,0.0,0.0,296684.91421140515,21,262908.1177653729,265397.0780103535,-0.11384736745315038,-0.10545812982845926,-0.10636487789520299,3.5640434952764695,360,165,0.004264439286421754,0.1639750488063145,0.07315663415431006,2488.960244980908,4257920.489961823,298672.0346991394,2128.9602449809117,360.0,4127.0,6457.0,0.0,66.0,108.0,0.0,142,75.07810752087855,68.68212850706026,58.0,51.0,66.0,1049.0,108.0,1759.0,46.75,1068.25,72.0,1795.0,66.0,1049.0,108.0,1759.0,1344.0,23.0,1791.0,25.0,1724.0,35.0
700,0.0,0.0,68029.5152640094,22,59526.72363094639,60189.50636100084,-0.12498680315544397,-0.11524422704737802,-0.11608398717079238,2.5342235502723964,329,149,0.003834546884107466,0.16166159938053265,0.06609605366709627,662.7827300544596,667565.4601089193,65855.02885461354,333.78273005445965,329.0,4821.0,6267.0,0.0,62.0,96.0,0.0,136,98.68514519124452,86.05432406940338,77.5,66.5,62.0,1249.0,96.0,1585.0,41.5,1269.5,64.25,1616.75,62.0,1249.0,96.0,1585.0,1247.0,21.0,2154.0,29.0,1610.0,20.0
701,0.0,0.0,379188.95388032513,21,329761.42059366184,332586.9060343644,-0.13035066760479264,-0.1228992758598888,-0.12348354691940555,3.438245738280974,364,176,0.003593257572485013,0.1657789324486356,0.07116726777168546,2825.4854407028643,4922970.881405734,357956.5900856087,2461.4854407028674,364.0,4665.0,5919.0,0.0,72.0,95.0,0.0,143,65.61394377916452,72.87092598114758,46.80628967285156,58.0,72.0,1269.0,95.0,1567.0,47.25,1293.75,71.75,1590.25,72.0,1269.0,95.0,1567.0,1136.0,19.0,2001.0,27.0,1463.0,23.0
702,0.0,0.0,37158.50527896507,10,28896.92951711081,29292.875059205806,-0.22233337158830846,-0.2116777884553902,-0.21342681142452435,3.0764274061066765,180,89,0.0054368077258712235,0.17046731412203392,0.14723802637405375,395.94554209502235,431891.0841900442,35096.80444049686,215.94554209502212,180.0,1818.0,3222.0,0.0,33.0,48.0,0.0,77,89.2339435331559,68.50013790330205,88.86998748779297,57.23992156982422,33.0,228.0,48.0,461.0,21.75,239.25,30.0,479.0,33.0,228.0,48.0,461.0,617.0,6.0,878.0,15.0,1002.0,19.0
703,0.0,0.0,91950.1511931449,11,97449.032277158,98200.65847240767,0.059802849833954896,0.0679771288916462,0.06825733496363084,2.9761745268747517,184,91,0.004048486143597472,0.1666001027191243,0.12896388332636616,751.6261952497056,1135252.3904994107,95361.71184251137,567.6261952497053,184.0,2941.0,2603.0,0.0,51.0,31.0,0.0,77,73.23692484494468,99.78417638262782,54.0,66.0,51.0,399.0,31.0,366.0,31.5,418.5,23.75,373.25,51.0,399.0,31.0,366.0,462.0,3.0,1242.0,21.0,633.0,7.0
704,0.0,0.0,89615.2577912647,30,78207.2939506294,79090.8954500754,-0.1272993474750378,-0.1174394026260912,-0.11814247926047428,2.643716265022763,435,205,0.003305103756418628,0.15703597454013915,0.05662644474945065,883.60149944612,897202.9988922391,84842.97376788598,448.60149944611953,435.0,6082.0,9034.0,0.0,81.0,119.0,0.0,161,81.67514205755253,86.30726169896506,57.0,65.0,81.0,1791.0,119.0,2838.0,54.25,1817.75,88.25,2868.75,81.0,1791.0,119.0,2838.0,1808.0,22.0,2967.0,40.0,2088.0,26.0
705,0.0,0.0,76064.11326315803,11,56957.68565782413,57576.92243662105,-0.2511884617550413,-0.24304747710102248,-0.24431264106263817,3.228429867795747,192,92,0.007201098197138023,0.1689631869133707,0.12845558672990504,619.2367787969621,854473.5575939245,66167.88908111914,427.23677879696226,192.0,1928.0,3616.0,0.0,33.0,56.0,0.0,81,74.163686910476,81.47397274374758,59.290889739990234,53.27979278564453,33.0,288.0,56.0,514.0,18.0,303.0,35.5,534.5,33.0,288.0,56.0,514.0,761.0,11.0,886.0,11.0,1094.0,17.0
706,0.0,0.0,166114.70776663595,26,140242.64028265062,141658.98035038516,-0.15574820454990268,-0.1472219272155425,-0.14805475722551142,3.1233177852306415,430,200,0.005307636431006715,0.1620196845840927,0.05665961745943181,1416.3400677346272,1972680.1354692557,157899.4094675178,986.3400677346278,430.0,5739.0,7365.0,0.0,95.0,109.0,0.0,164,78.85940411978025,79.95967590767096,56.0,68.96734619140625,95.0,1694.0,109.0,2366.0,60.75,1728.25,80.75,2394.25,95.0,1694.0,109.0,2366.0,1399.0,17.0,2894.0,51.0,2195.0,33.0
707,0.0,0.0,313642.56613467005,13,265546.12476004334,267888.69850254006,-0.15334793987744422,-0.14587901188285923,-0.14680184370333893,3.4494685701876353,228,113,0.004991983083508347,0.1716154964337782,0.10870627233928981,2342.573742497,4229147.484994,306507.17631875345,2114.573742497,228.0,2978.0,3574.0,0.0,48.0,54.0,0.0,99,71.5487002193478,86.75367576628135,49.0,67.5,48.0,518.0,54.0,667.0,32.25,533.75,37.0,684.0,48.0,518.0,54.0,667.0,641.0,8.0,1433.0,23.0,1180.0,19.0
708,0.0,0.0,13484.488783138679,21,10453.408993916579,10837.907424545176,-0.22478269943850104,-0.19626857207244297,-0.20011801129895257,3.0316161121963603,309,131,0.006949885433320801,0.16856123972336895,0.07490370751989633,384.4984306286089,150996.86125721753,12451.845457093723,75.49843062860877,309.0,4164.0,6393.0,0.0,61.0,96.0,0.0,131,78.05808036465491,87.18787068026067,65.0,57.0,61.0,991.0,96.0,1596.0,41.5,1010.5,69.5,1622.5,61.0,991.0,96.0,1596.0,1312.0,20.0,1719.0,24.0,1387.0,20.0
709,0.0,0.0,180510.10875530142,24,156355.33919855265,157908.46372994638,-0.1338139438467285,-0.12520985767059567,-0.12601341045319614,3.308780602833891,389,180,0.0030748158459584637,0.16453500505775337,0.06587006619953255,1553.124531393879,2328249.0627877554,175914.43361291967,1164.1245313938778,389.0,5715.0,6378.0,0.0,77.0,108.0,0.0,150,82.35085057085902,73.69533241532386,75.0,49.6608772277832,77.0,1520.0,108.0,1894.0,53.75,1543.25,76.5,1925.5,77.0,1520.0,108.0,1894.0,1189.0,17.0,2431.0,33.0,1288.0,29.0
710,0.0,0.0,105627.37726378674,24,86189.5691949966,87142.01668085449,-0.18402244353987374,-0.17500539217941713,-0.17603333059869675,2.881497174833475,379,171,0.004864083710436082,0.1577987956344266,0.06693088302360352,952.44748585787,1146894.9717157395,99505.12720718006,573.4474858578698,379.0,5409.0,6687.0,0.0,84.0,100.0,0.0,154,90.42422707978133,93.07672378634666,77.5,59.839073181152344,84.0,1532.0,100.0,1980.0,56.25,1559.75,68.5,2011.5,84.0,1532.0,100.0,1980.0,1294.0,17.0,2341.0,38.0,1745.0,25.0
711,0.0,0.0,60100.51877047744,21,53454.06197817081,54128.151601003345,-0.11058900868542099,-0.09937297200848527,-0.10018623234813528,2.91808546437349,337,165,0.0040160689256749935,0.1552383399502839,0.07418396772452325,674.0896228326018,674179.245665204,57758.696060839124,337.089622832602,337.0,4194.0,6388.0,0.0,62.0,89.0,0.0,141,76.5159418952018,77.33289249721135,67.5,59.36906814575195,62.0,1150.0,89.0,1658.0,43.25,1168.75,62.75,1684.25,62.0,1150.0,89.0,1658.0,1180.0,23.0,1776.0,23.0,1419.0,18.0
712,0.0,0.0,320711.7516669232,15,230516.24205467483,232333.14558069405,-0.2812354369412736,-0.275570214146737,-0.2764447119766471,2.819844775468302,227,109,0.004983345323458668,0.16819030651556646,0.07838339677945787,1816.903526019304,3179807.052038609,281913.30598246556,1589.9035260193045,227.0,2475.0,5085.0,0.0,41.0,62.0,0.0,92,76.07726461032696,101.68003690275448,60.0,86.77305603027344,41.0,416.0,62.0,861.0,27.0,430.0,39.75,883.25,41.0,416.0,62.0,861.0,1121.0,14.0,1260.0,16.0,1596.0,23.0
713,0.0,0.0,61782.30815856429,19,52374.28748178849,53076.34947825919,-0.15227693747909377,-0.14091345791033338,-0.14196139548515485,3.2569319205603553,321,156,0.003513289539622349,0.1566547195260338,0.06931916302802704,702.0619964707415,762123.9929414854,58500.14764895377,381.0619964707427,321.0,4519.0,5057.0,0.0,60.0,86.0,0.0,121,82.62488946196406,66.29502677593857,66.09991455078125,60.74726104736328,60.0,995.0,86.0,1158.0,42.5,1012.5,62.75,1181.25,60.0,995.0,86.0,1158.0,998.0,14.0,1723.0,22.0,1443.0,24.0
714,0.0,0.0,59364.99275932734,21,45056.51509819987,45682.37148833006,-0.24102551008699225,-0.23048299401750505,-0.2321734373558585,2.922910249929384,307,142,0.004692576583515568,0.15939072483207212,0.06890916575658426,625.8563901302365,637712.7802604728,54544.334732470794,318.8563901302364,307.0,3819.0,6750.0,0.0,53.0,91.0,0.0,124,92.28316283684501,86.27856773825206,62.3201789855957,75.0,53.0,852.0,91.0,1606.0,39.75,865.25,63.0,1634.0,53.0,852.0,91.0,1606.0,1364.0,16.0,1587.0,24.0,1610.0,27.0
715,0.0,0.0,60950.13610591539,12,53819.830382064814,54378.56948379321,-0.11698588681508393,-0.10781873580565138,-0.10850998174738591,3.1364676190337666,192,97,0.0055936891628094836,0.1706918824199117,0.1181597302031595,558.739101728435,733478.2034568698,58463.715598858005,366.7391017284349,192.0,2071.0,3977.0,0.0,33.0,50.0,0.0,73,80.94041061956918,71.02855123395511,73.42446899414062,49.866722106933594,33.0,263.0,50.0,530.0,24.25,271.75,33.5,546.5,33.0,263.0,50.0,530.0,885.0,13.0,939.0,9.0,945.0,16.0
716,0.0,0.0,37142.003102405746,6,33304.38929234763,33695.38336122856,-0.10332274755018656,-0.09279574210562547,-0.093378175100719,3.81809525181332,116,62,0.005045063983952728,0.19225980279556704,0.21917976096634645,390.99406888096075,549988.1377619215,36011.94453574179,274.99406888096075,116.0,1535.0,1489.0,0.0,22.0,26.0,0.0,47,55.97759643647448,72.53455341831213,39.48566436767578,65.52565002441406,22.0,122.0,26.0,112.0,16.25,127.75,20.75,117.25,22.0,122.0,26.0,112.0,253.0,6.0,604.0,9.0,440.0,10.0
717,0.0,0.0,180397.6410918763,23,148126.42765732037,149498.32292992013,-0.17888933158566223,-0.17128449116593047,-0.17200988444558585,3.020138142695814,384,177,0.004398111216738965,0.16458320816733493,0.06254562211760657,1371.8952725998636,1975790.5451997262,163551.33870102628,987.8952725998631,384.0,4050.0,7542.0,0.0,69.0,115.0,0.0,152,71.9446686620877,78.4626669582151,68.0,61.0,69.0,1168.0,115.0,2144.0,51.5,1185.5,73.5,2185.5,69.0,1168.0,115.0,2144.0,1654.0,27.0,1554.0,32.0,2082.0,36.0
718,0.0,0.0,87209.48783385583,12,68901.22558648456,69536.89942397788,-0.20993429387236662,-0.202645249374085,-0.20365793397581,2.825354308347465,179,85,0.006653060047352049,0.17514832743386308,0.1275512442549386,635.673837493372,913347.6749867441,80817.09188545599,456.67383749337205,179.0,2623.0,3425.0,0.0,32.0,50.0,0.0,70,85.55599631016965,107.12610411811737,81.5,89.95606231689453,32.0,316.0,50.0,442.0,19.75,328.25,33.5,458.5,32.0,316.0,50.0,442.0,681.0,10.0,1217.0,14.0,1122.0,18.0
719,0.0,0.0,89797.98985061693,18,72449.18793684659,73320.0934349754,-0.19319810992017605,-0.1834996133326956,-0.1849246256791095,3.3798369350131927,293,136,0.0037402066898822904,0.16157343775429606,0.09105301868949053,870.9054981288293,1155810.9962576602,85493.10354917675,577.9054981288301,293.0,3580.0,5492.0,0.0,56.0,83.0,0.0,120,81.59303740578316,84.45424521690195,74.01191711425781,54.74162673950195,56.0,859.0,83.0,1162.0,36.25,878.75,59.75,1185.25,56.0,859.0,83.0,1162.0,1134.0,16.0,1747.0,19.0,1338.0,16.0
720,0.0,0.0,58316.47819238395,8,43519.50704248942,44110.31808214591,-0.2537356782945611,-0.24360456170505407,-0.24568948751507846,3.8723836258474194,158,81,0.007428827973458593,0.17447509941863687,0.17696141763142642,590.8110396565336,865622.0793130668,55884.31848120658,432.8110396565334,158.0,1588.0,2444.0,0.0,21.0,48.0,0.0,64,87.73310287636056,57.84019013572817,67.53950500488281,50.47278594970703,21.0,161.0,48.0,282.0,16.5,165.5,31.25,298.75,21.0,161.0,48.0,282.0,439.0,4.0,610.0,6.0,818.0,20.0
721,0.0,0.0,122729.27686509125,10,106476.52531238695,107406.35413432686,-0.13242766492114144,-0.12485140564796071,-0.1255852897929265,3.2176129432183886,165,82,0.0043135124497145835,0.17505642421398077,0.12641023657313352,929.8288219400185,1529657.6438800371,118850.34580557805,764.8288219400185,165.0,2320.0,2720.0,0.0,36.0,37.0,0.0,71,73.99673012167734,80.69399631691174,74.3951416015625,66.0,36.0,305.0,37.0,332.0,24.25,316.75,29.5,339.5,36.0,305.0,37.0,332.0,503.0,5.0,982.0,16.0,800.0,11.0
722,0.0,0.0,172295.0964599897,19,150506.1282505728,151853.40926650187,-0.12646307792326938,-0.11864346469218756,-0.11939244267878457,3.0671280911433487,318,154,0.006340660127070337,0.16667849335817328,0.07173017535566518,1347.2810159292712,2058562.0318585415,167792.31015838997,1029.2810159292708,318.0,3898.0,5678.0,0.0,49.0,96.0,0.0,134,81.78632594590073,89.35209543162794,64.0,60.065765380859375,49.0,1017.0,96.0,1384.0,36.0,1030.0,64.75,1415.25,49.0,1017.0,96.0,1384.0,1081.0,22.0,1428.0,15.0,1269.0,25.0
723,0.0,0.0,41183.47101353304,27,33665.98626262508,34297.923497581774,-0.1825364537252745,-0.16719201530363115,-0.16903769348306474,3.041434828562793,397,180,0.004017530832638549,0.15562181048091073,0.051780354249382154,631.9372349567252,469874.46991344984,38622.76330079095,234.93723495672492,397.0,5777.0,7827.0,0.0,85.0,105.0,0.0,160,81.78944350906714,76.1595219578775,73.30289459228516,57.0,85.0,1742.0,105.0,2387.0,57.25,1769.75,76.0,2416.0,85.0,1742.0,105.0,2387.0,1620.0,18.0,2635.0,37.0,2427.0,26.0
724,0.0,0.0,14770.059449955192,5,8876.828497634704,9024.913859846138,-0.3989984584888293,-0.3889724079699952,-0.3918599505749203,2.5113765379619,85,44,0.004588640239280842,0.20949879634394206,0.26211520507476355,148.0853622114442,126170.72442288838,12559.917092846801,63.08536221144419,85.0,861.0,1659.0,0.0,16.0,20.0,0.0,35,75.63793284919365,91.58710814728445,41.5,104.98097229003906,16.0,63.0,20.0,76.0,11.25,67.75,13.0,83.0,16.0,63.0,20.0,76.0,306.0,4.0,391.0,10.0,661.0,6.0
725,0.0,0.0,162841.59214169855,27,138190.23241436723,139520.4877062717,-0.15138245335921696,-0.14321343907724582,-0.14397444866087694,2.966263699530663,413,184,0.004605112597240688,0.16461626636605836,0.055476396216348776,1330.2552919045181,1834510.583809036,154614.59007330515,917.255291904518,413.0,5825.0,7776.0,0.0,89.0,113.0,0.0,161,80.83133967180872,92.32333326017138,65.77195739746094,63.0,89.0,1652.0,113.0,2492.0,60.5,1680.5,72.5,2532.5,89.0,1652.0,113.0,2492.0,1579.0,22.0,2268.0,36.0,2144.0,26.0
726,0.0,0.0,52407.97616728295,26,48536.87832621452,49230.90273717114,-0.0738646695440428,-0.06062194464389903,-0.06146876027929693,2.8161335236796337,398,175,0.004517868088510566,0.16140797962236783,0.05641370352531038,694.0244109566436,592048.8219132873,52558.66038799368,296.02441095664364,398.0,5583.0,7510.0,0.0,88.0,109.0,0.0,161,90.94700650296303,82.96879129811711,80.4889907836914,65.0,88.0,1757.0,109.0,2230.0,58.5,1786.5,72.5,2266.5,88.0,1757.0,109.0,2230.0,1579.0,30.0,2468.0,46.0,1833.0,29.0
727,0.0,0.0,24091.568552198863,13,16732.88537204781,17066.40389905885,-0.3054464122668932,-0.2916026259526726,-0.2941680477394105,3.02115234774023,207,94,0.006342324801895851,0.16701693593494457,0.10131992150643424,333.5185270110545,253037.05402210873,20938.7863385453,126.51852701105436,207.0,2874.0,3678.0,0.0,42.0,58.0,0.0,90,70.50829861527296,89.85094418681774,55.5,72.52921295166016,42.0,468.0,58.0,602.0,27.75,482.25,41.0,619.0,42.0,468.0,58.0,602.0,699.0,16.0,1043.0,18.0,770.0,14.0
728,0.0,0.0,64003.290502630356,10,65982.25139978871,66645.28106885769,0.030919674310761147,0.04127898027553378,0.041531036882136885,3.6451685278782247,184,89,0.004401225199538228,0.1701455538144122,0.1385949248731814,663.029669069053,958059.338138106,65707.47901028955,479.02966906905306,184.0,2619.0,2421.0,0.0,41.0,44.0,0.0,80,69.46520950700499,72.83742862449492,53.25091552734375,47.697967529296875,41.0,337.0,44.0,378.0,27.25,350.75,31.75,390.25,41.0,337.0,44.0,378.0,449.0,7.0,1018.0,12.0,769.0,12.0
729,0.0,0.0,18297.191948697266,11,18062.39464712152,18357.33286072872,-0.012832422714593728,0.0032868929942955205,0.0034061753983194443,3.060455387465025,184,89,0.009924647911496765,0.16562198126174954,0.1312054196149589,294.9382136072037,221876.42721440707,18124.46181401351,110.93821360720354,184.0,2723.0,2820.0,0.0,46.0,38.0,0.0,81,93.19144660577521,66.16302140786823,71.0,57.506683349609375,46.0,385.0,38.0,421.0,30.25,400.75,26.0,433.0,46.0,385.0,38.0,421.0,509.0,9.0,1141.0,17.0,638.0,12.0
730,0.0,0.0,15502.857159399444,11,12386.740555116357,12650.59857174672,-0.20100272951259002,-0.18398276900354393,-0.18590221769275528,3.0217575550476856,179,89,0.0036401595421903334,0.15931979854583886,0.1327228466492215,263.8580166303735,169716.03326074692,14041.168936373246,84.85801663037346,179.0,2331.0,3213.0,0.0,32.0,47.0,0.0,73,66.78016538109418,92.24111511387524,42.0,60.0,32.0,281.0,47.0,443.0,22.5,290.5,34.0,456.0,32.0,281.0,47.0,443.0,658.0,8.0,1276.0,17.0,1003.0,14.0
731,0.0,0.0,66877.80988968894,22,56494.76137449573,57219.35896549312,-0.15525401523045457,-0.14441936630590735,-0.145732340882333,2.932668739250809,338,151,0.004557444392594706,0.16497459776677392,0.059944587063782966,724.5975909974306,773195.1819948619,65912.25013299537,386.597590997431,338.0,4833.0,6255.0,0.0,74.0,91.0,0.0,137,102.50447975450814,110.16038609847044,69.59706115722656,88.42659759521484,74.0,1176.0,91.0,1673.0,47.5,1202.5,58.25,1705.75,74.0,1176.0,91.0,1673.0,1296.0,17.0,2123.0,31.0,1839.0,32.0
732,0.0,0.0,95213.74063066831,19,83392.81410504134,84222.64470813716,-0.12415147695415152,-0.11543602687731103,-0.11628982612386252,2.8397396971057915,289,141,0.00244057376289865,0.17147381914422374,0.0731936760071981,829.8306030959044,1081661.2061918082,95225.38344748787,540.8306030959042,289.0,4343.0,5233.0,0.0,51.0,78.0,0.0,109,80.21249651906828,95.17027221440708,62.0,70.64608001708984,51.0,807.0,78.0,1135.0,40.25,817.75,53.75,1159.25,51.0,807.0,78.0,1135.0,1006.0,19.0,1893.0,25.0,1458.0,20.0
733,0.0,0.0,161650.58973471486,9,147746.9081465244,148852.18995575389,-0.08601070748339257,-0.0791732328348721,-0.0793798164222348,3.1435517728335576,138,68,0.004898236989278749,0.17413292605312625,0.14585658095175416,1105.2818092295404,1934563.61845908,153851.73827718518,967.28180922954,138.0,1740.0,2796.0,0.0,23.0,38.0,0.0,58,70.66056941412452,58.65426496222856,50.382041931152344,45.5,23.0,170.0,38.0,291.0,16.75,176.25,27.5,301.5,23.0,170.0,38.0,291.0,586.0,10.0,671.0,8.0,721.0,8.0
734,0.0,0.0,176241.33487320004,7,132181.40869765315,133143.11009360975,-0.24999768758700436,-0.24454095749216875,-0.24570719148942077,2.557024900198037,108,55,0.0027574805346180786,0.16938445287991422,0.1947060110261066,961.7013959566407,1707402.7919132814,166932.55429200613,853.7013959566407,108.0,1009.0,2519.0,0.0,15.0,31.0,0.0,46,77.53058147904895,87.25147415304544,51.46111297607422,55.0,15.0,97.0,31.0,179.0,13.75,98.25,17.75,192.25,15.0,97.0,31.0,179.0,604.0,8.0,361.0,7.0,696.0,6.0
735,0.0,0.0,360090.81348648877,24,311102.5758889496,313504.2250117737,-0.13604411932429727,-0.12937455422328648,-0.1298187488648901,2.998418341139597,390,182,0.003932973823045024,0.16352220374471235,0.06688397994419976,2401.649122824184,4023298.245648369,335451.7105274284,2011.6491228241846,390.0,5012.0,7084.0,0.0,79.0,105.0,0.0,151,80.69675819379955,78.04828369029225,66.0,61.1163444519043,79.0,1410.0,105.0,2030.0,52.25,1436.75,70.75,2064.25,79.0,1410.0,105.0,2030.0,1462.0,20.0,2409.0,34.0,1555.0,22.0
736,0.0,0.0,14010.075054366453,25,10869.020669603844,11350.634902711456,-0.2241996829120234,-0.18982340503780115,-0.19477328063897636,3.3894260042680138,393,173,0.004748320042925969,0.16274303479744448,0.055643072208511474,481.6142331076083,177228.4662152166,13072.159267678951,88.61423310760831,393.0,5178.0,7382.0,0.0,78.0,117.0,0.0,155,61.7508744042609,84.14507507860367,39.95979309082031,58.0,78.0,1439.0,117.0,2227.0,60.5,1456.5,87.5,2256.5,78.0,1439.0,117.0,2227.0,1372.0,15.0,2037.0,26.0,1466.0,20.0
737,0.0,0.0,41288.16359991899,8,39661.1102093455,40016.302639659705,-0.039407259822441754,-0.030804493330911398,-0.030713525212764603,2.9280810913088966,126,63,0.005033040796631418,0.17051707340622368,0.16260393617258984,355.19243031423144,458384.86062846275,39136.967721713416,229.1924303142314,126.0,1728.0,2302.0,0.0,21.0,34.0,0.0,54,86.83764345762603,86.99061396593328,78.01592254638672,59.2308464050293,21.0,165.0,34.0,211.0,17.0,169.0,20.75,224.25,21.0,165.0,34.0,211.0,469.0,11.0,390.0,5.0,473.0,5.0
738,0.0,0.0,27816.71310813875,9,22922.37300134167,23187.377070616727,-0.17594962020746685,-0.1664228271516216,-0.16727486881692266,2.538987227046641,136,69,0.004443485251478052,0.18101898152135487,0.15759243079105242,265.00406927506884,258008.13855013787,25404.63140201121,129.00406927506893,136.0,1940.0,2592.0,0.0,29.0,29.0,0.0,55,76.43190990522768,93.45247529971839,66.0,72.06623840332031,29.0,193.0,29.0,243.0,21.25,200.75,20.25,251.75,29.0,193.0,29.0,243.0,474.0,7.0,859.0,16.0,903.0,12.0
739,0.0,0.0,27543.981077632667,30,23423.430219721966,24081.221138818644,-0.1495989576197041,-0.1257174817632295,-0.12871282736652945,3.3164271616332415,476,211,0.003911863209560374,0.16344494784963548,0.04416115013068139,657.7909190966931,363581.8381933856,27407.645372070558,181.79091909669282,476.0,6876.0,8240.0,0.0,102.0,133.0,0.0,181,77.99928495840338,85.32363020297616,53.0,64.25091552734375,102.0,2386.0,133.0,2807.0,71.75,2416.25,89.25,2850.75,102.0,2386.0,133.0,2807.0,1544.0,32.0,2742.0,39.0,2013.0,36.0
740,0.0,0.0,491814.691108912,16,384065.331129565,387157.46553539054,-0.21908528136156458,-0.21279808729899286,-0.21367491301487518,3.184722803338001,254,126,0.0049102110164581485,0.16609979066646013,0.08698697689889535,3092.1344058256486,5676268.811651298,445585.78267014597,2838.134405825649,254.0,2935.0,5129.0,0.0,50.0,62.0,0.0,99,82.711054324978,83.23013575867265,82.91618347167969,64.54908752441406,50.0,531.0,62.0,941.0,38.5,542.5,44.75,958.25,50.0,531.0,62.0,941.0,1006.0,12.0,1431.0,24.0,1866.0,19.0
741,0.0,0.0,25555.458386652772,11,19955.808089231094,20310.786099166053,-0.21911758391100866,-0.205227087228689,-0.20668613718604822,3.359540830333854,201,100,0.007176809633481257,0.16483852992383655,0.13770459738034646,354.97800993498043,307956.019869961,22916.526053901085,153.97800993498052,201.0,2228.0,3316.0,0.0,29.0,61.0,0.0,85,41.48400257674511,83.28441941238707,32.0,72.0,29.0,327.0,61.0,518.0,20.25,335.75,44.25,534.75,29.0,327.0,61.0,518.0,601.0,15.0,970.0,10.0,808.0,14.0
742,0.0,0.0,57633.39875105545,27,46588.01124156585,47362.1479392257,-0.1916490741279998,-0.17821698935708952,-0.17968704639756017,3.2736683319722175,425,198,0.0037066331966687247,0.16167073804720766,0.05052471394247231,774.1366976599543,698273.3953199086,53324.995426402485,349.13669765995434,425.0,5546.0,8061.0,0.0,89.0,111.0,0.0,165,79.03163156816562,95.17256742942061,55.83932113647461,71.0,89.0,1688.0,111.0,2566.0,59.25,1717.75,78.75,2598.25,89.0,1688.0,111.0,2566.0,1529.0,16.0,2044.0,26.0,2384.0,38.0
743,0.0,0.0,327580.67355898337,30,292452.10150511516,294510.08621807996,-0.10723639973083776,-0.10095402448993618,-0.10140457893806532,2.593771887024735,408,189,0.0030161182595438195,0.16229138810465898,0.04694015852056264,2057.984712965166,3299969.4259303357,318066.6582938859,1649.9847129651678,408.0,6335.0,8785.0,0.0,78.0,111.0,0.0,156,94.94499066707714,95.09639141631507,63.89065933227539,73.38337707519531,78.0,1851.0,111.0,2640.0,56.75,1872.25,72.0,2679.0,78.0,1851.0,111.0,2640.0,1834.0,24.0,2353.0,31.0,2083.0,29.0
744,0.0,0.0,100529.89957945875,17,92427.6199499627,93125.07573975043,-0.0805957199140741,-0.07365792536036064,-0.0739455863655335,2.3857331192200624,235,107,0.005390862428524043,0.16787315516757054,0.08151432189720553,697.4557897878076,924911.5795756157,96921.10698848676,462.4557897878079,235.0,3574.0,4994.0,0.0,47.0,64.0,0.0,103,85.34787043611996,104.01695491609986,88.51679992675781,91.0,47.0,678.0,64.0,962.0,29.5,695.5,38.5,987.5,47.0,678.0,64.0,962.0,1045.0,17.0,1508.0,21.0,1382.0,17.0
745,0.0,0.0,135982.97329634085,26,110991.93662434565,112128.6511870764,-0.18378063125251343,-0.17542138939174345,-0.17659512241790587,2.9375352360567017,374,164,0.003307278055715366,0.1667724898024963,0.05462128256944728,1136.7145627306927,1525429.1254613842,129822.19810825953,762.7145627306921,374.0,5052.0,8052.0,0.0,74.0,110.0,0.0,156,104.96794489215317,88.78316268309331,93.34658813476562,57.5,74.0,1559.0,110.0,2313.0,49.25,1583.75,69.0,2354.0,74.0,1559.0,110.0,2313.0,1773.0,22.0,1427.0,23.0,1696.0,30.0
746,0.0,0.0,273765.22562588425,8,239652.12001806143,241668.82323097344,-0.12460715392114963,-0.1172406112629234,-0.11769762904014469,3.5903879709826505,141,73,0.006777193384333015,0.17929880709161225,0.18359208981932204,2016.7032129121749,3751406.4258243497,261211.77266517177,1875.7032129121749,141.0,1779.0,2253.0,0.0,27.0,33.0,0.0,60,72.86761055438726,69.20687262128375,62.22898483276367,50.0,27.0,164.0,33.0,256.0,20.0,171.0,23.25,265.75,27.0,164.0,33.0,256.0,403.0,8.0,724.0,8.0,437.0,12.0
747,0.0,0.0,333470.3710105812,13,259593.32484439004,261692.57927461943,-0.22154006049265174,-0.21524488523055085,-0.21603817068150455,3.1413049030093876,211,102,0.004539798835678603,0.17213219436273516,0.10772396914774186,2099.2544302296646,3776508.860459328,300552.55515322724,1888.2544302296642,211.0,2882.0,3670.0,0.0,43.0,53.0,0.0,85,90.03409701343934,67.4781638341179,82.33106994628906,49.0,43.0,428.0,53.0,581.0,26.25,444.75,40.5,593.5,43.0,428.0,53.0,581.0,712.0,11.0,1446.0,18.0,1164.0,14.0
748,0.0,0.0,14027.629515900047,13,10902.845578381512,11160.426619511552,-0.222759229132524,-0.2043968222242094,-0.20719004853178724,2.6816550309635283,187,87,0.005327553583910073,0.1679112520848823,0.10696852556024017,257.581041130054,141162.08226010794,13159.97775908819,70.58104113005398,187.0,2586.0,3954.0,0.0,42.0,45.0,0.0,83,88.61583102693874,79.53801623566274,65.5,56.0,42.0,404.0,45.0,586.0,29.25,416.75,32.0,599.0,42.0,404.0,45.0,586.0,821.0,10.0,1283.0,24.0,1434.0,14.0
749,0.0,0.0,19547.891840999102,22,16710.23715633916,17188.970964035438,-0.14516423089206676,-0.12067392720150727,-0.12353595079014212,3.0830232253119503,359,158,0.004963591815145917,0.16000596920100443,0.07151303342351453,478.7338076962949,239467.61539259006,19418.24614120122,119.73380769629503,359.0,4263.0,6812.0,0.0,68.0,111.0,0.0,150,70.77681074300996,91.98565259653034,58.5,72.0,68.0,1169.0,111.0,1947.0,47.75,1189.25,77.5,1980.5,68.0,1169.0,111.0,1947.0,1318.0,18.0,1516.0,28.0,1276.0,20.0
750,0.0,0.0,12993.994215195102,8,10245.340511793689,10467.282547684126,-0.21153262483272106,-0.19445226969212082,-0.19657157844653295,3.2729647402527076,145,66,0.009730899176182724,0.18677924615450658,0.19420528535499768,221.9420358904445,153884.07178088903,11754.180383334007,76.94203589044452,145.0,1424.0,2597.0,0.0,30.0,41.0,0.0,69,55.952052352530934,86.7354870229606,47.5,52.0,30.0,178.0,41.0,302.0,18.75,189.25,29.25,313.75,30.0,178.0,41.0,302.0,521.0,12.0,748.0,15.0,564.0,11.0
751,0.0,0.0,17236.02457383386,15,14774.271366572044,15074.703879738294,-0.1428260441795275,-0.12539554494350647,-0.1267673238832968,2.630714973303181,214,89,0.006551838974696519,0.1663737513529365,0.09991058695446911,300.43251316626265,172865.0263325254,16427.57083975088,86.4325131662627,214.0,3633.0,3921.0,0.0,43.0,68.0,0.0,102,96.9463804702821,85.54688709972628,73.0,73.0,43.0,646.0,68.0,771.0,27.0,662.0,43.75,795.25,43.0,646.0,68.0,771.0,750.0,15.0,1692.0,21.0,1028.0,15.0
752,0.0,0.0,288282.3137803083,10,292167.51969748863,294711.5386565267,0.013477087325381776,0.022301835974294137,0.021865834445677912,3.7757120849817674,187,96,0.005443332644716167,0.18119865119665676,0.15262941715898612,2544.0189590384407,4714037.9180768775,312129.06413252384,2357.018959038439,187.0,2762.0,2278.0,0.0,48.0,33.0,0.0,77,62.45992000197247,86.00264649813874,64.0,89.1227798461914,48.0,394.0,33.0,295.0,33.75,408.25,23.75,304.25,48.0,394.0,33.0,295.0,370.0,8.0,1097.0,14.0,540.0,7.0
753,0.0,0.0,140151.03537666958,19,132096.57797640073,133353.46428099717,-0.05746983872521316,-0.048501754392347274,-0.04897625908448633,3.2821448811618925,330,164,0.005225928262195518,0.17149654212823975,0.07419401559885587,1256.886304596534,1853772.6091930666,141201.3086193215,926.8863045965334,330.0,4696.0,4880.0,0.0,64.0,83.0,0.0,130,91.7629381382487,69.92575985834114,79.79715728759766,54.0,64.0,1126.0,83.0,1197.0,44.75,1145.25,58.75,1221.25,64.0,1126.0,83.0,1197.0,899.0,16.0,1909.0,24.0,1020.0,18.0
754,0.0,0.0,54961.71917924079,30,46082.317252748675,46910.009176495165,-0.16155611685898452,-0.1464966912058817,-0.14818119491555592,3.2058966160777755,490,218,0.0028845139494434987,0.16897618719197563,0.051908903911626426,827.6919237465152,675383.8474930297,52667.31342067744,337.6919237465148,490.0,6336.0,8780.0,0.0,110.0,132.0,0.0,187,73.4789148936674,81.68142961672123,59.0,55.8117561340332,110.0,2338.0,132.0,3029.0,77.5,2370.5,92.75,3068.25,110.0,2338.0,132.0,3029.0,1861.0,34.0,2823.0,49.0,2290.0,28.0
755,0.0,0.0,24943.674691549528,23,18445.338163546,18917.80067799466,-0.26052041683357297,-0.24157924155402521,-0.2452896823354772,2.8225071243891353,340,151,0.007341617667651195,0.16556872091579472,0.06421796472620277,472.4625144486835,264925.0288973674,23465.399485457823,132.46251444868372,340.0,4277.0,7310.0,0.0,69.0,97.0,0.0,146,88.90305451404653,95.05754724552423,64.0,63.0,69.0,1199.0,97.0,1992.0,46.0,1222.0,59.5,2029.5,69.0,1199.0,97.0,1992.0,1518.0,14.0,1698.0,28.0,1797.0,28.0
756,0.0,0.0,14271.749609469623,21,12098.513418626211,12481.52698421352,-0.15227538671232166,-0.12543820304051934,-0.12747044194249846,3.3063794683453995,295,136,0.003706056643635233,0.16231145501911115,0.06203835518283075,383.01356558731885,176027.1311746377,13309.658862502432,88.01356558731885,295.0,3940.0,6634.0,0.0,54.0,84.0,0.0,118,81.55013115245487,82.12116488275177,69.43579864501953,71.82706451416016,54.0,870.0,84.0,1467.0,38.5,885.5,59.25,1491.75,54.0,870.0,84.0,1467.0,1410.0,17.0,1529.0,17.0,1748.0,27.0
757,0.0,0.0,41240.587362221064,9,25715.733412313868,26104.812802236363,-0.37644599514431076,-0.3670116147242366,-0.36920153387245436,3.292563634606378,165,89,0.003500927303711538,0.17861528009268177,0.1333077485677112,389.0793899225082,448158.77984501637,34028.10314238568,224.0793899225082,165.0,1480.0,3056.0,0.0,22.0,45.0,0.0,64,65.22796045533033,74.74235452286798,45.0,61.0,22.0,163.0,45.0,346.0,17.0,168.0,31.0,360.0,22.0,163.0,45.0,346.0,641.0,11.0,536.0,8.0,1187.0,15.0
758,0.0,0.0,183258.60513055878,28,145874.97940542188,147273.31674106466,-0.20399383536998827,-0.19636343059501704,-0.19737262226803587,2.87370149019906,428,199,0.0037122124757892547,0.16329992957200354,0.051702721049016104,1398.3373356429931,1940674.671285985,168830.57251290523,970.3373356429926,428.0,5744.0,8368.0,0.0,80.0,121.0,0.0,173,86.59781365862207,83.54044657000671,77.0,66.09800720214844,80.0,1900.0,121.0,2743.0,53.25,1926.75,79.75,2784.25,80.0,1900.0,121.0,2743.0,1727.0,24.0,2723.0,39.0,2238.0,33.0
759,0.0,0.0,30301.042218197825,30,25396.43270249993,26044.326956605604,-0.16186273331391698,-0.1404808201295391,-0.14307601382107604,3.0964880776351724,465,212,0.002522177021464349,0.16131630334994304,0.04862833812506014,647.8942541056668,365788.5082113339,29532.530001753734,182.89425410566696,465.0,6752.0,8354.0,0.0,95.0,128.0,0.0,177,61.46788751956131,90.29613403048775,49.0,73.0,95.0,2274.0,128.0,2807.0,66.0,2303.0,98.0,2837.0,95.0,2274.0,128.0,2807.0,1649.0,27.0,2691.0,38.0,1988.0,26.0
760,0.0,0.0,219497.45693721843,16,202245.9147807524,203725.22374685135,-0.07859563567244598,-0.07185610899755579,-0.07217137028433396,2.8231760056985626,258,126,0.003526371659477862,0.164410822328431,0.09198735227851398,1479.308966099037,2442617.932198073,216300.535927238,1221.3089660990365,258.0,4018.0,4046.0,0.0,48.0,68.0,0.0,104,92.79511384226834,84.30067003615689,80.25627899169922,66.64091491699219,48.0,772.0,68.0,776.0,28.75,791.25,51.75,792.25,48.0,772.0,68.0,776.0,762.0,15.0,1954.0,19.0,983.0,17.0
761,0.0,0.0,25491.346088310856,29,19134.005595538714,19659.899765908936,-0.24939210627591468,-0.22876180419032288,-0.23191049306603995,2.6906798232845395,402,172,0.005478605060286417,0.16434625761665414,0.062879663701605,525.8941703702433,247788.34074048614,23022.83781557559,123.89417037024307,402.0,5260.0,9318.0,0.0,67.0,134.0,0.0,156,81.4860835213932,109.51446834079188,76.0,78.92559814453125,67.0,1602.0,134.0,2708.0,46.25,1622.75,91.0,2751.0,67.0,1602.0,134.0,2708.0,1950.0,31.0,2736.0,35.0,2030.0,26.0
762,0.0,0.0,210469.68418599505,19,183612.1553039858,185392.55634575043,-0.12760758864575883,-0.11914840817684513,-0.11952360563590148,3.7007562678572783,338,158,0.004849122652620175,0.16049439185296632,0.0859254477262534,1780.4010417648997,2884802.0835298,194879.22702351375,1442.4010417649001,338.0,4108.0,5468.0,0.0,71.0,90.0,0.0,137,75.16513450027489,77.2518225721852,63.0,51.693180084228516,71.0,1029.0,90.0,1413.0,49.5,1050.5,66.25,1436.75,71.0,1029.0,90.0,1413.0,962.0,18.0,1843.0,30.0,1353.0,23.0
763,0.0,0.0,131890.53321866476,30,101505.6664179342,102815.33177848365,-0.2303794370923855,-0.22044949497608424,-0.22208755766556876,3.291644295095055,496,236,0.002926444161746372,0.16043919740179063,0.04795499529898449,1309.665360549535,1627330.7210990693,123595.5783196249,813.6653605495347,496.0,6025.0,9095.0,0.0,97.0,133.0,0.0,186,62.3939282447961,88.1804702385571,38.0,62.67485809326172,97.0,2195.0,133.0,3155.0,70.5,2221.5,96.0,3192.0,97.0,2195.0,133.0,3155.0,1740.0,18.0,2323.0,42.0,2218.0,41.0
764,0.0,0.0,128287.43230077407,11,111507.98590608967,112426.3349071751,-0.1307957146990396,-0.12363718806384805,-0.12413778901191586,3.0758073064238785,176,93,0.004366972864475817,0.18443571239671963,0.14985910368990382,918.3490010855071,1484698.0021710144,120675.47266941887,742.3490010855072,176.0,2257.0,3287.0,0.0,25.0,47.0,0.0,66,71.41519537889602,85.67179663658436,47.0,76.716064453125,25.0,268.0,47.0,386.0,18.5,274.5,35.0,398.0,25.0,268.0,47.0,386.0,592.0,11.0,1216.0,13.0,942.0,15.0
765,0.0,0.0,144901.69872797004,15,113975.35105776426,114921.73491669362,-0.21342984893686512,-0.20689863593358593,-0.2076373920566834,2.8153611450567007,214,101,0.005376884938670937,0.1664282000240027,0.09328724410228961,946.383858929448,1464767.7178588964,130069.25598433273,732.3838589294481,214.0,2728.0,4832.0,0.0,36.0,62.0,0.0,90,72.78123846085826,100.62270211329943,63.6820182800293,69.58444213867188,36.0,446.0,62.0,806.0,26.5,455.5,42.75,825.25,36.0,446.0,62.0,806.0,1034.0,12.0,1272.0,17.0,1611.0,16.0
766,0.0,0.0,13146.261211730482,8,12066.558677447601,12286.444686703164,-0.08213000768001288,-0.06540388260809082,-0.06677106687702661,3.264077669518727,132,61,0.009974155714997698,0.17942923069003094,0.18339511536298406,219.88600925557057,175772.0185111413,13462.609985706778,87.88600925557066,132.0,2200.0,1803.0,0.0,27.0,36.0,0.0,60,85.72698684000319,66.02162167621958,70.39946746826172,46.13078308105469,27.0,219.0,36.0,197.0,17.5,228.5,25.25,207.75,27.0,219.0,36.0,197.0,313.0,5.0,814.0,12.0,395.0,13.0
767,0.0,0.0,41590.20359513399,12,36336.73250086754,36794.486392882005,-0.12631510885128494,-0.11530881764697787,-0.11646510631717188,3.198603049836592,196,95,0.004586894948340594,0.17757126812319557,0.15141064244032737,457.75389201450935,523507.7840290187,40916.90777758147,261.75389201450935,196.0,2553.0,3491.0,0.0,39.0,50.0,0.0,84,80.03719152900415,99.69629230762341,57.0,88.06736755371094,39.0,391.0,50.0,526.0,28.0,402.0,30.5,545.5,39.0,391.0,50.0,526.0,679.0,6.0,1246.0,14.0,680.0,11.0
768,0.0,0.0,38020.425686538176,24,33511.71232291235,34150.88313577813,-0.1185866092294231,-0.10177536102995621,-0.10292769532788637,3.4279532660683563,387,176,0.004492858167187971,0.16502770570968664,0.059557769952145796,639.1708128657925,504341.62573158543,36781.541825833665,252.17081286579273,387.0,5172.0,6912.0,0.0,75.0,112.0,0.0,158,69.5527308494184,83.88685677639454,55.0,64.5,75.0,1439.0,112.0,2163.0,51.75,1462.25,73.0,2202.0,75.0,1439.0,112.0,2163.0,1451.0,21.0,2219.0,23.0,2216.0,35.0
769,0.0,0.0,227071.93269990175,13,190439.2660913279,191983.62645874833,-0.16132626420627494,-0.15452506976071811,-0.1553101942122308,3.034843076364903,218,114,0.004531842404149254,0.16182056748000037,0.10087611282663143,1544.3603674206265,2652720.734841254,218522.0675411865,1326.360367420627,218.0,2745.0,3807.0,0.0,45.0,46.0,0.0,85,87.58429774080818,73.77587530682446,61.0,55.62110137939453,45.0,438.0,46.0,576.0,32.5,450.5,33.25,588.75,45.0,438.0,46.0,576.0,829.0,11.0,1506.0,22.0,1367.0,13.0
770,0.0,0.0,174503.80258641765,23,144524.10607000784,145823.7227635318,-0.17179967468939983,-0.16435217684544667,-0.16496969330635114,2.966431042306226,362,172,0.002771666732327316,0.16126175039716287,0.0608723054203436,1299.616693523993,1875233.3870479863,158037.83741338062,937.6166935239931,362.0,4645.0,6947.0,0.0,67.0,100.0,0.0,145,72.10660588558208,85.72744733576486,48.0,60.29761505126953,67.0,1260.0,100.0,1908.0,44.5,1282.5,68.75,1939.25,67.0,1260.0,100.0,1908.0,1398.0,20.0,1961.0,32.0,2335.0,34.0
771,0.0,0.0,50893.06560858456,15,41962.16681235231,42508.42524780532,-0.1754836084137521,-0.16475015329720943,-0.16595925414188384,2.9382980783756927,263,125,0.006999953019740358,0.16413307532156549,0.09356709097305231,546.2584354530604,566516.8709061207,48201.106201186914,283.2584354530604,263.0,3013.0,4531.0,0.0,53.0,70.0,0.0,111,80.72382857425578,81.73415783030579,66.38082885742188,65.86827087402344,53.0,621.0,70.0,919.0,33.75,640.25,43.5,945.5,53.0,621.0,70.0,919.0,969.0,10.0,1299.0,26.0,1267.0,28.0
772,0.0,0.0,68298.1966698135,28,54487.552709847434,55356.19667258703,-0.20221096066025568,-0.1894925580509007,-0.19102511350069207,3.2106987678494465,462,208,0.003165217013761387,0.1598498258771409,0.054724752005358715,868.6439627396114,813287.9254792233,63326.3959253308,406.64396273961165,462.0,5370.0,8742.0,0.0,87.0,139.0,0.0,181,77.197303663495,91.06191168632364,60.0,61.7540168762207,87.0,1816.0,139.0,3026.0,61.0,1842.0,88.5,3076.5,87.0,1816.0,139.0,3026.0,1749.0,23.0,2122.0,37.0,2350.0,45.0
773,0.0,0.0,11385.717661165956,25,10292.148542578272,10759.172470394777,-0.09604744743650151,-0.05502904686528276,-0.0567543148084535,3.4497171509292635,391,163,0.005341198688742873,0.16140270356569797,0.04933404939495401,467.0239278165136,152047.85563302677,11018.863937299111,76.02392781651339,391.0,5375.0,7186.0,0.0,101.0,103.0,0.0,170,71.57272340073523,86.13885431976118,54.0,63.0,101.0,1758.0,103.0,2272.0,73.0,1786.0,71.0,2304.0,101.0,1758.0,103.0,2272.0,1528.0,22.0,1870.0,32.0,1520.0,24.0
774,0.0,0.0,261748.97128790824,22,227376.63849256223,229392.00144978127,-0.13131792887750648,-0.12361832666970152,-0.12449351408935849,3.1899680114000826,360,163,0.004206130152196344,0.1697720517102767,0.06698082690229654,2015.362957219416,3310725.9144388307,259463.8804062605,1655.3629572194154,360.0,4662.0,6426.0,0.0,73.0,102.0,0.0,146,71.45276431669056,82.72635128677993,60.675472259521484,65.49044799804688,73.0,1314.0,102.0,1723.0,48.0,1339.0,67.5,1757.5,73.0,1314.0,102.0,1723.0,1236.0,25.0,1775.0,24.0,1738.0,25.0
775,0.0,0.0,231808.03886026941,15,196259.88747944753,197496.76209207988,-0.15335167648025272,-0.14801590547458054,-0.1485351755059291,2.311090912233343,225,105,0.005190097901716263,0.1599070008740321,0.09489770085471413,1236.8746126324897,2023749.2252649795,218917.09393090376,1011.8746126324897,225.0,2937.0,4623.0,0.0,44.0,61.0,0.0,89,96.03834485589645,112.20903292185461,64.5,92.0,44.0,485.0,61.0,745.0,26.5,502.5,37.25,768.75,44.0,485.0,61.0,745.0,916.0,16.0,1161.0,22.0,1367.0,13.0
776,0.0,0.0,268380.04551823594,18,222854.4960676409,224340.70117136356,-0.16963090293351069,-0.16409321438869784,-0.1648056131324812,2.4498562491834055,238,112,0.004741342996147742,0.16675189471276183,0.07997863676126096,1486.2051037229876,2496410.2074459754,254750.68264496,1248.2051037229878,238.0,3395.0,5677.0,0.0,38.0,70.0,0.0,94,83.94244972370882,112.72089868702393,61.0,77.96656799316406,38.0,608.0,70.0,976.0,28.25,617.75,46.0,1000.0,38.0,608.0,70.0,976.0,1191.0,10.0,1208.0,15.0,1543.0,17.0
777,0.0,0.0,69165.00318454535,13,55058.82257783644,55605.75031078739,-0.20394968491609755,-0.1960421058259666,-0.19699901491994187,2.834067082628273,195,97,0.00458295262550379,0.175610929763701,0.09970643593042877,546.9277329509841,703855.4659019687,62088.81488870963,351.9277329509843,195.0,2671.0,3881.0,0.0,29.0,56.0,0.0,78,81.85099402153214,100.08425002272661,54.0,88.62112426757812,29.0,363.0,56.0,566.0,21.5,370.5,36.75,585.25,29.0,363.0,56.0,566.0,741.0,14.0,1268.0,9.0,1412.0,18.0
778,0.0,0.0,251803.4065941769,24,197152.79018770077,198841.30004064433,-0.21703684293102,-0.21033117569727644,-0.21116081172087775,2.9264538621861957,362,168,0.003064702955342549,0.16159002101787628,0.061130423609404363,1688.5098529435763,2653019.7058871514,226641.16972488535,1326.5098529435757,362.0,4727.0,7369.0,0.0,57.0,113.0,0.0,141,77.9063183677236,100.87388922171961,65.0,92.0,57.0,1328.0,113.0,1886.0,39.75,1345.25,76.25,1922.75,57.0,1328.0,113.0,1886.0,1515.0,31.0,2459.0,30.0,2082.0,32.0
779,0.0,0.0,41613.493410507785,10,32679.77222443268,33092.04029842354,-0.21468327828057954,-0.20477620150805453,-0.2064405667440643,3.0364673736093444,175,85,0.0075563720381685035,0.1712906943280513,0.17501158259873933,412.26807399086806,474536.1479817358,39069.75521176694,237.26807399086792,175.0,2015.0,3025.0,0.0,32.0,48.0,0.0,77,61.128376195185666,78.40755001082047,60.27637481689453,56.5,32.0,307.0,48.0,383.0,22.5,316.5,31.5,399.5,32.0,307.0,48.0,383.0,560.0,6.0,1105.0,16.0,612.0,8.0
780,0.0,0.0,19605.55061918497,12,15920.191727071673,16223.110688658136,-0.18797528127095786,-0.17252460776168943,-0.17481516258879892,2.8887550422116766,191,92,0.002823467988218645,0.1632874031128323,0.12870706059127668,302.9189615864756,223837.92317295127,19371.487016218016,111.91896158647563,191.0,2604.0,3437.0,0.0,37.0,50.0,0.0,78,89.52426833691999,84.00423053792545,93.0,62.5,37.0,348.0,50.0,500.0,25.25,359.75,35.25,514.75,37.0,348.0,50.0,500.0,640.0,10.0,1104.0,16.0,862.0,15.0
781,0.0,0.0,373103.26864825946,26,285167.17499588354,287722.9845242353,-0.23568834969193764,-0.22883820995016757,-0.22995141271083763,3.147838658010511,415,195,0.0021940345608635918,0.16429818653487502,0.06022947340228174,2555.809528352153,4281619.056704306,340044.3543865082,2140.809528352153,415.0,5370.0,7734.0,0.0,70.0,124.0,0.0,161,78.14257943371477,77.99406209214257,67.5,63.589744567871094,70.0,1675.0,124.0,2317.0,50.75,1694.25,89.75,2351.25,70.0,1675.0,124.0,2317.0,1555.0,25.0,2722.0,39.0,1741.0,23.0
782,0.0,0.0,18721.09844226094,30,14780.441835715956,15393.529851249545,-0.21049280942027204,-0.17774430283961085,-0.1818702698950071,3.4297529715016095,494,205,0.005270034981549627,0.16147812025448133,0.049367112327712376,613.0880155335906,238176.0310671807,17361.019368320776,119.08801553359035,494.0,5937.0,9141.0,0.0,111.0,148.0,0.0,207,74.16312080632477,83.05356220440088,56.0,59.5,111.0,2328.0,148.0,3609.0,79.0,2360.0,97.25,3659.75,111.0,2328.0,148.0,3609.0,1846.0,24.0,2723.0,48.0,2233.0,39.0
783,0.0,0.0,400203.10820009315,24,349057.6340760216,351922.38895053853,-0.12779879285320261,-0.12064054041633099,-0.12123722001953885,3.269657513970235,377,171,0.003980603750188367,0.16036927910555457,0.07110245545638742,2864.754874517246,4975509.749034483,380430.4982842751,2487.7548745172417,377.0,5544.0,6552.0,0.0,77.0,105.0,0.0,162,79.57454008926305,84.01056947642215,51.0,68.0,77.0,1627.0,105.0,2079.0,51.25,1652.75,72.25,2111.75,77.0,1627.0,105.0,2079.0,1352.0,19.0,2870.0,40.0,1854.0,29.0
784,0.0,0.0,17587.86201301441,13,15513.975350368259,15830.159259138332,-0.11791579107861705,-0.09993839800286353,-0.10057159703114027,3.0397615035209697,217,101,0.005726828584912178,0.1712309826963969,0.10705019976917893,316.1839087700772,198367.8175401545,16314.422801787587,99.18390877007725,217.0,3091.0,3443.0,0.0,39.0,64.0,0.0,98,71.38213744964315,71.6488801708638,57.61087417602539,61.98616027832031,39.0,579.0,64.0,590.0,28.25,589.75,45.25,608.75,39.0,579.0,64.0,590.0,605.0,12.0,1074.0,18.0,700.0,16.0
785,0.0,0.0,80861.027935667,19,70162.22931081767,70861.39968283496,-0.1323109401151974,-0.12366437217181736,-0.12434174098715689,2.5890854960833667,298,144,0.002240430625165897,0.16427082586932001,0.08001273333180497,699.1703720173498,802340.7440346996,77473.3728616184,401.17037201734985,298.0,4409.0,5167.0,0.0,62.0,73.0,0.0,115,73.78474390973575,85.7170753902849,55.67509841918945,70.0,62.0,899.0,73.0,1151.0,42.0,919.0,51.75,1172.25,62.0,899.0,73.0,1151.0,985.0,14.0,1668.0,28.0,899.0,10.0
786,0.0,0.0,22027.922448106034,8,19859.81186433723,20163.86545953832,-0.09842555914551165,-0.08462246010530994,-0.08538353896564754,3.4937274817150485,157,76,0.006768791996007465,0.1858438842930785,0.17687591765520946,304.0535952011084,294107.1904022166,21045.372881934203,147.05359520110832,157.0,1611.0,2421.0,0.0,29.0,44.0,0.0,67,61.023359288055936,69.34907878208934,58.941017150878906,60.5,29.0,185.0,44.0,278.0,20.25,193.75,29.0,293.0,29.0,185.0,44.0,278.0,471.0,13.0,754.0,11.0,588.0,7.0
787,0.0,0.0,204756.5124060825,6,180351.01612853684,181474.33798420196,-0.11919277189652244,-0.11370663696257077,-0.1145341925242006,2.255908140549679,112,59,0.003409971094409263,0.18694663425132843,0.25874400063522457,1123.321855665202,2022643.711330404,224149.6090835466,1011.3218556652021,112.0,1743.0,1281.0,0.0,28.0,19.0,0.0,45,84.69053867949087,104.02055734693677,53.096031188964844,98.81907653808594,28.0,128.0,19.0,95.0,17.0,139.0,14.0,100.0,28.0,128.0,19.0,95.0,210.0,4.0,814.0,16.0,553.0,5.0
788,0.0,0.0,16349.935621291586,16,11365.5298832824,11705.669934919588,-0.3048578204502702,-0.28405406565173486,-0.2875970170768606,3.204144222759843,250,106,0.008984196516437934,0.174018102937229,0.08996762643516278,340.1400516372084,180280.10327441667,14066.16640364077,90.14005163720834,250.0,3154.0,4906.0,0.0,42.0,86.0,0.0,116,107.64365258857937,84.07392354243812,107.55104064941406,65.46141052246094,42.0,636.0,86.0,1090.0,23.0,655.0,57.25,1118.75,42.0,636.0,86.0,1090.0,1027.0,13.0,1385.0,21.0,1264.0,26.0
789,0.0,0.0,213974.14814071148,12,189260.61501305006,190466.13911955207,-0.11549775214625257,-0.10986378132792152,-0.1101781584232937,2.5499978506648038,162,78,0.005966179309423564,0.1734600269915166,0.11095501080549616,1205.52410650209,2087048.213004181,204612.74236565255,1043.5241065020905,162.0,2674.0,3374.0,0.0,35.0,37.0,0.0,66,107.68008843999658,114.98003101606807,88.0,87.3177261352539,35.0,298.0,37.0,422.0,22.25,310.75,27.75,431.25,35.0,298.0,37.0,422.0,699.0,7.0,1263.0,11.0,990.0,10.0
790,0.0,0.0,102328.71007719284,20,83483.7540863472,84234.74615399173,-0.18416098450405305,-0.17682196823894014,-0.17752292951359172,2.57096049059491,268,120,0.009445990088184284,0.16829084228039565,0.0883976372596489,750.9920676446283,965984.1352892556,93932.22288158645,482.9920676446278,268.0,3750.0,6330.0,0.0,52.0,76.0,0.0,111,100.52141603133667,111.54574609794466,89.0,88.5,52.0,744.0,76.0,1348.0,31.5,764.5,50.5,1373.5,52.0,744.0,76.0,1348.0,1378.0,12.0,1880.0,26.0,1176.0,13.0
791,0.0,0.0,169321.22851139505,14,140679.33904376125,141739.60774574397,-0.16915710876563972,-0.16289523179188892,-0.16352484713403537,2.730301110768208,197,94,0.002919402946168403,0.1675010220564297,0.09741016553724378,1060.2687019828163,1726537.4039656322,158090.38398331156,863.2687019828161,197.0,2450.0,4606.0,0.0,37.0,52.0,0.0,84,82.53773945295406,108.55304387714867,66.0,79.5,37.0,366.0,52.0,721.0,28.25,374.75,35.5,737.5,37.0,366.0,52.0,721.0,896.0,7.0,586.0,14.0,1129.0,8.0
792,0.0,0.0,50677.53034764088,29,42706.272160641034,43415.836238957425,-0.15729373811861225,-0.14329218608067984,-0.14460916072034136,2.890970648560306,432,186,0.004811448956645668,0.15676871814540927,0.04789918753765073,709.564078316433,555128.156632866,48005.34354346679,277.56407831643304,432.0,6202.0,8412.0,0.0,90.0,127.0,0.0,176,84.8101852275981,97.80740601801283,69.5,74.0,90.0,2063.0,127.0,2823.0,58.25,2094.75,83.25,2866.75,90.0,2063.0,127.0,2823.0,1667.0,27.0,2748.0,38.0,2111.0,31.0
793,0.0,0.0,254141.26154586932,25,200873.1058665001,202657.639152615,-0.20960057943898647,-0.20257876300799804,-0.20344416958848088,3.004757989300437,392,175,0.004005335023677023,0.16607231028364058,0.055158941088898426,1784.53328611504,2785066.5722300815,231721.37175001708,1392.5332861150407,392.0,5632.0,6968.0,0.0,89.0,103.0,0.0,161,93.67611153764142,86.84685269318885,71.0,58.0,89.0,1704.0,103.0,2129.0,55.5,1737.5,68.75,2163.25,89.0,1704.0,103.0,2129.0,1355.0,24.0,2451.0,40.0,2052.0,32.0
794,0.0,0.0,98693.01554457369,6,87486.27062681057,88397.43300759184,-0.11355155028880148,-0.10431926190695784,-0.10562815822923732,3.8547173618676545,117,60,0.004506398870201742,0.17754001588662366,0.2431223898954994,911.1623807813207,1588324.7615626408,103011.75238390756,794.1623807813204,117.0,1172.0,1852.0,0.0,23.0,28.0,0.0,49,69.01555461658064,75.61017583689258,55.5955924987793,61.20177459716797,23.0,93.0,28.0,150.0,16.5,99.5,18.25,159.75,23.0,93.0,28.0,150.0,397.0,6.0,526.0,8.0,450.0,8.0
795,0.0,0.0,126113.38729601329,8,107118.4849986567,107948.33998287834,-0.1506176521353103,-0.14403742300964406,-0.1447936598256495,2.8847146029692343,139,69,0.004661458003547793,0.1790010022036709,0.19240078835733,829.8549842217063,1381709.9684434133,119744.07858417089,690.8549842217067,139.0,1411.0,2621.0,0.0,22.0,40.0,0.0,61,60.36256271103331,82.78137037187255,44.67728042602539,77.0,22.0,156.0,40.0,270.0,16.25,161.75,23.75,286.25,22.0,156.0,40.0,270.0,627.0,10.0,621.0,7.0,854.0,11.0
796,0.0,0.0,151778.9994679594,7,118215.71447482213,119040.9954182871,-0.22113260141909474,-0.2156952158363865,-0.21629344833180986,2.661214856166921,112,54,0.007824206961751365,0.18352845750441912,0.16431544157685396,825.2809434650394,1426561.886930078,134014.15932504088,713.2809434650391,112.0,1540.0,1988.0,0.0,23.0,28.0,0.0,47,93.8300289073483,93.97173099957958,75.0833969116211,87.450927734375,23.0,123.0,28.0,155.0,12.75,133.25,18.5,164.5,23.0,123.0,28.0,155.0,410.0,3.0,760.0,11.0,771.0,14.0
797,0.0,0.0,29809.31508739385,25,26502.02646642839,27109.23585708602,-0.1109481586970138,-0.09057837197506347,-0.09245316370915835,3.1824168691862966,416,179,0.005693586217815732,0.15732621362806104,0.05786693785773682,607.2093906576318,382418.7813152636,30041.537378244477,191.20939065763181,416.0,5828.0,6745.0,0.0,99.0,113.0,0.0,166,77.53770855766089,84.28086837603512,61.0,64.0,99.0,1780.0,113.0,2153.0,69.75,1809.25,75.0,2191.0,99.0,1780.0,113.0,2153.0,1266.0,20.0,2411.0,44.0,1285.0,23.0
798,0.0,0.0,29541.160497874265,7,29350.668518581573,29626.916356802856,-0.006448358022576706,0.002902927897323604,0.002682401413766522,2.652059352584202,115,55,0.007466343267857519,0.1736516152635614,0.19351722722124817,276.2478382213146,322495.6764426293,30400.495762697134,161.24783822131465,115.0,1962.0,1566.0,0.0,34.0,19.0,0.0,53,95.8718998997073,85.89916741731149,78.74020385742188,77.0,34.0,166.0,19.0,152.0,20.25,179.75,11.75,159.25,34.0,166.0,19.0,152.0,246.0,2.0,746.0,17.0,432.0,5.0
799,0.0,0.0,12639.27150345597,14,11083.019766493093,11349.756471277338,-0.1231282781240477,-0.10202447441895979,-0.10327617693411784,2.9517808403459824,197,92,0.0070435581574217745,0.16326846722243077,0.09070752246127958,266.7367047842525,139473.40956850475,11812.649474355698,69.73670478425238,197.0,2465.0,4559.0,0.0,40.0,51.0,0.0,81,97.57922967502068,80.5141048053011,91.57640075683594,83.1416244506836,40.0,399.0,51.0,640.0,28.5,410.5,36.75,654.25,40.0,399.0,51.0,640.0,951.0,11.0,937.0,14.0,1141.0,14.0
800,0.0,0.0,83380.68710380788,18,68330.33206031968,69171.27238600561,-0.1805016912939409,-0.17041613845316161,-0.17159110316425719,3.398905441938099,313,149,0.006094725073406407,0.17541182515615464,0.07312199450055387,840.9403256859448,1055880.6513718907,77663.28524057248,527.9403256859454,313.0,3853.0,5210.0,0.0,69.0,77.0,0.0,128,67.16651585384743,69.74025110065561,51.0,61.0,69.0,949.0,77.0,1208.0,47.5,970.5,54.0,1231.0,69.0,949.0,77.0,1208.0,907.0,14.0,1464.0,25.0,1421.0,18.0
801,0.0,0.0,435376.9812496709,29,390550.5244272066,394078.52919770934,-0.10296009838140285,-0.09485676512667673,-0.09549455127206441,3.5564226209413206,473,214,0.004477674193107253,0.15862291678204266,0.06523912866418304,3528.004770502896,6110009.541005795,429505.3057690727,3055.0047705028974,473.0,6203.0,8413.0,0.0,92.0,138.0,0.0,188,79.32725905229991,80.08507184441984,48.59624099731445,60.10956954956055,92.0,2157.0,138.0,3065.0,68.75,2180.25,93.5,3109.5,92.0,2157.0,138.0,3065.0,1697.0,34.0,3294.0,44.0,2038.0,38.0
802,0.0,0.0,37594.76093368519,7,45221.305027917035,45600.77838513134,0.20286188566764918,0.2129556686254308,0.21423667818210856,3.1645206820504277,124,64,0.004028385037633591,0.1716651975145115,0.2287082138553564,379.4733572143298,510946.7144286601,40365.25320618192,255.47335721433006,124.0,1538.0,1990.0,0.0,26.0,27.0,0.0,52,79.71699961934928,75.77176978587921,65.64816284179688,70.0,26.0,122.0,27.0,189.0,20.25,127.75,19.75,196.25,26.0,122.0,27.0,189.0,377.0,4.0,734.0,15.0,425.0,4.0
803,0.0,0.0,89431.06557566237,13,76079.50717639634,76807.66653975197,-0.1492944125547746,-0.14115228253911938,-0.14177214732400556,3.066311671437039,215,105,0.004686095418667632,0.168055066875574,0.11305423378864321,728.1593633556703,1026318.7267113397,83676.973892738,513.1593633556698,215.0,2520.0,4030.0,0.0,38.0,59.0,0.0,89,76.85089518886818,77.92599722185103,64.70645141601562,64.0,38.0,397.0,59.0,662.0,24.5,410.5,41.25,679.75,38.0,397.0,59.0,662.0,797.0,15.0,1088.0,17.0,1277.0,21.0
804,0.0,0.0,177470.46256439082,24,152853.8113389195,154322.31016124145,-0.1387084412232248,-0.13043383145942178,-0.13117784558264212,3.1431415228223107,413,194,0.0027233839454012037,0.1668662382786181,0.07059629559382628,1468.4988223221062,2110997.6446442124,167905.07437513434,1055.4988223221062,413.0,4942.0,7154.0,0.0,80.0,115.0,0.0,158,69.77888717330748,82.26182715167317,48.000282287597656,61.0,80.0,1528.0,115.0,2069.0,60.25,1547.75,79.75,2104.25,80.0,1528.0,115.0,2069.0,1426.0,24.0,2231.0,36.0,1943.0,29.0
805,0.0,0.0,287753.0693119291,15,233942.8048728587,235843.48763587698,-0.18700153074905768,-0.18039627448693263,-0.1814244200096672,2.96433984166156,235,119,0.004518321521140987,0.17115014066181752,0.09284690830961288,1900.6827630184005,3331365.5260367985,280953.4081768367,1665.6827630183993,235.0,3047.0,4513.0,0.0,43.0,58.0,0.0,93,98.23423594248246,69.60614283086335,78.53732299804688,58.87120819091797,43.0,522.0,58.0,772.0,31.5,533.5,44.25,785.75,43.0,522.0,58.0,772.0,836.0,16.0,1412.0,18.0,1458.0,15.0
806,0.0,0.0,205666.07282094698,19,162918.33284499196,164204.10802356608,-0.2078502272621855,-0.20159846604100673,-0.2022555066033035,2.703755686609279,300,143,0.006209093729894122,0.1639750597992691,0.07953393931823617,1285.7751785743342,1971550.3571486687,182297.38423788088,985.7751785743344,300.0,3646.0,5930.0,0.0,44.0,94.0,0.0,124,81.2096955887819,110.99062792758555,52.55821990966797,105.5,44.0,843.0,94.0,1375.0,31.5,855.5,60.5,1408.5,44.0,843.0,94.0,1375.0,1182.0,15.0,1678.0,23.0,1608.0,21.0
807,0.0,0.0,260215.25093385534,10,213917.09752696427,215595.42098892573,-0.17792252083894844,-0.1714727702730675,-0.1723009139980528,2.9926603501153237,162,78,0.0055127572587968555,0.18256634120468201,0.15925854000017595,1678.3234619616517,3032646.923923305,253340.38690745845,1516.3234619616524,162.0,2373.0,2667.0,0.0,35.0,39.0,0.0,72,65.62568566331835,74.64299537408888,46.484893798828125,59.301239013671875,35.0,290.0,39.0,356.0,21.25,303.75,27.25,367.75,35.0,290.0,39.0,356.0,456.0,5.0,1022.0,14.0,561.0,13.0
808,0.0,0.0,23315.339276454117,20,20059.785035506575,20464.830672923563,-0.13963143329573113,-0.12225893733441184,-0.12390167273124975,2.68877514547239,284,127,0.0043304553545533775,0.16376887739671228,0.08771637670944088,405.0456374170203,242091.27483404014,22509.438474401253,121.04563741702007,284.0,4031.0,6025.0,0.0,60.0,77.0,0.0,121,85.59308087612703,103.72317415764574,64.34980773925781,87.0,60.0,911.0,77.0,1367.0,39.5,931.5,53.0,1391.0,60.0,911.0,77.0,1367.0,1298.0,19.0,2305.0,34.0,1498.0,21.0
809,0.0,0.0,26607.42691009569,28,23001.60612355887,23556.19122615622,-0.13551933445953235,-0.11467609003491186,-0.1167935143322486,2.85840030575512,405,177,0.005278918800072279,0.16274385923633855,0.04935963009810687,554.5851025973799,299170.20519475883,26165.877168464453,149.58510259737943,405.0,6694.0,7417.0,0.0,97.0,103.0,0.0,166,86.15895171345349,93.35812343311359,79.0,59.41064453125,97.0,2094.0,103.0,2353.0,69.5,2121.5,72.5,2383.5,97.0,2094.0,103.0,2353.0,1386.0,18.0,3169.0,49.0,2153.0,27.0
810,0.0,0.0,15545.2838297083,28,12203.863788018036,12677.612252274277,-0.21494750937287743,-0.18447212729263063,-0.18844500268415043,2.8691723018593405,391,161,0.0073329292805283655,0.1654355713172778,0.0607969840882556,473.7484642562405,165496.92851248127,14420.267511054715,82.74846425624064,391.0,5749.0,8302.0,0.0,86.0,117.0,0.0,172,72.866292048666,95.94593100969976,56.5,73.0,86.0,1859.0,117.0,2733.0,55.75,1889.25,85.25,2764.75,86.0,1859.0,117.0,2733.0,1622.0,23.0,2870.0,35.0,1718.0,20.0
811,0.0,0.0,131170.76516853872,20,108654.00455931344,109522.37091165637,-0.1716599013529725,-0.1650397802366005,-0.1656799869449158,2.4887273961448484,270,131,0.003379698916045033,0.16868923802743552,0.07257578154185051,868.3663523429738,1196732.7046859479,120215.32636918583,598.366352342974,270.0,3462.0,6618.0,0.0,38.0,81.0,0.0,105,57.357614487624126,99.08516800588744,55.5,76.0,38.0,690.0,81.0,1291.0,30.0,698.0,58.25,1313.75,38.0,690.0,81.0,1291.0,1428.0,17.0,1228.0,14.0,2065.0,22.0
812,0.0,0.0,238080.58009237816,29,173272.89746908567,175007.58419418713,-0.2722090251886413,-0.26492289238256195,-0.2660774242281304,2.984347292077264,467,216,0.0038940647186235127,0.16316896106403755,0.05296800465559386,1734.6867251013698,2535373.4502027375,212389.27662118568,1267.6867251013687,467.0,5899.0,8717.0,0.0,88.0,134.0,0.0,185,84.59606898555096,85.38624770310899,68.21443176269531,62.5,88.0,2078.0,134.0,3065.0,55.75,2110.25,95.5,3103.5,88.0,2078.0,134.0,3065.0,1644.0,28.0,2596.0,47.0,2390.0,40.0
813,0.0,0.0,18612.266828684267,11,13851.281457490733,14138.871012731823,-0.2557982547217811,-0.24034664112263193,-0.2426501669427764,3.0871482101889667,184,92,0.003666991778785542,0.16274054843532026,0.11589000219775787,287.58955524110223,207179.11048220453,16777.548110455227,103.58955524110226,184.0,1823.0,3721.0,0.0,32.0,49.0,0.0,76,69.62556192332548,74.15943840199472,59.237701416015625,65.86835479736328,32.0,268.0,49.0,487.0,24.5,275.5,33.25,502.75,32.0,268.0,49.0,487.0,814.0,15.0,748.0,17.0,1214.0,16.0
814,0.0,0.0,125260.13061139542,15,101851.68682833719,102882.02270081232,-0.1868786474100057,-0.17865307820896748,-0.17974403063205402,3.259359914225418,259,123,0.005689326244954034,0.17219232261233614,0.0879031061779261,1030.3358724752318,1542671.7449504645,118326.28073824414,771.3358724752322,259.0,3429.0,4131.0,0.0,58.0,63.0,0.0,106,80.94199657140001,74.33714258487251,62.93830871582031,65.61726379394531,58.0,656.0,63.0,813.0,36.5,677.5,43.0,833.0,58.0,656.0,63.0,813.0,753.0,15.0,1334.0,20.0,1295.0,18.0
815,0.0,0.0,64632.1086817699,30,51803.18564442237,52609.2952800828,-0.19849148200491962,-0.18601920387409943,-0.1872573586922125,2.86858961141155,470,201,0.003529917342823916,0.15409079065174455,0.04674340809099043,806.1096356604585,672219.271320917,58584.47550729793,336.1096356604585,470.0,6136.0,8974.0,0.0,97.0,142.0,0.0,187,81.85391567163936,93.84445544756612,65.0,72.0,97.0,2157.0,142.0,3212.0,60.25,2193.75,94.75,3259.25,97.0,2157.0,142.0,3212.0,1818.0,32.0,2336.0,48.0,2601.0,37.0
816,0.0,0.0,191596.35037727052,17,178190.05241890106,179488.4248177622,-0.06997157269421495,-0.06319496971454164,-0.06342785848166577,2.8026711970105413,249,119,0.005832369159579486,0.16415013959285857,0.0848464568230978,1298.3723988612737,2098744.7977225473,187209.33086631473,1049.3723988612737,249.0,4348.0,4220.0,0.0,54.0,59.0,0.0,103,103.26418869648158,85.76178112254092,72.89418029785156,65.0,54.0,818.0,59.0,820.0,36.5,835.5,41.5,837.5,54.0,818.0,59.0,820.0,843.0,12.0,1635.0,20.0,937.0,14.0
817,0.0,0.0,155920.14325167576,5,135410.04675446133,136395.04234153364,-0.13154231435067643,-0.12522500623043953,-0.12575470013915324,3.0937194594395585,78,42,0.004418950259391873,0.1859858741251895,0.22364628932889788,984.9955870724351,1813991.1741448713,146586.59244376703,906.9955870724357,78.0,906.0,1614.0,0.0,14.0,17.0,0.0,31,62.35507610831525,73.19958579329729,38.769927978515625,65.0,14.0,57.0,17.0,67.0,11.25,59.75,11.75,72.25,14.0,57.0,17.0,67.0,353.0,3.0,349.0,6.0,479.0,6.0
818,0.0,0.0,17066.91293699971,24,13659.688113453725,14074.406170777469,-0.19963919873050928,-0.17533966319912042,-0.17863571007342838,2.7774718618973067,325,147,0.00509358322408048,0.16550869491615927,0.057772371710564145,414.7180573237587,179436.11464751733,16151.02902653202,89.71805732375867,325.0,5614.0,6468.0,0.0,65.0,89.0,0.0,133,84.60301298095877,82.3660441316325,72.91043853759766,62.0,65.0,1400.0,89.0,1634.0,43.25,1421.75,63.75,1659.25,65.0,1400.0,89.0,1634.0,1376.0,17.0,2538.0,27.0,1376.0,26.0
819,0.0,0.0,18105.025721135993,27,14720.938623805616,15240.544562792116,-0.18691423859065603,-0.15821469698327195,-0.16103724195437208,3.077574835640853,417,187,0.00466655825548138,0.16408807510298334,0.04719456901417905,519.605938986512,205211.877973024,16669.934033488098,102.605938986512,417.0,5643.0,7924.0,0.0,79.0,124.0,0.0,169,74.11406314678082,83.49938970552796,51.0,56.90972900390625,79.0,1801.0,124.0,2551.0,55.25,1824.75,87.0,2588.0,79.0,1801.0,124.0,2551.0,1542.0,27.0,2462.0,32.0,2177.0,31.0
820,0.0,0.0,370371.73519010254,20,281154.5451210841,283692.7027328869,-0.2408855255199901,-0.23403252522151963,-0.23523992054996612,3.212963115205047,318,153,0.003864035905902265,0.16504643167950558,0.07233447983256121,2538.157611803019,4440315.223606042,345500.01543689263,2220.1576118030207,318.0,3963.0,6117.0,0.0,47.0,98.0,0.0,124,84.74544240742158,91.10217693010267,64.0,67.30990600585938,47.0,930.0,98.0,1405.0,31.75,945.25,64.0,1439.0,47.0,930.0,98.0,1405.0,1238.0,28.0,1572.0,16.0,1884.0,31.0
821,0.0,0.0,28885.549593953194,25,22901.16787599295,23470.978431347507,-0.20717562248540344,-0.1874491307494165,-0.18975978728466636,3.166451553459561,402,175,0.00459029133086719,0.17040703184966277,0.06238233971343183,569.8105553545945,335621.11070918944,26498.20351289607,167.81055535459473,402.0,5307.0,7284.0,0.0,88.0,114.0,0.0,169,74.21660523730465,89.90324029761602,47.0,66.0,88.0,1687.0,114.0,2332.0,59.75,1715.25,79.0,2367.0,88.0,1687.0,114.0,2332.0,1451.0,28.0,2294.0,50.0,1836.0,30.0
822,0.0,0.0,16895.822031777312,6,15663.267524074481,15872.986242534857,-0.07295025393761057,-0.06053779374088619,-0.06111622308332598,3.162993257024291,106,50,0.006814085289715458,0.1836939242205858,0.2559590587783222,209.71871846038556,207437.43692077103,16395.659116574112,103.71871846038552,106.0,1446.0,1578.0,0.0,19.0,31.0,0.0,48,83.32889559383875,120.01515959249848,52.95521545410156,91.0,19.0,116.0,31.0,122.0,12.25,122.75,19.75,133.25,19.0,116.0,31.0,122.0,269.0,8.0,731.0,7.0,338.0,5.0
823,0.0,0.0,340891.53156325925,17,257099.52956554666,259503.37452975733,-0.24580253317957035,-0.23875089140605044,-0.2397502517600214,3.4891008669114423,300,148,0.004484025165638059,0.17228668800552055,0.08264399030288558,2403.844964210881,4207689.92842176,301488.1260903768,2103.84496421088,300.0,3716.0,4852.0,0.0,49.0,86.0,0.0,121,68.32852507371524,72.45511105865421,52.0,60.148155212402344,49.0,846.0,86.0,1076.0,34.0,861.0,65.0,1097.0,49.0,846.0,86.0,1076.0,882.0,15.0,1706.0,25.0,1289.0,30.0
824,0.0,0.0,54208.039137543055,29,43042.76072650969,43810.2612450553,-0.2059708963591821,-0.19181247021507797,-0.19344694550273,3.1799257685527493,453,209,0.004144466533085184,0.15862278823056777,0.05496908836849459,767.5005185456474,629001.0370912955,49450.92141078241,314.50051854564776,453.0,5268.0,9336.0,0.0,75.0,140.0,0.0,181,80.47813555892517,87.38347525325639,76.0,67.80302429199219,75.0,1873.0,140.0,3159.0,55.5,1892.5,92.25,3206.75,75.0,1873.0,140.0,3159.0,1943.0,25.0,2198.0,29.0,2279.0,39.0
825,0.0,0.0,11270.280947736746,6,10420.537071470078,10581.11912351937,-0.07539686723047578,-0.06114859313740284,-0.06156154388753676,2.6702798196341093,103,50,0.004601785991050304,0.18336134568679852,0.218587174162246,160.58205204929533,115164.10409859061,10782.025843491076,57.58205204929531,103.0,1283.0,1739.0,0.0,22.0,25.0,0.0,43,80.57833735441945,78.41844029062986,71.5,66.55731201171875,22.0,90.0,25.0,120.0,13.5,98.5,17.25,127.75,22.0,90.0,25.0,120.0,330.0,6.0,644.0,14.0,512.0,6.0
826,0.0,0.0,11173.722100382272,18,8675.342567965834,8984.360617413451,-0.22359420701280597,-0.19593842260439964,-0.19964848395794,2.9687661652139834,248,105,0.006111494180384099,0.1620860181537937,0.07790466676182446,309.0180494476206,122036.09889524142,10276.66815975428,61.01804944762071,248.0,3705.0,5331.0,0.0,42.0,84.0,0.0,110,94.45898519949405,105.90978864496297,53.49653244018555,80.833984375,42.0,735.0,84.0,1113.0,28.25,748.75,58.0,1139.0,42.0,735.0,84.0,1113.0,1129.0,18.0,1573.0,16.0,1466.0,23.0
827,0.0,0.0,30171.488954367105,22,25959.814105143065,26449.69228749205,-0.13959121658178664,-0.12335475629008863,-0.12503734764432928,2.815930555781324,325,151,0.004329377807653714,0.15833328377619313,0.061051930920769056,489.87818234901806,329756.3646980364,29275.96740809366,164.8781823490182,325.0,4681.0,6383.0,0.0,58.0,94.0,0.0,133,90.03822600132327,74.04190138431106,87.3115234375,56.58210372924805,58.0,1191.0,94.0,1579.0,39.75,1209.25,66.25,1606.75,58.0,1191.0,94.0,1579.0,1290.0,25.0,1478.0,19.0,1792.0,18.0
828,0.0,0.0,348586.7513013958,26,260865.07616079404,263502.1524343668,-0.2516494812642942,-0.2440844310616469,-0.24557322653168923,3.2917418935864764,443,194,0.006325950509364022,0.16269743069231704,0.05655998053875524,2637.0762735730063,4388152.547146006,333269.7921802238,2194.0762735730027,443.0,5314.0,7790.0,0.0,86.0,137.0,0.0,187,89.10839431277867,72.1262244641284,69.17242431640625,62.0,86.0,1897.0,137.0,2742.0,57.25,1925.75,86.5,2792.5,86.0,1897.0,137.0,2742.0,1547.0,30.0,2099.0,34.0,2284.0,45.0
829,0.0,0.0,49676.70778906083,25,41014.275951852855,41691.419080683365,-0.17437612560781457,-0.16074512711842548,-0.16240924373155274,3.1496798023143247,378,175,0.004383471407364565,0.16776106040759362,0.06095663987751462,677.1431288305415,598286.2576610825,47487.86346642865,299.1431288305413,378.0,5074.0,7526.0,0.0,84.0,94.0,0.0,143,95.76411469136875,86.54021933962366,92.55694580078125,69.0,84.0,1359.0,94.0,2038.0,56.75,1386.25,63.75,2068.25,84.0,1359.0,94.0,2038.0,1512.0,13.0,2896.0,39.0,2027.0,30.0
830,0.0,0.0,268594.18264893355,24,225501.30811621156,227790.14352080334,-0.16043859962911633,-0.15191706211099587,-0.15292462015401997,3.5893234842155812,425,203,0.0032041459425953696,0.1603334361298925,0.06267744178937633,2288.8354045919355,3727670.809183871,259636.03068772473,1863.8354045919355,425.0,5465.0,6631.0,0.0,101.0,97.0,0.0,167,70.46669741221086,94.28238712806724,52.588558197021484,69.0,101.0,1716.0,97.0,2094.0,70.75,1746.25,66.5,2124.5,101.0,1716.0,97.0,2094.0,1296.0,21.0,2631.0,42.0,2067.0,35.0
831,0.0,0.0,347923.3727828159,30,315973.55161652423,318650.31102248,-0.09183005128613675,-0.08413651984975723,-0.08462730154738352,3.1617186771252688,512,245,0.0023679930279568396,0.15665645610088808,0.05336231696928837,2676.7594059555913,4329518.811911183,342339.0293414494,2164.759405955592,512.0,6602.0,8518.0,0.0,106.0,131.0,0.0,195,86.26261752850644,72.5338950619141,63.5,64.0,106.0,2460.0,131.0,3153.0,75.25,2490.75,93.75,3190.25,106.0,2460.0,131.0,3153.0,1688.0,33.0,2847.0,63.0,1917.0,29.0
832,0.0,0.0,64483.45657807247,7,67021.79416078047,67630.32748120397,0.03936416745331783,0.04880121305720442,0.04904387987234693,3.6746312162278496,127,63,0.004915950083683478,0.19148582123672728,0.20371546197567267,608.5333204235501,963066.6408471008,65521.31249212307,481.5333204235504,127.0,1834.0,1694.0,0.0,29.0,28.0,0.0,54,70.80644011963882,69.16362298216872,46.0,51.00355529785156,29.0,168.0,28.0,153.0,19.75,177.25,19.75,161.25,29.0,168.0,28.0,153.0,341.0,10.0,858.0,10.0,546.0,9.0
833,0.0,0.0,453554.34352008515,6,417502.7551285899,420264.10972824506,-0.07948681102179489,-0.0733985558014304,-0.0735326442782459,3.1806387177942996,108,53,0.010587332506860034,0.18150751933108733,0.2424471445894706,2761.3545996554876,5306709.199310975,417110.34089019836,2653.3545996554876,108.0,1157.0,1867.0,0.0,17.0,32.0,0.0,48,77.09159576136918,108.73926143246646,69.86007690429688,71.29222106933594,17.0,98.0,32.0,141.0,11.75,103.25,20.5,152.5,17.0,98.0,32.0,141.0,435.0,11.0,535.0,9.0,690.0,10.0
834,0.0,0.0,133683.74741865348,21,124039.92079488603,125346.86712575881,-0.07213911047515864,-0.06236270641625796,-0.06288134575333237,3.5464599253589912,359,171,0.002390684872720371,0.1589180470232586,0.06983417905695513,1306.946330872947,1895892.6617458928,133646.840909529,947.9463308729464,359.0,5308.0,5276.0,0.0,78.0,89.0,0.0,140,63.2278346171669,90.14334115250941,42.1658935546875,63.0,78.0,1400.0,89.0,1373.0,57.75,1420.25,64.5,1397.5,78.0,1400.0,89.0,1373.0,898.0,14.0,2065.0,31.0,1205.0,25.0
835,0.0,0.0,134262.79976295144,19,111778.20099862658,112870.62280259127,-0.16746707802922844,-0.1593306336388729,-0.1602981546174559,3.099118920444937,311,152,0.004287840281596279,0.16323900071333627,0.0725485799178441,1092.421803964825,1562843.6079296484,126071.60680569113,781.4218039648242,311.0,3383.0,6193.0,0.0,65.0,75.0,0.0,126,94.71024199639714,76.50285854257704,73.30045318603516,51.973182678222656,65.0,836.0,75.0,1418.0,46.75,854.25,50.0,1443.0,65.0,836.0,75.0,1418.0,1287.0,19.0,1219.0,26.0,1608.0,20.0
836,0.0,0.0,410975.1885861962,16,341291.0896149248,343593.4123104897,-0.1695579220025254,-0.1639558254295299,-0.1646233814549416,2.651212711734064,239,112,0.00634266889108141,0.16659974381231443,0.08150966984109996,2302.322695565127,4126645.3911302527,389128.09342551406,2063.322695565126,239.0,3221.0,4843.0,0.0,48.0,63.0,0.0,105,92.22676689939938,86.83472686552294,73.45162200927734,73.26659393310547,48.0,611.0,63.0,958.0,30.0,629.0,39.0,982.0,48.0,611.0,63.0,958.0,1152.0,12.0,1551.0,21.0,1785.0,24.0
837,0.0,0.0,122413.68659017832,13,99191.81215776542,100258.59608992105,-0.1896999843665852,-0.18098540381705042,-0.18223858083284594,3.505633600603218,244,118,0.004253797057029507,0.167403930730083,0.0999283073924249,1066.7839321558054,1645567.8643116094,117351.67246431964,822.7839321558047,244.0,2841.0,3711.0,0.0,40.0,73.0,0.0,101,64.27628850791919,66.34624925565645,47.0,47.0,40.0,536.0,73.0,664.0,30.75,545.25,50.25,686.75,40.0,536.0,73.0,664.0,709.0,17.0,880.0,19.0,557.0,17.0
838,0.0,0.0,131233.2054441265,8,134101.37011353573,134916.36011501806,0.02185547979036717,0.028065722074126276,0.028333514630997092,2.6610351698493764,127,66,0.004755482089737081,0.16867485359289255,0.1881351731627396,814.9900014823944,1375980.0029647897,129271.12149392176,687.9900014823949,127.0,2299.0,1733.0,0.0,34.0,19.0,0.0,49,76.55368390110915,56.791388547652836,45.5,36.719818115234375,34.0,182.0,19.0,157.0,24.75,191.25,14.75,161.25,34.0,182.0,19.0,157.0,383.0,4.0,1250.0,18.0,497.0,5.0
839,0.0,0.0,20387.759983061973,13,16847.01465584695,17143.619419046252,-0.17367014964648653,-0.15912197155111363,-0.1610503140469467,2.586115625557067,193,89,0.0050066946891704515,0.16331358101592464,0.10430902712233765,296.6047631993199,207209.52639863925,20030.961140224048,103.60476319931963,193.0,2720.0,3832.0,0.0,36.0,55.0,0.0,80,60.710724878528595,121.41623920500446,56.27214431762695,80.10275268554688,36.0,371.0,55.0,578.0,25.0,382.0,35.0,598.0,36.0,371.0,55.0,578.0,738.0,10.0,1303.0,13.0,1304.0,14.0
840,0.0,0.0,91082.91238608582,17,72605.60370529373,73364.76797006409,-0.2028625150068737,-0.19452764466860006,-0.1954853985160292,2.901537363979225,280,133,0.0075771460055249614,0.16697102004459233,0.08038203256945033,759.1642647703814,958328.5295407621,82570.75554478572,479.16426477038107,280.0,3452.0,5116.0,0.0,50.0,80.0,0.0,119,76.8392751434823,95.26109185806206,61.5,68.0,50.0,763.0,80.0,1130.0,34.75,778.25,53.25,1156.75,50.0,763.0,80.0,1130.0,1024.0,14.0,1372.0,27.0,1182.0,21.0
841,0.0,0.0,69470.05607871141,17,57041.124674907944,57659.21923742958,-0.17891062862711893,-0.17001334831081527,-0.17131186018796296,2.714059454133039,250,118,0.00470251565098143,0.16673486888088804,0.08711505431438112,618.0945625216768,736189.1250433532,67812.54588235581,368.0945625216766,250.0,4220.0,4348.0,0.0,53.0,62.0,0.0,103,85.5111088320733,97.17005383474182,70.0,81.0,53.0,848.0,62.0,788.0,37.0,864.0,41.75,808.25,53.0,848.0,62.0,788.0,803.0,14.0,1936.0,24.0,1143.0,15.0
842,0.0,0.0,23056.231304132292,21,22930.61256802458,23405.10394499909,-0.0054483638045910165,0.015131381892593554,0.015570202839990888,2.905392615510116,342,155,0.00429746928268798,0.15843841178841486,0.08137379612618396,474.4913769745116,264982.75394902244,22800.9419909758,132.4913769745112,342.0,5061.0,5514.0,0.0,83.0,83.0,0.0,143,71.27124341094391,79.8975823409316,48.0,59.0,83.0,1286.0,83.0,1545.0,54.25,1314.75,59.0,1569.0,83.0,1286.0,83.0,1545.0,1067.0,17.0,2510.0,47.0,1607.0,24.0
843,0.0,0.0,419658.5829259436,8,302296.00608058035,304556.5032339728,-0.27966204343323064,-0.2742755286677472,-0.27520482847178607,2.859668681828338,118,56,0.005661815663391714,0.19199116393909474,0.16200429900719088,2260.497153392785,4284994.306785569,374605.8358101422,2142.497153392784,118.0,1592.0,2440.0,0.0,16.0,38.0,0.0,50,97.9947844871744,77.02455992413864,93.56668090820312,67.76895141601562,16.0,132.0,38.0,214.0,10.75,137.25,25.75,226.25,16.0,132.0,38.0,214.0,492.0,9.0,866.0,6.0,788.0,12.0
844,0.0,0.0,442108.1209605536,15,410199.70790748094,413374.58381248737,-0.07217332489560768,-0.0649921043875824,-0.06545838739615895,3.333602346818898,266,132,0.0034876345879206274,0.17041523345803752,0.11913096225654594,3174.8759050067333,5817751.810013468,436296.1748845869,2908.8759050067342,266.0,3159.0,4401.0,0.0,52.0,67.0,0.0,107,51.13817060047715,70.96235725388578,45.0,64.0,52.0,597.0,67.0,889.0,40.5,608.5,52.0,904.0,52.0,597.0,67.0,889.0,886.0,8.0,1580.0,25.0,1228.0,14.0
845,0.0,0.0,413131.31075100834,5,327392.28752338997,329718.92385088163,-0.20753455619657146,-0.20190284476017073,-0.20225165038070891,3.222987440784787,99,48,0.008490162167154055,0.18032462162182478,0.26909662285892727,2326.636327491971,4455272.654983941,345585.63575251604,2227.636327491971,99.0,859.0,1661.0,0.0,12.0,34.0,0.0,44,38.42839948698313,81.6158607212987,27.0,55.300315856933594,12.0,50.0,34.0,124.0,9.0,53.0,22.0,136.0,12.0,50.0,34.0,124.0,306.0,7.0,384.0,7.0,453.0,14.0
846,0.0,0.0,43945.666485467475,8,34166.14055117065,34503.67340806499,-0.22253675314108268,-0.21485606733316664,-0.21593112296369676,2.6274656518609665,130,67,0.0031232707984907445,0.17385200273968732,0.17912426952184382,337.5328568943738,415065.71378874796,39492.97239097756,207.532856894374,130.0,1235.0,2797.0,0.0,18.0,37.0,0.0,53,76.54485166310197,77.53437076623392,58.0,60.0,18.0,143.0,37.0,226.0,13.75,147.25,27.5,235.5,18.0,143.0,37.0,226.0,625.0,12.0,479.0,8.0,852.0,8.0
847,0.0,0.0,163592.8757908371,14,149305.4102954337,150442.87840872328,-0.08733549933843532,-0.08038245747893602,-0.08073036221319496,2.82331991831278,237,115,0.005135463387538216,0.1722678006458582,0.10718988885185293,1137.4681132896756,1800936.2265793516,159469.72701340143,900.4681132896758,237.0,3040.0,4016.0,0.0,53.0,55.0,0.0,100,62.624610915161234,82.28219458643089,54.12062454223633,65.20459747314453,53.0,515.0,55.0,777.0,35.0,533.0,37.0,795.0,53.0,515.0,55.0,777.0,816.0,11.0,1336.0,27.0,1184.0,12.0
848,0.0,0.0,39445.02515903713,14,30487.258882739898,31022.526009925175,-0.22709495659289614,-0.21352500385418827,-0.21580376923163413,3.668737697759209,256,126,0.004870827902144829,0.1698512391740817,0.10219101312740432,535.267127185306,558534.2543706115,38060.38346048512,279.26712718530575,256.0,2945.0,4111.0,0.0,53.0,63.0,0.0,107,61.60368174751871,86.16702025990858,39.0,81.7019271850586,53.0,586.0,63.0,796.0,42.25,596.75,43.75,815.25,53.0,586.0,63.0,796.0,770.0,9.0,1341.0,21.0,1152.0,18.0
849,0.0,0.0,179926.83385426976,22,141948.8425315423,143440.8331101356,-0.21107463800250847,-0.20278243085011816,-0.20375175528452338,3.4619776017281043,371,170,0.002799545342690064,0.17388456094421914,0.07119378199490997,1491.99057859338,2241981.1571867582,161900.322236894,1120.990578593379,371.0,3810.0,7272.0,0.0,71.0,108.0,0.0,151,74.13335053227003,77.16747610423498,73.78866577148438,52.67876434326172,71.0,1051.0,108.0,2091.0,54.0,1068.0,71.5,2127.5,71.0,1051.0,108.0,2091.0,1576.0,17.0,1755.0,33.0,2128.0,34.0
850,0.0,0.0,33126.6572868104,23,30154.155878240872,30712.31074949253,-0.08973140220076015,-0.07288228680649755,-0.0743022234303109,3.108373758023495,351,164,0.004085684288060095,0.16744938233651063,0.05810992588422873,558.1548712517119,414309.74250342464,33322.06603485077,207.15487125171234,351.0,5230.0,6362.0,0.0,70.0,94.0,0.0,140,85.41275640479172,78.07756506874985,63.228824615478516,69.03179931640625,70.0,1445.0,94.0,1611.0,48.25,1466.75,60.75,1644.25,70.0,1445.0,94.0,1611.0,1280.0,20.0,2329.0,26.0,1882.0,30.0
851,0.0,0.0,83881.36442391106,21,73476.25847175033,74226.42299808681,-0.12404550192551067,-0.11510234117116991,-0.1157202497451082,2.723671690972499,310,140,0.005425145704786524,0.1668064986813045,0.06924766972702724,750.1645263365252,880329.0526730504,80803.52117977965,440.1645263365252,310.0,5130.0,5454.0,0.0,68.0,81.0,0.0,134,100.34853180825145,77.61713572915448,83.80106353759766,53.0,68.0,1297.0,81.0,1368.0,39.75,1325.25,58.25,1390.75,68.0,1297.0,81.0,1368.0,1091.0,15.0,2545.0,32.0,1392.0,20.0
852,0.0,0.0,374632.0871273881,30,298462.92327365035,301175.4843979144,-0.20331724502775317,-0.1960766449364384,-0.19703805905158311,3.213866640501585,492,225,0.003908895325841807,0.1573064474027733,0.055138308277501366,2712.561124264215,4441122.248528432,345465.66062829155,2220.5611242642162,492.0,6280.0,8840.0,0.0,97.0,140.0,0.0,190,90.51063097750412,73.951491531678,50.0,63.03461456298828,97.0,2224.0,140.0,3239.0,68.0,2253.0,93.5,3285.5,97.0,2224.0,140.0,3239.0,1683.0,35.0,3283.0,46.0,2393.0,39.0
853,0.0,0.0,430028.1118957581,25,357913.0827648069,361071.29423528345,-0.1676984065368088,-0.16035420883644524,-0.161310453580771,3.294856791724403,419,198,0.00279493155211714,0.15837693323935287,0.06638263593168788,3158.211470476512,5478422.94095301,415679.8980393478,2739.211470476505,419.0,5519.0,7081.0,0.0,89.0,107.0,0.0,164,71.00544476068075,77.72448199448641,50.0,65.0,89.0,1796.0,107.0,2108.0,62.75,1822.25,82.0,2133.0,89.0,1796.0,107.0,2108.0,1343.0,20.0,2690.0,50.0,1855.0,29.0
854,0.0,0.0,240182.5887743591,10,204198.0124551065,205748.88682274177,-0.1498217522880415,-0.14336468820379922,-0.14406708242420774,3.0032349188362977,165,81,0.003449220122950536,0.1634938701155465,0.13007413747319357,1550.8743676355055,2771748.7352710115,230730.2633808794,1385.8743676355057,165.0,2070.0,2970.0,0.0,36.0,38.0,0.0,69,83.88790694871017,74.36157589466809,48.13492202758789,71.5,36.0,252.0,38.0,364.0,25.0,263.0,27.25,374.75,36.0,252.0,38.0,364.0,569.0,6.0,918.0,16.0,1026.0,16.0
855,0.0,0.0,438451.9152764889,30,342516.60207393614,345790.5154540599,-0.2188046393686197,-0.2113376554963764,-0.21217276843134092,3.5181479606835313,523,244,0.0028819900845069644,0.16509867738870185,0.05015330210712789,3273.91338012416,5501826.760248319,390960.4443682483,2750.9133801241596,523.0,5845.0,9275.0,0.0,102.0,147.0,0.0,197,70.48885954268175,79.82687291495981,49.0,68.27729034423828,102.0,2289.0,147.0,3372.0,72.25,2318.75,103.0,3416.0,102.0,2289.0,147.0,3372.0,1853.0,32.0,2845.0,49.0,2528.0,41.0
856,0.0,0.0,23904.221909970547,25,20476.582906336993,20975.097727004635,-0.14339052810599417,-0.12253585136540934,-0.12458533963124296,3.021465951629373,359,151,0.004199826707515783,0.15776914946001278,0.05556896270813596,498.5148206676692,279029.6413353387,23087.27334697149,139.51482066766934,359.0,5026.0,7569.0,0.0,75.0,108.0,0.0,149,80.53062982604037,92.94430541479136,74.0,66.72843933105469,75.0,1461.0,108.0,2078.0,49.75,1486.25,69.25,2116.75,75.0,1461.0,108.0,2078.0,1598.0,18.0,2050.0,32.0,2388.0,32.0
857,0.0,0.0,254508.13300756153,8,193729.80190757947,195761.58739620075,-0.23880702900043005,-0.23082384408365997,-0.23178538243918723,4.193456610296903,153,73,0.006865389769060605,0.17457583402207555,0.20031008098285855,2031.7854886214325,3757570.977242864,224013.94162611966,1878.7854886214323,153.0,1399.0,2633.0,0.0,32.0,40.0,0.0,70,58.59548941865444,74.63690150279398,49.57209014892578,60.39146041870117,32.0,153.0,40.0,335.0,23.5,161.5,28.0,347.0,32.0,153.0,40.0,335.0,545.0,4.0,726.0,15.0,802.0,14.0
858,0.0,0.0,126907.90460069996,19,102980.11384025516,104192.5048855688,-0.18854452632978724,-0.17899121245916372,-0.18035179115425815,3.5450894791008953,348,164,0.003988528870298546,0.1581542173005443,0.0697102685031824,1212.391045313618,1728782.0906272351,121913.85441882334,864.3910453136176,348.0,4603.0,4973.0,0.0,74.0,91.0,0.0,147,79.47488868859014,74.577215262866,73.0,55.13750076293945,74.0,1271.0,91.0,1357.0,47.25,1297.75,61.0,1387.0,74.0,1271.0,91.0,1357.0,925.0,17.0,1850.0,26.0,1453.0,29.0
859,0.0,0.0,200863.22276138075,29,168523.19630016436,170041.1790468081,-0.16100521547259716,-0.15344791988719741,-0.1542540720032317,2.8300664333512384,441,212,0.0046637235220138,0.1611616962967806,0.04740174033428655,1517.9827466438273,2153965.4932876527,190275.17056702296,1076.9827466438264,441.0,6307.0,8309.0,0.0,85.0,115.0,0.0,175,79.64285084495462,99.10222960563539,55.0,66.16508483886719,85.0,2117.0,115.0,2758.0,57.25,2144.75,83.5,2789.5,85.0,2117.0,115.0,2758.0,1612.0,23.0,2672.0,36.0,2151.0,28.0
860,0.0,0.0,161417.53750287552,6,144283.8466443949,145201.38912860834,-0.10614516318076905,-0.10046088315514234,-0.10092933428904838,2.547026142366239,99,49,0.004015471237804177,0.16299192592331416,0.2616247268888584,917.5424842135561,1637084.9684271123,160685.9212393308,818.5424842135562,99.0,1405.0,1619.0,0.0,19.0,25.0,0.0,42,102.06401583674439,91.62493777160802,50.0,77.57308959960938,19.0,95.0,25.0,113.0,12.25,101.75,17.0,121.0,19.0,95.0,25.0,113.0,291.0,2.0,699.0,11.0,438.0,7.0
861,0.0,0.0,233278.6438838697,6,196566.02800853294,197938.06271067014,-0.15737666879447798,-0.15149514153894317,-0.1522275763913009,2.7636818153693783,99,50,0.011197437060193102,0.16111919947713618,0.2207137660752083,1372.034702137356,2546069.4042747114,230314.99050609936,1273.0347021373557,99.0,1325.0,1699.0,0.0,18.0,25.0,0.0,42,85.21268700421965,118.54489204292581,73.63978576660156,112.44558715820312,18.0,91.0,25.0,118.0,11.5,97.5,17.25,125.75,18.0,91.0,25.0,118.0,353.0,4.0,357.0,5.0,388.0,7.0
862,0.0,0.0,176186.32536229322,21,147256.543767598,148733.87257833418,-0.1641999260453767,-0.15581488930828413,-0.15672130924466932,3.3347727158316505,357,176,0.0030139061546044454,0.1606087953992908,0.06772245831242364,1477.3288107362139,2240657.62147243,167976.78675633806,1120.328810736215,357.0,4468.0,6116.0,0.0,79.0,81.0,0.0,140,77.63630830727266,73.93018900116117,61.0,56.0,79.0,1100.0,81.0,1680.0,60.5,1118.5,58.75,1702.25,79.0,1100.0,81.0,1680.0,1166.0,18.0,2233.0,35.0,1802.0,25.0
863,0.0,0.0,40665.38895606696,29,34149.83341714041,34813.020845537976,-0.1602236129098792,-0.14391521293086906,-0.14554330403637417,2.9925109380866015,434,200,0.003585777794051108,0.15806582118472448,0.050065068226264546,663.1874283975997,458374.8567951989,38293.49886088318,229.18742839759946,434.0,5662.0,8950.0,0.0,92.0,113.0,0.0,165,73.5824641066184,89.1750047717385,51.0,69.42460632324219,92.0,1886.0,113.0,2692.0,70.75,1907.25,77.0,2728.0,92.0,1886.0,113.0,2692.0,1773.0,27.0,2531.0,42.0,2324.0,26.0
864,0.0,0.0,16934.190626384443,15,14372.891242290501,14741.218248296627,-0.15125018021843273,-0.12949968654959154,-0.13197537763505907,3.414019155873633,256,120,0.0043218793538287,0.17051785595478255,0.09685324158544799,368.32700600613856,224654.0120122768,16450.845891254878,112.3270060061384,256.0,3261.0,4292.0,0.0,52.0,69.0,0.0,105,64.4552671841172,83.38280349989509,47.0,61.08171081542969,52.0,665.0,69.0,785.0,40.25,676.75,51.75,802.25,52.0,665.0,69.0,785.0,848.0,12.0,1149.0,24.0,1384.0,15.0
865,0.0,0.0,14966.517157698001,15,13815.707206063025,14102.589513642919,-0.07689230162964522,-0.05772402723707315,-0.05849606820746811,2.605293429176444,211,93,0.007869891514622564,0.1631537437351257,0.0903979019003508,286.88230757990436,151764.61515980877,14563.10193894195,75.88230757990439,211.0,3097.0,4460.0,0.0,45.0,58.0,0.0,97,80.76431664475567,96.2422318513697,60.88133239746094,79.61563110351562,45.0,553.0,58.0,798.0,30.0,568.0,35.75,820.25,45.0,553.0,58.0,798.0,966.0,13.0,1349.0,20.0,1000.0,13.0
866,0.0,0.0,26914.05858469524,18,23804.150797204686,24246.89184762598,-0.11554956595282939,-0.09909938810142727,-0.10064247353318279,2.961155152691477,283,134,0.00432311035145312,0.1667062911902315,0.08570447757450993,442.74105042130856,319482.1008426168,26972.759309169476,159.74105042130842,283.0,4099.0,4962.0,0.0,55.0,76.0,0.0,110,102.02057212286901,82.59593763110577,69.52173614501953,68.06492614746094,55.0,841.0,76.0,1005.0,37.0,859.0,57.5,1023.5,55.0,841.0,76.0,1005.0,970.0,14.0,1841.0,23.0,1504.0,20.0
867,0.0,0.0,31905.327363390927,5,26886.95231328827,27160.91314463818,-0.15728956462176535,-0.148702884778942,-0.14933308845103854,3.1942657477846637,85,43,0.007285344957917242,0.18233053009802816,0.2521708093279082,273.96083134992006,377921.6626998399,29578.132545949094,188.96083134991997,85.0,1207.0,1313.0,0.0,16.0,21.0,0.0,36,69.92393661849277,88.91350494760381,57.04071044921875,58.210994720458984,16.0,68.0,21.0,75.0,9.0,75.0,15.75,80.25,16.0,68.0,21.0,75.0,253.0,6.0,601.0,2.0,456.0,8.0
868,0.0,0.0,221260.0607522797,9,184360.86166021842,185835.6093779416,-0.16676845774427052,-0.16010323441969454,-0.16092567379026168,3.1201662953948257,167,83,0.0070580426147534205,0.1858952693990413,0.18327446295676364,1474.7477177233168,2615495.435446632,209563.78505425682,1307.747717723316,167.0,2008.0,2528.0,0.0,36.0,39.0,0.0,74,67.0517767752304,102.54491757102086,58.5,71.0,36.0,263.0,39.0,328.0,23.0,276.0,28.25,338.75,36.0,263.0,39.0,328.0,505.0,4.0,1123.0,18.0,640.0,8.0
869,0.0,0.0,45409.548574489345,19,37761.899337850045,38371.446576504,-0.16841500249874042,-0.1549916750755651,-0.1563011631998702,3.331572809074098,326,150,0.003605043956932619,0.161442620101762,0.07205103459313153,609.5472386539975,567094.4773079951,42554.56129935222,283.54723865399757,326.0,3945.0,5626.0,0.0,64.0,93.0,0.0,135,75.25204543200046,77.16530600105766,60.40290832519531,49.48469543457031,64.0,1000.0,93.0,1407.0,47.75,1016.25,61.0,1439.0,64.0,1000.0,93.0,1407.0,1220.0,16.0,1705.0,30.0,1791.0,32.0
870,0.0,0.0,22919.783437858066,21,20203.460590704075,20706.0032362973,-0.11851433302232983,-0.09658818145306403,-0.09759689668571059,3.3528992999081426,359,165,0.006583098665348355,0.1535707289615539,0.06952175364786636,502.542645593247,287085.2911864931,21405.74958472196,143.54264559324656,359.0,4111.0,6463.0,0.0,66.0,107.0,0.0,146,72.15770693194703,64.85551775796667,63.5,52.6603889465332,66.0,1154.0,107.0,1733.0,47.25,1172.75,72.0,1768.0,66.0,1154.0,107.0,1733.0,1278.0,21.0,1679.0,27.0,1804.0,24.0
871,0.0,0.0,158090.2912970133,14,119793.19923406182,120707.12846323363,-0.24224822251102396,-0.236467163967367,-0.23723084270489592,2.57736050933581,197,98,0.004013099071812034,0.16453937295580254,0.09989673923348656,913.9292291719171,1433858.4583438337,139082.06216690087,716.9292291719169,197.0,2572.0,4484.0,0.0,33.0,52.0,0.0,80,65.9896124638496,113.95505557679068,44.0,99.45420837402344,33.0,350.0,52.0,685.0,26.75,356.25,34.5,702.5,33.0,350.0,52.0,685.0,886.0,8.0,1190.0,12.0,1166.0,14.0
872,0.0,0.0,25730.222020017223,7,23459.654747028777,23846.02676595556,-0.0882451488845305,-0.07322887663370425,-0.0750059235626166,4.1942429680313555,157,78,0.009154714374971775,0.1739621424752892,0.19971047291730584,386.3720189268192,458744.03785363823,27343.673301129606,229.37201892681912,157.0,1614.0,1914.0,0.0,32.0,40.0,0.0,67,56.97942364342314,63.71320602826707,55.48667907714844,38.05586242675781,32.0,189.0,40.0,208.0,23.5,197.5,25.5,222.5,32.0,189.0,40.0,208.0,366.0,6.0,658.0,12.0,504.0,11.0
873,0.0,0.0,19441.0958163785,8,14034.927917661258,14308.292901004963,-0.2780793814185474,-0.26401818929616694,-0.2656403771828021,3.430114297975884,162,78,0.008624363690055304,0.19335212847752672,0.17450342852837228,273.3649833437114,222729.96668742268,16233.42163983107,111.36498334371134,162.0,1564.0,2435.0,0.0,28.0,48.0,0.0,74,77.82895778085877,64.97303626015984,62.57672119140625,44.039947509765625,28.0,211.0,48.0,303.0,20.0,219.0,29.5,321.5,28.0,211.0,48.0,303.0,456.0,7.0,724.0,12.0,740.0,16.0
874,0.0,0.0,16303.808101697445,25,13678.84982387257,14129.381512740158,-0.16100277073008373,-0.1333692457243103,-0.13540426376858639,2.9154318486231308,363,154,0.006098129859524448,0.15838612952735817,0.05169941038670918,450.5316888675982,175063.3777351963,15011.787860679487,87.53168886759815,363.0,5748.0,6814.0,0.0,90.0,94.0,0.0,151,99.6086743338993,80.99839450979223,65.5,62.509395599365234,90.0,1626.0,94.0,1955.0,61.5,1654.5,64.25,1984.75,90.0,1626.0,94.0,1955.0,1366.0,20.0,2392.0,43.0,1725.0,22.0
875,0.0,0.0,227083.190851052,13,172146.48628847918,173479.63826956408,-0.24192325445438545,-0.23605248975318238,-0.23694420934450489,2.771905836643612,204,102,0.00535070345387094,0.17700955392336612,0.1274077304770872,1333.1519810850154,2258303.962170033,203677.9110888306,1129.1519810850164,204.0,2683.0,3869.0,0.0,30.0,59.0,0.0,80,76.39034917923438,102.14290267228928,55.537841796875,69.0,30.0,385.0,59.0,566.0,21.75,393.25,38.75,586.25,30.0,385.0,59.0,566.0,742.0,10.0,1356.0,15.0,896.0,13.0
876,0.0,0.0,33331.77645990645,10,29256.02596629041,29667.795772771762,-0.12227822596010163,-0.10992455477258922,-0.1108151598996886,3.5047267623375826,185,93,0.00620112936999378,0.166193672978913,0.13173095413218786,411.7698064813794,453539.61296275887,32351.995156696397,226.76980648137945,185.0,2321.0,2677.0,0.0,37.0,45.0,0.0,77,68.55991836730719,69.73181315215609,58.0,54.60478591918945,37.0,331.0,45.0,356.0,24.5,343.5,34.5,366.5,37.0,331.0,45.0,356.0,411.0,11.0,979.0,11.0,796.0,17.0
877,0.0,0.0,386809.06597388425,11,328314.20289835776,330640.50277873746,-0.15122412637421434,-0.1452100484091008,-0.1459088380419512,2.826965558534738,175,90,0.006853912805295773,0.17188777675278483,0.12552572396755018,2326.2998803799337,4302599.760759868,380496.30174748,2151.2998803799337,175.0,2610.0,2934.0,0.0,33.0,41.0,0.0,66,87.92350338038851,88.65817387357527,79.44888305664062,72.67807006835938,33.0,285.0,41.0,367.0,21.25,296.75,27.75,380.25,33.0,285.0,41.0,367.0,567.0,8.0,1147.0,14.0,969.0,17.0
878,0.0,0.0,481107.5207245122,10,412327.4408566841,415389.26355075865,-0.14296197191898052,-0.13659785877964803,-0.13702721643099347,3.2759682024678,163,82,0.003825616689183238,0.17200911907347172,0.14136564058121462,3061.8226940748937,5797645.388149788,442437.5505066256,2898.822694074894,163.0,1744.0,3296.0,0.0,28.0,43.0,0.0,66,59.0624077419851,94.30575321724979,50.89730453491211,81.5886001586914,28.0,219.0,43.0,370.0,18.25,228.75,31.0,382.0,28.0,219.0,43.0,370.0,733.0,14.0,522.0,5.0,760.0,10.0
879,0.0,0.0,19392.701708840024,18,16307.373073454935,16685.973812121087,-0.15909741106256814,-0.1395745645633839,-0.14139138326228817,2.8508231132646227,274,124,0.005406636886011103,0.16365525345817608,0.0813600387464433,378.6007386661654,209201.47733233107,18345.708328845052,104.60073866616554,274.0,4078.0,4988.0,0.0,62.0,70.0,0.0,116,88.81501805791032,74.75383210332114,77.44442749023438,55.156063079833984,62.0,899.0,70.0,1054.0,42.5,918.5,50.25,1073.75,62.0,899.0,70.0,1054.0,972.0,20.0,2156.0,31.0,1706.0,24.0
880,0.0,0.0,247694.22159497943,8,208371.62123827063,210014.30576354318,-0.15875461326266904,-0.15212270834904285,-0.15264986816207016,3.3048724259570834,150,76,0.00827140817043181,0.1713184824596258,0.20267417583622774,1642.6845252726603,2985369.0505453185,225830.8843556013,1492.6845252726594,150.0,1677.0,2355.0,0.0,25.0,41.0,0.0,62,57.62040948366806,77.79591100088113,48.0,61.0,25.0,176.0,41.0,254.0,16.25,184.75,29.0,266.0,25.0,176.0,41.0,254.0,473.0,8.0,1067.0,16.0,870.0,17.0
881,0.0,0.0,38314.60687592873,15,33880.55411511455,34367.98099597125,-0.11572747634270741,-0.10300577773739239,-0.10420110244892788,3.1265373423853826,249,120,0.005689676740058711,0.16666524438414076,0.09177490375750921,487.42688085673444,476853.7617134689,38129.54312498749,238.42688085673444,249.0,3369.0,4179.0,0.0,58.0,56.0,0.0,106,77.37077342915676,86.28244848522195,62.46062088012695,65.29631042480469,58.0,662.0,56.0,813.0,41.75,678.25,38.25,830.75,58.0,662.0,56.0,813.0,729.0,11.0,1289.0,22.0,861.0,12.0
882,0.0,0.0,204345.07611633252,5,180834.05238811963,181933.7407518635,-0.11505549424067452,-0.10967396812492991,-0.10994955503006698,2.6226623141180294,76,39,0.002738040429978606,0.1928001799835833,0.2863391446757502,1099.688363744012,2047376.7274880237,195162.06074899624,1023.6883637440119,76.0,1075.0,1445.0,0.0,14.0,18.0,0.0,32,71.22582860974818,105.69933069852442,44.059295654296875,91.1402359008789,14.0,48.0,18.0,80.0,9.75,52.25,13.25,84.75,14.0,48.0,18.0,80.0,295.0,4.0,222.0,7.0,481.0,4.0
883,0.0,0.0,339386.06875481945,24,254612.98856771874,256737.78837349123,-0.24978361810231753,-0.24352290205829075,-0.24454936739321775,2.846609685134115,354,166,0.004320418761415763,0.17342138203381544,0.05687700311498101,2124.799805772686,3541599.6115453755,311036.63684915385,1770.7998057726877,354.0,4933.0,7160.0,0.0,78.0,86.0,0.0,145,71.56371586475016,108.33659055770663,52.30097961425781,84.5,78.0,1419.0,86.0,1896.0,55.75,1441.25,61.5,1920.5,78.0,1419.0,86.0,1896.0,1444.0,25.0,2226.0,38.0,2373.0,28.0
884,0.0,0.0,43695.80803491232,11,32249.628841778314,32684.230837780084,-0.26195142527147397,-0.25200534541744013,-0.2537694414550592,3.018157694288588,198,92,0.00565352616857196,0.17833142613249928,0.1303332350566231,434.6019960018055,473203.9920036107,39196.4270868847,236.60199600180536,198.0,2322.0,3222.0,0.0,40.0,55.0,0.0,85,99.02827011936567,68.68724821679282,81.75114440917969,41.0,40.0,367.0,55.0,473.0,21.75,385.25,40.75,487.25,40.0,367.0,55.0,473.0,644.0,9.0,1004.0,26.0,1112.0,13.0
885,0.0,0.0,302603.9536093433,17,248624.9972063804,250842.21385305424,-0.17838153057527095,-0.1710544067217067,-0.17174958817913955,3.4467274845959626,312,152,0.004047086157708994,0.15807382881258086,0.08477438992477263,2217.216646674018,3810433.2933480367,276380.5167639116,1905.2166466740184,312.0,3825.0,4743.0,0.0,56.0,87.0,0.0,128,61.33918073846677,75.2893073380697,45.971675872802734,57.0,56.0,879.0,87.0,1154.0,38.0,897.0,61.25,1179.75,56.0,879.0,87.0,1154.0,846.0,16.0,2055.0,29.0,1415.0,26.0
886,0.0,0.0,55051.773436823,16,42118.85912940985,42601.90750352028,-0.23492275543593277,-0.2261483174123372,-0.22742304293511517,2.6446965365787776,220,105,0.004124714927763726,0.1664176459958404,0.08193287547103939,483.04837411042666,526096.7482208536,49731.296289046164,263.04837411042683,220.0,3043.0,5021.0,0.0,38.0,61.0,0.0,86,97.50344670926792,111.42425619782104,86.75971984863281,78.0,38.0,524.0,61.0,753.0,21.0,541.0,39.75,774.25,38.0,524.0,61.0,753.0,1063.0,17.0,1329.0,11.0,1438.0,20.0
887,0.0,0.0,19146.606471087183,9,20544.66343395441,20806.634642344547,0.07301852497874228,0.08670090826612697,0.0881517539998129,2.9566049998684516,152,74,0.006154853793988683,0.16972666912628045,0.14360980741780507,261.9712083901524,219942.41678030486,18597.54826820718,109.97120839015243,152.0,2073.0,2458.0,0.0,24.0,45.0,0.0,66,87.87984949220481,84.70112687554168,69.57838439941406,70.86632537841797,24.0,236.0,45.0,288.0,15.25,244.75,29.0,304.0,24.0,236.0,45.0,288.0,446.0,11.0,847.0,10.0,772.0,12.0
888,0.0,0.0,63644.178278483196,27,50585.29126305228,51397.49322940392,-0.20518588453275488,-0.19242427792047767,-0.1940257832243032,3.068922681835465,453,201,0.005135170614837499,0.16546163330509428,0.05963145692081185,812.2019663516489,718403.9327032977,58522.48550895666,359.2019663516489,453.0,5901.0,7700.0,0.0,90.0,136.0,0.0,179,64.64370272439301,96.52298878340211,52.0,75.91353607177734,90.0,1972.0,136.0,2634.0,61.25,2000.75,93.25,2676.75,90.0,1972.0,136.0,2634.0,1492.0,36.0,2777.0,42.0,1927.0,27.0
889,0.0,0.0,31693.255897154082,17,26617.218094821244,27091.717982724193,-0.1601614494517316,-0.14518981354778027,-0.14634736566724704,3.2922423630278153,283,127,0.005825604962860669,0.1650843949832641,0.08433795048467153,474.4998879029649,382999.7758059302,29083.50400528322,191.4998879029651,283.0,3917.0,4651.0,0.0,58.0,81.0,0.0,117,80.84081328376037,78.17671244903696,62.0,52.271644592285156,58.0,878.0,81.0,972.0,37.5,898.5,53.25,999.75,58.0,878.0,81.0,972.0,1032.0,15.0,1999.0,30.0,1404.0,26.0
890,0.0,0.0,264664.49254198256,7,197586.89177961648,198828.35419805266,-0.25344389841688286,-0.2487531958352388,-0.24941196425882783,2.502394930355306,101,52,0.005047025311395019,0.18161814715710803,0.18311003602706516,1241.4624184363684,2280924.8368727374,227874.18656463604,1140.4624184363688,101.0,1091.0,2437.0,0.0,8.0,34.0,0.0,42,91.25,92.92745002702138,102.0,76.0,8.0,84.0,34.0,168.0,5.5,86.5,23.25,178.75,8.0,84.0,34.0,168.0,536.0,5.0,479.0,5.0,713.0,12.0
891,0.0,0.0,22041.31453401922,11,17273.68203291304,17525.45520949379,-0.2163043630518351,-0.204881578980034,-0.20676444756221812,2.3453384986254835,154,71,0.0042416266571891174,0.17987720313442024,0.13929926573352056,251.7731765807655,195546.35316153077,20844.150351445354,97.7731765807654,154.0,1989.0,3555.0,0.0,26.0,46.0,0.0,71,86.92829231734034,95.76025450112336,56.48841857910156,73.7908935546875,26.0,264.0,46.0,445.0,18.75,271.25,28.0,463.0,26.0,264.0,46.0,445.0,762.0,11.0,1012.0,13.0,1367.0,8.0
892,0.0,0.0,108232.93417964787,21,89662.20402485882,90643.42440926978,-0.17158113928580065,-0.1625153184998437,-0.1635250996604788,3.125187788141254,346,163,0.004008627696289648,0.16158495349750868,0.06986303459509037,981.2203844110987,1270440.7688221983,101629.15438577608,635.2203844110992,346.0,4663.0,5912.0,0.0,68.0,94.0,0.0,140,75.42385150003557,87.05271297072977,52.5,54.008209228515625,68.0,1180.0,94.0,1596.0,46.5,1201.5,64.25,1625.75,68.0,1180.0,94.0,1596.0,1087.0,18.0,2002.0,28.0,1554.0,23.0
893,0.0,0.0,68455.37552267591,25,54036.50403188219,54675.61741731143,-0.21063169080151278,-0.2012954862953008,-0.20255724374860318,2.4283331541976265,332,157,0.0034692753094111815,0.16702763380654995,0.055882511556981776,639.1133854292914,614226.7708585837,63235.430628292175,307.1133854292919,332.0,4074.0,8526.0,0.0,59.0,91.0,0.0,134,77.3658813031479,112.26583803588723,64.0,104.548583984375,59.0,1068.0,91.0,2132.0,42.75,1084.25,60.0,2163.0,59.0,1068.0,91.0,2132.0,1865.0,24.0,1889.0,29.0,2687.0,30.0
894,0.0,0.0,272661.36868588417,25,254379.71461116135,256622.83969310918,-0.06704893385826116,-0.05882215390494849,-0.05934687419986695,3.3378524517346895,411,187,0.005228047418936617,0.15790494708644243,0.06565587981573102,2243.125081948,3664250.163896,274446.6851726535,1832.1250819480001,411.0,5388.0,7212.0,0.0,86.0,113.0,0.0,161,86.11270621653232,75.9120199845762,68.68679809570312,52.87549591064453,86.0,1674.0,113.0,2152.0,59.75,1700.25,78.0,2187.0,86.0,1674.0,113.0,2152.0,1379.0,25.0,2639.0,33.0,1626.0,25.0
895,0.0,0.0,28395.56881390703,9,20886.722120268103,21190.58748908556,-0.26443726987294547,-0.25373611537912755,-0.2556541616364405,2.7601248363634485,161,76,0.0063893806898894755,0.18044438088654308,0.16040616703831503,303.86536881747526,285730.7376349508,25880.236816698663,142.8653688174754,161.0,2095.0,2441.0,0.0,26.0,50.0,0.0,69,101.00772191125657,61.96594273234112,97.55726623535156,55.5,26.0,276.0,50.0,269.0,17.75,284.25,32.0,287.0,26.0,276.0,50.0,269.0,402.0,9.0,796.0,12.0,629.0,6.0
896,0.0,0.0,262043.41711722128,8,221825.24942733257,223723.75165408495,-0.15347902317995532,-0.1462340320726111,-0.1472966363171978,3.3164175930719972,153,81,0.004107022815498555,0.1851316290334802,0.17815825973935234,1898.5022267525878,3491004.4535051743,263160.80194468645,1745.5022267525871,153.0,1946.0,2086.0,0.0,31.0,33.0,0.0,62,68.40788178803605,79.35215861611653,47.58369827270508,69.846923828125,31.0,215.0,33.0,217.0,21.75,224.25,24.0,226.0,31.0,215.0,33.0,217.0,367.0,4.0,1074.0,9.0,843.0,11.0
897,0.0,0.0,23979.051223196286,14,23039.036876125236,23413.188884226613,-0.03920148209040575,-0.023598195512518183,-0.024208516336722385,3.0245324017283464,227,106,0.007200025606082947,0.15449429261649328,0.09993252411427658,374.1520081014059,294304.01620281156,24326.406292972242,147.15200810140578,227.0,3278.0,3778.0,0.0,50.0,57.0,0.0,93,69.41791075056321,69.564062884927,52.5,52.36757278442383,50.0,547.0,57.0,648.0,34.25,562.75,40.0,665.0,50.0,547.0,57.0,648.0,740.0,14.0,1266.0,20.0,762.0,12.0
898,0.0,0.0,22186.64705863856,26,18339.930166965398,18845.814365350627,-0.1733798208222458,-0.15057852971015506,-0.15283229823657984,2.999181561906626,381,163,0.006063560402728375,0.15928982474599687,0.05643019572073899,505.88419838525124,249768.39677050232,20819.712946264637,124.88419838525117,381.0,6395.0,6678.0,0.0,92.0,100.0,0.0,163,100.192252234787,81.98545053341277,77.5,65.94561767578125,92.0,2079.0,100.0,1959.0,57.25,2113.75,69.0,1990.0,92.0,2079.0,100.0,1959.0,1186.0,14.0,3014.0,43.0,1863.0,36.0
899,0.0,0.0,253684.9484224397,9,222607.42152837155,223940.48508235344,-0.12250441773280696,-0.11724961817819546,-0.11759062102810103,2.4807323461605426,138,69,0.004725057677978999,0.1767331077261727,0.13544158706399242,1333.0635539819948,2390127.1079639895,240869.10380146574,1195.0635539819948,138.0,1840.0,2696.0,0.0,21.0,39.0,0.0,59,107.86543712486095,99.16383630997568,100.75389862060547,82.5680923461914,21.0,200.0,39.0,271.0,14.25,206.75,24.5,285.5,21.0,200.0,39.0,271.0,528.0,8.0,456.0,7.0,500.0,8.0
900,0.0,0.0,14046.04542665512,13,13615.811092422133,13889.290606841821,-0.03063028213026664,-0.011160067837729382,-0.011725934825439266,2.727328615386223,196,93,0.007939292701994326,0.16309469915037697,0.10700602176798825,273.4795144197016,154959.02883940336,14204.286564992763,77.47951441970167,196.0,3080.0,3472.0,0.0,49.0,41.0,0.0,85,92.93992992690714,79.71432185157641,84.43588256835938,65.0,49.0,465.0,41.0,550.0,33.0,481.0,28.25,562.75,49.0,465.0,41.0,550.0,677.0,4.0,1418.0,23.0,1065.0,8.0
901,0.0,0.0,44706.76578506383,6,32525.56046702125,32830.4400451045,-0.27246894522869336,-0.26564940521658387,-0.2668064391592331,2.5477689729937234,101,50,0.005835563385763782,0.19381242988746242,0.22068818981126376,304.87957808327843,407759.15616655647,40011.39433056839,203.87957808327823,101.0,1468.0,1556.0,0.0,19.0,26.0,0.0,43,87.05459959912169,86.90783254512154,80.17876434326172,76.5,19.0,106.0,26.0,107.0,10.25,114.75,19.5,113.5,19.0,106.0,26.0,107.0,273.0,5.0,384.0,9.0,415.0,7.0
902,0.0,0.0,190485.2817342079,18,148371.58759931667,149970.60320877502,-0.22108634195504007,-0.21269191066407278,-0.21392891925121227,3.6576690788507187,307,140,0.007659022185411475,0.17481524410625943,0.10097255671422774,1599.0156094585948,2584031.2189171887,176617.3458568538,1292.0156094585943,307.0,3778.0,5293.0,0.0,61.0,88.0,0.0,134,89.9982373477341,84.20649457661894,69.0,58.42384338378906,61.0,942.0,88.0,1320.0,37.0,966.0,59.5,1348.5,61.0,942.0,88.0,1320.0,992.0,14.0,1736.0,23.0,1458.0,25.0
903,0.0,0.0,161490.553025496,14,118348.30955121249,119587.95025001508,-0.26715026152317556,-0.25947401869919506,-0.26073250187792374,3.4689130219639077,257,124,0.005747583784990091,0.17405280428696757,0.10134199392290327,1239.6406988027109,1965281.397605423,141635.24605272379,982.6406988027114,257.0,2730.0,4326.0,0.0,48.0,71.0,0.0,108,56.46762985230033,81.30614032893787,38.999427795410156,77.42884063720703,48.0,607.0,71.0,786.0,29.25,625.75,50.75,806.25,48.0,607.0,71.0,786.0,838.0,25.0,1016.0,24.0,1107.0,25.0
904,0.0,0.0,412931.7438510635,16,341057.78390777536,343664.16420882853,-0.17405772506850836,-0.16774583372117413,-0.16863985915157043,2.911698849664015,270,129,0.005627454963569582,0.16407205623969628,0.09048537175572478,2606.3803010533534,4672760.602106709,401205.69153691025,2336.3803010533547,270.0,3397.0,4667.0,0.0,52.0,73.0,0.0,112,90.34255893950704,77.61810027889193,82.23280334472656,56.78828430175781,52.0,690.0,73.0,977.0,34.75,707.25,52.0,998.0,52.0,690.0,73.0,977.0,872.0,8.0,1398.0,22.0,1157.0,9.0
905,0.0,0.0,19328.117591303147,21,18524.800085339,18904.621795967032,-0.04156211809915766,-0.021910866039363874,-0.022504038486086064,2.6291615329464246,278,124,0.004222602462891357,0.15465195649973315,0.06744646595079586,379.8217106280529,203643.42125610574,19363.9130483444,101.82171062805287,278.0,4782.0,5789.0,0.0,66.0,68.0,0.0,121,90.57320384368677,103.55372212831232,68.0,77.5,66.0,1137.0,68.0,1268.0,42.25,1160.75,50.0,1286.0,66.0,1137.0,68.0,1268.0,1158.0,11.0,1970.0,25.0,1456.0,12.0
906,0.0,0.0,22481.344292365993,7,21510.8240231057,21771.36425441428,-0.0431700282971893,-0.031580853383078256,-0.03202928847516229,3.1457332964418843,118,57,0.009731788781901734,0.18721770975834365,0.18110953560056936,260.5402313085984,285080.4626171966,22656.121462970892,142.5402313085983,118.0,1812.0,1716.0,0.0,27.0,27.0,0.0,52,69.2674503331714,84.6437177265116,63.83415603637695,63.0,27.0,151.0,27.0,159.0,19.75,158.25,20.25,165.75,27.0,151.0,27.0,159.0,312.0,1.0,793.0,10.0,278.0,6.0
907,0.0,0.0,79548.50548815221,28,64145.40077450552,64887.808132795944,-0.19363160400217438,-0.1842988408819296,-0.1853813906457683,2.4685794000784176,379,170,0.0027056976036725616,0.16867810176237982,0.05124088639256508,742.4073582905319,726814.7165810649,73606.5767783261,363.40735829053244,379.0,6207.0,7905.0,0.0,64.0,117.0,0.0,148,91.61199331457654,103.764710998417,75.81434631347656,91.0,64.0,1738.0,117.0,2225.0,40.25,1761.75,85.0,2257.0,64.0,1738.0,117.0,2225.0,1528.0,24.0,2693.0,29.0,1831.0,24.0
908,0.0,0.0,25901.87006851421,28,21378.245557477712,21958.254308326785,-0.17464470708373003,-0.1522521636374512,-0.15472014521238686,3.158953253278159,425,189,0.004146087841987658,0.1614654234942405,0.048828925906446656,580.008750849109,310017.50169821695,24534.828220115374,155.00875084910848,425.0,5692.0,8413.0,0.0,90.0,118.0,0.0,174,75.66580523568284,91.06022195267106,55.31907653808594,62.16492462158203,90.0,1875.0,118.0,2787.0,64.0,1901.0,78.75,2826.25,90.0,1875.0,118.0,2787.0,1742.0,27.0,2529.0,41.0,2195.0,36.0
909,0.0,0.0,382998.6616339645,13,345551.2079913844,347745.0510191481,-0.09777437206391348,-0.09204630236673939,-0.09235606964660115,2.731876087405435,214,103,0.004230398330872651,0.17612379288908903,0.12045817167594469,2193.8430277637385,3959686.055527478,362359.5954610207,1979.843027763739,214.0,2881.0,3671.0,0.0,44.0,54.0,0.0,94,85.3253745146764,88.61471895767157,46.5,75.96134948730469,44.0,535.0,54.0,589.0,29.0,550.0,35.25,607.75,44.0,535.0,54.0,589.0,742.0,13.0,1321.0,25.0,932.0,9.0
910,0.0,0.0,19989.29694667986,7,15420.482419251543,15661.799159060256,-0.22856304249295667,-0.21649074498032228,-0.2182326142882305,3.051092458055813,129,66,0.004856998338484413,0.1794923850990073,0.18877750641247468,241.3167398087254,224633.47961745053,18405.987585229494,112.31673980872527,129.0,1595.0,1933.0,0.0,23.0,33.0,0.0,55,56.421702457038336,81.832519018408,34.37743377685547,57.77539825439453,23.0,155.0,33.0,174.0,17.25,160.75,22.25,184.75,23.0,155.0,33.0,174.0,380.0,3.0,896.0,9.0,769.0,7.0
911,0.0,0.0,228818.02815173258,11,189070.70040050521,190734.20432560358,-0.17370715092811795,-0.16643716464891067,-0.16738018730126114,3.375585866136072,190,91,0.004207940178008025,0.17074170888169424,0.12777464168473315,1663.5039250985171,2947007.850197033,218258.9902216279,1473.5039250985164,190.0,2236.0,3308.0,0.0,40.0,48.0,0.0,83,63.17221319759959,90.92434216204605,37.5,78.5,40.0,337.0,48.0,488.0,28.5,348.5,33.75,502.25,40.0,337.0,48.0,488.0,659.0,6.0,954.0,13.0,1066.0,11.0
912,0.0,0.0,410033.8326525164,22,328560.7947845901,331249.70575699094,-0.19869833018625738,-0.1921405518804863,-0.1929645422523396,3.12029614079281,353,166,0.003620448803239166,0.1596844940154981,0.06326683393207186,2688.910972401086,4671821.9448021725,374309.1788408863,2335.9109724010864,353.0,4743.0,6345.0,0.0,76.0,89.0,0.0,144,69.65846119880396,72.31079692998541,53.880950927734375,48.0,76.0,1304.0,89.0,1699.0,53.0,1327.0,62.75,1725.25,76.0,1304.0,89.0,1699.0,1255.0,17.0,2450.0,34.0,2295.0,25.0
913,0.0,0.0,224673.4791999696,22,177077.17308584737,178906.99133876117,-0.21184657078176705,-0.20370222611131672,-0.20501307209035324,3.3643090614389157,402,194,0.005067019396692569,0.16300746563741852,0.06289277382745861,1829.8182529138228,2855636.5058276486,212200.81550758987,1427.8182529138244,402.0,4099.0,6989.0,0.0,66.0,120.0,0.0,159,67.8888937055266,74.06054882254458,51.35285949707031,57.64729309082031,66.0,1309.0,120.0,2003.0,47.25,1327.75,78.25,2044.75,66.0,1309.0,120.0,2003.0,1315.0,19.0,1587.0,28.0,1905.0,37.0
914,0.0,0.0,11153.048745340382,25,8131.445520161353,8517.520689688097,-0.2709217268006132,-0.2363056161440502,-0.2416620381094131,2.7973670785782443,330,132,0.007239382503755548,0.1568769860263368,0.06167329875447072,386.0751695267485,112150.33905349662,10022.84790511805,56.07516952674831,330.0,4840.0,7649.0,0.0,70.0,103.0,0.0,151,91.35950428633109,96.68569755264846,56.5,56.0,70.0,1361.0,103.0,2204.0,48.5,1382.5,71.25,2235.75,70.0,1361.0,103.0,2204.0,1595.0,13.0,1782.0,24.0,1531.0,21.0
915,0.0,0.0,321731.33937540813,8,300603.3337265315,303352.31295799464,-0.06566971588746506,-0.05712538434425918,-0.0582412961315536,3.7017721502035554,151,76,0.0025715884626256558,0.17831842744580345,0.1609330220299989,2748.9792314633323,5195958.462926667,350910.2027417428,2597.9792314633337,151.0,2071.0,1961.0,0.0,33.0,34.0,0.0,62,61.91350512034922,70.56034978012367,72.0,66.88418579101562,33.0,240.0,34.0,189.0,25.0,248.0,23.5,199.5,33.0,240.0,34.0,189.0,319.0,4.0,748.0,13.0,677.0,14.0
916,0.0,0.0,293072.1201722943,15,253597.38507431324,255698.89909642414,-0.13469290451365445,-0.12752226671680278,-0.12822286519777926,3.259408615273046,242,121,0.006937739242589289,0.1670126703040896,0.1015442770485563,2101.514022110976,3719028.044221949,285253.28389291256,1859.5140221109746,242.0,2803.0,4757.0,0.0,43.0,63.0,0.0,98,68.91198429751789,82.3178410520244,42.0,71.40567016601562,43.0,523.0,63.0,841.0,33.0,533.0,44.5,859.5,43.0,523.0,63.0,841.0,1048.0,21.0,1020.0,16.0,1015.0,18.0
917,0.0,0.0,29138.678105730807,15,22997.61359905048,23406.255147979573,-0.21075302333198642,-0.19672899837634772,-0.19814859166582144,3.1760745110460364,243,116,0.004775746763006842,0.16059936593132473,0.10777503108065552,408.64154892910017,331283.09785820014,26076.45827467477,165.64154892910008,243.0,2839.0,4721.0,0.0,38.0,74.0,0.0,101,59.98126171931779,86.59640641016591,47.5,73.48295593261719,38.0,496.0,74.0,907.0,26.25,507.75,53.75,927.25,38.0,496.0,74.0,907.0,931.0,13.0,1276.0,18.0,1143.0,18.0
918,0.0,0.0,14136.559715093024,15,9625.841608362342,9883.871332098954,-0.3190817424917588,-0.30082908916330253,-0.30418032143215135,2.4711431380677573,198,82,0.011237510119470969,0.16527386841691785,0.09444950402722568,258.02972373662146,120059.44747324285,12146.144594351588,60.02972373662143,198.0,2413.0,5098.0,0.0,33.0,68.0,0.0,90,94.46277272231808,107.84069502628282,98.0,88.02920532226562,33.0,415.0,68.0,829.0,21.25,426.75,40.5,856.5,33.0,415.0,68.0,829.0,1141.0,18.0,873.0,14.0,1557.0,18.0
919,0.0,0.0,465835.8111253803,18,365579.7515145203,368572.41927023156,-0.21521758786353995,-0.2087932905376615,-0.20963558945195115,3.206214890196071,303,145,0.004030007440826576,0.17221197919893946,0.092352787096572,2992.667755711548,5379335.511423094,419445.9585251107,2689.667755711547,303.0,3642.0,5430.0,0.0,59.0,81.0,0.0,120,64.24279506287503,79.27845595531159,47.0,57.743839263916016,59.0,774.0,81.0,1246.0,42.25,790.75,57.5,1269.5,59.0,774.0,81.0,1246.0,1179.0,16.0,1828.0,29.0,1684.0,21.0
920,0.0,0.0,107108.15565825916,29,86818.35634521268,87813.11946662022,-0.18943281385390864,-0.1801453500254636,-0.18141634359908843,2.8430849979128956,416,187,0.0037610256649344433,0.16352951319103595,0.046459295321634925,994.763121407646,1157526.2428152927,101784.35077257898,578.7631214076464,416.0,6834.0,7782.0,0.0,90.0,110.0,0.0,164,90.51172335308564,84.83446688448514,84.66192626953125,67.5,90.0,2161.0,110.0,2395.0,59.0,2192.0,76.25,2428.75,90.0,2161.0,110.0,2395.0,1405.0,22.0,3013.0,40.0,2350.0,31.0
921,0.0,0.0,177320.81391473886,21,147202.27220016377,148595.00790302857,-0.16985339199411176,-0.16199906473203152,-0.16306185524872185,3.059552745276316,318,149,0.004338225000822723,0.16040253873316807,0.0645743256675345,1392.735702864789,2149471.4057295774,175636.08022840714,1074.7357028647887,318.0,4863.0,5721.0,0.0,64.0,84.0,0.0,127,86.83183535462247,83.51171697929465,67.80162811279297,66.0,64.0,1126.0,84.0,1393.0,44.0,1146.0,56.5,1420.5,64.0,1126.0,84.0,1393.0,1097.0,22.0,1807.0,24.0,1353.0,27.0
922,0.0,0.0,162401.42232885127,15,119710.75505530344,120858.02560792082,-0.26287126468081223,-0.25580685270605596,-0.25710876867650756,3.0538359022953356,244,113,0.004670732333443839,0.1570454076027409,0.09030256966418536,1147.2705526174932,1806541.1052349869,147891.1410954619,903.2705526174934,244.0,3649.0,3911.0,0.0,49.0,67.0,0.0,106,68.96361877326792,73.55900894694922,56.0,62.0,49.0,752.0,67.0,722.0,29.75,771.25,47.0,742.0,49.0,752.0,67.0,722.0,664.0,14.0,1651.0,19.0,1357.0,20.0
923,0.0,0.0,413805.8216966673,6,392847.3289241807,395664.8137795874,-0.05064813415759484,-0.04383942169469479,-0.044476661031087716,3.091364834316194,100,51,0.010747223646568936,0.15606514016325987,0.23286829234613063,2817.484855407112,5434969.710814223,439528.3315060766,2717.4848554071114,100.0,1366.0,1658.0,0.0,22.0,21.0,0.0,40,67.43208779397357,94.4907977860862,60.711185455322266,70.87297821044922,22.0,101.0,21.0,96.0,14.0,109.0,14.5,102.5,22.0,101.0,21.0,96.0,306.0,5.0,534.0,6.0,382.0,8.0
924,0.0,0.0,206496.03335122907,12,163898.7366856269,165041.29965581407,-0.2062862708512586,-0.20075317197451747,-0.2015169984251588,2.503141934679616,181,88,0.003238374282228602,0.1800012196489345,0.11928954418291507,1142.5629701871985,1923125.9403743965,192071.20396676013,961.5629701871983,181.0,2558.0,3490.0,0.0,26.0,55.0,0.0,75,94.34860726164175,79.23417897914425,71.43672180175781,62.345882415771484,26.0,331.0,55.0,488.0,16.25,340.75,36.25,506.75,26.0,331.0,55.0,488.0,730.0,17.0,1102.0,9.0,725.0,10.0
925,0.0,0.0,361960.480285536,14,268833.8571054604,271128.7181741881,-0.25728395295147066,-0.25094386558359727,-0.2521170241152527,3.0103908311835306,247,118,0.004841553782822454,0.16804935144320554,0.09307797294936054,2294.8610687278738,4095722.137455747,340132.09306825453,2047.8610687278735,247.0,2767.0,4289.0,0.0,36.0,79.0,0.0,98,80.09217214223511,81.80727279136401,80.5,77.0,36.0,503.0,79.0,754.0,26.25,512.75,52.0,781.0,36.0,503.0,79.0,754.0,799.0,20.0,911.0,17.0,1241.0,19.0
926,0.0,0.0,51206.97700196207,12,36487.18619350825,36988.0684539862,-0.2874567426210263,-0.27767521889509417,-0.27974320838346556,3.136411700416495,210,101,0.004441315067644019,0.18048045450276912,0.11535619782771804,500.88226047798116,581764.5209559622,46371.82364154455,290.8822604779811,210.0,1780.0,4267.0,0.0,32.0,65.0,0.0,86,62.165347603094744,75.44755041629766,52.583221435546875,60.40184783935547,32.0,314.0,65.0,620.0,23.75,322.25,42.5,642.5,32.0,314.0,65.0,620.0,883.0,21.0,738.0,17.0,1176.0,17.0
927,0.0,0.0,34145.16172625485,8,30757.8465197191,31066.659121359487,-0.09920337275577129,-0.09015926266731511,-0.09076997685716193,2.732694140844331,127,60,0.007546504210027938,0.17354160330222188,0.195302770316546,308.8126016404192,363625.2032808382,33266.18206606975,181.8126016404191,127.0,2128.0,1904.0,0.0,29.0,30.0,0.0,58,88.80224709870798,116.87463248407025,82.57876586914062,92.72314453125,29.0,227.0,30.0,178.0,14.5,241.5,20.0,188.0,29.0,227.0,30.0,178.0,364.0,5.0,999.0,13.0,406.0,8.0
928,0.0,0.0,37891.16212153458,27,31291.148778193256,31964.387927816253,-0.17418345001327784,-0.15641574081862164,-0.15799747770158723,3.1391409686474945,454,204,0.003864337405399738,0.17221603566050142,0.05316906956194827,673.2391496230117,438478.299246024,34920.24598651134,219.239149623012,454.0,5730.0,7863.0,0.0,99.0,124.0,0.0,189,73.24482992600053,83.87363277564015,47.0,56.58396911621094,99.0,2032.0,124.0,2842.0,71.25,2059.75,82.25,2883.75,99.0,2032.0,124.0,2842.0,1559.0,27.0,2094.0,49.0,2184.0,31.0
929,0.0,0.0,50993.43957759928,14,34864.37853277445,35312.85795734167,-0.3162967859871548,-0.30750194044854884,-0.3092673197243213,2.7630660281667585,204,104,0.0037645581185202213,0.17536874471832786,0.09237441997937272,448.47942456724945,488958.84913449903,44240.60483445213,244.4794245672495,204.0,2563.0,4493.0,0.0,33.0,53.0,0.0,82,59.69542739682249,95.2080432034668,46.35950469970703,73.04356384277344,33.0,359.0,53.0,703.0,25.5,366.5,38.0,718.0,33.0,359.0,53.0,703.0,923.0,13.0,1017.0,15.0,1254.0,16.0
930,0.0,0.0,36147.80728245827,13,30228.120293954064,30619.389351231304,-0.16376337691102216,-0.15293923329921544,-0.15408104214554952,2.9316611800370604,189,91,0.003821993990369967,0.16057184769874605,0.1111210400626274,391.2690572772639,404538.1145545278,34497.34550748919,202.2690572772639,189.0,2989.0,3561.0,0.0,32.0,53.0,0.0,75,82.42307696652756,84.18188957103649,82.32145690917969,58.0,32.0,387.0,53.0,502.0,21.0,398.0,38.5,516.5,32.0,387.0,53.0,502.0,775.0,5.0,1285.0,15.0,906.0,18.0
931,0.0,0.0,275225.87815941055,16,210170.5106241631,211861.07046189986,-0.23637082374051854,-0.23022837867306167,-0.2310342308362826,2.9055657731822904,271,128,0.006260133154825469,0.17525534499842463,0.08789489813830623,1690.5598377370732,2839119.675474147,244282.8606461583,1419.5598377370734,271.0,3077.0,4987.0,0.0,55.0,72.0,0.0,109,86.65890981873386,93.32025497432917,69.22563171386719,81.61236572265625,55.0,627.0,72.0,990.0,38.75,643.25,42.75,1019.25,55.0,627.0,72.0,990.0,1030.0,13.0,1215.0,25.0,1148.0,17.0
932,0.0,0.0,37550.11989295895,6,29720.659389168162,30037.092370343227,-0.20850693755731253,-0.20007998760143764,-0.20085791321180801,3.1523401163301648,107,54,0.0042750098899672,0.17261734703435114,0.21633469292984475,316.4329811750873,418865.96235017444,33218.65240526476,209.43298117508724,107.0,905.0,2119.0,0.0,19.0,28.0,0.0,45,51.19998441246641,110.19824496039162,31.0,95.88765716552734,19.0,64.0,28.0,159.0,14.75,68.25,20.25,166.75,19.0,64.0,28.0,159.0,494.0,8.0,270.0,4.0,371.0,5.0
933,0.0,0.0,117355.33290672855,5,104943.80619628413,105995.03364251416,-0.10576022753315206,-0.09680258223325322,-0.09750088569755122,4.182343925432913,99,49,0.005265240046801288,0.20230012294149163,0.2733863179244046,1051.2274462300636,1904454.8924601264,113838.9696313053,952.2274462300633,99.0,961.0,1559.0,0.0,21.0,24.0,0.0,44,50.761399637399165,66.58790912700037,39.0,44.151405334472656,21.0,68.0,24.0,107.0,15.0,74.0,17.25,113.75,21.0,68.0,24.0,107.0,261.0,3.0,432.0,6.0,325.0,3.0
934,0.0,0.0,42824.932159463984,21,35795.70327359142,36369.88160882879,-0.16413870452143053,-0.15073113313055586,-0.1521820029070562,3.0399742949170796,325,145,0.0033626458080194886,0.16660807563136723,0.06815448976570417,574.1783352374136,498356.67047482706,40983.625363879975,249.17833523741353,325.0,4750.0,5826.0,0.0,72.0,87.0,0.0,139,100.75556488386825,83.80454174416792,88.94349670410156,59.0,72.0,1213.0,87.0,1545.0,47.0,1238.0,59.25,1572.75,72.0,1213.0,87.0,1545.0,1170.0,16.0,1991.0,35.0,1734.0,26.0
935,0.0,0.0,31578.94064651744,9,24292.25188136429,24630.74648103399,-0.23074519334633647,-0.22002619540848034,-0.22150978681902667,3.1422181944203493,159,80,0.0044060670798901315,0.18092882692964102,0.16671346775943768,338.49459966973785,358989.1993394756,28561.765696040326,179.4945996697378,159.0,1700.0,2836.0,0.0,30.0,40.0,0.0,65,61.67262814015623,93.39930865935767,50.94403076171875,68.90331268310547,30.0,186.0,40.0,329.0,21.25,194.75,28.25,340.75,30.0,186.0,40.0,329.0,532.0,4.0,844.0,14.0,841.0,13.0
936,0.0,0.0,171321.24068656177,26,139297.73635854654,140752.08707760397,-0.1869208056145435,-0.17843177814060507,-0.1794716308350781,3.1443205361352637,440,209,0.0047469181747964145,0.15718626075582778,0.05079832497584148,1454.3507190575083,2028701.4381150152,161298.87322242642,1014.3507190575076,440.0,5480.0,7624.0,0.0,88.0,117.0,0.0,172,77.9323578117328,80.19763694234697,59.0,65.4250717163086,88.0,1758.0,117.0,2509.0,61.5,1784.5,78.75,2547.25,88.0,1758.0,117.0,2509.0,1515.0,23.0,2244.0,36.0,2187.0,34.0
937,0.0,0.0,49826.19333426123,18,43321.739161227975,43874.04939218193,-0.13054286787268365,-0.11945813123127991,-0.12075445935678997,2.7686077206047828,276,127,0.004973245671071873,0.1651385004384744,0.0879872466390878,552.3102309539822,552620.4619079642,49900.574374910735,276.3102309539821,276.0,4181.0,4891.0,0.0,60.0,71.0,0.0,120,80.48374569004747,103.97392980116935,66.43197631835938,87.3820571899414,60.0,922.0,71.0,1107.0,40.5,941.5,49.5,1128.5,60.0,922.0,71.0,1107.0,952.0,15.0,1767.0,28.0,1244.0,17.0
938,0.0,0.0,368755.1065185767,10,317575.22378302034,319976.07021824183,-0.1387909803304055,-0.13228030049768957,-0.13253455581207485,3.3054581087997352,199,99,0.006214949103660321,0.17846178592883205,0.14424824713556153,2400.8464352217147,4403692.870443433,333062.22053760075,2201.8464352217165,199.0,2215.0,2825.0,0.0,27.0,63.0,0.0,87,91.6127958900813,69.27419427636013,93.0,47.28560256958008,27.0,349.0,63.0,431.0,17.75,358.25,43.75,450.25,27.0,349.0,63.0,431.0,585.0,8.0,870.0,10.0,787.0,14.0
939,0.0,0.0,126031.01966733982,5,81658.57626383436,82525.6721027601,-0.35207557251085475,-0.34519555328055374,-0.34657370555151756,3.700931847240815,108,56,0.008814993817493632,0.20461067292298551,0.272643522982765,867.0958389258265,1518191.677851654,102554.69031289534,759.0958389258269,108.0,669.0,1851.0,0.0,17.0,30.0,0.0,47,50.10779637666918,85.52765023470837,34.54768753051758,77.16596984863281,17.0,49.0,30.0,139.0,10.75,55.25,19.75,149.25,17.0,49.0,30.0,139.0,398.0,8.0,226.0,7.0,613.0,11.0
940,0.0,0.0,268648.87461792893,9,216455.23552827313,218265.99129757253,-0.19428199416016656,-0.18754176205655315,-0.18838379861382093,3.269532883349076,165,83,0.00497736669535868,0.1697374658960046,0.16620949071515653,1810.7557692995604,3291511.5385991195,251680.56539222892,1645.7557692995597,165.0,1708.0,2828.0,0.0,28.0,45.0,0.0,70,81.30718867078164,68.12627176476511,91.5,43.916778564453125,28.0,170.0,45.0,387.0,19.5,178.5,29.0,403.0,28.0,170.0,45.0,387.0,507.0,9.0,739.0,10.0,773.0,13.0
941,0.0,0.0,31269.25101719237,14,23852.227422103602,24255.791579943656,-0.23719863296408228,-0.2242925304924187,-0.22650554945967083,2.915448476007115,234,109,0.005624723345279776,0.1685426494000179,0.1125185331249395,403.56415784008385,339128.3156801672,29080.287172886703,169.5641578400836,234.0,2940.0,4111.0,0.0,47.0,64.0,0.0,100,70.09123968454206,81.33998886527654,54.0,56.4364013671875,47.0,544.0,64.0,744.0,33.0,558.0,46.0,762.0,47.0,544.0,64.0,744.0,736.0,15.0,1282.0,20.0,1085.0,13.0
942,0.0,0.0,17863.85656800447,7,14548.331596174516,14761.01438918596,-0.18559961894053234,-0.17369385871446907,-0.17468837992904795,3.1187614687572456,114,53,0.005151604234543814,0.18557749337804452,0.1895114824491476,212.68279301145674,197365.58602291357,15820.83048030916,98.6827930114568,114.0,1154.0,2374.0,0.0,21.0,33.0,0.0,52,64.228629381024,95.70686108941678,56.0,81.0,21.0,101.0,33.0,209.0,15.25,106.75,18.75,223.25,21.0,101.0,33.0,209.0,495.0,3.0,444.0,8.0,577.0,10.0
943,0.0,0.0,10916.496631725307,24,9628.302881616171,10019.805032014086,-0.11800431892823682,-0.0821409679278674,-0.08424737387416736,2.9379251580304944,330,137,0.00676339031970997,0.15261601386584095,0.05509840310518869,391.502150397922,123004.30079584387,10466.936203227062,61.50215039792194,330.0,5392.0,6658.0,0.0,81.0,88.0,0.0,144,90.16940224082092,82.072214391368,72.0,60.0,81.0,1477.0,88.0,1800.0,55.75,1502.25,62.75,1825.25,81.0,1477.0,88.0,1800.0,1281.0,19.0,2435.0,38.0,1715.0,22.0
944,0.0,0.0,113105.52851639273,21,93704.69210588354,94655.09173070613,-0.17152863051868739,-0.16312586155337683,-0.1641561814556859,2.889779519684943,323,156,0.0048308236024460285,0.1664515538828386,0.06500131928261774,950.3996248226499,1254799.2496452995,108554.92963197616,627.3996248226498,323.0,4086.0,6498.0,0.0,52.0,94.0,0.0,130,92.7425209643061,82.52907525830888,92.5,56.190673828125,52.0,951.0,94.0,1633.0,37.25,965.75,61.75,1665.25,52.0,951.0,94.0,1633.0,1264.0,22.0,1582.0,20.0,1597.0,28.0
945,0.0,0.0,53186.24685477832,29,46073.58450153403,46814.023299686894,-0.13373123267496134,-0.11980961116678113,-0.12092156943321308,2.9761256576301367,439,189,0.0037942102482727107,0.15938489568748573,0.05051307335757711,740.4387981529492,602877.5963058987,50642.82104153198,301.4387981529494,439.0,6141.0,8471.0,0.0,95.0,126.0,0.0,168,105.68346226044282,87.31773826808222,95.02327728271484,64.5,95.0,1964.0,126.0,2684.0,63.0,1996.0,84.5,2725.5,95.0,1964.0,126.0,2684.0,1735.0,22.0,2887.0,46.0,2205.0,31.0
946,0.0,0.0,54814.60860843048,23,49560.70218731586,50281.916784611516,-0.09584865338811466,-0.08269131056281653,-0.08359579909215886,3.261855415612629,367,161,0.004658207958612077,0.16534475943336918,0.06612389934111153,721.2145972956994,708429.1945913987,54296.48959918295,354.2145972956994,367.0,5065.0,6522.0,0.0,79.0,104.0,0.0,153,79.53978333733112,106.84441133263557,54.0,62.0,79.0,1408.0,104.0,1927.0,50.0,1437.0,71.5,1959.5,79.0,1408.0,104.0,1927.0,1279.0,20.0,2105.0,31.0,1509.0,29.0
947,0.0,0.0,283624.55902309256,12,206595.2947398477,208139.10743146992,-0.2715888375412976,-0.26614568164203534,-0.2672383634660055,2.624950697053442,173,85,0.0029926382307662995,0.17579633016441357,0.11181392694302363,1543.8126916223596,2741625.3832447208,261112.08358334578,1370.8126916223605,173.0,2020.0,4028.0,0.0,24.0,52.0,0.0,71,100.62474565512099,113.85295998448586,56.5,97.72068786621094,24.0,284.0,52.0,492.0,16.75,291.25,35.75,508.25,24.0,284.0,52.0,492.0,859.0,10.0,605.0,7.0,899.0,12.0
948,0.0,0.0,56255.966519317466,10,48058.48736008179,48626.50409055932,-0.14571750636300573,-0.13562050215843868,-0.13650282650488377,3.57940313361632,189,92,0.003187944088565293,0.1711410219059499,0.1437794619841752,568.0167304775939,758033.4609551878,52944.12452707836,379.0167304775939,189.0,1929.0,3106.0,0.0,32.0,56.0,0.0,78,55.63889158289017,79.04364556999344,34.33967590332031,72.46053314208984,32.0,251.0,56.0,441.0,21.5,261.5,41.0,456.0,32.0,251.0,56.0,441.0,581.0,15.0,1032.0,13.0,1066.0,13.0
949,0.0,0.0,51249.91562256491,13,34961.32642796236,35400.11670181289,-0.31782665389269094,-0.30926487835569205,-0.3110165021789124,2.645116542260724,195,96,0.003183503448871596,0.16954358514611673,0.11092737939719985,438.7902738505679,487580.5477011353,46083.0874472936,243.79027385056764,195.0,2342.0,4210.0,0.0,29.0,57.0,0.0,79,108.89054435631016,92.14785469844283,89.28904724121094,75.0,29.0,328.0,57.0,613.0,20.5,336.5,36.5,633.5,29.0,328.0,57.0,613.0,790.0,13.0,1264.0,15.0,944.0,13.0
950,0.0,0.0,432168.3320464003,7,330647.32044458593,333754.75385864486,-0.23491080690964283,-0.2277204757732899,-0.22845843515822406,3.956081609849803,161,82,0.005253045999683964,0.17786732149230233,0.16823425874130077,3107.433414059263,5892866.828118527,372392.9009355204,2946.4334140592637,161.0,1406.0,2122.0,0.0,27.0,45.0,0.0,68,46.96119604089635,59.290137302537126,28.0,49.519371032714844,27.0,181.0,45.0,223.0,18.5,189.5,32.75,235.25,27.0,181.0,45.0,223.0,413.0,9.0,448.0,14.0,494.0,14.0
951,0.0,0.0,153832.56156965072,10,115522.90318698737,116539.8756076112,-0.24903478165978465,-0.24242387685363032,-0.2434277218383546,3.191045428663202,152,75,0.004637561411482476,0.16709212690944258,0.13724136819311286,1016.972420623924,1729944.841247848,135531.19815443674,864.972420623924,152.0,1744.0,3296.0,0.0,24.0,43.0,0.0,63,101.00072835380497,88.60439801145327,87.08434295654297,67.0,24.0,200.0,43.0,363.0,14.5,209.5,32.0,374.0,24.0,200.0,43.0,363.0,674.0,7.0,867.0,9.0,979.0,14.0
952,0.0,0.0,479852.6339161735,15,374897.3876007644,378207.6564558956,-0.21872391417099935,-0.21182540279237994,-0.21266619250079477,3.556292403864807,271,131,0.0037078196318439936,0.1638255196077489,0.08978204780198981,3310.2688551314322,6078537.710262865,427308.6279166052,3039.2688551314327,271.0,3127.0,4433.0,0.0,53.0,72.0,0.0,113,72.43679455673225,72.90816068880399,51.0,47.46696472167969,53.0,665.0,72.0,905.0,40.0,678.0,54.25,922.75,53.0,665.0,72.0,905.0,908.0,16.0,1563.0,24.0,1754.0,24.0
953,0.0,0.0,142162.67857804877,5,119972.22579761592,120685.07562926652,-0.1560919715525061,-0.15107764684520086,-0.15165670248720908,2.3208282218910163,79,40,0.0035109671130228786,0.1876180093788445,0.24641723545715571,712.8498316506541,1267699.663301308,136556.81744816763,633.849831650654,79.0,1322.0,1198.0,0.0,15.0,19.0,0.0,34,92.53296596862735,62.05398098973272,61.21152877807617,48.07994842529297,15.0,72.0,19.0,64.0,9.75,77.25,11.0,72.0,15.0,72.0,19.0,64.0,235.0,4.0,436.0,6.0,362.0,5.0
954,0.0,0.0,307250.18116659956,29,273749.1025354739,276010.0407838822,-0.10903517942259722,-0.10167655642740892,-0.10236715993988688,2.984840047688594,430,189,0.005008795137854327,0.16322604117131934,0.05464100971441076,2260.938248408588,3661876.4968171814,306706.2588205415,1830.9382484085907,430.0,6048.0,8566.0,0.0,88.0,124.0,0.0,169,97.17073067283741,112.26306067208829,76.03866577148438,81.0887451171875,88.0,1899.0,124.0,2789.0,52.75,1934.25,87.25,2825.75,88.0,1899.0,124.0,2789.0,1716.0,26.0,2197.0,33.0,2103.0,32.0
955,0.0,0.0,147736.64567321207,7,111644.74493138248,112841.80190947422,-0.24429890483410277,-0.23619626399887228,-0.23757601619619473,3.8717586062796334,134,72,0.0029671736854845537,0.18253960216635692,0.20258952095028349,1197.0569780918177,2126113.956183636,137283.47841309608,1063.056978091818,134.0,1524.0,2004.0,0.0,28.0,27.0,0.0,55,62.68595647362622,65.31665304943408,49.5,50.0,28.0,143.0,27.0,187.0,22.25,148.75,20.0,194.0,28.0,143.0,27.0,187.0,374.0,4.0,647.0,11.0,711.0,11.0
956,0.0,0.0,58903.02905759559,20,50592.30314628199,51255.35882799729,-0.14109165596878448,-0.12983492278674458,-0.13075865649705176,3.1039824244956753,319,151,0.0029851800897346225,0.16441703028298127,0.07110587331407564,663.0556817153722,688111.3634307451,55421.654291627245,344.05568171537254,319.0,4008.0,6072.0,0.0,60.0,88.0,0.0,119,68.46072561278253,86.59999083954128,52.0,66.5,60.0,907.0,88.0,1325.0,43.75,923.25,60.25,1352.75,60.0,907.0,88.0,1325.0,1208.0,22.0,1685.0,24.0,1506.0,20.0
957,0.0,0.0,40159.62143637058,6,29727.79256099882,30081.83167769683,-0.25975914369362485,-0.2509433455352942,-0.25202045618246627,3.466955534552171,116,60,0.005049433876609037,0.18802685333231656,0.2237993866829833,354.0391166980357,476078.233396071,34329.7043076705,238.0391166980355,116.0,1121.0,1903.0,0.0,18.0,32.0,0.0,46,54.8940725428799,101.98552894124698,37.92671585083008,65.49568939208984,18.0,80.0,32.0,146.0,12.75,85.25,24.0,154.0,18.0,80.0,32.0,146.0,413.0,11.0,438.0,6.0,639.0,11.0
958,0.0,0.0,56328.50742702556,15,51996.20793647647,52649.60291807735,-0.07691131344393676,-0.06531159224686167,-0.06628197879898357,3.427424093458442,259,122,0.006327126784565371,0.1619025507386866,0.09498386735566311,653.3949816009145,788789.963201829,57535.18835816875,394.3949816009145,259.0,3592.0,3968.0,0.0,51.0,71.0,0.0,113,74.77050227328243,79.90301711566394,73.0,63.0,51.0,741.0,71.0,832.0,31.5,760.5,47.5,855.5,51.0,741.0,71.0,832.0,768.0,7.0,1462.0,23.0,1371.0,26.0
959,0.0,0.0,203930.9328690422,25,175507.82355899416,177007.72185938794,-0.13937615500587375,-0.1320212222387247,-0.1326108911219892,2.8896189927712386,384,187,0.002962033656880364,0.1693967147382013,0.058527992949490716,1499.8983003939927,2231796.6007879833,193087.4456434495,1115.8983003939916,384.0,5515.0,7085.0,0.0,68.0,104.0,0.0,147,100.68404913605382,84.61114527180088,79.62196350097656,52.5,68.0,1533.0,104.0,1970.0,47.0,1554.0,73.25,2000.75,68.0,1533.0,104.0,1970.0,1350.0,21.0,2862.0,30.0,2230.0,30.0
960,0.0,0.0,44796.350728221434,18,31762.545946067006,32290.987400558726,-0.2909568429185284,-0.27916031382851914,-0.2813020639500263,2.9895849488228197,296,136,0.006649080368721224,0.16427209830273948,0.09566890458353726,528.4414544917433,464882.90898348676,38875.20483123747,232.4414544917434,296.0,3170.0,5893.0,0.0,55.0,87.0,0.0,128,83.98093906330848,97.83158904895089,56.811180114746094,63.0,55.0,796.0,87.0,1365.0,35.0,816.0,58.25,1393.75,55.0,796.0,87.0,1365.0,1284.0,22.0,1612.0,31.0,1597.0,20.0
961,0.0,0.0,242556.9125844394,11,188221.52049870882,189588.08236884465,-0.22401089916089367,-0.21837691472575582,-0.2193217557578685,2.6439759814502666,161,81,0.006084650955347542,0.1946410947950994,0.11819938266418582,1366.5618701358958,2411123.7402717923,227982.75752010132,1205.5618701358962,161.0,1736.0,3808.0,0.0,26.0,43.0,0.0,69,84.49451615879516,94.85950121300746,80.00733947753906,90.66182708740234,26.0,207.0,43.0,483.0,17.5,215.5,28.0,498.0,26.0,207.0,43.0,483.0,851.0,7.0,721.0,10.0,1055.0,13.0
962,0.0,0.0,14211.933180171236,16,9992.725374488642,10300.40506678274,-0.29687782458542056,-0.27522843400684827,-0.2787778912024923,2.9728739152684693,235,108,0.005524770008178424,0.17124463784610391,0.07890941334603727,307.67969229410596,145359.38458821175,12223.810085054085,72.67969229410588,235.0,2906.0,5140.0,0.0,37.0,74.0,0.0,102,52.302836317366236,94.5187791136103,43.0,61.576725006103516,37.0,552.0,74.0,966.0,25.25,563.75,57.0,983.0,37.0,552.0,74.0,966.0,1065.0,24.0,1015.0,12.0,1299.0,22.0
963,0.0,0.0,61378.12260838741,20,46074.839166419195,46796.356088040564,-0.24932798188709993,-0.2375727034432661,-0.23937126474782167,3.4805958952862985,340,158,0.0034560732887659686,0.1704933897473984,0.07575170737050199,721.516921621434,763033.8432428674,54806.264947061856,381.5169216214337,340.0,3553.0,6527.0,0.0,60.0,102.0,0.0,139,68.96714502378582,77.90831214139105,51.51247024536133,61.5,60.0,900.0,102.0,1718.0,44.0,916.0,68.5,1751.5,60.0,900.0,102.0,1718.0,1317.0,18.0,1630.0,23.0,1938.0,29.0
964,0.0,0.0,235701.488524681,30,198139.76445008512,199855.80360759902,-0.15936142070932524,-0.15208085931679827,-0.15286719724518205,2.8417986369720807,438,210,0.002490906182819254,0.1637679034845548,0.05284007208841522,1716.0391575142642,2556078.31502853,224864.48210771332,1278.039157514265,438.0,6675.0,8445.0,0.0,92.0,106.0,0.0,172,85.13497515187399,91.79616449953565,64.5,68.97503662109375,92.0,2073.0,106.0,2889.0,65.25,2099.75,78.25,2916.75,92.0,2073.0,106.0,2889.0,1679.0,21.0,3404.0,44.0,2298.0,28.0
965,0.0,0.0,274959.99630741036,10,253760.3975804131,255515.0191982959,-0.07710066559389872,-0.07071929506201557,-0.07112641015621157,2.8706732707173357,181,86,0.005022248721970431,0.16563488425139,0.14877298361645616,1754.6216178829786,3147243.235765959,274085.81010157184,1573.6216178829795,181.0,2390.0,2650.0,0.0,38.0,47.0,0.0,77,70.42654127095766,99.08492210931469,53.5,71.0,38.0,329.0,47.0,356.0,26.5,340.5,31.0,372.0,38.0,329.0,47.0,356.0,512.0,8.0,889.0,19.0,705.0,8.0
966,0.0,0.0,90374.95667620373,24,74447.27890043789,75404.53570810873,-0.1762399492243375,-0.16564789094982557,-0.16695065643415108,3.1881347904567394,410,187,0.0037560085237981445,0.16159226640595853,0.06074428148654145,957.2568076708607,1094513.6153417204,85827.11265988521,547.2568076708602,410.0,4918.0,7178.0,0.0,97.0,102.0,0.0,153,79.37133539652403,82.33105506581862,58.0,64.92459106445312,97.0,1397.0,102.0,2076.0,66.75,1427.25,69.25,2108.75,97.0,1397.0,102.0,2076.0,1370.0,19.0,2158.0,42.0,2193.0,24.0
967,0.0,0.0,61504.732318200404,5,61739.4010956238,62241.45262673354,0.0038154588854937277,0.011978270301570282,0.011744017319537114,3.220890538949532,96,49,0.006354662380055933,0.19463536099229964,0.3263333458619431,502.0515311097791,812103.0622195583,63034.04698164776,406.05153110977915,96.0,1118.0,1402.0,0.0,20.0,22.0,0.0,41,78.56257961193351,56.888157835926016,69.54336547851562,50.5,20.0,70.0,22.0,93.0,14.0,76.0,14.5,100.5,20.0,70.0,22.0,93.0,267.0,3.0,491.0,8.0,355.0,6.0
968,0.0,0.0,50416.70333896266,11,45220.598327045365,45712.90363643547,-0.10306316493926093,-0.0932984386325798,-0.0939902771152662,3.1423620760732773,184,92,0.003926118779352712,0.17173845987634773,0.12530313236399687,492.30530939013175,616610.6187802637,49056.29935799645,308.30530939013187,184.0,2052.0,3492.0,0.0,28.0,53.0,0.0,76,74.72732408035101,70.42057537526827,67.5,48.0,28.0,278.0,53.0,477.0,22.0,284.0,34.75,495.25,28.0,278.0,53.0,477.0,704.0,8.0,958.0,11.0,1069.0,16.0
969,0.0,0.0,35402.81515404511,30,27914.239877542528,28623.27568672632,-0.21152485314849145,-0.1914971856847989,-0.1937577053777717,3.33500653738026,495,227,0.0031216538351542347,0.1639607765625257,0.05055557437514031,709.0358091838493,428071.61836769845,32089.263811755565,214.03580918384924,495.0,6818.0,8281.0,0.0,95.0,143.0,0.0,185,66.4379899784803,85.44887216840878,47.0,62.0,95.0,2412.0,143.0,2891.0,67.75,2439.25,103.25,2930.75,95.0,2412.0,143.0,2891.0,1431.0,34.0,3416.0,46.0,1998.0,43.0
970,0.0,0.0,321799.9347008817,9,278305.5024677605,280059.62880026456,-0.13515985412970943,-0.12970887001395903,-0.13014643066590836,2.6964340138207548,121,62,0.0030570636611753476,0.18048437270288187,0.20869981654761874,1754.1263325042469,3266252.6650084937,302830.7616899853,1633.1263325042469,121.0,1377.0,3159.0,0.0,17.0,33.0,0.0,49,64.99117096584438,104.269543988138,53.727420806884766,75.0,17.0,115.0,33.0,276.0,12.0,120.0,22.0,287.0,17.0,115.0,33.0,276.0,681.0,9.0,574.0,8.0,503.0,7.0
971,0.0,0.0,75928.50560193918,9,65509.190630609795,66076.657208156,-0.13722533966299055,-0.12975164354520852,-0.13052868397873119,2.8939391667329026,139,71,0.0022727200252067106,0.1803165503652176,0.16074653516344012,567.4665775462457,856933.1550924915,74028.2626655834,428.4665775462458,139.0,1831.0,2705.0,0.0,29.0,30.0,0.0,56,87.3016441976081,98.47052889976767,89.03336334228516,64.0,29.0,194.0,30.0,251.0,22.25,200.75,21.5,259.5,29.0,194.0,30.0,251.0,571.0,8.0,445.0,12.0,300.0,4.0
972,0.0,0.0,18343.84175522965,16,14492.310220730249,14786.761758231056,-0.20996319014807063,-0.19391139786650768,-0.196030647296476,2.4236478753001207,212,93,0.007103677962607648,0.16895911751038725,0.08559763326193559,294.4515375008086,164903.07500161728,17009.801287779614,82.45153750080864,212.0,3093.0,4948.0,0.0,33.0,70.0,0.0,90,123.91570443077939,97.19834684952889,118.38182830810547,79.01649475097656,33.0,553.0,70.0,781.0,21.5,564.5,44.25,806.75,33.0,553.0,70.0,781.0,1035.0,17.0,1146.0,15.0,1079.0,18.0
973,0.0,0.0,65479.94707550607,17,53942.34410019657,54694.84354028662,-0.17620055437743842,-0.16470849499592533,-0.1662530175893816,3.6103809947926795,297,144,0.00311897845413144,0.17421544040548442,0.09094569018199301,752.4994400901387,910998.8801802772,63081.90752542654,455.4994400901386,297.0,3845.0,4723.0,0.0,65.0,71.0,0.0,122,62.82502603800319,92.57782271794527,42.0,60.06351089477539,65.0,863.0,71.0,1075.0,47.25,880.75,49.5,1096.5,65.0,863.0,71.0,1075.0,896.0,16.0,1680.0,31.0,1028.0,25.0
974,0.0,0.0,29733.928453536104,8,15836.21953251478,16042.929515349513,-0.46740237983482935,-0.4604503895131419,-0.46301403257995244,1.8997936783624596,112,56,0.0022250004040433253,0.19248377203119454,0.22425449532077255,206.70998283475066,189419.96566950117,24926.38645802488,94.70998283475059,112.0,1295.0,2737.0,0.0,13.0,35.0,0.0,46,54.992589825574846,94.73712669397187,61.12686538696289,85.08663177490234,13.0,111.0,35.0,209.0,10.5,113.5,23.5,220.5,13.0,111.0,35.0,209.0,532.0,6.0,630.0,10.0,529.0,3.0
975,0.0,0.0,377734.6315404074,13,353975.82557514554,356315.976243259,-0.062898140603029,-0.05670291656818138,-0.05706431815824076,2.844591040673863,193,99,0.00260688102909892,0.1730324264359187,0.10348755061508697,2340.1506681136807,4294301.336227361,377409.3775541521,2147.1506681136807,193.0,2781.0,3771.0,0.0,34.0,47.0,0.0,80,80.59304156383307,96.9750558949984,65.5,64.0,34.0,424.0,47.0,535.0,27.0,431.0,31.25,550.75,34.0,424.0,47.0,535.0,779.0,9.0,1162.0,9.0,968.0,12.0
976,0.0,0.0,52090.72873342794,13,46648.66445990994,47223.95396344574,-0.10447279978300039,-0.09342880946987153,-0.09378167049187192,3.506069054292772,232,117,0.0029403503724595545,0.16803768239732894,0.10961663682490418,575.2895035358442,686579.0070716894,48956.46637585857,343.2895035358447,232.0,2659.0,3893.0,0.0,44.0,58.0,0.0,92,54.48555654154941,84.40373188312616,44.500221252441406,68.62178039550781,44.0,424.0,58.0,670.0,34.0,434.0,41.25,686.75,44.0,424.0,58.0,670.0,826.0,11.0,1194.0,22.0,854.0,17.0
977,0.0,0.0,242074.12286932743,16,220326.67312670813,221966.7049453557,-0.08983797807400773,-0.08306306219614301,-0.08335758386568581,2.967095276882623,244,115,0.006299215081323607,0.15477731011684018,0.0890567847838203,1640.0318186476388,2792063.637295278,235252.2734144181,1396.0318186476388,244.0,3279.0,4785.0,0.0,48.0,65.0,0.0,107,92.22525653163545,93.44074316531643,74.3408203125,66.0,48.0,621.0,65.0,978.0,34.5,634.5,43.25,999.75,48.0,621.0,65.0,978.0,978.0,12.0,1092.0,17.0,1037.0,15.0
978,0.0,0.0,72656.65731911927,10,57543.935637816074,58130.26949531601,-0.20800188501551609,-0.19993195888438853,-0.20107992772786176,3.104635196820266,158,76,0.008569745083183061,0.1588554509348219,0.13418123023444847,586.3338575000043,856667.7150000087,68982.96101562903,428.33385750000434,158.0,2636.0,2404.0,0.0,37.0,35.0,0.0,67,103.77824732576738,70.3038006062598,76.0,53.95903778076172,37.0,298.0,35.0,300.0,25.25,309.75,26.25,308.75,37.0,298.0,35.0,300.0,452.0,5.0,1159.0,17.0,689.0,14.0
979,0.0,0.0,13293.934117544957,10,11982.281680424821,12187.005383039532,-0.0986654834846108,-0.0832657003350522,-0.08404715223490555,2.6722994462540837,137,63,0.005926727746514669,0.17273272101319326,0.11762990360234557,204.72370261471667,135447.40522943335,12671.42847887966,67.72370261471667,137.0,1704.0,3336.0,0.0,25.0,39.0,0.0,59,87.31424617941855,98.30764492419742,88.0,71.0,25.0,173.0,39.0,353.0,18.25,179.75,24.5,367.5,25.0,173.0,39.0,353.0,786.0,10.0,525.0,9.0,878.0,11.0
980,0.0,0.0,10408.763040018886,23,9071.873420606908,9459.745195723586,-0.1284388562091383,-0.0911748918336005,-0.09428376733170862,2.888505631352264,329,132,0.008868145373129053,0.16756967154305552,0.05903502123791257,387.8717751166845,117743.55023336894,10190.697653084277,58.87177511668447,329.0,4800.0,6685.0,0.0,79.0,96.0,0.0,150,80.7606271124197,99.41693277932904,61.0,73.0,79.0,1315.0,96.0,1929.0,58.25,1335.75,62.0,1963.0,79.0,1315.0,96.0,1929.0,1322.0,12.0,2159.0,35.0,1506.0,22.0
981,0.0,0.0,70774.93601395066,16,57846.58313918738,58532.44832643289,-0.18266852084776075,-0.17297772879801143,-0.17399998049754817,3.1991287162457485,263,123,0.0038616818904799715,0.16828709460362207,0.08737675464714757,685.865187245563,845730.3744911249,66090.68042466958,422.8651872455624,263.0,3308.0,4756.0,0.0,55.0,69.0,0.0,113,89.57085176634622,74.44088056983995,74.0,56.0,55.0,674.0,69.0,1010.0,37.25,691.75,47.75,1031.25,55.0,674.0,69.0,1010.0,917.0,15.0,1298.0,18.0,1477.0,21.0
982,0.0,0.0,22412.16357136582,8,20668.806728679127,20937.587178072245,-0.07778619128561237,-0.06579357626933979,-0.06657065993449596,3.012962043548264,133,65,0.00800564047615667,0.1675711417190107,0.1856620343628443,268.7804493931402,271560.8987862805,22532.718207302103,135.78044939314023,133.0,2150.0,1882.0,0.0,32.0,28.0,0.0,56,92.42529850149789,91.3483647293048,79.20901489257812,68.00917053222656,32.0,196.0,28.0,192.0,20.25,207.75,19.0,201.0,32.0,196.0,28.0,192.0,288.0,6.0,1144.0,16.0,434.0,6.0
983,0.0,0.0,415101.1928289338,7,431438.1064764223,433564.2545348756,0.03935646037572593,0.04447845977053255,0.04444014063787738,2.3556905968747617,93,47,0.00223578740012973,0.18629021958062525,0.18244132770468754,2126.1480584534775,4066296.116906953,431539.70668958087,2033.1480584534766,93.0,1791.0,1737.0,0.0,18.0,21.0,0.0,37,106.28164306758605,95.02095754236493,105.5228271484375,90.43995666503906,18.0,130.0,21.0,90.0,12.0,136.0,15.5,95.5,18.0,130.0,21.0,90.0,340.0,6.0,579.0,7.0,133.0,3.0
984,0.0,0.0,106081.21753744356,16,109565.16701494699,110505.93934415957,0.0328422840383944,0.04171069968304453,0.041901493520017485,3.04277836931106,279,135,0.003574618476764053,0.1616539906606485,0.08468318184929906,940.7723292126647,1323544.6584253313,108744.7472164236,661.7723292126657,279.0,4086.0,3978.0,0.0,61.0,67.0,0.0,119,96.01889400001926,80.59307658650441,63.0,59.0,61.0,864.0,67.0,912.0,38.25,886.75,47.25,931.75,61.0,864.0,67.0,912.0,729.0,9.0,1379.0,18.0,766.0,14.0
985,0.0,0.0,393965.5022681119,5,334413.55369007343,337145.7668402552,-0.15116031285782638,-0.14422515448875073,-0.1450376969289019,3.405814619172726,94,49,0.002501625715015058,0.19628603829809307,0.2914109517220449,2732.213150181957,5276426.300363914,387310.15119413345,2638.213150181957,94.0,1083.0,1437.0,0.0,19.0,21.0,0.0,38,45.16306293454921,91.22247078651624,30.84300422668457,78.76818084716797,19.0,66.0,21.0,84.0,14.75,70.25,15.25,89.75,19.0,66.0,21.0,84.0,259.0,1.0,451.0,9.0,416.0,5.0
986,0.0,0.0,15010.056115834988,27,12751.999223727946,13195.649936154461,-0.15043627250166547,-0.12087937351322786,-0.12343197557613284,2.871358420719698,362,155,0.004789398350378729,0.160437836357304,0.04957427035153466,443.65071242652505,163301.42485305073,14218.13310336573,81.65071242652537,362.0,6312.0,7293.0,0.0,82.0,99.0,0.0,155,91.41608568568971,92.76082326976557,82.0,68.6776123046875,82.0,1887.0,99.0,2115.0,57.75,1911.25,66.5,2147.5,82.0,1887.0,99.0,2115.0,1491.0,16.0,2519.0,26.0,1939.0,28.0
987,0.0,0.0,208128.19229934245,29,181728.84603489825,183318.5643863997,-0.1268417602285955,-0.11920359101212041,-0.11975763887379165,2.853824169425518,452,210,0.0025558142683697223,0.16402889909401608,0.0501466911623621,1589.7183515015442,2275436.7030030885,199332.24402724326,1137.7183515015442,452.0,6350.0,8266.0,0.0,91.0,122.0,0.0,173,82.54505785669069,86.80524145757741,59.893524169921875,68.5,91.0,2035.0,122.0,2769.0,66.0,2060.0,82.25,2808.75,91.0,2035.0,122.0,2769.0,1688.0,24.0,2788.0,50.0,2066.0,28.0
988,0.0,0.0,12125.357093369965,15,10568.877834476292,10856.256640530024,-0.12836564291741492,-0.10466499609598079,-0.10672636630090071,2.753481080779412,222,99,0.005434076064189773,0.1719785183218242,0.09230309942802657,287.37880605373874,130757.61210747734,11872.027469175904,65.37880605373867,222.0,3580.0,3976.0,0.0,46.0,62.0,0.0,101,86.63033797659928,107.5755126350563,73.5,93.87525939941406,46.0,697.0,62.0,708.0,33.5,709.5,41.25,728.75,46.0,697.0,62.0,708.0,881.0,19.0,1870.0,27.0,1318.0,18.0
989,0.0,0.0,212499.28834539393,22,162930.57417757984,164342.97039007943,-0.2332653184571878,-0.2266187257862331,-0.22755017778541253,2.7959675533101653,341,162,0.0037139118296308335,0.1676609032389489,0.07911959184351881,1412.3962124996954,2142792.4249993856,191596.68202001476,1071.3962124996929,341.0,4484.0,6604.0,0.0,47.0,110.0,0.0,135,99.18576394273654,72.82049760512152,85.0,53.17999267578125,47.0,1130.0,110.0,1683.0,32.25,1144.75,75.25,1717.75,47.0,1130.0,110.0,1683.0,1244.0,25.0,2053.0,26.0,1436.0,26.0
990,0.0,0.0,11223.833533128864,18,9214.233366394325,9552.12394955023,-0.17904757414682748,-0.14894283478495352,-0.15110276885141882,3.0167640292709414,277,116,0.006120162474560568,0.17079687413139036,0.08005786293341699,337.89058315591524,121781.16631183038,10092.036129625718,60.890583155915195,277.0,3712.0,5339.0,0.0,53.0,90.0,0.0,120,75.86848174457118,82.07505124909045,61.0,64.0,53.0,829.0,90.0,1183.0,35.25,846.75,60.0,1213.0,53.0,829.0,90.0,1183.0,1134.0,25.0,1439.0,22.0,1090.0,18.0
991,0.0,0.0,232507.89743697393,26,198879.93012618765,200695.28410480102,-0.14463150577455908,-0.13682379688112045,-0.13732779858520983,3.2320111090017547,434,209,0.0025314340812629095,0.16003837949125413,0.05491699127120807,1815.3539786134218,2762707.9572268412,213698.82899939478,1381.3539786134206,434.0,4799.0,8299.0,0.0,82.0,117.0,0.0,168,73.94513490556264,87.21321403593436,51.39330291748047,65.0,82.0,1578.0,117.0,2590.0,57.5,1602.5,84.5,2622.5,82.0,1578.0,117.0,2590.0,1675.0,19.0,2131.0,37.0,2229.0,34.0
992,0.0,0.0,196293.3564330578,14,169992.2711040225,171372.90908372193,-0.13398866781314012,-0.12695512370962247,-0.12783072101041004,2.934726679861403,223,107,0.005199046309669165,0.1660371750151546,0.09271218666209793,1380.6379796994331,2315275.9593988652,197230.97003263416,1157.6379796994327,223.0,3293.0,3763.0,0.0,39.0,63.0,0.0,96,93.32369217474027,67.99975571159402,63.0,45.0,39.0,536.0,63.0,706.0,25.5,549.5,42.75,726.25,39.0,536.0,63.0,706.0,794.0,9.0,1034.0,10.0,1049.0,15.0
993,0.0,0.0,39785.11002496222,24,29759.310075356454,30310.376538856817,-0.2519987991315171,-0.23814772612569635,-0.24047535065303527,2.7072007391132358,356,153,0.0049910751981888145,0.16444249409520842,0.0666332422111658,551.0664635003885,390132.9270007771,36027.33640732605,195.06646350038855,356.0,4750.0,7340.0,0.0,69.0,111.0,0.0,157,78.43549923291654,88.17267093680485,60.73966598510742,58.44392776489258,69.0,1441.0,111.0,2145.0,42.75,1467.25,70.25,2185.75,69.0,1441.0,111.0,2145.0,1552.0,23.0,2057.0,37.0,2403.0,31.0
994,0.0,0.0,41756.90862838712,9,34893.11440513536,35260.85172293431,-0.16437505669626185,-0.1555684345137721,-0.15632236360584195,2.8590082832625034,148,74,0.004039106875596219,0.17986443261589694,0.1485116292193731,367.73731779898617,439474.63559797243,38428.940392617034,219.73731779898623,148.0,1719.0,2817.0,0.0,28.0,37.0,0.0,63,78.70787889934591,90.56447629228937,58.78927993774414,72.0,28.0,194.0,37.0,308.0,21.5,200.5,25.75,319.25,28.0,194.0,37.0,308.0,569.0,8.0,722.0,14.0,852.0,10.0
995,0.0,0.0,147770.1457106968,12,122665.11179915075,123668.70297889166,-0.1698924623157405,-0.1631008930517721,-0.164073275177251,2.695088969204952,218,107,0.006297086067458147,0.17702120706127428,0.12702591817010317,1003.5911797409802,1571182.3594819605,145744.94362105025,785.5911797409802,218.0,2910.0,3138.0,0.0,43.0,56.0,0.0,91,91.91933128996789,83.76553238566488,58.0,57.31288146972656,43.0,471.0,56.0,522.0,28.5,485.5,37.0,541.0,43.0,471.0,56.0,522.0,581.0,14.0,1377.0,22.0,846.0,12.0
996,0.0,0.0,18700.55091361368,10,14752.740105552733,15052.664574593737,-0.2111066581031582,-0.19506838894058165,-0.1967262598714481,3.5038952397704834,183,91,0.005453046728128607,0.18234082205385854,0.14822890208439304,299.9244690410162,233848.9380820326,16684.92649464532,116.92446904101631,183.0,1961.0,3076.0,0.0,32.0,50.0,0.0,75,77.18351446016082,67.61310153998873,61.63380432128906,58.5,32.0,247.0,50.0,420.0,22.75,256.25,37.5,432.5,32.0,247.0,50.0,420.0,493.0,8.0,714.0,10.0,540.0,8.0
997,0.0,0.0,35850.67523440002,6,27636.740858879126,28021.248223146988,-0.22911519300030714,-0.21838994551880608,-0.22055056356313907,3.7082051145144774,125,62,0.006470986083016293,0.19465346712231468,0.23511244740790174,384.50736426788933,519014.7285357786,34990.966822754504,259.5073642678893,125.0,1674.0,1350.0,0.0,23.0,34.0,0.0,54,80.07039757675331,50.31131912325015,81.0,43.5,23.0,144.0,34.0,123.0,15.75,151.25,21.0,136.0,23.0,144.0,34.0,123.0,229.0,5.0,904.0,11.0,403.0,12.0
998,0.0,0.0,22502.677473159176,23,15836.142888137585,16320.724178661198,-0.2962551719889033,-0.2747207883093783,-0.27821550340211276,3.0529967025391263,366,162,0.004759565666810734,0.16433184799451162,0.057050196721754376,484.5812905236345,237162.58104726928,19420.474713420517,118.58129052363465,366.0,4058.0,7518.0,0.0,66.0,115.0,0.0,153,67.01868588940653,82.8727724423608,53.5,67.0,66.0,1152.0,115.0,2183.0,46.0,1172.0,75.0,2223.0,66.0,1152.0,115.0,2183.0,1537.0,24.0,1448.0,23.0,2322.0,28.0
999,0.0,0.0,276891.72001758905,14,289989.24552437314,291944.34505117015,0.04730197604302533,0.05436285719423073,0.05457750576987208,3.031843050370373,234,115,0.004416235258591684,0.1611315478685819,0.10624408496743874,1955.099526797068,3442199.053594136,283837.1739900614,1721.0995267970682,234.0,3172.0,3884.0,0.0,50.0,55.0,0.0,96,78.65735651051683,74.45993379093593,58.59422302246094,54.0,50.0,547.0,55.0,692.0,37.75,559.25,37.25,709.75,50.0,547.0,55.0,692.0,836.0,15.0,1086.0,20.0,778.0,10.0
