agent_id,delta,kappa,initial_wealth,capacity,final_net,final_gross,net_return,gross_return,gross_return_comp,turnover,trade_count,num_lots_opened,mean_cash_weight,portfolio_vol,hhi,costs_paid,volume_mid,mean_portfolio_value,spread_cost,commission_cost,position_days_in_gain,position_days_in_loss,position_days_neutral,sells_from_gain,sells_from_loss,sells_from_neutral,sale_days,mean_holding_winners,mean_holding_losers,median_holding_winners,median_holding_losers,G_r_full,G_p_full,L_r_full,L_p_full,G_r_frac,G_p_frac,L_r_frac,L_p_frac,G_r,G_p,L_r,L_p,cell_A_rebote_bajo_agua_opp,cell_A_rebote_bajo_agua_sell,cell_B_ganadora_infraponderada_opp,cell_B_ganadora_infraponderada_sell,cell_C_perdedora_sobreponderada_opp,cell_C_perdedora_sobreponderada_sell
0,0.8331529440419688,0.0,41692.138816687606,27,32207.30534442865,32633.702879691675,-0.22749692727355542,-0.21726963869194016,-0.2188911707346466,2.0603978345390352,273,127,0.002900987243954562,0.17741706313393033,0.05339755757857327,426.39753526304094,306795.0705260817,37225.22240404118,153.39753526304085,273.0,2666.0,10931.0,0.0,78.0,41.0,0.0,103,68.1410074796524,164.9754774999687,40.194549560546875,136.0,78.0,683.0,41.0,1977.0,50.5,710.5,24.75,1993.25,78.0,683.0,41.0,1977.0,2707.0,14.0,1224.0,33.0,2821.0,12.0
1,0.7995637956579819,0.0,69302.08454977033,22,59196.84070206459,59706.38528755115,-0.14581442843105974,-0.13846191387400308,-0.13908564675882418,2.226579196860388,226,110,0.0019549114427328566,0.17645955760623155,0.062231565950131004,509.54458548656527,567089.1709731309,63672.69259642336,283.54458548656544,226.0,2907.0,8181.0,0.0,66.0,28.0,0.0,85,75.0875398333866,107.54527676591995,60.10308837890625,94.60430908203125,66.0,533.0,28.0,1243.0,49.5,549.5,21.0,1250.0,66.0,533.0,28.0,1243.0,2030.0,7.0,1151.0,31.0,3042.0,10.0
2,0.8162819474672075,0.0,55207.83331571197,30,46100.453265154414,46578.185877004864,-0.16496535914525057,-0.15631201082204282,-0.15726881346053612,1.9302053256865703,280,129,0.0022381062987150723,0.16579390337915206,0.05172773526997057,477.7326118504677,395465.22370093514,51220.61607102199,197.73261185046758,280.0,3179.0,11931.0,0.0,97.0,24.0,0.0,103,81.86660646600906,212.8046113258986,50.0,167.7767791748047,97.0,867.0,24.0,2101.0,67.5,896.5,16.0,2109.0,97.0,867.0,24.0,2101.0,2973.0,6.0,1640.0,45.0,3152.0,7.0
3,0.7500672108901868,0.0,270134.6708049129,29,209413.5627213834,210816.48581163454,-0.22478087652577317,-0.2195874554588998,-0.22023806929502987,2.327412537166009,316,157,0.0026596730184752417,0.17543041042471763,0.04599408109714266,1402.923090251078,2173846.180502157,233504.604983906,1086.9230902510785,316.0,3155.0,11461.0,0.0,78.0,52.0,0.0,118,66.14960910032138,118.37363854239841,34.0,101.03417205810547,78.0,811.0,52.0,2481.0,57.5,831.5,37.0,2496.0,78.0,811.0,52.0,2481.0,2801.0,17.0,1100.0,28.0,3378.0,22.0
4,0.6506751333037093,0.0,149389.03620908107,10,124207.53739581138,124770.73577352801,-0.16856323229789305,-0.16479322084318104,-0.16517577184853105,1.7198108832669758,94,50,0.0023381461307071185,0.1783131427443869,0.1281690335772659,563.1983777167084,938396.7554334172,136409.87572581615,469.1983777167086,94.0,1053.0,3987.0,0.0,19.0,15.0,0.0,34,79.40496495687631,162.92655390847796,49.0,152.70057678222656,19.0,81.0,15.0,225.0,13.5,86.5,7.5,232.5,19.0,81.0,15.0,225.0,944.0,4.0,316.0,5.0,1319.0,5.0
5,0.8346712017123981,0.0,150567.78076248424,14,132650.64278500978,133414.4094112187,-0.11899715786963849,-0.11392458110493398,-0.11414662241992168,2.3881138016816403,136,68,0.0027112654898473164,0.1937060017829512,0.11596394202068913,763.7666262089496,1255533.2524179001,131435.6597593664,627.7666262089501,136.0,1227.0,5829.0,0.0,39.0,15.0,0.0,48,74.4915827343709,162.4451626313013,40.0,138.0,39.0,202.0,15.0,416.0,27.5,213.5,10.0,421.0,39.0,202.0,15.0,416.0,1528.0,5.0,342.0,9.0,1120.0,4.0
6,0.8876319060319762,0.0,102050.23983367189,13,87146.2069895606,87573.95001691987,-0.14604603446697284,-0.14185453988492747,-0.14220115767509411,1.6616734234472899,115,57,0.002205482097386907,0.18391473648395903,0.11834599205003497,427.74302735926005,625486.0547185204,94104.84122398938,312.74302735926017,115.0,1748.0,4804.0,0.0,37.0,8.0,0.0,40,109.81532831034689,203.99952313676494,82.0,212.92922973632812,37.0,157.0,8.0,318.0,24.0,170.0,4.5,321.5,37.0,157.0,8.0,318.0,1280.0,4.0,795.0,17.0,1073.0,3.0
7,0.7394128369146986,0.0,16734.12180599205,11,15684.822139564245,15926.181038466793,-0.06270419676592043,-0.048281037803606486,-0.04903159085750186,2.720016547000016,152,75,0.004141082959042806,0.17269513230005418,0.12322481385996155,241.35889890255672,178717.7978051135,16426.168252747073,89.35889890255676,152.0,1900.0,3644.0,0.0,45.0,21.0,0.0,60,69.42103317392613,125.1402349456284,39.0,116.80614471435547,45.0,228.0,21.0,366.0,31.75,241.25,14.0,373.0,45.0,228.0,21.0,366.0,858.0,5.0,903.0,18.0,1304.0,5.0
8,0.68565351274036,0.0,142270.70147008786,19,116155.18565649778,116788.67419015254,-0.18356214978725482,-0.1791094513250353,-0.17959087758326275,1.7656350429229664,190,92,0.0027638111177937176,0.1829245707486161,0.08041278598544645,633.488533654803,886977.0673096065,125588.95889396787,443.48853365480323,190.0,2194.0,7382.0,0.0,52.0,27.0,0.0,72,68.33414991771654,176.94059748769448,36.385841369628906,147.0,52.0,360.0,27.0,929.0,37.0,375.0,19.0,937.0,52.0,360.0,27.0,929.0,1873.0,9.0,1145.0,26.0,2298.0,5.0
9,0.9236357521229911,0.0,154302.66289559368,25,131601.3809860073,132312.51180886393,-0.14712177666659465,-0.14251310167996922,-0.14295464764916588,1.7563581788196265,221,108,0.0013190042796098955,0.17706969064505124,0.050607418447594574,711.1308228567163,980261.6457134329,139530.42971739185,490.13082285671646,221.0,2545.0,10055.0,0.0,77.0,11.0,0.0,77,59.70677844291626,185.76090583584977,43.0,181.1951904296875,77.0,527.0,11.0,1310.0,54.5,549.5,7.5,1313.5,77.0,527.0,11.0,1310.0,2698.0,3.0,1060.0,29.0,3328.0,5.0
10,0.7333131174816457,0.0,88223.39538582342,13,83929.7564872333,84541.00678834728,-0.04866780381567648,-0.041739366087329866,-0.042018413388571485,2.5701611593289155,162,78,0.0031047511877501837,0.18760683035003695,0.1152107766848959,611.2503011140196,898500.6022280388,87397.30181575878,449.2503011140194,162.0,1828.0,4724.0,0.0,54.0,17.0,0.0,64,70.83074487562584,128.96580334085274,51.0,89.08052825927734,54.0,228.0,17.0,533.0,35.75,246.25,10.25,539.75,54.0,228.0,17.0,533.0,1178.0,3.0,811.0,21.0,1358.0,7.0
11,0.8238875812161713,0.0,103940.97111096955,20,81794.88505051588,82192.02715179262,-0.21306406726573723,-0.20924322456019107,-0.2097603278174438,1.3847276749420023,147,72,0.001636117812083143,0.1732104768054866,0.06939414822415788,397.14210127677114,500284.20255354233,90321.76716163634,250.14210127677117,147.0,1600.0,8464.0,0.0,33.0,22.0,0.0,50,104.05967418573766,166.81184780237493,41.0,166.80833435058594,33.0,239.0,22.0,705.0,23.25,248.75,13.0,714.0,33.0,239.0,22.0,705.0,2154.0,5.0,527.0,14.0,2258.0,3.0
12,0.8639687658839051,0.0,108145.73433852945,7,78703.60740964269,79007.33785549995,-0.2722449212534249,-0.26943639211711623,-0.269989647531239,1.2930886852196959,58,29,0.0020866405030087612,0.1962678515061362,0.24577845891068026,303.7304458573004,491460.89171460073,95016.85718313695,245.73044585730037,58.0,688.0,2840.0,0.0,17.0,5.0,0.0,20,108.9464953450909,162.27568443822642,61.0,121.0,17.0,20.0,5.0,98.0,10.5,26.5,3.75,99.25,17.0,20.0,5.0,98.0,635.0,1.0,402.0,12.0,720.0,2.0
13,0.5921962074528091,0.0,24150.354618030033,7,20954.850346647887,21114.925371309415,-0.13231707450773678,-0.1256888064266537,-0.1260008402192161,1.8371484522033437,79,36,0.007832664624591616,0.1823556013946626,0.19246607641254518,160.0750246615371,162150.04932307414,22065.452730371766,81.07502466153707,79.0,922.0,2606.0,0.0,17.0,19.0,0.0,34,57.436713378368744,209.3931816764847,33.0,203.68719482421875,17.0,53.0,19.0,149.0,8.5,61.5,10.25,157.75,17.0,53.0,19.0,149.0,586.0,5.0,494.0,7.0,1085.0,8.0
14,0.857954861133653,0.0,491551.70105819404,26,402537.29689297965,404063.075829524,-0.1810885894069485,-0.17798458440959064,-0.17838525315712173,1.472142983903792,205,102,0.0017741780214798417,0.1746908276240625,0.04955039717714409,1525.778936544564,2641557.8730891286,448590.5754351916,1320.7789365445644,205.0,2529.0,10575.0,0.0,60.0,17.0,0.0,72,84.33267909289799,204.24701954683732,55.5,218.64642333984375,60.0,566.0,17.0,1229.0,41.0,585.0,10.25,1235.75,60.0,566.0,17.0,1229.0,2688.0,5.0,1074.0,23.0,3224.0,6.0
15,0.6486730674584142,0.0,23632.896127025106,24,21754.45875674996,22193.898137538217,-0.07948401076950884,-0.06088961681853877,-0.06134769541557794,2.6674892181817462,321,148,0.0033377507708223855,0.17805604026103705,0.06193210266811525,439.4393807882731,236878.76157654598,22200.535991108038,118.43938078827298,321.0,4284.0,7790.0,0.0,99.0,50.0,0.0,126,60.5637589172559,104.78915657244573,41.0,99.5,99.0,1094.0,50.0,1778.0,70.0,1123.0,36.25,1791.75,99.0,1094.0,50.0,1778.0,1802.0,14.0,1723.0,53.0,2045.0,15.0
16,0.8570432038354413,0.0,464311.56944945233,19,360430.2776310673,362101.0433783375,-0.22373186164962477,-0.22013348965719026,-0.22070783006265737,1.8237150210329511,166,82,0.0024039367618047622,0.17165357330010156,0.07118064057465083,1670.7657472705434,3009531.4945410844,412555.0675176881,1504.7657472705423,166.0,1776.0,7800.0,0.0,53.0,12.0,0.0,61,67.81933661146891,175.64409709728147,44.0,160.5,53.0,318.0,12.0,776.0,38.25,332.75,9.75,778.25,53.0,318.0,12.0,776.0,1874.0,2.0,569.0,16.0,2397.0,4.0
17,0.8847971182863261,0.0,82496.84184523326,9,63872.83224557758,64230.58286661337,-0.2257542129260527,-0.22141767575646087,-0.22202890070700276,1.8605994241890929,90,47,0.001877479928801071,0.18490871228869418,0.13917787120839714,357.7506210358252,535501.2420716502,71952.78509572773,267.75062103582513,90.0,756.0,3780.0,0.0,25.0,9.0,0.0,33,70.57493718796765,187.1021502112976,35.0,154.0,25.0,77.0,9.0,186.0,17.25,84.75,4.5,190.5,25.0,77.0,9.0,186.0,968.0,4.0,182.0,8.0,1437.0,5.0
18,0.7730615307082553,0.0,229626.58187124055,17,208309.25070024777,209428.07967925654,-0.09283477111960037,-0.08796238670360035,-0.08834824646286465,2.118261435194716,175,84,0.002702735175192043,0.170393177479723,0.08362619598709718,1118.8289790090432,1887657.958018085,222783.87439043456,943.8289790090425,175.0,1953.0,6615.0,0.0,51.0,23.0,0.0,65,71.59938969816162,141.45349131131488,40.0,156.56887817382812,51.0,328.0,23.0,703.0,37.25,341.75,15.5,710.5,51.0,328.0,23.0,703.0,1586.0,4.0,702.0,16.0,1933.0,2.0
19,0.7423035735558432,0.0,283335.8890998558,8,255494.0855059594,256992.725972042,-0.09826430277628584,-0.09297503119532335,-0.09337319119762533,2.5478893086451877,119,60,0.0061575724433733485,0.19616428459345414,0.17833596362943824,1498.6404660826597,2759280.9321653205,270741.83744981233,1379.6404660826602,119.0,924.0,3108.0,0.0,34.0,17.0,0.0,51,65.66810151057383,121.89743003901003,31.5,90.0,34.0,114.0,17.0,243.0,21.5,126.5,11.0,249.0,34.0,114.0,17.0,243.0,793.0,2.0,318.0,13.0,854.0,5.0
20,0.9069240964162375,0.0,41878.95516561722,6,38125.93588354107,38315.82539524153,-0.08961587669115001,-0.08508163005224711,-0.08541250831150671,1.8283067819426428,47,24,0.0019320227827514832,0.19442353222398798,0.21587689413366584,189.8895117004759,285779.02340095176,39077.006417011304,142.88951170047588,47.0,542.0,2482.0,0.0,15.0,2.0,0.0,16,39.545938423120006,191.59230678198435,18.17403793334961,191.59230041503906,15.0,30.0,2.0,49.0,11.0,34.0,2.0,49.0,15.0,30.0,2.0,49.0,675.0,0.0,211.0,3.0,1057.0,1.0
21,0.7739218231174421,0.0,98599.43306105018,12,78208.80381409543,78648.72603531339,-0.20680270275316293,-0.2023409912852525,-0.2030125901886055,1.858378675803588,106,52,0.0046816521716361815,0.18152814199838627,0.1079037762850103,439.9222212180218,667844.442436043,89842.35171382093,333.92222121802155,106.0,1223.0,4825.0,0.0,24.0,18.0,0.0,40,77.09071906303362,158.14070126494244,47.66698455810547,140.24948120117188,24.0,126.0,18.0,312.0,16.25,133.75,11.25,318.75,24.0,126.0,18.0,312.0,1242.0,4.0,276.0,5.0,1575.0,7.0
22,0.8412555883270405,0.0,448344.35022189247,29,348341.59299736796,349935.93524036265,-0.22304899610094697,-0.21949292978226664,-0.22005355309065977,1.7266896718645677,238,118,0.0011093539649454363,0.1802930186888898,0.05109230029985858,1594.3422429944953,2712684.485988988,392757.96487791766,1356.342242994494,238.0,2585.0,12031.0,0.0,65.0,26.0,0.0,80,65.42442634012734,154.07164159114862,39.0,121.0,65.0,634.0,26.0,1595.0,45.25,653.75,19.0,1602.0,65.0,634.0,26.0,1595.0,3188.0,4.0,1195.0,21.0,3224.0,7.0
23,0.8107928582802127,0.0,382466.8388081703,11,255734.9070082958,257209.23090650653,-0.33135403894045323,-0.32749926318314837,-0.3281629970664852,2.2210033312522994,116,60,0.004529336827250162,0.17677021316038002,0.11982538076495183,1474.3238982108717,2716647.7964217435,305790.60352984455,1358.3238982108717,116.0,1048.0,4496.0,0.0,29.0,16.0,0.0,43,50.386563373601746,183.87826770753128,39.0,189.8408203125,29.0,105.0,16.0,323.0,21.0,113.0,11.75,327.25,29.0,105.0,16.0,323.0,1074.0,4.0,498.0,9.0,1900.0,8.0
24,0.8119866801028831,0.0,14431.522107453085,5,13526.77433222762,13612.884287992103,-0.06269247058549787,-0.05672567407412976,-0.05680952163319364,1.6781863328945634,42,20,0.0028838775758674505,0.20605036450447833,0.3318612650971141,86.1099557644907,88219.9115289814,13142.150814805269,44.10995576449071,42.0,417.0,2103.0,0.0,10.0,7.0,0.0,17,90.25682902640696,114.39192795916493,40.998435974121094,104.0,10.0,13.0,7.0,55.0,6.25,16.75,4.0,58.0,10.0,13.0,7.0,55.0,546.0,0.0,201.0,5.0,525.0,0.0
25,0.7244988340279873,0.0,69795.6976274199,12,57334.5148870305,57718.03572318797,-0.1785379781846883,-0.1730430716332163,-0.173638443626013,2.087137991708316,122,60,0.0028869307564311697,0.18916958842788406,0.106387304644001,383.52083615751695,523041.67231503385,62650.585921121325,261.52083615751695,122.0,1570.0,4478.0,0.0,35.0,15.0,0.0,50,79.87955089728341,162.263970419714,50.69781494140625,105.0,35.0,169.0,15.0,381.0,25.75,178.25,8.75,387.25,35.0,169.0,15.0,381.0,1198.0,3.0,403.0,10.0,1970.0,6.0
26,0.9603675991011313,0.0,14242.203307160045,20,12204.091532950582,12417.64647153689,-0.14310368489016256,-0.1281091693660832,-0.12998877576328716,1.9178385902563946,161,75,0.004549784812643457,0.17504687694941748,0.06105372515781352,213.55493858631183,105109.87717262347,13701.606290883348,52.554938586311735,161.0,2202.0,7859.0,0.0,59.0,7.0,0.0,59,86.76513392064358,152.31766314213286,46.0,68.0,59.0,333.0,7.0,778.0,42.0,350.0,5.0,780.0,59.0,333.0,7.0,778.0,2031.0,2.0,514.0,12.0,2582.0,3.0
27,0.8609717720660263,0.0,14576.191553138751,29,11796.69265719753,12092.538600108444,-0.19068759393071377,-0.17039107533514075,-0.17347006066725634,1.9680524450422758,243,104,0.005603636330159965,0.1756961402211376,0.05243467038394084,295.84594291091577,105691.88582183153,13425.948847054373,52.84594291091577,243.0,2869.0,11696.0,0.0,96.0,15.0,0.0,91,55.85072578076737,212.90497861307665,37.0,208.0,96.0,845.0,15.0,1676.0,66.0,875.0,10.75,1680.25,96.0,845.0,15.0,1676.0,2912.0,5.0,1333.0,37.0,3465.0,4.0
28,0.6992144873703501,0.0,32981.85509842184,5,25249.34965032767,25490.084893784144,-0.2344472566815735,-0.2271482359703949,-0.22869925417002523,2.5013106088592045,79,40,0.006742768243531473,0.204782706779835,0.27869624568117424,240.7352434564949,323470.4869129899,32330.099845188557,161.73524345649494,79.0,912.0,1608.0,0.0,24.0,10.0,0.0,30,66.4972665078267,104.35757961217482,42.52509307861328,87.5,24.0,48.0,10.0,68.0,16.75,55.25,6.75,71.25,24.0,48.0,10.0,68.0,392.0,2.0,561.0,14.0,772.0,4.0
29,0.8845493676411631,0.0,424559.55876885494,24,333618.0004923889,335033.1383541551,-0.21420212170038033,-0.21086893126210626,-0.2114607360593992,1.5881913256011897,184,89,0.0016107924443424246,0.19138074968326288,0.06896459362685645,1415.1378617661562,2462275.723532314,387591.16799108736,1231.137861766157,184.0,2295.0,9801.0,0.0,57.0,14.0,0.0,63,82.26510124598207,209.03161820450666,41.0,191.0,57.0,450.0,14.0,991.0,41.0,466.0,8.25,996.75,57.0,450.0,14.0,991.0,2513.0,2.0,1145.0,18.0,2087.0,2.0
30,0.9222496894802534,0.0,260132.29665445106,22,214415.869998919,215477.66980536506,-0.17574298633229635,-0.17166121786255306,-0.17215117756103426,1.8488292674278204,178,84,0.0022627644548809025,0.17720019970886763,0.060736717784419934,1061.799806446221,1767599.6128924435,239016.06871352872,883.7998064462217,178.0,2565.0,8523.0,0.0,54.0,18.0,0.0,67,85.42065879575513,167.6713910261699,70.0,138.5,54.0,401.0,18.0,1001.0,38.75,416.25,11.5,1007.5,54.0,401.0,18.0,1001.0,2094.0,4.0,833.0,16.0,3138.0,8.0
31,0.7854160276620032,0.0,246766.99328632705,14,205279.3971327609,206212.88174988813,-0.16812457614794352,-0.16434171765177463,-0.16484223916337448,1.7797540189691776,135,64,0.003015324170736931,0.1823369152341701,0.10608039958847308,933.4846171273351,1596969.2342546696,224324.43152728828,798.4846171273348,135.0,1690.0,5366.0,0.0,43.0,14.0,0.0,51,91.96120239877656,91.13959687199285,68.0,83.60327911376953,43.0,232.0,14.0,425.0,28.0,247.0,9.75,429.25,43.0,232.0,14.0,425.0,1385.0,1.0,968.0,26.0,2124.0,2.0
32,0.7213385700384825,0.0,150157.5688298359,18,130676.99271290409,131462.82833968409,-0.12973422697731551,-0.1245008202772474,-0.12497555838571217,2.0959528307749795,189,92,0.0035236369685681676,0.17585591807448434,0.07260160462203816,785.835626780036,1193671.253560071,142378.11510275144,596.8356267800356,189.0,2256.0,6816.0,0.0,49.0,30.0,0.0,70,66.87946667435591,143.2253574405603,58.087257385253906,118.98171997070312,49.0,330.0,30.0,851.0,34.0,345.0,21.75,859.25,49.0,330.0,30.0,851.0,1612.0,8.0,591.0,15.0,2004.0,6.0
33,0.8235515563168672,0.0,187473.38636503485,28,153954.23328136868,154752.72607280905,-0.17879419438447686,-0.1745349616105747,-0.17500300128390678,1.6407538686582461,244,120,0.0025501729660746876,0.1741853000643205,0.04940543470981529,798.4927914405837,1108985.5828811666,168975.00656025545,554.4927914405833,244.0,2752.0,11360.0,0.0,69.0,27.0,0.0,91,84.96781420487578,169.86036063059396,55.0,176.0,69.0,686.0,27.0,1766.0,46.25,708.75,17.0,1776.0,69.0,686.0,27.0,1766.0,2820.0,7.0,855.0,25.0,3017.0,8.0
34,0.8478435451867108,0.0,128331.04652815971,9,108324.33220403633,108788.69444986185,-0.1558992532624076,-0.15228078167358883,-0.15268393233923772,1.665744133273126,77,38,0.0036893299984620915,0.19108511726622257,0.15594465453928777,464.3622458255861,774724.4916511724,116273.0332012137,387.3622458255862,77.0,707.0,3829.0,0.0,23.0,7.0,0.0,30,57.58313768141695,195.10735173034863,30.0,142.4636993408203,23.0,83.0,7.0,157.0,13.75,92.25,4.75,159.25,23.0,83.0,7.0,157.0,958.0,2.0,362.0,10.0,1199.0,3.0
35,0.9048888058577762,0.0,346540.61236625025,25,300366.48343055014,301928.5929088228,-0.13324305229454547,-0.1287353281706506,-0.1291965326198543,1.9958634179791837,250,116,0.0028132252782657285,0.17381395317399623,0.056075793018136845,1562.1094782728069,2624218.956545614,328707.23178075004,1312.109478272807,250.0,3146.0,9454.0,0.0,100.0,9.0,0.0,96,72.26666993591265,205.9244234703177,51.5,202.0,100.0,764.0,9.0,1527.0,62.25,801.75,7.25,1528.75,100.0,764.0,9.0,1527.0,2372.0,2.0,1425.0,43.0,2568.0,3.0
36,0.8116688148992693,0.0,26669.762524457077,15,21664.413801126284,21924.304248089647,-0.1876787886184108,-0.177934028172005,-0.17911750060691112,2.06659418171054,160,76,0.003921875830633084,0.169583554234531,0.09338636951028569,259.8904469633734,199780.8939267467,24167.891269463715,99.89044696337335,160.0,1813.0,5747.0,0.0,51.0,18.0,0.0,64,63.713918830477645,130.65414977692012,37.0,105.5,51.0,291.0,18.0,600.0,30.25,311.75,14.5,603.5,51.0,291.0,18.0,600.0,1409.0,4.0,1070.0,25.0,2193.0,6.0
37,0.8809847285488421,0.0,19297.93950894687,13,15161.421985240262,15288.316462336155,-0.21435021711975233,-0.20777467173382846,-0.20864599324186206,1.2251480737154417,86,41,0.003244475852773411,0.18225248271040054,0.1259106496861228,126.89447709590215,81788.95419180434,16689.605923259405,40.89447709590217,86.0,931.0,5621.0,0.0,23.0,9.0,0.0,31,127.33201199028287,199.6927244757683,66.0,190.84368896484375,23.0,86.0,9.0,285.0,15.0,94.0,4.25,289.75,23.0,86.0,9.0,285.0,1496.0,1.0,297.0,9.0,1060.0,2.0
38,0.7754846603317765,0.0,159504.71662951016,27,133719.81884375287,134563.53810718443,-0.16165602077867836,-0.15636640125356227,-0.15684690955831537,1.9951739949779896,262,127,0.0021569689995262335,0.17272237922216654,0.04842309825759546,843.7192634314757,1163438.52686295,145781.58719382578,581.719263431475,262.0,3435.0,10173.0,0.0,80.0,28.0,0.0,94,77.57941422368378,149.46201138411837,52.61140441894531,118.5,80.0,681.0,28.0,1749.0,58.25,702.75,18.75,1758.25,80.0,681.0,28.0,1749.0,2423.0,7.0,1505.0,30.0,2997.0,5.0
39,0.8778141117878858,0.0,100600.33123183955,9,84512.8093427666,84802.7687118403,-0.1599151980126018,-0.15703290761133593,-0.15734597107321835,1.1957523747834928,75,37,0.0029995982901168173,0.1803474630149836,0.20537231196888453,289.95936907371555,429918.7381474311,89884.56707545191,214.95936907371555,75.0,736.0,3800.0,0.0,22.0,7.0,0.0,29,87.9064379319076,104.10385131139402,68.78288269042969,109.70449829101562,22.0,73.0,7.0,159.0,13.5,81.5,2.5,163.5,22.0,73.0,7.0,159.0,937.0,4.0,390.0,12.0,1104.0,2.0
40,0.5821565433148846,0.0,46866.16502998982,25,41848.73949891348,42428.859354332024,-0.10705858966411419,-0.0946803663755792,-0.09542104442434174,2.905480328469989,321,145,0.003691792944649421,0.167236456419796,0.06073416301351511,580.1198554185258,518239.7108370521,44591.56940067415,259.1198554185261,321.0,3799.0,8786.0,0.0,95.0,57.0,0.0,126,66.64128927817117,119.54962139128612,47.0,110.0,95.0,988.0,57.0,2007.0,65.5,1017.5,42.0,2022.0,95.0,988.0,57.0,2007.0,1959.0,16.0,1714.0,38.0,2943.0,16.0
41,0.9175571735860393,0.0,27099.06870050877,23,23089.055407856787,23375.811246613535,-0.1479760554493409,-0.13739429553995464,-0.13826792901526075,1.7225733853560847,201,96,0.002841365193553278,0.17547640219737118,0.06185607464299796,286.7558387567778,171511.6775135558,24891.780949887,85.7558387567779,201.0,2692.0,8883.0,0.0,63.0,19.0,0.0,76,83.57299224596836,190.46010065382242,50.0,189.0,63.0,497.0,19.0,1168.0,43.75,516.25,12.0,1175.0,63.0,497.0,19.0,1168.0,2194.0,3.0,1014.0,23.0,2322.0,4.0
42,0.6163058302673283,0.0,235418.89708105376,25,189874.41505367472,191126.2862950061,-0.1934614535709861,-0.18814382080295744,-0.18866854601784588,2.257908294335218,313,146,0.004254642891010603,0.17245727833006166,0.05818223162251677,1251.871241331676,1877742.4826633532,207907.30156915047,938.8712413316766,313.0,3416.0,9184.0,0.0,83.0,59.0,0.0,127,67.8325155968544,139.51210082354743,43.0,128.0,83.0,947.0,59.0,2086.0,54.25,975.75,39.5,2105.5,83.0,947.0,59.0,2086.0,2185.0,10.0,1328.0,43.0,2777.0,15.0
43,0.8746532126463651,0.0,208252.7651702956,7,150007.2323110777,150469.73994228916,-0.27968672018154705,-0.2774658246710685,-0.27794040027067335,1.1838632013257926,42,23,0.0007030259219723003,0.1635149833659098,0.17218076865189055,462.50763121152454,841015.2624230495,177599.75592644652,420.50763121152477,42.0,347.0,3181.0,0.0,6.0,6.0,0.0,12,35.0,143.07329579243117,38.0,153.94970703125,6.0,21.0,6.0,51.0,5.5,21.5,3.0,54.0,6.0,21.0,6.0,51.0,818.0,1.0,86.0,2.0,1021.0,4.0
44,0.872358929503862,0.0,18348.95969949334,16,14381.80177438136,14516.178957745798,-0.21620614956288364,-0.2088827271146808,-0.20984113343901523,1.226737358390599,96,43,0.0030616104225818373,0.1722489892574955,0.08114841016683866,134.37718336444655,76754.36672889313,15641.972220848878,38.377183364446566,96.0,1417.0,6647.0,0.0,31.0,6.0,0.0,35,85.50478312292765,198.4650624966714,50.0,135.11497497558594,31.0,161.0,6.0,362.0,20.5,171.5,4.25,363.75,31.0,161.0,6.0,362.0,1736.0,0.0,674.0,17.0,1961.0,0.0
45,0.7546322256607337,0.0,51583.31905861829,29,47427.258903634895,47933.23703845069,-0.08056984759473362,-0.07076089880954961,-0.07115283340026246,2.1699659599092427,295,137,0.0029405450463646245,0.16900354417821206,0.05541329686043792,505.9781348158412,421956.2696316822,48613.23604004026,210.97813481584112,295.0,3433.0,11183.0,0.0,96.0,33.0,0.0,108,70.31262150312565,168.26167554245336,54.5,171.58731079101562,96.0,936.0,33.0,2067.0,65.25,966.75,21.75,2078.25,96.0,936.0,33.0,2067.0,2765.0,8.0,1220.0,35.0,2704.0,5.0
46,0.865156264669137,0.0,179204.9828021033,28,151298.57148402612,152241.55891591575,-0.15572341171391613,-0.15046135137862404,-0.1509973016743127,1.9797825126405466,297,142,0.003455574805459948,0.18196516167274773,0.04768919351212247,942.9874318897988,1291974.8637795975,163146.05967203164,645.9874318897987,297.0,3482.0,10630.0,0.0,103.0,24.0,0.0,113,72.41571675705957,137.84889602581706,46.003822326660156,134.5,103.0,953.0,24.0,2084.0,69.25,986.75,12.75,2095.25,103.0,953.0,24.0,2084.0,2776.0,4.0,1575.0,45.0,3263.0,5.0
47,0.8472639549152993,0.0,10881.28960881071,28,8253.405548039344,8518.07098262084,-0.2415048358462527,-0.21718185170591764,-0.22030207600999518,2.012009680623791,227,98,0.0050740080626695445,0.17484328010383662,0.04353290629253964,264.6654345815043,75330.86916300861,9360.15242477033,37.66543458150431,227.0,2858.0,11194.0,0.0,73.0,28.0,0.0,90,58.81331429934384,158.33664013872857,39.0,123.5,73.0,598.0,28.0,1811.0,53.75,617.25,20.75,1818.25,73.0,598.0,28.0,1811.0,2834.0,8.0,667.0,16.0,2985.0,7.0
48,0.9245399581284031,0.0,305872.513998833,12,278229.64608922956,279385.15133931447,-0.09037382126368154,-0.08659608643233507,-0.08681977468312463,1.8096411234331362,121,58,0.0020624500562157807,0.18903067926423311,0.13019389772746304,1155.5052500850738,2069010.5001701475,285831.6040371795,1034.5052500850738,121.0,1401.0,4647.0,0.0,46.0,5.0,0.0,46,62.722620626467744,146.03594941938738,46.59886169433594,84.43146514892578,46.0,176.0,5.0,325.0,27.5,194.5,3.0,327.0,46.0,176.0,5.0,325.0,1198.0,2.0,834.0,24.0,1473.0,3.0
49,0.8427652823414377,0.0,17929.610271809004,22,15102.407565354037,15343.936850607139,-0.15768344451414096,-0.1442124721063992,-0.14568190591534524,1.773897367867606,183,84,0.005080729968712017,0.17227001060578812,0.05784625135571734,241.52928525310648,117058.57050621312,16497.370793064638,58.52928525310656,183.0,2204.0,8884.0,0.0,59.0,18.0,0.0,69,98.95541062472292,168.04770458036046,73.840576171875,128.012451171875,59.0,411.0,18.0,1030.0,43.75,426.25,9.5,1038.5,59.0,411.0,18.0,1030.0,2208.0,4.0,867.0,22.0,2694.0,5.0
50,0.8488880662008538,0.0,40007.34367209596,22,34282.469246649125,34645.94260477946,-0.1430955894589867,-0.13401042346772774,-0.13498269186800405,1.9756845947490425,216,104,0.0030247693981740155,0.17375425149832877,0.06601288876927242,363.4733581303513,294946.7162607028,37322.09040914345,147.47335813035141,216.0,2224.0,8864.0,0.0,72.0,18.0,0.0,84,82.91025460766316,207.04674168838233,43.0,146.17965698242188,72.0,541.0,18.0,1217.0,46.75,566.25,13.5,1221.5,72.0,541.0,18.0,1217.0,2239.0,6.0,822.0,30.0,2895.0,6.0
51,0.7880839934388828,0.0,311931.4833962105,19,264287.0082594269,265997.3365004475,-0.15274019351315782,-0.1472571681307916,-0.14810086291702784,2.4466560247589295,224,111,0.0032268469700104372,0.18363061931006514,0.07680542888669248,1710.328241020548,2972656.4820410996,303746.8745053769,1486.3282410205497,224.0,2552.0,7024.0,0.0,69.0,25.0,0.0,87,67.89412434667757,95.92005863225967,37.828208923339844,69.0,69.0,548.0,25.0,1011.0,53.75,563.25,16.75,1019.25,69.0,548.0,25.0,1011.0,1736.0,5.0,1172.0,31.0,2463.0,9.0
52,0.7277659147416341,0.0,51453.96557887675,29,41623.80902944303,42147.75900075655,-0.19104759835011176,-0.18086471029826023,-0.18208956949158006,2.2809521362398777,314,144,0.003793418206448804,0.17218853943058252,0.046996722325542736,523.9499713135239,419899.9426270483,46022.44123798761,209.94997131352414,314.0,3205.0,11411.0,0.0,99.0,42.0,0.0,122,66.55694830414923,118.79375865939097,41.0,98.0,99.0,908.0,42.0,2489.0,72.0,935.0,26.5,2504.5,99.0,908.0,42.0,2489.0,2764.0,8.0,1055.0,34.0,3048.0,12.0
53,0.7791541137172211,0.0,12945.524706939454,8,10165.004234715861,10284.307095251299,-0.21478623193489355,-0.20557047102630055,-0.20664784931517555,1.829659894222012,79,39,0.002367956392380604,0.1772367083774406,0.16027812741000844,119.30286053544056,80605.72107088116,11013.757437301681,40.30286053544058,79.0,759.0,3273.0,0.0,22.0,10.0,0.0,31,74.35977356928889,82.50122284086623,43.965599060058594,91.0,22.0,55.0,10.0,161.0,16.0,61.0,7.25,163.75,22.0,55.0,10.0,161.0,846.0,2.0,474.0,14.0,1327.0,1.0
54,0.797651503656502,0.0,95457.64191283206,16,71119.4196379707,71555.40092945976,-0.2549635816175515,-0.25039630672208335,-0.251125773855547,1.6414332542459527,162,79,0.0033499082034790157,0.19224567558704556,0.08535415941955435,435.98129148909175,547962.5829781832,83457.94468961032,273.9812914890916,162.0,2128.0,5936.0,0.0,55.0,12.0,0.0,60,79.43363385800421,163.3428307973228,60.0,130.38734436035156,55.0,281.0,12.0,612.0,36.5,299.5,8.25,615.75,55.0,281.0,12.0,612.0,1407.0,6.0,1225.0,32.0,2294.0,5.0
55,0.8504258821912783,0.0,65953.95914571303,8,50564.09340937084,50854.05402265313,-0.23334256101807527,-0.22894615150698483,-0.2296445426183935,1.766488084909276,83,43,0.0011937149265511787,0.19959591439762084,0.1987919725910647,289.9606132823319,413921.22656466364,58579.67994529694,206.96061328233182,83.0,830.0,3202.0,0.0,21.0,11.0,0.0,31,98.71009169362857,89.50191987001548,78.0,72.4673843383789,21.0,65.0,11.0,151.0,14.0,72.0,7.25,154.75,21.0,65.0,11.0,151.0,815.0,5.0,370.0,10.0,872.0,4.0
56,0.763820404095576,0.0,12354.992071984772,14,9140.797429612117,9318.736429621951,-0.2601535171892918,-0.24575132259676635,-0.24825843371115142,1.99310026638356,135,63,0.007585607206853357,0.1780856596675528,0.09386040066056568,177.93900000984215,85878.00001968433,10771.911662967692,42.93900000984217,135.0,1421.0,5586.0,0.0,36.0,22.0,0.0,55,58.75298851280721,133.50327580494744,40.82354736328125,108.5,36.0,187.0,22.0,522.0,24.5,198.5,15.0,529.0,36.0,187.0,22.0,522.0,1372.0,2.0,581.0,12.0,1733.0,6.0
57,0.8807798834070799,0.0,49091.275531976695,23,39445.535322939504,39746.86480235744,-0.19648583387804264,-0.1903476865972359,-0.1913572040860465,1.571127540608421,161,79,0.001826750545049477,0.17733852247695184,0.05626434343919206,301.32947941794157,280658.95883588324,44658.843980164354,140.32947941794163,161.0,1804.0,9788.0,0.0,51.0,8.0,0.0,53,68.56441847788457,161.8968918685763,46.453514099121094,169.52032470703125,51.0,375.0,8.0,785.0,33.0,393.0,5.5,787.5,51.0,375.0,8.0,785.0,2555.0,0.0,575.0,16.0,3198.0,3.0
58,0.8050514634026411,0.0,26647.780393904926,8,23925.891156336154,24130.9735673739,-0.10214318781279597,-0.09444714679150867,-0.09477481737405657,2.371929711109176,89,45,0.002812376095728799,0.18499779016743934,0.16855884865502144,205.08241103776348,232164.8220755269,24470.036041557127,116.08241103776345,89.0,954.0,3078.0,0.0,26.0,10.0,0.0,35,65.08036142025504,154.5628557882043,40.052642822265625,154.5,26.0,68.0,10.0,176.0,20.25,73.75,9.25,176.75,26.0,68.0,10.0,176.0,803.0,1.0,225.0,13.0,995.0,3.0
59,0.620200908989448,0.0,26036.531784442283,22,19252.47353176054,19586.00366482472,-0.2605592138325984,-0.2477491308374633,-0.24979569190169149,2.0775699691029414,239,113,0.0020981169376583573,0.1781805686466624,0.06333945676752742,333.53013306420314,189060.26612840607,22750.16833849873,94.53013306420304,239.0,2662.0,8393.0,0.0,66.0,38.0,0.0,94,65.06968939347934,153.3292258815956,32.5,121.75796508789062,66.0,554.0,38.0,1407.0,46.25,573.75,27.5,1417.5,66.0,554.0,38.0,1407.0,1937.0,10.0,949.0,32.0,2764.0,15.0
60,0.8516072216132835,0.0,104635.82319440816,21,99330.55698122072,100099.92403969298,-0.05070219788236885,-0.04334939045003461,-0.04371965000515843,2.4525943806827364,259,122,0.0038973542438248306,0.17645468689832475,0.06387986352747248,769.367058472368,1020734.1169447367,104046.36463578128,510.36705847236834,259.0,3487.0,7097.0,0.0,98.0,18.0,0.0,106,83.6506570907552,82.01004882804126,46.0,77.47321319580078,98.0,786.0,18.0,1324.0,64.75,819.25,13.75,1328.25,98.0,786.0,18.0,1324.0,1616.0,6.0,1406.0,37.0,2126.0,6.0
61,0.884391264649186,0.0,35144.477569723254,5,30483.112177133524,30658.24162762268,-0.13263436291923902,-0.12765123434258807,-0.12800943759642958,1.938028756242267,51,25,0.002710153211845045,0.20585227709362544,0.23368519081984285,175.12945048916004,248258.90097832005,32024.666839784237,124.12945048916002,51.0,687.0,1833.0,0.0,19.0,2.0,0.0,19,85.17678943907386,156.82879924442034,58.0,156.82879638671875,19.0,20.0,2.0,54.0,12.0,27.0,2.0,54.0,19.0,20.0,2.0,54.0,415.0,0.0,310.0,7.0,583.0,1.0
62,0.8170496405412975,0.0,44618.08634735429,17,39725.270777616744,40139.35521667204,-0.10965991530086494,-0.10037927435558491,-0.1011947060420475,2.540919319975533,198,97,0.0037111805992880442,0.18593788263877314,0.07411562320929137,414.0844390553318,432168.8781106632,42520.91700759163,216.08443905533161,198.0,2156.0,6412.0,0.0,66.0,18.0,0.0,78,72.26895291511502,91.43670956119723,52.18838119506836,39.0,66.0,437.0,18.0,805.0,47.0,456.0,13.0,810.0,66.0,437.0,18.0,805.0,1611.0,3.0,747.0,18.0,1580.0,6.0
63,0.707532793725502,0.0,13190.924600167062,13,10259.92704787782,10457.539735246335,-0.2221980369937162,-0.20721707899733643,-0.20910244075468032,2.3713386859039662,143,66,0.005966416427599152,0.1906831695213784,0.11321072323165397,197.61268736851494,109225.37473702995,11515.159705602397,54.612687368514976,143.0,1444.0,5095.0,0.0,43.0,21.0,0.0,58,62.5841749660632,188.4947965491002,35.0,194.34373474121094,43.0,206.0,21.0,483.0,29.25,219.75,16.25,487.75,43.0,206.0,21.0,483.0,1350.0,2.0,786.0,22.0,1402.0,8.0
64,0.7096058101870509,0.0,59152.76845949525,12,40477.605679043896,40717.0097619361,-0.3157107142540444,-0.3116634973760021,-0.31239180407943745,1.3357058383442229,108,53,0.002363201577929532,0.19296704933458392,0.10806767793292892,239.40408289222336,262808.16578444676,49189.00521357136,131.40408289222339,108.0,969.0,5079.0,0.0,21.0,22.0,0.0,40,58.429394426588544,236.88620111858293,45.0,222.89297485351562,21.0,78.0,22.0,359.0,15.0,84.0,13.0,368.0,21.0,78.0,22.0,359.0,1303.0,10.0,376.0,12.0,1894.0,7.0
65,0.5611886947053061,0.0,30433.30786461618,22,25898.491583856136,26281.553779635313,-0.14900832669696507,-0.13642138749590138,-0.13761964474182686,2.2420244580091406,257,118,0.0033131540819248614,0.178008648836641,0.06510099929269245,383.06219577919126,252124.3915583824,28113.47470560851,126.0621957791912,257.0,2993.0,8089.0,0.0,77.0,40.0,0.0,101,70.48551434740637,128.40361543166154,44.04166793823242,113.22084045410156,77.0,715.0,40.0,1388.0,49.5,742.5,31.0,1397.0,77.0,715.0,40.0,1388.0,1942.0,17.0,1566.0,46.0,2750.0,12.0
66,0.6896361595633417,0.0,451780.69923430146,18,381462.9340169695,383636.09776445274,-0.15564579305072057,-0.15083557483828613,-0.15149272725789364,2.280440341139346,202,100,0.002030460097842338,0.18105539418119615,0.08734280385291852,2173.163747483466,3942327.4949669284,432189.28202669794,1971.1637474834642,202.0,2273.0,6799.0,0.0,55.0,29.0,0.0,75,66.71483716913833,126.33315816759178,43.739688873291016,69.63057708740234,55.0,432.0,29.0,834.0,39.75,447.25,20.25,842.75,55.0,432.0,29.0,834.0,1705.0,5.0,1203.0,26.0,2305.0,9.0
67,0.880706693594567,0.0,388693.6125127815,15,300167.7260344653,301491.943690374,-0.2277523571998632,-0.22434551537566116,-0.22484145809695066,1.7756706774996112,133,64,0.0025516461966872705,0.17503109141585704,0.07969666810820626,1324.2176559089958,2382435.3118179915,335427.5291594031,1191.2176559089958,133.0,1370.0,6190.0,0.0,38.0,16.0,0.0,49,60.14332839136505,118.24725601432142,28.5,103.02159118652344,38.0,177.0,16.0,504.0,26.25,188.75,12.0,508.0,38.0,177.0,16.0,504.0,1534.0,4.0,540.0,15.0,2012.0,8.0
68,0.8071553746212974,0.0,468814.0059168043,17,368978.73226208205,370673.753050773,-0.21295283928108377,-0.20933728862069723,-0.20982843451446043,1.8682915153188104,154,78,0.003390652191342165,0.17600663668682587,0.08447153207530182,1695.0207886910957,3082041.57738219,412414.43748357735,1541.020788691095,154.0,1384.0,7184.0,0.0,39.0,20.0,0.0,57,67.10943343594857,185.4666036696628,35.0,140.5,39.0,233.0,20.0,677.0,27.25,244.75,15.0,682.0,39.0,233.0,20.0,677.0,1760.0,9.0,378.0,16.0,1627.0,8.0
69,0.7028075838129432,0.0,234641.86317993185,17,186993.71875260095,187993.5785911593,-0.20306753356621865,-0.19880631681227723,-0.1991852260420517,1.978495509567749,187,91,0.005041691049673729,0.17838712069944856,0.08138236377398757,999.8598385584147,1625719.6771168297,205423.72591383947,812.8598385584148,187.0,2450.0,6118.0,0.0,53.0,26.0,0.0,74,77.93346824546511,155.70091105284268,44.39730453491211,159.58145141601562,53.0,347.0,26.0,832.0,33.5,366.5,17.5,840.5,53.0,347.0,26.0,832.0,1395.0,3.0,911.0,18.0,1919.0,6.0
70,0.7859041128092835,0.0,17214.369979901843,13,12278.434585607996,12464.201430540861,-0.28673343259478334,-0.27594205044430375,-0.278217607533393,1.7837744525125048,132,64,0.0026926117982588034,0.17713178303680724,0.09998071009278969,185.76684493286504,107533.68986573012,15071.088403899019,53.76684493286506,132.0,1705.0,4832.0,0.0,42.0,13.0,0.0,50,94.5189648070825,94.90818863453885,83.0,96.0,42.0,212.0,13.0,382.0,28.75,225.25,10.25,384.75,42.0,212.0,13.0,382.0,1123.0,4.0,902.0,22.0,2198.0,2.0
71,0.6415647842070236,0.0,28110.53699964562,20,22758.560292569313,23067.180408973156,-0.19039041150810387,-0.17941160607269957,-0.18049003501945549,2.0136646455570713,209,97,0.003347369362546996,0.17655084839958013,0.07356647349225792,308.6201164038328,199240.2328076656,24736.024596656047,99.6201164038328,209.0,1873.0,8202.0,0.0,52.0,40.0,0.0,90,70.46115595525795,150.0991873599765,53.5,112.61444091796875,52.0,402.0,40.0,1305.0,35.25,418.75,21.25,1323.75,52.0,402.0,40.0,1305.0,2022.0,8.0,712.0,22.0,2406.0,16.0
72,0.8411110412212986,0.0,188248.68035056497,22,156954.40299316644,157815.17865616403,-0.16623902647880962,-0.16166648094279512,-0.16224616950060167,1.78042621397606,238,112,0.0026554111160821355,0.17764452492351485,0.06780407356057512,860.7756629976403,1245551.3259952804,174895.10604510066,622.7756629976402,238.0,2690.0,8398.0,0.0,85.0,19.0,0.0,91,82.91392806651481,145.73630733374597,56.0,109.32110595703125,85.0,611.0,19.0,1287.0,49.5,646.5,15.0,1291.0,85.0,611.0,19.0,1287.0,2083.0,3.0,1415.0,45.0,2529.0,3.0
73,0.8168901305237054,0.0,258258.18660670228,21,215368.3242122963,216515.18811911304,-0.16607358302148356,-0.16163281805722218,-0.16219020664854966,1.9709000510065249,210,105,0.0024304743579754064,0.17939551475212384,0.0665406711456993,1146.863906816967,1873727.8136339323,237674.12922297005,936.8639068169662,210.0,2309.0,8275.0,0.0,67.0,17.0,0.0,77,76.68389121321933,158.53922303432637,46.0,134.0,67.0,483.0,17.0,1050.0,48.75,501.25,11.0,1056.0,67.0,483.0,17.0,1050.0,2135.0,3.0,1032.0,32.0,2385.0,6.0
74,0.7502981475656123,0.0,17254.865165984946,14,15328.654484458533,15570.798120917818,-0.11163290254644309,-0.09759954823564665,-0.09887675488963754,2.612425201573786,155,72,0.0036846004701982372,0.17809717294668112,0.11047429271436356,242.14363645930305,174287.27291860603,16678.68546184703,87.14363645930301,155.0,1573.0,5483.0,0.0,50.0,19.0,0.0,65,62.23921930962242,138.2340932670376,41.324947357177734,115.0,50.0,236.0,19.0,605.0,35.25,250.75,12.25,611.75,50.0,236.0,19.0,605.0,1294.0,1.0,737.0,22.0,1722.0,8.0
75,0.7826759213255646,0.0,455700.65042026393,25,365213.72399364546,366707.80855756375,-0.19856659485381045,-0.19528794128476157,-0.195690508261136,1.5763128700167404,217,105,0.0030553866248987055,0.1683895169712408,0.05333886246974705,1494.0845639184745,2554169.1278369497,405086.00424765685,1277.084563918475,217.0,2825.0,9775.0,0.0,56.0,31.0,0.0,75,84.02812479130633,168.04755673082556,46.45096969604492,139.500732421875,56.0,533.0,31.0,1255.0,33.75,555.25,22.0,1264.0,56.0,533.0,31.0,1255.0,2507.0,9.0,1331.0,25.0,3486.0,10.0
76,0.6812282048793585,0.0,29558.216827976255,14,23501.07945824178,23802.188212256297,-0.20492228624568165,-0.19473531333838767,-0.1957527929555749,2.5323859606150134,169,84,0.005029701017578012,0.17726174878065798,0.09676082066827027,301.108754014536,264217.5080290719,26083.850579880032,132.10875401453595,169.0,1859.0,5197.0,0.0,42.0,29.0,0.0,68,58.697078002873546,129.78741204801491,28.0,94.11298370361328,42.0,252.0,29.0,629.0,25.5,268.5,21.5,636.5,42.0,252.0,29.0,629.0,1125.0,5.0,770.0,10.0,1365.0,9.0
77,0.748439949874889,0.0,64183.44212219898,26,53303.891918608046,53725.3955274279,-0.1695071165375852,-0.16293994602003403,-0.1635349511767038,1.7706290516965846,220,102,0.0032278467440609794,0.17891393276017684,0.054338547359041915,421.503608819837,403007.21763967426,56901.70073363476,201.50360881983713,220.0,2904.0,10200.0,0.0,60.0,32.0,0.0,83,65.45285012336164,190.363630463548,41.5,169.12374877929688,60.0,618.0,32.0,1448.0,41.25,636.75,19.5,1460.5,60.0,618.0,32.0,1448.0,2616.0,11.0,1089.0,20.0,2427.0,8.0
78,0.9239488041007295,0.0,131177.3758833558,13,104850.0972753632,105342.59333488467,-0.2006998419560022,-0.19694541360122697,-0.19731793492466698,1.697091239938338,111,54,0.002190615909641719,0.1861261008706676,0.09937732554944047,492.4960595215326,762992.1190430648,112397.03869292073,381.4960595215324,111.0,1244.0,5282.0,0.0,37.0,7.0,0.0,43,85.64370984816894,301.42701256643204,55.0,340.388671875,37.0,151.0,7.0,363.0,25.75,162.25,4.75,365.25,37.0,151.0,7.0,363.0,1345.0,0.0,420.0,12.0,1702.0,2.0
79,0.8315468435219934,0.0,103471.20500200054,15,87734.14589195058,88292.62208608547,-0.15209119396788406,-0.14669378708425795,-0.14727436378371395,2.1611001691261267,148,71,0.00563118957589314,0.18732698561308037,0.11467431758520079,558.4761941349302,820952.3882698601,94969.26611710743,410.47619413493004,148.0,1486.0,6074.0,0.0,53.0,9.0,0.0,57,53.94205548961802,201.80842527558065,38.0,213.16993713378906,53.0,251.0,9.0,542.0,35.5,268.5,5.25,545.75,53.0,251.0,9.0,542.0,1463.0,3.0,704.0,22.0,1847.0,3.0
80,0.8395158532279443,0.0,333709.2709619539,25,293802.3223247216,295319.15269727213,-0.11958597530777648,-0.11504061051111347,-0.11541629833194389,2.0772390171326895,224,113,0.0018452237702988115,0.1697207656273054,0.053904661911700215,1516.830372550852,2585660.7451017043,311189.603576628,1292.8303725508522,224.0,2098.0,10502.0,0.0,61.0,25.0,0.0,77,72.4915438013511,154.22554383163114,52.0,152.0,61.0,470.0,25.0,1369.0,47.25,483.75,15.75,1378.25,61.0,470.0,25.0,1369.0,2632.0,6.0,357.0,14.0,2767.0,9.0
81,0.9500682306506238,0.0,32668.719621197564,23,27475.34876641063,27730.44918325703,-0.15897074984895165,-0.15116204415725754,-0.15216527881193798,1.5639714446986968,162,77,0.0013603718065276931,0.17227498994354887,0.053076342642336294,255.1004168464312,186200.83369286242,29764.1038018975,93.10041684643122,162.0,1635.0,9957.0,0.0,52.0,10.0,0.0,47,70.57582090869488,249.87568230645257,34.5,302.56011962890625,52.0,329.0,10.0,690.0,37.25,343.75,5.25,694.75,52.0,329.0,10.0,690.0,2732.0,2.0,769.0,16.0,3470.0,5.0
82,0.7298917072861134,0.0,161443.0560380236,21,121292.24548243433,122093.84106615552,-0.24869952007185014,-0.2437343292275168,-0.24452137310814948,2.126802470600952,210,102,0.00253040799298387,0.17839602767983223,0.0552917655581455,801.5955837212085,1183191.1674424172,139080.98939579626,591.5955837212086,210.0,1934.0,8650.0,0.0,53.0,34.0,0.0,79,60.18102213720084,120.04791502167069,35.0,105.22217559814453,53.0,429.0,34.0,1143.0,35.5,446.5,26.5,1150.5,53.0,429.0,34.0,1143.0,2104.0,8.0,481.0,16.0,2093.0,12.0
83,0.8134205837089461,0.0,72163.74819283173,13,55160.41387573638,55489.51960231751,-0.2356215515809965,-0.23106101066089757,-0.23169537878586244,1.6225998504084533,122,58,0.004838879043219936,0.1904716913761167,0.11027090944395455,329.10572658116206,414211.4531623242,63819.10072561262,207.10572658116212,122.0,2015.0,4537.0,0.0,38.0,13.0,0.0,49,107.46649532217823,221.5859813922948,60.5,184.0,38.0,209.0,13.0,377.0,23.25,223.75,9.25,380.75,38.0,209.0,13.0,377.0,1062.0,4.0,1055.0,18.0,1876.0,5.0
84,0.7134013842299154,0.0,407292.692253982,8,354509.8526339695,356687.86601343064,-0.1295943694150492,-0.12424683084909094,-0.12463745919376568,2.6955329720826096,142,75,0.003469836485871134,0.20134233609687846,0.17646261709442962,2178.0133794614703,4072026.7589229415,377664.3432946799,2036.0133794614708,142.0,1182.0,2850.0,0.0,45.0,14.0,0.0,57,69.12640845781358,94.95867568056862,41.51920700073242,46.32189178466797,45.0,136.0,14.0,261.0,31.75,149.25,11.5,263.5,45.0,136.0,14.0,261.0,711.0,2.0,672.0,29.0,1069.0,3.0
85,0.8672765556701217,0.0,93385.60248587004,27,77674.83676810992,78259.85279813556,-0.16823541637628003,-0.16197089578153256,-0.1625514871353383,1.907574767655737,264,130,0.001500402273972377,0.17555123858188432,0.048515509811634897,585.0160300257711,642032.0600515418,84142.45026428897,321.0160300257709,264.0,3060.0,10541.0,0.0,80.0,27.0,0.0,98,74.87905883292322,158.62904062923403,45.5,142.0,80.0,717.0,27.0,1821.0,55.5,741.5,20.25,1827.75,80.0,717.0,27.0,1821.0,2728.0,4.0,1165.0,33.0,3035.0,8.0
86,0.9124612230873207,0.0,55384.22860107333,14,43023.90193531402,43397.66683470605,-0.22317412335539455,-0.21642554332037744,-0.21766872458530884,2.1717498990774424,151,73,0.003660580545007432,0.17701549512360698,0.10093849145293252,373.76489939203,445529.7987840603,51286.95976609933,222.76489939203015,151.0,1963.0,5093.0,0.0,55.0,9.0,0.0,59,66.85441113740664,189.22742369912663,59.254600524902344,221.95297241210938,55.0,314.0,9.0,448.0,35.0,334.0,6.75,450.25,55.0,314.0,9.0,448.0,1242.0,2.0,831.0,20.0,1634.0,1.0
87,0.8060987145674546,0.0,32673.257080766118,17,26306.481414378417,26637.585661148158,-0.19486198301716462,-0.184728183195761,-0.18596120406099692,2.306605063738924,197,90,0.0022201844920321876,0.19110588956877828,0.09714946892390357,331.1042467697714,268208.4935395429,29069.61596459718,134.10424676977144,197.0,2216.0,6343.0,0.0,68.0,22.0,0.0,75,51.630142324819744,148.83483055521737,35.290496826171875,146.56927490234375,68.0,365.0,22.0,819.0,47.25,385.75,17.0,824.0,68.0,365.0,22.0,819.0,1494.0,10.0,1042.0,32.0,1386.0,9.0
88,0.8888952851951524,0.0,109868.58161610953,6,90679.19955475055,91112.40788733959,-0.17465759345477272,-0.17071462517196823,-0.17129718617086975,1.9143511844191905,50,24,0.002903453576357693,0.18990164754002634,0.1840449758905857,433.2083325890424,766416.6651780847,100088.30555959533,383.20833258904236,50.0,502.0,2522.0,0.0,15.0,5.0,0.0,20,56.03682133589564,72.63965124763725,41.0,39.15941619873047,15.0,36.0,5.0,64.0,10.75,40.25,2.5,66.5,15.0,36.0,5.0,64.0,640.0,2.0,20.0,0.0,657.0,1.0
89,0.8195674511918056,0.0,15235.621636002032,17,11924.775588675022,12150.195805360949,-0.21730954774457145,-0.20251394425221014,-0.2048111417743944,1.9382877324979628,172,73,0.006910034706582153,0.16996320046645086,0.09539322178295817,225.42021668592812,106840.43337185627,13780.259708160816,53.42021668592814,172.0,2348.0,6158.0,0.0,65.0,18.0,0.0,78,87.14336026649639,165.13533706397436,48.0,110.76579284667969,65.0,426.0,18.0,812.0,40.5,450.5,11.75,818.25,65.0,426.0,18.0,812.0,1459.0,5.0,1380.0,33.0,1817.0,3.0
90,0.7591948498384126,0.0,426318.6998450337,17,329732.80577186774,331360.8088864016,-0.2265579579508823,-0.2227392112828951,-0.2232827582962631,1.93782081805114,177,87,0.0024522170378844326,0.17792668119597818,0.08474634125787901,1628.003114534002,2902006.229068002,374390.42377335747,1451.003114534001,177.0,1846.0,6722.0,0.0,48.0,25.0,0.0,68,54.286646299006044,167.650594480069,35.0,130.0,48.0,310.0,25.0,773.0,34.0,324.0,17.75,780.25,48.0,310.0,25.0,773.0,1564.0,3.0,891.0,21.0,2471.0,8.0
91,0.827469424115878,0.0,107982.24631167903,19,86548.98527733982,87083.69086075723,-0.19848874946048478,-0.193536957831016,-0.19419486777644535,1.8203635395085334,184,92,0.0015484661485767814,0.1817929477384691,0.07605312558208047,534.7055834174508,701411.1668349025,96328.44643552235,350.70558341745124,184.0,2041.0,7535.0,0.0,49.0,24.0,0.0,68,76.73330121653908,127.31122133466982,47.254486083984375,121.5,49.0,371.0,24.0,848.0,35.0,385.0,18.0,854.0,49.0,371.0,24.0,848.0,1835.0,3.0,725.0,22.0,2183.0,5.0
92,0.7753380856489824,0.0,47092.85852292398,17,35788.05401279196,36102.59264556429,-0.2400534786952685,-0.23337436337634554,-0.2342726437254059,1.8536082808142993,165,78,0.004934522498137179,0.1804065416940119,0.07769580043217965,314.5386327723779,299077.26554475556,40337.17218469825,149.53863277237778,165.0,1528.0,7040.0,0.0,42.0,28.0,0.0,65,79.71101629306526,167.57534875217198,35.5,153.5400390625,42.0,255.0,28.0,780.0,29.75,267.25,17.5,790.5,42.0,255.0,28.0,780.0,1844.0,7.0,461.0,15.0,2629.0,9.0
93,0.8808401552596063,0.0,10245.524970852588,18,7637.9877160374745,7808.027234294002,-0.25450499239748825,-0.23790852528230655,-0.24075199987613938,1.7330006836005827,139,62,0.0058444988519161965,0.17694378285543957,0.07674087290545539,170.03951825653033,62079.036513060666,8955.425854778323,31.039518256530332,139.0,1620.0,7431.0,0.0,52.0,7.0,0.0,55,99.69969813349233,197.90534556340435,52.5,211.0985870361328,52.0,237.0,7.0,690.0,34.75,254.25,4.5,692.5,52.0,237.0,7.0,690.0,1926.0,0.0,683.0,19.0,2327.0,2.0
94,0.855448619655748,0.0,86245.0043881324,16,78891.53816591827,79271.45329860946,-0.0852625178047528,-0.08085744952994078,-0.0811136555743387,1.4703591450524112,138,67,0.0037262282156078864,0.17539441610194215,0.07779661333711133,379.91513269122186,483830.2653824438,82263.96030698976,241.91513269122188,138.0,1971.0,6093.0,0.0,49.0,6.0,0.0,52,87.65734042853832,179.87696266264047,67.0,147.0,49.0,272.0,6.0,505.0,30.25,290.75,3.5,507.5,49.0,272.0,6.0,505.0,1632.0,3.0,797.0,19.0,1927.0,2.0
95,0.8399501757357987,0.0,68224.2850463313,24,55046.01178770453,55477.35781804139,-0.19316103129079865,-0.18683856077983718,-0.1877561665189672,1.8637165033462573,204,103,0.0012767134539082416,0.17703055535007267,0.055631858025736954,431.3460303368878,454692.0606737755,60992.653638225966,227.34603033688776,204.0,2194.0,9902.0,0.0,64.0,13.0,0.0,69,57.193493359241835,158.91959093788662,36.690948486328125,127.0,64.0,541.0,13.0,1038.0,49.5,555.5,8.25,1042.75,64.0,541.0,13.0,1038.0,2580.0,5.0,709.0,20.0,2595.0,5.0
96,0.8597167750724725,0.0,26544.287547915384,11,17991.536335418867,18193.56052479716,-0.3222068475960356,-0.3145960127219174,-0.3164039337634843,2.0165511465320076,112,53,0.006757472670015642,0.19849501185139434,0.13802226577297955,202.0241893783078,180048.37875661554,22321.3255793507,90.02418937830777,112.0,1312.0,4232.0,0.0,35.0,13.0,0.0,46,67.54949576114548,165.21209664852134,46.0,215.0,35.0,172.0,13.0,286.0,20.25,186.75,9.75,289.25,35.0,172.0,13.0,286.0,968.0,6.0,694.0,13.0,1549.0,4.0
97,0.8540310059570319,0.0,99072.53271880929,12,77106.5711523238,77524.29049365302,-0.22171595863840443,-0.21749966043883373,-0.2181214099676998,1.8583010902378154,95,47,0.0007571554626542189,0.1721860931678235,0.10055255184023257,417.7193413293252,645438.6826586503,86831.82263215087,322.7193413293252,95.0,1075.0,4973.0,0.0,23.0,13.0,0.0,34,49.49558696534523,207.57910030768232,38.0,199.0,23.0,149.0,13.0,223.0,17.25,154.75,10.25,225.75,23.0,149.0,13.0,223.0,1319.0,3.0,308.0,6.0,1900.0,5.0
98,0.6875472196120652,0.0,363101.90766976203,7,292683.6516628402,294559.5121990028,-0.193935241097567,-0.1887690315664713,-0.18933756313093075,2.7442854258774663,95,49,0.0017937378814581984,0.19843035918846175,0.19237724205314083,1875.8605361627901,3561721.072325579,324467.0760865502,1780.8605361627895,95.0,1038.0,2490.0,0.0,22.0,17.0,0.0,36,69.8368135479184,99.37729432118049,36.5,61.0,22.0,75.0,17.0,138.0,14.25,82.75,15.0,140.0,22.0,75.0,17.0,138.0,579.0,7.0,664.0,7.0,959.0,8.0
99,0.7262743272151728,0.0,483275.63769977185,17,379521.1069521786,381158.96983310604,-0.21469017399972745,-0.21130108762094135,-0.2117922314845576,1.7581558235543107,147,73,0.0015962766217452256,0.1751621149595223,0.0786899120367721,1637.862880927693,2981725.761855385,423984.85417343286,1490.8628809276925,147.0,1247.0,7321.0,0.0,37.0,20.0,0.0,50,50.27227226314357,215.50451944602455,29.0,193.59133911132812,37.0,218.0,20.0,575.0,26.25,228.75,14.25,580.75,37.0,218.0,20.0,575.0,1875.0,5.0,419.0,12.0,2211.0,8.0
100,0.8768505934921027,0.0,75030.67327851367,12,65630.96931270747,65982.45769958397,-0.12527815032279555,-0.12059355438998587,-0.12102462508067369,1.7719378221776263,102,53,0.0014619924804062235,0.1841044352463672,0.10374952127583044,351.48838687654325,498976.7737530864,70399.87062580277,249.48838687654322,102.0,1097.0,4951.0,0.0,30.0,7.0,0.0,36,79.32348024649427,168.74073681817208,44.5,103.0,30.0,88.0,7.0,307.0,23.0,95.0,4.0,310.0,30.0,88.0,7.0,307.0,1396.0,3.0,451.0,10.0,1271.0,2.0
101,0.7262215491946458,0.0,14916.541679668802,17,13516.492542784266,13784.388444817068,-0.09385882914085897,-0.07589917684437908,-0.07694437178164137,2.408095598754556,199,90,0.00638343398953494,0.17012223838459342,0.08189768881638457,267.89590203280727,137791.8040656148,14305.059580782361,68.8959020328074,199.0,2104.0,6427.0,0.0,62.0,30.0,0.0,83,52.6723356024823,138.5309369598249,32.0,121.5,62.0,371.0,30.0,945.0,47.0,386.0,18.75,956.25,62.0,371.0,30.0,945.0,1573.0,12.0,604.0,22.0,1762.0,8.0
102,0.9123366944612347,0.0,161779.86862491752,10,135021.45043242595,135520.4701504173,-0.16540017259211826,-0.16231561255239957,-0.16270827750503092,1.4658327983045478,73,35,0.002700323615922422,0.18433307567510387,0.12964648577689403,499.01971799135697,852039.4359827135,145316.6140381466,426.01971799135674,73.0,878.0,4162.0,0.0,25.0,3.0,0.0,26,95.63102812008701,128.33333333333334,48.10905838012695,182.0,25.0,70.0,3.0,162.0,15.0,80.0,1.75,163.25,25.0,70.0,3.0,162.0,1101.0,0.0,401.0,7.0,1018.0,0.0
103,0.9000056865543824,0.0,20677.653009426525,22,17368.932943051816,17608.25248651045,-0.16001429489441243,-0.14844046959859503,-0.14954954558715994,1.717041276284915,176,77,0.0046215162540974184,0.1815240917310152,0.059413317374414014,239.31954345864602,126639.08691729212,18438.561825271816,63.31954345864606,176.0,2042.0,8955.0,0.0,66.0,11.0,0.0,70,62.1387921374215,156.0924774734218,37.0,147.1474151611328,66.0,495.0,11.0,965.0,44.75,516.25,8.75,967.25,66.0,495.0,11.0,965.0,2330.0,4.0,903.0,33.0,2852.0,5.0
104,0.8985321574218379,0.0,75171.25001762625,23,62256.71924780948,62704.66996720642,-0.17180146354874448,-0.16584239383403432,-0.16659639051352615,1.7860969600067365,204,99,0.002574866626290798,0.17446171257484597,0.06150822115157859,447.9507193969417,487901.4387938833,68291.5667120394,243.95071939694165,204.0,2257.0,9335.0,0.0,66.0,16.0,0.0,71,60.3632807236459,185.43446223089134,32.5,109.67596435546875,66.0,465.0,16.0,1086.0,45.25,485.75,11.5,1090.5,66.0,465.0,16.0,1086.0,2476.0,6.0,807.0,27.0,2521.0,5.0
105,0.7378770226916544,0.0,141074.44437049856,10,97991.94477964178,98526.38359572705,-0.30538840527140987,-0.30160005920724464,-0.302353880850906,1.8588203984095961,97,49,0.003492140350935236,0.18284641990755895,0.12714786295087158,534.4388160853691,874877.6321707376,117665.70252285825,437.4388160853688,97.0,900.0,4140.0,0.0,26.0,12.0,0.0,37,53.212787607288924,223.22427821648867,47.5,287.331298828125,26.0,83.0,12.0,249.0,19.75,89.25,8.75,252.25,26.0,83.0,12.0,249.0,1078.0,1.0,342.0,11.0,1169.0,3.0
106,0.7864291473591698,0.0,62769.70777555893,23,49089.22949321257,49640.60827593577,-0.21794713990485093,-0.2091629858556603,-0.21053024105106466,2.41019354442891,272,125,0.0031955891768325508,0.18161512119608267,0.06060766602459782,551.3787827232642,558757.5654465287,57957.748532071215,279.37878272326435,272.0,3095.0,8495.0,0.0,91.0,33.0,0.0,102,64.82891127495336,133.04412200521415,45.0,120.0,91.0,735.0,33.0,1486.0,64.75,761.25,21.75,1497.25,91.0,735.0,33.0,1486.0,2078.0,8.0,1242.0,43.0,2471.0,12.0
107,0.8056004954091661,0.0,123017.84154983243,15,100942.95789976427,101625.32358289922,-0.1794445697628828,-0.1738976858756498,-0.17457620948219632,2.288750424700994,174,90,0.0024946768110752572,0.17628729210360017,0.0861262354206935,682.3656831350524,1016731.3662701041,111057.47434246041,508.36568313505205,174.0,1792.0,5768.0,0.0,49.0,20.0,0.0,63,52.03855066317846,146.67709956053,32.82147216796875,125.52418518066406,49.0,305.0,20.0,571.0,36.25,317.75,14.75,576.25,49.0,305.0,20.0,571.0,1396.0,6.0,902.0,22.0,2142.0,10.0
108,0.6549357188946545,0.0,36217.4296392121,25,30596.95880499408,30994.841067628207,-0.15518690559235104,-0.14420097239395124,-0.14517610595003794,2.203956580617576,253,126,0.0021433387335130488,0.1663454914861073,0.05205803637814053,397.88226263417175,289764.5252683438,32868.674434950546,144.8822626341719,253.0,2955.0,9645.0,0.0,67.0,35.0,0.0,91,58.081032979610406,162.43738860297515,34.0,147.0,67.0,686.0,35.0,1487.0,49.25,703.75,27.5,1494.5,67.0,686.0,35.0,1487.0,2383.0,8.0,990.0,22.0,3372.0,12.0
109,0.6322850258552485,0.0,28901.599805978454,14,21287.34187379362,21545.751021377248,-0.2634545486513098,-0.254513550598663,-0.2557265173517216,2.091676856682452,155,77,0.003606098361479971,0.18261901138687864,0.0932424693366511,258.4091475836507,206818.29516730132,24719.197722459125,103.40914758365066,155.0,1522.0,5534.0,0.0,37.0,27.0,0.0,62,62.94695658951371,137.48197875813486,41.0,126.25042724609375,37.0,198.0,27.0,606.0,24.25,210.75,17.25,615.75,37.0,198.0,27.0,606.0,1388.0,7.0,539.0,11.0,1342.0,7.0
110,0.8757210983680698,0.0,314604.17990254593,23,276971.8282540452,278229.11606816907,-0.11961809172452187,-0.11562168006046414,-0.11593015998205769,1.7937025741209551,215,103,0.0016812595061183897,0.17308984139060307,0.06123748092699625,1257.2878141240662,2084575.6282481335,290540.870365552,1042.2878141240667,215.0,2489.0,9101.0,0.0,71.0,18.0,0.0,79,78.29591754889606,184.3380707380295,56.0,199.0,71.0,482.0,18.0,1245.0,50.0,503.0,10.75,1252.25,71.0,482.0,18.0,1245.0,2335.0,4.0,1274.0,36.0,3212.0,6.0
111,0.832450122962842,0.0,459720.65118517075,27,386773.73805483495,388502.91630553955,-0.15867660707056974,-0.15491523971357435,-0.1553307896658488,1.7516697708605684,246,125,0.002634225955204937,0.16307338936672947,0.0575152821180654,1729.1782507045987,2966356.5014091968,423361.26231599454,1483.1782507045984,246.0,2800.0,10808.0,0.0,70.0,24.0,0.0,87,67.73657978720615,165.87116335277628,50.5,122.6583251953125,70.0,568.0,24.0,1687.0,51.25,586.75,17.25,1693.75,70.0,568.0,24.0,1687.0,2678.0,11.0,1053.0,30.0,2653.0,3.0
112,0.8530932587403638,0.0,37527.2993431842,16,28843.557929663817,29112.249122469977,-0.23139798401447031,-0.22423809781138926,-0.2255891970921805,1.7796765388491067,149,72,0.0022223839234173904,0.1782159624588344,0.0784973362442339,268.69119280616053,239382.3856123211,33627.232306934624,119.69119280616054,149.0,1437.0,6627.0,0.0,47.0,14.0,0.0,55,63.06251949985677,106.3141897926159,30.0,68.9443130493164,47.0,287.0,14.0,532.0,33.0,301.0,9.25,536.75,47.0,287.0,14.0,532.0,1685.0,3.0,599.0,22.0,2295.0,5.0
113,0.6146243822281385,0.0,46423.785830595894,16,40109.31282606912,40496.4544041613,-0.13601805392539046,-0.1276787603678835,-0.12857363122319299,2.323591844238683,180,83,0.004792525318164316,0.1947927590490412,0.12028855849685209,387.14157809219785,414283.1561843959,44573.57229192444,207.14157809219796,180.0,2364.0,5700.0,0.0,54.0,27.0,0.0,69,64.39189982973338,105.61711309571221,54.0,90.17900848388672,54.0,375.0,27.0,648.0,37.5,391.5,21.75,653.25,54.0,375.0,27.0,648.0,1309.0,8.0,1309.0,27.0,1020.0,6.0
114,0.6357368782652277,0.0,149815.4980427647,21,123161.92749019811,124168.86269971325,-0.17790930111221437,-0.1711881325904656,-0.1719269894274712,2.6567360483675815,276,137,0.003372826471798359,0.1796520061584884,0.06693886184454173,1006.9352095151874,1461870.4190303748,137562.63253255945,730.9352095151875,276.0,3085.0,7499.0,0.0,81.0,37.0,0.0,105,60.10573747888904,116.37731779379862,38.54521179199219,81.0,81.0,743.0,37.0,1344.0,58.5,765.5,27.5,1353.5,81.0,743.0,37.0,1344.0,1764.0,8.0,1190.0,30.0,1703.0,9.0
115,0.8073302924530524,0.0,456361.01465704513,30,357745.7628130461,359645.19505867263,-0.21609043865876298,-0.211928312218024,-0.21256575123094557,1.9694629438158429,306,148,0.0014701862437537323,0.17720491064499688,0.04542531233956844,1899.4322456267626,3186864.491253523,404534.71100590494,1593.4322456267616,306.0,3300.0,11820.0,0.0,99.0,29.0,0.0,113,67.8411915461202,134.29106758875898,45.0,109.0,99.0,960.0,29.0,2302.0,65.5,993.5,22.25,2308.75,99.0,960.0,29.0,2302.0,3071.0,4.0,1531.0,49.0,4130.0,9.0
116,0.7787494573637838,0.0,101713.2605673788,9,94775.35948813501,95315.15498904971,-0.06821038909324761,-0.06290335736598218,-0.063052933623165,2.280846657786825,108,57,0.002943054002456327,0.18816899266807313,0.13704843934204933,539.7955009147429,863591.0018294859,94656.84583410952,431.79550091474295,108.0,1041.0,3495.0,0.0,29.0,13.0,0.0,41,79.68395692781714,128.31823675222603,59.0,86.0,29.0,86.0,13.0,241.0,22.25,92.75,8.0,246.0,29.0,86.0,13.0,241.0,932.0,4.0,368.0,12.0,1037.0,5.0
117,0.8150902286310444,0.0,10681.282592391943,7,8814.848762903704,8887.2821779489,-0.1747387369769301,-0.16795739640114682,-0.16825867791666393,1.3210201546982956,49,24,0.000968277395024683,0.1774377064530703,0.17120422666500046,72.4334150452003,46866.83009040057,8869.438880950374,23.433415045200285,49.0,387.0,3141.0,0.0,11.0,7.0,0.0,18,78.33799698572798,236.27113228078636,56.9550895690918,321.0,11.0,19.0,7.0,89.0,6.0,24.0,5.75,90.25,11.0,19.0,7.0,89.0,925.0,5.0,133.0,3.0,956.0,1.0
118,0.7220879719751172,0.0,162281.1055422469,9,133072.49871911976,133872.84662457774,-0.17998772392836093,-0.17505586262027029,-0.17574070059113422,2.2795324008790785,111,55,0.0032712046675026202,0.1933797047340389,0.15573536878001032,800.3479054580487,1378695.8109160971,151203.79626808738,689.3479054580486,111.0,1536.0,3000.0,0.0,39.0,8.0,0.0,44,68.6207142862116,103.53344452878483,46.81560134887695,88.86022186279297,39.0,148.0,8.0,201.0,25.75,161.25,6.0,203.0,39.0,148.0,8.0,201.0,679.0,3.0,816.0,22.0,1136.0,6.0
119,0.7710891202485859,0.0,131617.74019926297,5,97152.9900924537,97374.5234309149,-0.26185489930636463,-0.26017174217172767,-0.2604664869300325,0.9377887207030747,24,13,0.0010322771560736688,0.20426605339320672,0.263960992809288,221.533338461182,395066.67692236404,105318.67898405102,197.533338461182,24.0,166.0,2354.0,0.0,4.0,2.0,0.0,6,40.93682080954215,234.87364161908428,44.5,234.87364196777344,4.0,7.0,2.0,17.0,2.5,8.5,0.75,18.25,4.0,7.0,2.0,17.0,669.0,0.0,40.0,0.0,469.0,0.0
120,0.9422071095413662,0.0,240022.58299231544,6,164317.83195313025,164883.55483583355,-0.31540678420917145,-0.31304982731098907,-0.31362353065152315,1.2831072819291909,52,29,0.0005497143871408507,0.17211253092608858,0.2293333648527256,565.7228827033769,1027445.7654067536,200187.03421703712,513.7228827033769,52.0,455.0,2569.0,0.0,16.0,1.0,0.0,16,44.88777577974675,145.0,28.0,145.0,16.0,26.0,1.0,53.0,11.75,30.25,1.0,53.0,16.0,26.0,1.0,53.0,578.0,1.0,252.0,10.0,951.0,0.0
121,0.8173738157978145,0.0,291978.53081931395,26,217177.99007678457,218217.91137525902,-0.2561850713223105,-0.2526234351446218,-0.2532350861911432,1.6224259402369778,211,101,0.0015062933004227628,0.17744362239302738,0.052018647744975395,1039.921298474824,1657842.596949648,255457.3610779881,828.9212984748241,211.0,2717.0,10387.0,0.0,56.0,28.0,0.0,79,80.75511404262195,170.30324589883062,47.0,154.5,56.0,578.0,28.0,1392.0,38.0,596.0,18.5,1401.5,56.0,578.0,28.0,1392.0,2708.0,5.0,1182.0,22.0,3244.0,7.0
122,0.8718681775104881,0.0,240968.79124726917,5,174889.41855321912,175785.98298457733,-0.27422377956920974,-0.2705031133919942,-0.2714721227906024,2.0017020231949965,47,23,0.0046134564985350875,0.1988801107937528,0.29574631083363406,896.5644313583502,1699128.8627166997,212210.51423086596,849.5644313583499,47.0,400.0,2120.0,0.0,15.0,4.0,0.0,18,41.2,38.08415382981882,26.0,34.96712112426758,15.0,28.0,4.0,43.0,12.5,30.5,3.5,43.5,15.0,28.0,4.0,43.0,503.0,1.0,258.0,8.0,666.0,1.0
123,0.8890187624413899,0.0,19640.225744285046,24,15682.778657559526,15973.54651990506,-0.2014970264726752,-0.1866923156647995,-0.1889079976932111,2.0078756126223167,219,103,0.0029679124847893585,0.17641688510296585,0.05626110818500302,290.7678623455366,143535.72469107318,17871.590723642148,71.76786234553659,219.0,2618.0,9376.0,0.0,77.0,15.0,0.0,80,58.2383224447892,143.15101529106363,44.0,101.0,77.0,619.0,15.0,1205.0,56.5,639.5,12.0,1208.0,77.0,619.0,15.0,1205.0,2325.0,3.0,1007.0,31.0,3517.0,6.0
124,0.6158855680634837,0.0,30449.175647622713,28,25453.346650188247,25915.263497271517,-0.16407107552760658,-0.14890098184661948,-0.15054621631348786,2.426483336989547,323,146,0.003545361850560548,0.17530880041430744,0.04752197685528598,461.9168470832662,277833.6941665324,28625.139304606866,138.91684708326622,323.0,3823.0,10273.0,0.0,96.0,53.0,0.0,131,62.71123785169723,129.53627014038142,34.87847137451172,118.0,96.0,1068.0,53.0,2449.0,67.5,1096.5,36.0,2466.0,96.0,1068.0,53.0,2449.0,2535.0,18.0,1431.0,39.0,3212.0,15.0
125,0.8067244497218271,0.0,28632.170669488525,24,23021.046724575644,23356.879501037234,-0.19597270530705158,-0.18424349412225427,-0.1859070095038894,2.0506575087768337,229,111,0.0024182405335429107,0.17460130243351452,0.0635278454497379,335.83277646160406,213665.5529232082,26048.42008096398,106.8327764616041,229.0,2099.0,9982.0,0.0,74.0,20.0,0.0,81,43.13931564963685,226.81834563857768,31.0,224.46209716796875,74.0,513.0,20.0,1336.0,57.0,530.0,12.75,1343.25,74.0,513.0,20.0,1336.0,2585.0,5.0,811.0,31.0,2499.0,8.0
126,0.7206628450166456,0.0,35806.02560108005,29,26451.4588350865,26888.796421866253,-0.2612567747734442,-0.24904269685113611,-0.2508684674780769,2.258567860389916,299,136,0.0027026815746952265,0.18262771541783668,0.05222323472586762,437.33758677974765,276675.1735594954,30625.067593909997,138.3375867797477,299.0,3182.0,11409.0,0.0,77.0,57.0,0.0,117,55.77577937033365,145.420931720154,41.36646270751953,132.95118713378906,77.0,918.0,57.0,2336.0,52.25,942.75,40.75,2352.25,77.0,918.0,57.0,2336.0,2726.0,17.0,1337.0,28.0,3420.0,15.0
127,0.6411539341211799,0.0,102174.25370687533,20,77152.97499893916,77925.25443177483,-0.244888294263631,-0.2373298399092567,-0.23856154678728414,2.7826882321902757,268,134,0.0022308951285416674,0.18211098117228464,0.07767833259666883,772.2794328357558,1008558.865671512,90610.12063842195,504.279432835756,268.0,2785.0,7295.0,0.0,67.0,47.0,0.0,102,52.07213671600131,108.19183837096315,40.18503189086914,73.0,67.0,596.0,47.0,1330.0,50.75,612.25,36.25,1340.75,67.0,596.0,47.0,1330.0,1644.0,11.0,1523.0,26.0,2524.0,14.0
128,0.7435813583105393,0.0,187112.83947999272,16,162625.92220025964,163631.56165924703,-0.13086711391791672,-0.12549260588425015,-0.12596294355977156,2.251648776349304,211,106,0.0019711039814204264,0.17996542077872058,0.08067952349417656,1005.6394589875883,1589278.9179751764,176457.24043071488,794.6394589875882,211.0,2220.0,5844.0,0.0,66.0,23.0,0.0,83,70.06377112440576,169.39453107043627,50.0,164.0,66.0,401.0,23.0,838.0,44.0,423.0,14.5,846.5,66.0,401.0,23.0,838.0,1451.0,6.0,913.0,31.0,2245.0,10.0
129,0.8024034413540682,0.0,17094.236440327393,7,14675.080602120146,14827.525277669536,-0.14151880059995914,-0.13260090151265302,-0.133581854326413,2.3674155404494597,77,41,0.0035560860404454213,0.1857651607311572,0.17267893707240037,152.44467554939985,150889.3510987996,15933.974044767074,75.4446755493998,77.0,663.0,2865.0,0.0,19.0,10.0,0.0,28,58.38834671077183,128.97447426562908,37.0,116.13043212890625,19.0,49.0,10.0,118.0,15.25,52.75,5.25,122.75,19.0,49.0,10.0,118.0,674.0,3.0,114.0,3.0,627.0,6.0
130,0.8185699189134679,0.0,22338.903216715364,24,17830.917497738945,18128.456457724442,-0.20179977840645558,-0.18848046021527154,-0.1900884451085858,1.8565897934716875,223,104,0.003052242175266343,0.17288172228969045,0.053379532543694444,297.5389599855105,149077.91997102078,20074.15968988173,74.53895998551039,223.0,2601.0,9460.0,0.0,67.0,28.0,0.0,86,67.10594373925754,179.96202965755265,45.0,157.0,67.0,514.0,28.0,1451.0,47.75,533.25,19.75,1459.25,67.0,514.0,28.0,1451.0,2201.0,5.0,921.0,33.0,3275.0,7.0
131,0.7750255512417943,0.0,366056.9523224937,30,303165.7091919103,304927.5027234137,-0.17180726313641126,-0.1669943685299149,-0.1674960743463595,2.1938437790381533,316,150,0.0021336817103073,0.17418900684214902,0.046781743317151604,1761.7935315032641,2891587.063006529,329511.50517589354,1445.7935315032646,316.0,4190.0,10930.0,0.0,101.0,35.0,0.0,120,72.25282958615284,121.25674035699394,50.0,123.32763671875,101.0,1211.0,35.0,2253.0,69.75,1242.25,23.5,2264.5,101.0,1211.0,35.0,2253.0,2588.0,9.0,2106.0,47.0,3253.0,19.0
132,0.8579176217174203,0.0,28247.980836566843,14,23275.543536415687,23465.114821360432,-0.17602806122391468,-0.16931709359612068,-0.17014864720824385,1.5639095772821399,109,54,0.002088742738889687,0.17617844298419028,0.0933347266635466,189.5712849447544,161142.569889509,25759.572712885463,80.57128494475451,109.0,1466.0,5590.0,0.0,31.0,10.0,0.0,39,93.78386820130625,160.75783420860543,58.0,141.0,31.0,142.0,10.0,363.0,22.25,150.75,6.75,366.25,31.0,142.0,10.0,363.0,1419.0,0.0,514.0,12.0,1927.0,2.0
133,0.7677493392534847,0.0,211784.97348399367,25,176346.11078465678,177460.9410929914,-0.1673341697304852,-0.16207019707938075,-0.162758391202395,2.110990813785972,280,136,0.0038810650342596003,0.17496692654460352,0.05810706106519132,1114.8303083346213,1669660.6166692423,197734.23524221513,834.8303083346211,280.0,3213.0,9387.0,0.0,95.0,24.0,0.0,100,61.2758019123595,138.97891178905743,42.0,117.59510803222656,95.0,815.0,24.0,1566.0,67.0,843.0,16.75,1573.25,95.0,815.0,24.0,1566.0,2258.0,5.0,1377.0,50.0,3136.0,8.0
134,0.7304266356999688,0.0,40901.502787480684,11,33204.66746608271,33438.09070396224,-0.18817976839114703,-0.1824728084514997,-0.18327147439469826,1.8259196375516984,97,45,0.003110864132180536,0.18723421735525142,0.13680525765473742,233.42323787954643,272846.47575909283,37357.404749332454,136.42323787954643,97.0,1149.0,4395.0,0.0,28.0,13.0,0.0,41,72.51298641934102,164.9050223128425,31.0,116.67195892333984,28.0,129.0,13.0,281.0,17.0,140.0,8.25,285.75,28.0,129.0,13.0,281.0,1121.0,2.0,467.0,9.0,1437.0,6.0
135,0.8203265888825945,0.0,32573.88145923576,19,26349.740862259365,26692.5820547691,-0.1910776462045375,-0.180552612737501,-0.1816449825665123,2.242169038245188,214,103,0.0037930155660078624,0.1812833463574944,0.07338280122555715,342.8411925097666,257682.3850195331,28731.373574448,128.84119250976656,214.0,2471.0,7105.0,0.0,70.0,22.0,0.0,82,72.39676416767468,119.1758240494478,63.5,97.06169128417969,70.0,484.0,22.0,982.0,45.75,508.25,15.25,988.75,70.0,484.0,22.0,982.0,1797.0,2.0,1012.0,31.0,1903.0,9.0
136,0.8758326008251509,0.0,10944.112277749386,24,9143.718276759533,9416.29595499854,-0.16450799802650562,-0.13960166745155456,-0.1419232151359725,2.267381580255555,227,100,0.0066763908500083735,0.1708833754602346,0.055129141734104624,272.5776782390083,91155.35647801693,10050.729580742081,45.57767823900846,227.0,2698.0,9377.0,0.0,84.0,19.0,0.0,92,70.6793928188807,151.93077002051191,39.0,123.0,84.0,577.0,19.0,1524.0,60.0,601.0,12.5,1530.5,84.0,577.0,19.0,1524.0,2305.0,4.0,779.0,25.0,2434.0,5.0
137,0.8945002881760608,0.0,250399.64184535175,18,201324.11061270052,202313.49027133375,-0.1959888235900935,-0.19203762121878865,-0.19268947835903205,1.7826254034170754,159,77,0.002942646195740507,0.16301145189790187,0.07386158790578501,989.3796586332301,1660759.3172664605,232909.18468947368,830.3796586332303,159.0,2023.0,7049.0,0.0,54.0,10.0,0.0,59,91.11535822810185,127.30772324360237,62.0,114.94666290283203,54.0,323.0,10.0,675.0,35.75,341.25,8.0,677.0,54.0,323.0,10.0,675.0,1681.0,1.0,829.0,16.0,3042.0,4.0
138,0.7786013865498749,0.0,18668.747758637863,9,15452.774780180425,15607.286851641253,-0.1722650613761405,-0.16398855170026594,-0.16495429249467586,1.9023660514276142,90,46,0.00458102078237064,0.18044359537489152,0.13915707620068618,154.51207146084096,129024.14292168188,16955.74608588826,64.51207146084094,90.0,951.0,3585.0,0.0,26.0,9.0,0.0,32,95.1493304565004,135.68302426102343,58.383827209472656,143.0,26.0,70.0,9.0,183.0,18.5,77.5,5.5,186.5,26.0,70.0,9.0,183.0,911.0,2.0,297.0,10.0,966.0,4.0
139,0.8077067981140235,0.0,219384.95437207926,8,160591.9598249093,161097.9605713213,-0.2679900940128118,-0.26568364256147925,-0.2660545193343854,1.179283990400755,67,34,0.0024215583445394667,0.19424720260982883,0.16042102017302426,506.0007464120366,878001.4928240732,186130.206966878,439.0007464120366,67.0,678.0,3354.0,0.0,16.0,9.0,0.0,25,104.06961928746006,179.4132579848233,58.0,150.97862243652344,16.0,29.0,9.0,146.0,8.75,36.25,6.0,149.0,16.0,29.0,9.0,146.0,938.0,3.0,363.0,10.0,1094.0,2.0
140,0.9199804315940959,0.0,262800.1260358217,29,220810.76557857954,221811.6467093988,-0.15977678964856612,-0.15596826358004046,-0.15637468104259067,1.6016714363109454,236,112,0.0018577060229696364,0.1721977541148632,0.05276788187671585,1000.8811308193756,1529762.2616387508,238775.9166702411,764.8811308193754,236.0,3215.0,11401.0,0.0,83.0,12.0,0.0,84,78.79561922942706,215.0823632297136,43.0,221.72361755371094,83.0,763.0,12.0,1578.0,59.0,787.0,9.25,1580.75,83.0,763.0,12.0,1578.0,2836.0,3.0,1293.0,38.0,3265.0,4.0
141,0.9310863837787616,0.0,58655.81548705798,8,41835.912337282614,42091.002961554266,-0.28675593391905985,-0.2824069938838142,-0.2834328798051864,1.86476771663351,68,33,0.0020629357524341936,0.20912637607131745,0.158111850848278,255.09062427167444,374181.248543349,50164.59224461256,187.0906242716745,68.0,437.0,3595.0,0.0,24.0,3.0,0.0,25,52.809481780796766,385.10733777881813,25.757160186767578,420.0,24.0,61.0,3.0,112.0,16.0,69.0,0.75,114.25,24.0,61.0,3.0,112.0,1046.0,1.0,82.0,5.0,1394.0,0.0
142,0.7907521064109654,0.0,19162.620062865833,9,14211.200203056254,14354.864001387214,-0.2583895022479028,-0.250892416887986,-0.2522955233379015,1.799218026787852,83,41,0.007059513458844131,0.18735113846155574,0.14811117874221735,143.66379833097085,121327.5966619417,16858.378870090044,60.66379833097085,83.0,824.0,3712.0,0.0,21.0,12.0,0.0,32,55.89887201802386,135.3583587693883,37.0,140.2206573486328,21.0,70.0,12.0,185.0,12.75,78.25,6.75,190.25,21.0,70.0,12.0,185.0,899.0,3.0,320.0,5.0,918.0,3.0
143,0.6955394404008977,0.0,463723.2473479096,16,363510.03654677456,365763.2078634715,-0.21610564355845163,-0.21124677282125404,-0.21189149992505385,2.481985068706766,200,96,0.004750070538212684,0.1896109651977745,0.09611393353029538,2253.171316697241,4106342.6333944816,413614.7599322671,2053.171316697241,200.0,2461.0,5603.0,0.0,65.0,23.0,0.0,80,71.71085324027922,133.81975981817462,39.0,123.48644256591797,65.0,446.0,23.0,746.0,40.75,470.25,17.0,752.0,65.0,446.0,23.0,746.0,1321.0,4.0,1085.0,28.0,1617.0,10.0
144,0.824339511073794,0.0,111911.67589816525,8,100208.58310219241,100912.68721735195,-0.1045743681528114,-0.09828276265670355,-0.09895381263339975,2.695731184841747,105,55,0.0025751396903445595,0.19461691359335082,0.16437728981487526,704.1041151596195,1198208.2303192378,111120.8933829189,599.1041151596189,105.0,1186.0,2846.0,0.0,31.0,11.0,0.0,40,74.34527582151969,149.2307996416968,50.086421966552734,144.0,31.0,94.0,11.0,184.0,21.5,103.5,9.5,185.5,31.0,94.0,11.0,184.0,683.0,4.0,441.0,10.0,807.0,3.0
145,0.8210013116965914,0.0,290948.6407803807,23,236062.94695632788,237227.74836951314,-0.18864392587241074,-0.18464046529579137,-0.18510692564726972,1.8023696910260039,235,119,0.0016655049126854259,0.1805326478955402,0.058800821655275046,1164.8014131854086,1859602.8263708176,257938.59545433123,929.8014131854088,235.0,2319.0,9273.0,0.0,71.0,22.0,0.0,83,62.14656394101648,165.8568634180214,35.0,123.5,71.0,422.0,22.0,1394.0,53.75,439.25,15.75,1400.25,71.0,422.0,22.0,1394.0,2370.0,7.0,1223.0,37.0,3392.0,5.0
146,0.8583675074648042,0.0,190686.5421773899,9,152578.80425374815,153229.3587723736,-0.19984492606820292,-0.19643328248183878,-0.19698389461407118,1.6062246726500062,80,42,0.005048331424508545,0.17219431337332913,0.13360354411426723,650.5545186255412,1141109.0372510822,177607.3199287308,570.5545186255412,80.0,1048.0,3488.0,0.0,24.0,5.0,0.0,28,79.3246091132978,209.623070644146,34.957969665527344,188.0,24.0,70.0,5.0,153.0,16.75,77.25,3.25,154.75,24.0,70.0,5.0,153.0,823.0,3.0,516.0,10.0,1206.0,3.0
147,0.7918947837844452,0.0,218469.88593829036,7,151282.28606812234,152122.97837591276,-0.3075371215653311,-0.3036890291649539,-0.30463422571151044,1.9928860603696026,72,38,0.004001785676849013,0.1899573202922314,0.20725082054705263,840.6923077905852,1537384.615581171,192859.07084121584,768.6923077905855,72.0,667.0,2861.0,0.0,17.0,10.0,0.0,27,58.261017974033535,140.31173309581536,36.98169708251953,131.0,17.0,52.0,10.0,110.0,11.0,58.0,7.0,113.0,17.0,52.0,10.0,110.0,644.0,2.0,260.0,6.0,852.0,3.0
148,0.7137894394640398,0.0,208429.32087870184,22,173378.37935280852,174617.45359883638,-0.16816703800657518,-0.16222222064208858,-0.16304545078621224,2.4484326140184005,266,121,0.0039021783770271257,0.18216677992692257,0.07854573798714845,1239.0742460281037,1946148.492056209,198713.70779346913,973.0742460281044,266.0,3054.0,8034.0,0.0,86.0,37.0,0.0,103,63.767112443154474,152.537932000735,36.34688949584961,136.36134338378906,86.0,713.0,37.0,1430.0,57.25,741.75,26.75,1440.25,86.0,713.0,37.0,1430.0,1898.0,12.0,1570.0,42.0,2093.0,12.0
149,0.7759564337602317,0.0,52407.398080610954,10,46295.526706545934,46696.80964872641,-0.1166223013908072,-0.10896531102537743,-0.10954111714900772,2.8038570357609953,126,66,0.0014379985590641804,0.184358735616147,0.13469405148006142,401.28294218050723,550565.8843610148,49090.04608107503,275.2829421805074,126.0,1324.0,3716.0,0.0,30.0,20.0,0.0,49,70.90359623239361,91.12889058311829,49.80771255493164,79.76536560058594,30.0,133.0,20.0,307.0,24.25,138.75,15.5,311.5,30.0,133.0,20.0,307.0,884.0,5.0,454.0,11.0,1156.0,6.0
150,0.8681099255131673,0.0,24760.365508049512,5,19680.585212831298,19755.861285260602,-0.20515772651121789,-0.2021175422940329,-0.20241407117633503,1.118107382212774,29,15,0.004775617388802381,0.2175684098728945,0.23891999465199926,75.27607242931741,92552.14485863484,20693.930281425848,46.27607242931742,29.0,354.0,2166.0,0.0,5.0,4.0,0.0,9,150.32103411040424,166.0383365087619,181.29319763183594,167.15597534179688,5.0,6.0,4.0,30.0,3.25,7.75,2.25,31.75,5.0,6.0,4.0,30.0,608.0,2.0,60.0,2.0,761.0,2.0
151,0.8376072523941465,0.0,167164.5598429965,24,130579.72255346978,131395.12667525286,-0.21885522459956674,-0.21397737176671205,-0.2147181388108622,1.9277379923564886,242,112,0.003668488469643812,0.16789556578779555,0.05455104758510961,815.4041217830954,1146808.2435661918,148724.59951939844,573.4041217830959,242.0,3144.0,8952.0,0.0,86.0,20.0,0.0,92,85.78012102631884,151.8480427726417,59.22514343261719,114.36590576171875,86.0,714.0,20.0,1388.0,56.75,743.25,13.25,1394.75,86.0,714.0,20.0,1388.0,2103.0,5.0,1233.0,42.0,3039.0,8.0
152,0.7110484275036115,0.0,53838.276238558676,17,43319.710564097346,43653.84728126644,-0.19537337391437493,-0.1891670697658444,-0.1898161124136839,1.7426894404815536,171,81,0.002100563392816589,0.1757288308819347,0.08868187700429833,334.136717169104,326273.4343382084,46806.02102117087,163.1367171691042,171.0,2058.0,6510.0,0.0,46.0,27.0,0.0,65,92.61594697323359,126.160302061978,56.9970703125,126.0,46.0,323.0,27.0,709.0,27.0,342.0,19.0,717.0,46.0,323.0,27.0,709.0,1634.0,7.0,1021.0,19.0,1992.0,8.0
153,0.9204265503660447,0.0,152965.2687282274,23,129091.2782706638,129733.31410882398,-0.15607458252487638,-0.15187731707044905,-0.1522920187884108,1.6434744365953913,192,95,0.00295582584631993,0.17785767691090307,0.05821131885083999,642.0358381602201,900071.6763204411,136915.98364392915,450.0358381602205,192.0,2297.0,9295.0,0.0,63.0,11.0,0.0,68,64.84258351147224,195.6013098604136,34.0,132.0,63.0,421.0,11.0,1069.0,43.5,440.5,6.5,1073.5,63.0,421.0,11.0,1069.0,2468.0,3.0,817.0,25.0,2912.0,4.0
154,0.6830668181671087,0.0,35300.47980102885,8,26803.809511001542,27055.83637038785,-0.24069560351357233,-0.23355612946656623,-0.23473798371004928,2.343819354227344,105,52,0.006416303483156787,0.17933113890356459,0.17620793646178873,252.0268593863193,294053.7187726384,31364.801882265285,147.02685938631922,105.0,889.0,3143.0,0.0,28.0,17.0,0.0,44,44.825501674925995,167.1978593871252,28.5,152.0,28.0,86.0,17.0,221.0,15.25,98.75,12.0,226.0,28.0,86.0,17.0,221.0,689.0,5.0,473.0,14.0,933.0,7.0
155,0.929170405603727,0.0,123833.11301744942,7,93130.16868794657,93583.15054371374,-0.2479380803838508,-0.24428007773230354,-0.245061050871344,1.827575806475831,54,28,0.0008992114754782151,0.1963150563605459,0.2348206174310177,452.98185576720533,797963.7115344104,109156.03455502451,398.9818557672052,54.0,521.0,3007.0,0.0,16.0,3.0,0.0,19,69.03468358852305,225.21515703859168,35.0,236.64547729492188,16.0,34.0,3.0,80.0,11.25,38.75,2.0,81.0,16.0,34.0,3.0,80.0,709.0,1.0,163.0,3.0,594.0,0.0
156,0.8238876115709446,0.0,345892.0813375658,12,287716.125213084,289230.9181122089,-0.16819106092141567,-0.1638116808174619,-0.1643841904891723,2.125009241557456,134,67,0.0037434880859513542,0.18545853931149656,0.11586572563721896,1514.7928991250249,2761585.7982500507,324891.0339121674,1380.7928991250253,134.0,1338.0,4710.0,0.0,42.0,13.0,0.0,53,61.12101725974557,169.73388940937548,44.79077911376953,157.0,42.0,187.0,13.0,394.0,26.75,202.25,9.0,398.0,42.0,187.0,13.0,394.0,1195.0,3.0,774.0,20.0,1399.0,5.0
157,0.6506823690248597,0.0,177250.01936012274,28,133960.6306808097,135046.6451951933,-0.24422783611301635,-0.23810081554453277,-0.23910336718399783,2.4981319377182336,322,149,0.004022628342215587,0.17510210383086017,0.04772101495977532,1086.01451438358,1528029.0287671587,152917.16639302523,764.0145143835794,322.0,3123.0,10987.0,0.0,91.0,54.0,0.0,119,58.39742277662032,123.2443729283022,34.0,104.27400970458984,91.0,921.0,54.0,2265.0,64.0,948.0,33.5,2285.5,91.0,921.0,54.0,2265.0,2697.0,13.0,1356.0,39.0,3165.0,20.0
158,0.777836519583371,0.0,15307.14699282913,22,12765.225932314199,13030.446562109963,-0.16606106034689117,-0.14873447232104864,-0.15061589881312587,2.006151991910953,208,87,0.005841790484964735,0.1814940150449586,0.0679214332327636,265.22062979577964,114441.25959155921,14261.289779264009,57.22062979577961,208.0,2931.0,8145.0,0.0,70.0,29.0,0.0,88,66.01132920368102,173.0466031331022,49.0,174.0,70.0,559.0,29.0,1274.0,41.25,587.75,19.5,1283.5,70.0,559.0,29.0,1274.0,2046.0,4.0,1349.0,30.0,2210.0,9.0
159,0.73773638353646,0.0,11612.84727326867,27,9733.190561766,9989.193913818921,-0.16186010779883464,-0.1398152684903724,-0.14238650815118425,2.002052540719564,213,88,0.006945882550130734,0.1769711236919837,0.052852670051520584,256.00335205292845,86006.70410585692,10739.816058341927,43.003352052928456,213.0,2809.0,10749.0,0.0,67.0,31.0,0.0,85,55.694916930372536,153.55847293305845,38.0,142.0,67.0,687.0,31.0,1503.0,46.75,707.25,18.0,1516.0,67.0,687.0,31.0,1503.0,2831.0,10.0,961.0,22.0,2498.0,9.0
160,0.8045733339212976,0.0,59914.99352876432,27,51753.60404090687,52309.794877046435,-0.13621614569547247,-0.12693314650975862,-0.1275468896232731,2.418564847299307,292,139,0.002292699001941822,0.1703700145756861,0.05490685954188451,556.1908361395442,528381.6722790883,54617.27363534476,264.19083613954416,292.0,3226.0,10382.0,0.0,88.0,38.0,0.0,112,84.57191706647636,181.38732737108654,42.090328216552734,161.5,88.0,837.0,38.0,2061.0,62.75,862.25,26.5,2072.5,88.0,837.0,38.0,2061.0,2760.0,11.0,1419.0,32.0,3204.0,13.0
161,0.8560407324179659,0.0,71595.23644699866,21,59747.384381682925,60096.72013674257,-0.16548380385735018,-0.16060448824368845,-0.16123260898325875,1.5121282764063622,152,74,0.0014573879972885992,0.17584551863679257,0.06612014580274446,349.33575505966115,394671.5101193222,65250.99693547098,197.33575505966112,152.0,1741.0,8843.0,0.0,45.0,12.0,0.0,50,74.86376002755496,188.3310351747898,47.0,136.26144409179688,45.0,293.0,12.0,700.0,32.0,306.0,7.5,704.5,45.0,293.0,12.0,700.0,2247.0,2.0,671.0,14.0,2932.0,3.0
162,0.5677104536864065,0.0,97261.66972721342,28,83888.20012815915,84684.22866998691,-0.13749989730345358,-0.1293154959451348,-0.12987736051393262,2.55065139652028,347,161,0.0038707280590927146,0.17195781496635118,0.049559586333030224,796.028541827876,898057.0836557519,88022.32685353672,449.028541827876,347.0,3310.0,10799.0,0.0,91.0,67.0,0.0,127,64.34893846823665,116.67838480034591,52.0,83.35276794433594,91.0,946.0,67.0,2451.0,65.0,972.0,45.25,2472.75,91.0,946.0,67.0,2451.0,2526.0,18.0,1290.0,28.0,3850.0,16.0
163,0.6356254511350746,0.0,30407.017384718907,6,20398.81515597181,20573.55744097913,-0.3291412012602306,-0.32339442633665205,-0.32432811144211393,2.1819185833126036,71,36,0.0068722670563049326,0.2071934455374658,0.20752633419892147,174.74228500733307,207484.57001466613,23773.17966874612,103.74228500733307,71.0,620.0,2404.0,0.0,18.0,11.0,0.0,29,36.78210791441984,115.02007349121254,21.331802368164062,81.5368881225586,18.0,21.0,11.0,124.0,12.25,26.75,8.5,126.5,18.0,21.0,11.0,124.0,525.0,2.0,313.0,10.0,928.0,5.0
164,0.8327695430830531,0.0,131794.39501313932,18,112482.96653423716,113090.96410251924,-0.1465269329319877,-0.14191370512194723,-0.14234696690741677,1.875422743554408,155,75,0.002625918980921083,0.1777927610655725,0.07401822297381928,607.9975682821574,905995.1365643151,120772.12186933671,452.99756828215754,155.0,2047.0,7025.0,0.0,48.0,14.0,0.0,56,93.41897440949684,113.26632435025343,55.0,101.326904296875,48.0,298.0,14.0,648.0,31.25,314.75,10.75,651.25,48.0,298.0,14.0,648.0,1761.0,6.0,834.0,16.0,1889.0,5.0
165,0.7699180238069383,0.0,146457.9173486006,24,131999.17015891793,132902.33597652506,-0.09872287856769002,-0.0925561527671489,-0.09285684415107365,2.273534331742111,281,133,0.003472127560302706,0.17504558806479298,0.05671932776681495,903.1658176071942,1244331.6352143874,136827.89147293303,622.1658176071937,281.0,3641.0,8455.0,0.0,88.0,36.0,0.0,114,65.39652075932753,114.77228130423406,48.124855041503906,94.56607055664062,88.0,891.0,36.0,1721.0,54.5,924.5,27.5,1729.5,88.0,891.0,36.0,1721.0,2040.0,11.0,1460.0,41.0,2938.0,13.0
166,0.8010565435130166,0.0,144621.50028239304,5,107097.52411743718,107537.09382299293,-0.25946333077505923,-0.2564238815597113,-0.2570841909008327,1.4492597529165274,43,22,0.005033365420286297,0.20857338151991545,0.36040783866949155,439.569705555812,793139.411111624,136818.02201356416,396.569705555812,43.0,522.0,1998.0,0.0,6.0,10.0,0.0,16,48.96325805423168,110.60445607649872,34.0,112.078369140625,6.0,19.0,10.0,45.0,4.5,20.5,6.5,48.5,6.0,19.0,10.0,45.0,486.0,2.0,101.0,2.0,280.0,2.0
167,0.8497514865660287,0.0,16465.883252222407,13,13192.854063513923,13377.85235272445,-0.19877641172189908,-0.18754116327656845,-0.18893597035230802,1.6941440948597983,136,59,0.0060892142863786854,0.17193463075396515,0.11850572978433058,184.9982892105305,97996.57842106099,14461.074875270697,48.998289210530494,136.0,1328.0,5140.0,0.0,52.0,12.0,0.0,59,82.08832873866555,138.56713695843976,45.03129959106445,143.5,52.0,195.0,12.0,504.0,33.0,214.0,7.5,508.5,52.0,195.0,12.0,504.0,1250.0,3.0,731.0,29.0,2106.0,4.0
168,0.802744171442076,0.0,139060.51031696776,7,95438.30304519246,95870.99537636791,-0.3136922708851346,-0.3105807309505465,-0.31126719269798175,1.6339989522186373,58,32,0.0016596834036428287,0.1882458748734663,0.16184267158810745,432.6923311754422,749384.6623508843,114655.00962123825,374.6923311754422,58.0,475.0,3053.0,0.0,11.0,8.0,0.0,19,68.82477650716805,144.75689414162142,49.0,62.464881896972656,11.0,21.0,8.0,93.0,9.0,23.0,4.0,97.0,11.0,21.0,8.0,93.0,720.0,2.0,141.0,4.0,899.0,2.0
169,0.5914157219479559,0.0,14278.627224822596,16,10507.258273228947,10731.370818898247,-0.2641268584305735,-0.24843119370450695,-0.25055865787343157,2.2767439115104136,168,75,0.005434626254581998,0.16578620244274336,0.09091140729030578,224.11254566931302,112225.09133862604,12322.981382672815,56.11254566931302,168.0,1765.0,6272.0,0.0,40.0,37.0,0.0,70,56.50112193366463,175.82978452997654,47.5,157.2360076904297,40.0,237.0,37.0,803.0,28.0,249.0,25.5,814.5,40.0,237.0,37.0,803.0,1464.0,10.0,896.0,18.0,1862.0,6.0
170,0.79094777753623,0.0,121362.24351659864,27,94580.32655773143,95255.44825799366,-0.22067750383342466,-0.21511463946391507,-0.21585937386519505,2.0023355380701298,245,116,0.002052607486981892,0.18454513225080552,0.04682166371881716,675.1217002622822,860243.4005245643,107405.00083138853,430.12170026228216,245.0,3082.0,10522.0,0.0,62.0,40.0,0.0,91,72.30719759530888,145.75753572242115,50.0,133.97998046875,62.0,717.0,40.0,1637.0,44.25,734.75,25.75,1651.25,62.0,717.0,40.0,1637.0,2649.0,10.0,1087.0,24.0,2899.0,16.0
171,0.8771500148348517,0.0,16562.884940135194,11,13328.921036958354,13454.042431525286,-0.19525365990681354,-0.18769933618729429,-0.18859411649971003,1.4470606658915455,83,39,0.0073318944977886595,0.17105795724848558,0.1493718174858647,125.12139456693467,84242.78913386929,14554.121869169638,42.12139456693465,83.0,978.0,4544.0,0.0,23.0,10.0,0.0,31,74.54072783006558,148.5320793253456,37.0,118.02992248535156,23.0,90.0,10.0,217.0,14.5,98.5,7.5,219.5,23.0,90.0,10.0,217.0,1129.0,1.0,484.0,11.0,1260.0,3.0
172,0.7836560287846241,0.0,14055.263043501596,6,11109.26537743075,11208.318839200798,-0.2096010339296296,-0.20255360539958545,-0.2032535851979378,1.7521894046696402,57,30,0.0010337494829674128,0.2053733554155335,0.23010284591603244,99.05346177005373,84106.92354010744,12000.261403812829,42.05346177005372,57.0,616.0,2408.0,0.0,11.0,10.0,0.0,20,89.44060478183063,155.1417691371662,48.98868942260742,164.82150268554688,11.0,30.0,10.0,69.0,7.5,33.5,6.25,72.75,11.0,30.0,10.0,69.0,615.0,2.0,277.0,5.0,971.0,4.0
173,0.804296567088383,0.0,215787.062828187,20,182812.03833907173,184006.27275548893,-0.15281279636013434,-0.14727847747759748,-0.14790439731635863,2.41439381830314,231,111,0.0019294288739229216,0.1779000618657454,0.06317588572856517,1194.234416417326,1926468.8328346522,199477.48563535855,963.2344164173261,231.0,2627.0,7453.0,0.0,77.0,23.0,0.0,91,66.4295947054985,149.3057720188255,45.609004974365234,126.35277557373047,77.0,603.0,23.0,1117.0,51.0,629.0,17.25,1122.75,77.0,603.0,23.0,1117.0,1773.0,9.0,1142.0,27.0,2576.0,10.0
174,0.8053064269337492,0.0,365560.3397962082,30,291976.3795039277,293569.29918318713,-0.20129087398622592,-0.19693339997756454,-0.19754307769009105,1.9446866273313066,294,137,0.0027949380812197873,0.17492584364485028,0.04292545285573078,1592.919679259281,2597839.3585185613,333966.32161804603,1298.9196792592807,294.0,3127.0,11993.0,0.0,88.0,39.0,0.0,112,80.98373278500434,161.45360918470183,51.0,148.0,88.0,938.0,39.0,2295.0,57.75,968.25,26.25,2307.75,88.0,938.0,39.0,2295.0,3022.0,10.0,1214.0,33.0,4230.0,17.0
175,0.7479822475797596,0.0,250033.8401734925,29,194392.54845743644,195631.5047859685,-0.2225350443661862,-0.2175798897852208,-0.21834404140907404,2.128107827708257,296,138,0.0029780016331931907,0.17992314743176926,0.042562224965358435,1238.956328532292,1885912.6570645836,221548.06167593354,942.9563285322919,296.0,2971.0,11645.0,0.0,87.0,42.0,0.0,108,58.07766423979443,162.41798425237633,40.0,142.86770629882812,87.0,891.0,42.0,2112.0,62.5,915.5,23.5,2130.5,87.0,891.0,42.0,2112.0,2990.0,12.0,1234.0,35.0,4119.0,17.0
176,0.8920013354731768,0.0,107105.05872378328,28,87169.30319485956,87787.97815839545,-0.18613271647921592,-0.18035637901292112,-0.1810270270510833,1.8505986872055702,268,133,0.001781874649155601,0.1780965471513385,0.04629022462383128,618.6749635359421,701349.927071885,94746.35585780798,350.6749635359425,268.0,3145.0,10967.0,0.0,88.0,19.0,0.0,96,54.90502214822627,132.03284027889256,39.54269027709961,129.5123748779297,88.0,820.0,19.0,1761.0,64.5,843.5,15.75,1764.25,88.0,820.0,19.0,1761.0,2705.0,1.0,1270.0,41.0,2902.0,3.0
177,0.8919393546472981,0.0,172621.03349406214,16,149418.0157344774,150097.1220730263,-0.134415935821534,-0.1304818478091816,-0.13084283069000857,1.7458022621388647,131,65,0.002001874024338039,0.19442442946536714,0.08449859512938653,679.1063385489252,1096212.677097851,156978.35615054553,548.1063385489255,131.0,1399.0,6665.0,0.0,38.0,12.0,0.0,46,67.37932237957256,198.5384419990103,37.0,199.0,38.0,211.0,12.0,475.0,28.5,220.5,7.25,479.75,38.0,211.0,12.0,475.0,1821.0,4.0,506.0,11.0,1825.0,3.0
178,0.7684038364692288,0.0,275144.1963187761,18,276020.05655853834,277387.672378173,0.0031832771742257293,0.008153819304251853,0.007996377907379504,2.064634418231501,205,99,0.005523489104604116,0.17087185327039647,0.0844282953976644,1367.6158196345702,2325231.6392691378,281554.8867557938,1162.6158196345689,205.0,2616.0,6456.0,0.0,68.0,20.0,0.0,81,79.6074907175815,101.93418743981877,59.89421081542969,105.5,68.0,493.0,20.0,877.0,43.25,517.75,10.0,887.0,68.0,493.0,20.0,877.0,1501.0,4.0,1255.0,31.0,1925.0,4.0
179,0.910500168979553,0.0,178059.7527210198,12,121966.25068721993,122529.89886236643,-0.31502628290002155,-0.311860782743287,-0.3125343642428905,1.633031371711991,87,43,0.0010230506821130433,0.18925241393575895,0.10890470180952087,563.648175146595,953296.3502931895,145939.68719869107,476.6481751465948,87.0,943.0,5105.0,0.0,24.0,8.0,0.0,29,58.89042029484441,196.23719148871785,26.0,191.21095275878906,24.0,81.0,8.0,235.0,16.5,88.5,5.5,237.5,24.0,81.0,8.0,235.0,1272.0,2.0,320.0,10.0,1134.0,3.0
180,0.8325216930783232,0.0,23717.814599170044,11,17104.730854763675,17259.25200339279,-0.278823485897296,-0.27230850333079415,-0.27331731794397585,1.4060967897560397,98,50,0.002352220421217216,0.18379096100453496,0.11691335782511042,154.5211486291109,113042.2972582218,20098.59813381603,56.521148629110904,98.0,926.0,4618.0,0.0,25.0,12.0,0.0,36,85.21516263975879,176.04908630536212,63.0,139.0,25.0,65.0,12.0,294.0,17.75,72.25,8.5,297.5,25.0,65.0,12.0,294.0,1186.0,6.0,409.0,15.0,1541.0,3.0
181,0.7652479019091691,0.0,25052.300433067816,24,20058.22091251583,20394.188794132326,-0.19934614523303595,-0.18593548530126236,-0.1875016606869626,2.1229138451189575,241,101,0.004531937291242049,0.17050149368116674,0.054854971160555245,335.967881616525,189935.76323304974,22367.34237587568,94.96788161652488,241.0,2653.0,9423.0,0.0,83.0,33.0,0.0,105,85.99889838453261,177.9863535329463,51.0,179.0,83.0,637.0,33.0,1765.0,57.75,662.25,16.25,1781.75,83.0,637.0,33.0,1765.0,2341.0,9.0,1284.0,34.0,2918.0,10.0
182,0.8512278025619859,0.0,13472.620430539282,15,9932.102790960702,10109.426729305094,-0.262793541748794,-0.2496317415438064,-0.2517509951636627,1.8945688406526187,134,63,0.00506699012582103,0.17336410732112875,0.08618168484070148,177.32393834439347,86647.87668878696,11433.719750576538,43.32393834439348,134.0,1267.0,6259.0,0.0,45.0,11.0,0.0,51,42.97804647882171,219.99887230705608,31.0,166.0,45.0,207.0,11.0,500.0,32.75,219.25,9.25,501.75,45.0,207.0,11.0,500.0,1542.0,3.0,526.0,18.0,1904.0,4.0
183,0.5398183002666264,0.0,94408.90509270484,12,87391.50491540173,88043.39515808404,-0.07432985448154883,-0.06742488887430886,-0.06766527098316844,2.7054624805601186,162,85,0.0022777618037744373,0.17244428102097983,0.11217652329189833,651.8902426823488,979780.4853646979,90537.24570242899,489.89024268234897,162.0,2078.0,3970.0,0.0,41.0,24.0,0.0,61,90.60659148714565,114.98783567221382,70.0,94.0,41.0,238.0,24.0,429.0,29.25,249.75,17.25,435.75,41.0,238.0,24.0,429.0,844.0,2.0,677.0,20.0,1124.0,8.0
184,0.637122953331358,0.0,19094.15338788481,28,16012.965141594657,16465.043562204566,-0.16136815200432808,-0.13769187731300025,-0.1398716960552806,2.6192887943762315,358,159,0.0044111865710325555,0.17947745773925572,0.05013549493307218,452.0784206099203,188156.84121984045,17958.772017028474,94.07842060992023,358.0,4634.0,9466.0,0.0,112.0,59.0,0.0,146,59.138881599410205,132.93335143673622,41.718421936035156,93.0,112.0,1365.0,59.0,2547.0,79.5,1397.5,41.25,2564.75,112.0,1365.0,59.0,2547.0,2183.0,15.0,2151.0,55.0,2869.0,17.0
185,0.6955119373137238,0.0,425042.14882605715,10,324138.905589716,325753.3847977408,-0.23739585242317807,-0.2335974545172671,-0.2341108836382383,2.0401259086876924,125,62,0.002888662711230901,0.18420077647396058,0.13175771212627785,1614.4792080250902,2978958.4160501817,365045.90272646357,1489.4792080250909,125.0,1295.0,3745.0,0.0,37.0,16.0,0.0,49,68.49322963241109,151.3006001548455,36.0,133.77633666992188,37.0,124.0,16.0,313.0,24.0,137.0,11.75,317.25,37.0,124.0,16.0,313.0,949.0,4.0,582.0,21.0,1477.0,7.0
186,0.9539858747234019,0.0,48320.94168131159,25,40154.310987605626,40479.56405592285,-0.1690081031029339,-0.16227700356306263,-0.16311185591985333,1.476877760440624,196,94,0.002732421516745702,0.17814920650111676,0.05555055774942702,325.2530683172611,258506.13663452197,43758.89182551525,129.25306831726098,196.0,2549.0,9966.0,0.0,72.0,6.0,0.0,70,78.39898246069622,197.76578665589622,43.0,216.95199584960938,72.0,498.0,6.0,1173.0,47.75,522.25,5.0,1174.0,72.0,498.0,6.0,1173.0,2647.0,2.0,1175.0,36.0,3401.0,2.0
187,0.8389030008147177,0.0,13660.97744326346,8,9995.772756649365,10096.507834304815,-0.26829739686170784,-0.26092346786769394,-0.2621238921631782,1.5096350173943875,66,30,0.007416731657629039,0.17827497147626,0.1410294528600016,100.73507765545342,69470.1553109068,11504.462090249384,34.7350776554534,66.0,982.0,3050.0,0.0,20.0,8.0,0.0,26,77.74202188579234,205.20534279764632,48.5,196.55764770507812,20.0,72.0,8.0,108.0,9.25,82.75,6.75,109.25,20.0,72.0,8.0,108.0,711.0,2.0,426.0,9.0,759.0,3.0
188,0.867522382294713,0.0,115818.28339873943,26,85546.31909197812,86207.60618040792,-0.2613746588053022,-0.25566496367752056,-0.25678844323605754,2.041802522700048,248,124,0.0019399787022625619,0.16616139566257118,0.05285484110049696,661.2870884298582,826574.1768597155,101206.43006242675,413.28708842985776,248.0,2145.0,10959.0,0.0,73.0,25.0,0.0,81,53.4279515440581,140.85837459659987,32.0,131.43243408203125,73.0,550.0,25.0,1458.0,53.75,569.25,18.5,1464.5,73.0,550.0,25.0,1458.0,2708.0,3.0,905.0,22.0,3433.0,13.0
189,0.7580583388018962,0.0,11042.97772613961,28,8995.466294817856,9296.26676751813,-0.185412982086809,-0.15817390942362197,-0.16080635239763275,2.1036458434434278,259,106,0.007278731476679594,0.16854444166420202,0.04642201271997926,300.80047270027455,83600.9454005488,9935.244763408416,41.8004727002744,259.0,3420.0,10613.0,0.0,89.0,36.0,0.0,113,67.04518118944867,133.5752631897265,52.0,112.40768432617188,89.0,875.0,36.0,2149.0,61.0,903.0,20.75,2164.25,89.0,875.0,36.0,2149.0,2667.0,6.0,1344.0,32.0,3205.0,10.0
190,0.8497125446339628,0.0,374712.351406072,27,327287.0450694312,329129.2868627709,-0.12656456655000003,-0.12164815056737521,-0.12214410178667412,2.208571188398056,266,128,0.002093245095348272,0.17639372003089834,0.05217368333356272,1842.2417933397583,3152483.5866795178,356846.4991348219,1576.241793339759,266.0,3298.0,10310.0,0.0,84.0,27.0,0.0,94,66.54384750104144,118.34868879848763,39.5,119.1331558227539,84.0,797.0,27.0,1630.0,58.75,822.25,18.25,1638.75,84.0,797.0,27.0,1630.0,2563.0,6.0,1063.0,26.0,3261.0,10.0
191,0.8518345693509213,0.0,388379.50041121704,10,332712.106835556,334499.57811905514,-0.14333247124711856,-0.13873008805849363,-0.13924468826861447,2.3573467476730543,105,54,0.0011214213778405564,0.18928963732370152,0.128454447601266,1787.4712834995132,3364942.566999027,356856.980238543,1682.4712834995134,105.0,977.0,4063.0,0.0,27.0,14.0,0.0,39,60.502702250419716,142.85282379872112,46.0,126.0,27.0,109.0,14.0,240.0,20.25,115.75,10.25,243.75,27.0,109.0,14.0,240.0,976.0,3.0,352.0,6.0,1231.0,6.0
192,0.9240471590227609,0.0,431434.57463022065,26,362049.83245194505,363444.6628715503,-0.1608233235311397,-0.1575903178759931,-0.15796552493792626,1.5580368289935234,181,84,0.0019300230769899358,0.1677546731904478,0.04937040697217283,1394.8304196051827,2427660.839210365,389538.42329558573,1213.8304196051824,181.0,1920.0,11184.0,0.0,63.0,8.0,0.0,64,65.47168696840295,210.85043921345545,45.0,218.15310668945312,63.0,471.0,8.0,1122.0,42.5,491.5,6.0,1124.0,63.0,471.0,8.0,1122.0,2912.0,1.0,690.0,19.0,4097.0,2.0
193,0.9498926359606567,0.0,101072.57502463568,12,81741.01422836442,82115.80985481325,-0.19126415639019123,-0.18755597317276085,-0.18796255284656627,1.5148464805937476,106,50,0.0023732161549156494,0.1781080872003638,0.1074194524570548,374.7956264488755,537591.2528977515,88720.41817185353,268.79562644887574,106.0,1370.0,4678.0,0.0,41.0,3.0,0.0,39,95.22224497055983,117.09246856817727,63.0,99.0,41.0,133.0,3.0,291.0,26.0,148.0,1.75,292.25,41.0,133.0,3.0,291.0,1187.0,1.0,601.0,21.0,1817.0,1.0
194,0.64624416217778,0.0,55228.23366721962,28,43245.448158671206,43825.26593931457,-0.2169684726973392,-0.20646989720174969,-0.2075924123259989,2.4018862149770466,349,156,0.003342838258713883,0.1707131535620407,0.053520396928183764,579.8177806433832,461635.56128676626,48049.2746084537,230.81778064338314,349.0,3228.0,10884.0,0.0,100.0,65.0,0.0,137,58.82265979740308,148.93262747545052,42.5,83.94510650634766,100.0,1015.0,65.0,2656.0,66.5,1048.5,43.25,2677.75,100.0,1015.0,65.0,2656.0,2717.0,19.0,1584.0,54.0,2956.0,21.0
195,0.7123938241113238,0.0,15115.541018292097,26,12524.528776842144,12817.029223448919,-0.17141379447248595,-0.1520628201174956,-0.15408035116959717,1.9587959740393026,238,101,0.007055198750338402,0.1661935417141643,0.05024616977033457,292.5004466067868,109000.89321357383,13911.721110596223,54.500446606786916,238.0,3465.0,9555.0,0.0,73.0,38.0,0.0,97,78.77080256060097,208.28373771997084,48.0,182.97006225585938,73.0,812.0,38.0,1587.0,49.5,835.5,25.75,1599.25,73.0,812.0,38.0,1587.0,2271.0,13.0,1438.0,26.0,3160.0,10.0
196,0.7747302059447235,0.0,115622.31408695185,28,96599.35540310894,97296.76120460652,-0.16452670779047895,-0.15849494993296798,-0.15898813659682842,1.9569971537767556,287,143,0.001763738997203747,0.17175794992373308,0.048797313781383536,697.4058014976591,820811.6029953175,104856.00367522961,410.4058014976588,287.0,3746.0,10366.0,0.0,77.0,39.0,0.0,107,71.23202542915229,172.84904032100889,52.0,152.0,77.0,800.0,39.0,2080.0,55.25,821.75,26.0,2093.0,77.0,800.0,39.0,2080.0,2528.0,9.0,1387.0,34.0,3471.0,13.0
197,0.9299673301172218,0.0,41426.49915259843,18,33087.23091104303,33404.998151733555,-0.20130275094781525,-0.19363212351873904,-0.19481188145843342,1.9902429684468839,169,81,0.00385130242715018,0.176989709934334,0.07637676060958322,317.7672406905313,297534.4813810627,37374.14050673022,148.76724069053137,169.0,1759.0,7290.0,0.0,61.0,9.0,0.0,64,42.79162002870605,188.70382978734892,31.616960525512695,180.0,61.0,373.0,9.0,707.0,41.75,392.25,5.75,710.25,61.0,373.0,9.0,707.0,1859.0,4.0,748.0,25.0,2147.0,2.0
198,0.8520466344968288,0.0,71477.61594164127,24,58940.81110169653,59409.730587548016,-0.17539483759755725,-0.16883446929660073,-0.16973610266295902,1.926684581054414,217,100,0.0028035107600673944,0.18848961671567466,0.06570871320175291,468.9194858515375,503838.97170307516,65376.42132208012,251.9194858515376,217.0,2524.0,9572.0,0.0,72.0,21.0,0.0,79,57.66669979700789,182.88897192187662,29.55584716796875,139.0,72.0,612.0,21.0,1191.0,49.5,634.5,13.0,1199.0,72.0,612.0,21.0,1191.0,2484.0,8.0,1160.0,28.0,2728.0,8.0
199,0.7087062637005224,0.0,23781.008187033578,27,18213.484966305292,18590.669799778963,-0.23411636617508658,-0.2182556074340284,-0.22013855506445368,2.302189021687631,283,132,0.004188282457116873,0.17534005349966345,0.047690553330770845,377.18483347367055,188369.66694734083,20455.495310421502,94.18483347367041,283.0,3208.0,10347.0,0.0,83.0,41.0,0.0,117,80.46578571583304,144.64267854392054,42.0,144.09873962402344,83.0,823.0,41.0,2205.0,59.25,846.75,28.75,2217.25,83.0,823.0,41.0,2205.0,2508.0,11.0,1485.0,31.0,4139.0,16.0
200,0.7817419075471881,0.0,194691.84191787927,21,163405.06738722598,164539.13518759768,-0.16069894979908816,-0.15487401235332676,-0.15541326737511185,2.515358562491183,244,119,0.0045131043688861104,0.17435076000782887,0.06532447944268871,1134.0678003717835,1780135.6007435652,176926.624626087,890.0678003717826,244.0,2566.0,8018.0,0.0,77.0,27.0,0.0,96,71.05436336380536,181.19889285203698,49.0,164.06161499023438,77.0,547.0,27.0,1365.0,51.25,572.75,19.75,1372.25,77.0,547.0,27.0,1365.0,1916.0,10.0,1256.0,33.0,2769.0,12.0
201,0.8159524129657018,0.0,53635.04870762918,9,47278.27433027512,47474.18621601007,-0.11851903802689867,-0.11486635399927914,-0.11507950592254168,1.3637960988382403,63,34,0.0007943216008834284,0.17020532045124093,0.16815677098084825,195.91188573497584,265823.77146995184,48728.65007026999,132.91188573497593,63.0,724.0,3812.0,0.0,15.0,5.0,0.0,20,71.66666666666667,209.60067649920066,49.0,202.9961700439453,15.0,47.0,5.0,113.0,11.25,50.75,3.0,115.0,15.0,47.0,5.0,113.0,1022.0,1.0,315.0,6.0,877.0,1.0
202,0.6086762642937553,0.0,466610.21920322865,13,428036.93329058285,430816.2193408316,-0.08266704055156049,-0.07671070711549766,-0.0770912869342435,2.8924411686469695,180,94,0.0020291332960983,0.1727241497882653,0.1146877478636636,2779.28605024911,5198572.100498218,449323.9272114577,2599.286050249109,180.0,1891.0,4661.0,0.0,45.0,28.0,0.0,69,46.03043466078505,121.56614774699923,38.0,122.0,45.0,275.0,28.0,549.0,35.75,284.25,20.75,556.25,45.0,275.0,28.0,549.0,992.0,5.0,961.0,23.0,1583.0,11.0
203,0.8023089389280333,0.0,115244.87944973301,23,93325.6708429974,93996.62461404646,-0.19019681144528622,-0.18437482808036176,-0.1850923406638746,2.149220478488694,226,106,0.002664081376072752,0.18160656146716808,0.064250690718957,670.9537710490944,889907.5420981885,103515.15247099739,444.95377104909426,226.0,2396.0,9196.0,0.0,73.0,24.0,0.0,86,76.34500644849024,185.05660551281304,39.413936614990234,165.0,73.0,589.0,24.0,1292.0,48.0,614.0,15.5,1300.5,73.0,589.0,24.0,1292.0,2268.0,5.0,1154.0,30.0,2881.0,11.0
204,0.6215404620538532,0.0,23119.33596883325,22,18179.472975060988,18532.62374152197,-0.2136680309690382,-0.19839290512039542,-0.19986339705149225,2.623926926079962,249,111,0.004070482462214982,0.18149124979005016,0.06394382633855104,353.15076646097765,208301.5329219555,19846.35422309086,104.15076646097776,249.0,2302.0,8786.0,0.0,65.0,51.0,0.0,103,60.1747212299922,128.83041588015763,37.0,102.67037200927734,65.0,565.0,51.0,1585.0,44.5,585.5,35.5,1600.5,65.0,565.0,51.0,1585.0,2108.0,20.0,892.0,25.0,2669.0,20.0
205,0.811287191584424,0.0,95223.14250332718,5,59256.998925323875,59412.08371805339,-0.3777038084701586,-0.37607516244302186,-0.37646497728178197,0.9097585839170895,24,12,0.0017297594446720717,0.19618497606802446,0.2153406506391104,155.08479272953062,262169.5854590612,72043.72404222182,131.0847927295306,24.0,266.0,2254.0,0.0,2.0,5.0,0.0,7,49.5,152.64636368897135,49.5,136.10154724121094,2.0,2.0,5.0,26.0,1.25,2.75,2.25,28.75,2.0,2.0,5.0,26.0,586.0,1.0,23.0,0.0,678.0,0.0
206,0.9270716578441276,0.0,422931.8414052797,19,322822.44590567367,324541.1820920829,-0.23670337794139973,-0.23263951701123564,-0.23331874802441954,2.0990931187081925,177,85,0.0015921532036835885,0.17142926393978772,0.07196995002012285,1718.7361864094382,3083472.372818876,367238.6357395715,1541.736186409438,177.0,1644.0,7932.0,0.0,63.0,10.0,0.0,61,58.22970075061887,135.3267246957922,42.0,103.0,63.0,292.0,10.0,794.0,44.0,311.0,7.5,796.5,63.0,292.0,10.0,794.0,2009.0,2.0,694.0,24.0,2542.0,2.0
207,0.8525877600766192,0.0,247669.95979424458,27,196538.35975171276,197652.43597807546,-0.20645055252163058,-0.2019523233973224,-0.202595320395222,1.9866524703014445,238,114,0.0023210140361645277,0.1749788551160194,0.05210227581154723,1114.0762263627394,1752152.4527254777,220490.55873114223,876.0762263627389,238.0,2357.0,11251.0,0.0,72.0,25.0,0.0,85,76.54683011377574,206.83672487524612,42.269737243652344,198.0,72.0,530.0,25.0,1668.0,50.5,551.5,17.75,1675.25,72.0,530.0,25.0,1668.0,2944.0,8.0,1091.0,28.0,2779.0,8.0
208,0.7922024921191481,0.0,15838.344348732322,13,13741.246960224413,13955.55044019364,-0.13240635146790192,-0.11887567709622238,-0.1202559176477267,2.2315149811501955,146,70,0.004053980751548838,0.17825730417906496,0.10131930483064411,214.30347996922694,136606.9599384539,15304.284431472,68.30347996922694,146.0,1870.0,4652.0,0.0,47.0,17.0,0.0,62,58.30673597887806,148.96750639984973,36.37152862548828,127.47162628173828,47.0,251.0,17.0,491.0,33.25,264.75,11.0,497.0,47.0,251.0,17.0,491.0,1150.0,7.0,729.0,18.0,1626.0,5.0
209,0.8238968489742223,0.0,136852.97619589246,6,119702.41376598035,120450.27487168749,-0.1253210774558725,-0.11985637273044036,-0.12039453088167618,2.611611578335825,78,40,0.003893104152871739,0.19765166788049573,0.21348762509471264,747.8611057072105,1339722.211414421,128246.69473514518,669.8611057072105,78.0,610.0,2414.0,0.0,22.0,10.0,0.0,32,45.574259481682,151.67961276253612,25.085201263427734,136.8989715576172,22.0,64.0,10.0,96.0,16.5,69.5,6.5,99.5,22.0,64.0,10.0,96.0,624.0,6.0,215.0,8.0,1070.0,6.0
210,0.7730195377049851,0.0,188293.82033586432,25,157604.23034020152,158688.30196635186,-0.16298777060724046,-0.157230430168682,-0.1578726176995363,2.3260942373926734,270,128,0.004239421641409187,0.18137240252286352,0.06394783118570525,1084.0716261504288,1628143.2523008583,174986.81116697247,814.0716261504291,270.0,2928.0,9672.0,0.0,74.0,43.0,0.0,104,75.64049025095471,141.16003135997235,45.0,94.79846954345703,74.0,727.0,43.0,1756.0,49.0,752.0,29.0,1770.0,74.0,727.0,43.0,1756.0,2393.0,12.0,1230.0,25.0,2462.0,15.0
211,0.7812796326857285,0.0,383185.04709225986,7,282333.40261300065,284027.50964503863,-0.26319305840495666,-0.2587719385181201,-0.2593250122001416,2.4567743146189693,83,44,0.0019013953415772421,0.17325005047285486,0.2074073265139598,1694.107032038086,3222214.0640761713,327890.7269689439,1611.1070320380857,83.0,707.0,2821.0,0.0,20.0,12.0,0.0,32,95.2900100033329,120.20229446750874,80.5,123.85850524902344,20.0,40.0,12.0,152.0,16.5,43.5,8.0,156.0,20.0,40.0,12.0,152.0,623.0,0.0,332.0,10.0,897.0,5.0
212,0.7524964840420948,0.0,19642.32786404525,30,17868.98846597165,18251.9573821374,-0.09028152927432032,-0.0707844045538456,-0.07151565457404696,2.113483577686017,305,133,0.0045375511076709936,0.17233472480590523,0.045012129661572864,382.9689161657405,155937.83233148084,18445.59309306439,77.96891616574042,305.0,3492.0,11586.0,0.0,98.0,44.0,0.0,126,65.11042890064311,157.9320449187618,42.5,125.36955261230469,98.0,1008.0,44.0,2623.0,63.5,1042.5,27.5,2639.5,98.0,1008.0,44.0,2623.0,2906.0,13.0,1283.0,35.0,3424.0,12.0
213,0.85438263844764,0.0,16446.953005502175,21,13410.937552635034,13664.456083168174,-0.18459440188413445,-0.16918008590424882,-0.1711095276591278,2.068550088788084,191,85,0.005698314096345717,0.18052638253052222,0.07802930799012858,253.5185305331399,125037.06106627993,15111.679159233734,62.518530533139966,191.0,2498.0,8031.0,0.0,66.0,19.0,0.0,77,64.37820278469574,216.28144884294804,40.5,208.0,66.0,484.0,19.0,1047.0,45.25,504.75,12.75,1053.25,66.0,484.0,19.0,1047.0,1984.0,6.0,1101.0,28.0,2358.0,5.0
214,0.8549435145711849,0.0,92993.03568556208,24,70612.00839879854,71033.25535191297,-0.24067423029871438,-0.23614435394820155,-0.23685492233824745,1.4865742683363132,185,89,0.0025394760117978294,0.1842021350237748,0.060497195370061825,421.24695311446817,472493.90622893645,79460.19184728051,236.24695311446823,185.0,2333.0,9763.0,0.0,58.0,14.0,0.0,64,72.44103554525013,179.8104808173794,56.0,144.11734008789062,58.0,417.0,14.0,1047.0,38.75,436.25,9.75,1051.25,58.0,417.0,14.0,1047.0,2515.0,2.0,1253.0,29.0,2927.0,2.0
215,0.9349776061590154,0.0,80919.45252898996,25,59382.265089777386,59701.20924195175,-0.26615587187143575,-0.26221437026451244,-0.26289380925494266,1.2651632665151797,145,72,0.0010783565513462635,0.175220716552364,0.04999843363090859,318.9441521744049,347888.30434881005,68743.75694353042,173.94415217440502,145.0,1968.0,10632.0,0.0,39.0,9.0,0.0,42,76.59173614119709,216.6218667769023,53.0,210.0,39.0,292.0,9.0,710.0,25.0,306.0,5.5,713.5,39.0,292.0,9.0,710.0,2731.0,2.0,473.0,8.0,2562.0,2.0
216,0.9165530388457264,0.0,17348.372465372348,24,13469.04186981552,13708.740240745417,-0.2236135178271067,-0.2097967536661839,-0.21150041428761768,1.6221343142965634,191,82,0.006299311456231646,0.1723663545614084,0.05118632121119512,239.698370929903,97396.74185980609,15010.585282828764,48.69837092990305,191.0,2270.0,9720.0,0.0,72.0,14.0,0.0,81,74.61007342287394,183.04998960402955,57.369529724121094,133.5,72.0,402.0,14.0,1443.0,50.75,423.25,8.25,1448.75,72.0,402.0,14.0,1443.0,2541.0,3.0,864.0,37.0,2644.0,2.0
217,0.7003280415966743,0.0,13963.649162404614,29,10493.509269844464,10836.23484080523,-0.24851239473296627,-0.2239682682675499,-0.22717475500648932,2.2336557156219183,289,122,0.006752004633830973,0.17549112049227805,0.047387346522752366,342.7255709607581,107451.14192151588,12026.376890809042,53.72557096075794,289.0,3148.0,11421.0,0.0,86.0,52.0,0.0,124,62.21008748697012,187.53170424004372,45.5,183.0,86.0,906.0,52.0,2544.0,62.5,929.5,34.0,2562.0,86.0,906.0,52.0,2544.0,2884.0,13.0,1326.0,30.0,3064.0,14.0
218,0.8747583220018156,0.0,83173.70210251468,13,66798.65583592071,67148.57342648791,-0.19687768913317238,-0.19267061908913474,-0.19313300641256492,1.651425850376811,113,55,0.004181712941415561,0.18332943485510214,0.10986777405693858,349.91759056719275,473835.18113438546,71731.22260170945,236.91759056719275,113.0,1237.0,5315.0,0.0,38.0,7.0,0.0,43,90.31905909649811,159.89525186367078,76.5,154.74395751953125,38.0,129.0,7.0,385.0,23.5,143.5,5.25,386.75,38.0,129.0,7.0,385.0,1431.0,2.0,608.0,15.0,1686.0,0.0
219,0.7711524989999893,0.0,198271.3747929024,13,152383.93315014543,153202.9564377344,-0.23143755214633044,-0.22730673251367073,-0.22791424651011394,1.9646587230511066,138,69,0.003008372190088999,0.18416949384914713,0.10522710677418963,819.0232875889764,1362046.575177953,173318.46992014733,681.0232875889766,138.0,1621.0,4931.0,0.0,38.0,18.0,0.0,52,62.95599790268104,157.46644978601066,29.18375015258789,127.24364471435547,38.0,196.0,18.0,424.0,25.25,208.75,13.25,428.75,38.0,196.0,18.0,424.0,1288.0,6.0,914.0,18.0,1647.0,3.0
220,0.7146926699332167,0.0,27521.70740922578,20,21552.944954253868,21884.816122258846,-0.21687471515561108,-0.20481619120321526,-0.20615199520454675,2.2907529455212634,222,102,0.002763772137586354,0.16892743739301916,0.06575133888587409,331.8711680049825,219742.3360099653,23981.452958468497,109.87116800498265,222.0,2626.0,7454.0,0.0,66.0,34.0,0.0,90,68.90590997818084,123.8466785238544,35.37826919555664,104.5,66.0,520.0,34.0,1180.0,44.75,541.25,24.0,1190.0,66.0,520.0,34.0,1180.0,1820.0,10.0,1010.0,25.0,2141.0,9.0
221,0.9156209104305716,0.0,174531.4281270309,15,143927.030860516,144709.67604546968,-0.17535178388754025,-0.1708675188279315,-0.17134707087022227,2.0080915455457506,146,72,0.0038162065779178424,0.1891270809524485,0.09134310701631389,782.6451849537707,1273290.3699075412,158519.96049830134,636.6451849537706,146.0,1412.0,6148.0,0.0,48.0,11.0,0.0,54,69.81334475800669,174.91755831980265,48.983856201171875,154.0,48.0,203.0,11.0,548.0,32.5,218.5,8.0,551.0,48.0,203.0,11.0,548.0,1579.0,5.0,479.0,16.0,1957.0,4.0
222,0.5472576008015506,0.0,19144.09510036056,28,14853.062311298874,15237.30983403817,-0.22414393402072408,-0.2040726002373865,-0.20627534673030634,2.5631338770578793,298,134,0.0031172471200138748,0.1736217600452449,0.04855892543647055,384.2475227392991,172495.04547859787,16824.623073980645,86.24752273929893,298.0,3568.0,10539.0,0.0,71.0,65.0,0.0,117,70.06822145844872,134.00444310143519,49.0,103.0,71.0,827.0,65.0,2311.0,55.5,842.5,42.25,2333.75,71.0,827.0,65.0,2311.0,2597.0,9.0,1165.0,21.0,2363.0,20.0
223,0.942175265279846,0.0,202617.76999077076,14,156188.786969981,156727.13129791172,-0.2291456619175336,-0.22648871663600556,-0.2269651410539053,1.2863635432412068,79,40,0.001327434803352295,0.18411835838607696,0.10665893578059256,538.3443279307268,918688.6558614533,178543.74462966053,459.34432793072665,79.0,858.0,6198.0,0.0,22.0,3.0,0.0,23,92.30828738333696,148.50494332330365,47.0,159.51483154296875,22.0,83.0,3.0,214.0,16.0,89.0,1.75,215.25,22.0,83.0,3.0,214.0,1624.0,2.0,266.0,4.0,1700.0,0.0
224,0.6714159194446829,0.0,48766.050908121164,30,36900.145078839516,37411.77362469737,-0.2433230825198024,-0.23283159230621497,-0.2340784123250529,2.05658007523763,340,152,0.0029187192539078415,0.17532449281349505,0.04967735346337164,511.6285458578491,343257.0917156982,41726.68692173779,171.6285458578491,340.0,3703.0,11403.0,0.0,96.0,62.0,0.0,134,65.74509382770101,131.92211917210264,47.60595703125,111.5141372680664,96.0,1005.0,62.0,2855.0,60.0,1041.0,46.0,2871.0,96.0,1005.0,62.0,2855.0,2674.0,12.0,1784.0,45.0,3459.0,9.0
225,0.7134232084442964,0.0,17732.471485759765,28,14411.15791272672,14754.393735569709,-0.1873012216994263,-0.1679448774290504,-0.16965686111111455,2.0469403749765287,279,123,0.004022830422032066,0.17654851008210504,0.04863005189485584,343.2358228429942,128471.64568598832,15690.692222466598,64.23582284299417,279.0,3321.0,10771.0,0.0,78.0,50.0,0.0,119,82.91519152689787,135.62245346768475,64.0,133.3332977294922,78.0,854.0,50.0,2344.0,52.75,879.25,36.0,2358.0,78.0,854.0,50.0,2344.0,2575.0,19.0,1307.0,30.0,2904.0,12.0
226,0.7733161793673696,0.0,14099.272222341797,27,11239.19259578911,11563.80642635405,-0.20285299705190352,-0.17982955119981525,-0.18246059736392395,2.231935406999044,269,113,0.004995026091134365,0.1754461875179166,0.04579254172539152,324.61383056495197,111227.66112990382,12458.655924932807,55.61383056495191,269.0,2694.0,10861.0,0.0,93.0,36.0,0.0,111,60.98905329549779,158.35580760679628,34.0,120.89533996582031,93.0,755.0,36.0,2101.0,62.0,786.0,26.25,2110.75,93.0,755.0,36.0,2101.0,2741.0,11.0,1039.0,41.0,3812.0,13.0
227,0.8828518147270749,0.0,60216.0621386728,23,47487.294313116756,47895.29934980919,-0.21138492577350387,-0.20460924130989966,-0.20562956169424818,1.8552611917530752,211,101,0.0023208284291027443,0.1711878638136395,0.05961814955675711,408.00503669244847,394010.073384897,53093.61225475059,197.00503669244853,211.0,1911.0,9681.0,0.0,72.0,15.0,0.0,74,57.44176892730881,164.50233413163625,38.0,111.0,72.0,502.0,15.0,1113.0,51.0,523.0,11.0,1117.0,72.0,502.0,15.0,1113.0,2409.0,5.0,706.0,26.0,2866.0,5.0
228,0.6286075232733997,0.0,455858.10921923845,30,385168.27202445804,387650.4310526926,-0.15506982494147792,-0.14962479944333373,-0.15006459390671423,2.5857944658222034,362,171,0.00297558760695237,0.17727659298669454,0.04571479512197361,2482.1590282348134,4240318.056469632,409962.7902097529,2120.159028234816,362.0,4014.0,11106.0,0.0,94.0,67.0,0.0,139,67.63525822496597,122.54782560817199,55.65129089355469,109.0,94.0,1256.0,67.0,2753.0,71.25,1278.75,44.5,2775.5,94.0,1256.0,67.0,2753.0,2615.0,18.0,1455.0,35.0,3462.0,22.0
229,0.7937263370024567,0.0,129006.81534011857,29,108997.19621621059,109786.12742460289,-0.1551051320130169,-0.1489897093021133,-0.14967029139366406,2.011113590186792,304,149,0.0022775396584884472,0.1796573035835717,0.049538104939372885,788.9312083924065,969862.4167848129,120562.85899479355,484.93120839240646,304.0,3707.0,10909.0,0.0,86.0,40.0,0.0,112,71.60137579108685,136.22932459243447,37.189476013183594,119.17837524414062,86.0,1053.0,40.0,2069.0,56.0,1083.0,29.0,2080.0,86.0,1053.0,40.0,2069.0,2620.0,7.0,1507.0,28.0,3791.0,10.0
230,0.7625276927165476,0.0,477559.8600226285,21,410291.68577945256,412316.90814604284,-0.14085809942231853,-0.1366173276654663,-0.13707710366587433,2.015913432281694,217,107,0.0030231265376930096,0.16231884994163298,0.05861240414741002,2025.2223665905208,3616444.7331810403,448487.1070440509,1808.22236659052,217.0,2456.0,8128.0,0.0,71.0,18.0,0.0,84,71.72212727268716,147.24508518916633,41.940101623535156,132.17001342773438,71.0,529.0,18.0,1146.0,52.0,548.0,12.5,1151.5,71.0,529.0,18.0,1146.0,2019.0,5.0,782.0,27.0,2567.0,11.0
231,0.7855116748914686,0.0,280067.4639176678,16,229009.58408648343,230101.42426766027,-0.18230564563613139,-0.17840715572979293,-0.1788419504665596,1.8396769930849117,156,78,0.003052646065084311,0.17847589390363675,0.07719294493338427,1091.840181176963,1871680.3623539256,254349.0473313128,935.8401811769628,156.0,1799.0,6265.0,0.0,33.0,29.0,0.0,58,86.23724488661523,124.71021114418828,57.01762771606445,114.88803100585938,33.0,234.0,29.0,632.0,21.25,245.75,18.75,642.25,33.0,234.0,29.0,632.0,1532.0,4.0,414.0,8.0,1882.0,10.0
232,0.8125464297030576,0.0,15489.096528137725,29,14006.069030331531,14391.904228397589,-0.09574654629546042,-0.07083642985547678,-0.07260277362111289,2.452694365861045,312,136,0.006454331770169763,0.16950104161050117,0.043713096311657346,385.83519806606824,147670.39613213693,15051.854624403602,73.83519806606847,312.0,4142.0,10421.0,0.0,111.0,36.0,0.0,129,77.1644503229976,147.9123988349185,50.0,132.0401611328125,111.0,1205.0,36.0,2380.0,72.25,1243.75,26.0,2390.0,111.0,1205.0,36.0,2380.0,2504.0,9.0,1267.0,33.0,2452.0,9.0
233,0.917370169405815,0.0,21668.672894424846,5,18241.209605504915,18355.963985323786,-0.1581759670109648,-0.15288010139067587,-0.1537933461328087,1.825293393461392,43,21,0.0031493018644737957,0.20593276264741495,0.2687666554561094,114.75437981887879,143508.75963775758,19655.57429723873,71.75437981887879,43.0,320.0,2200.0,0.0,16.0,1.0,0.0,15,46.66205091260099,63.0,32.011634826660156,63.0,16.0,26.0,1.0,32.0,11.0,31.0,1.0,32.0,16.0,26.0,1.0,32.0,615.0,0.0,136.0,6.0,1053.0,0.0
234,0.7731018883871968,0.0,143864.11420477758,26,119473.98961221753,120368.84889070256,-0.16953584795887955,-0.16331567774178646,-0.16404029582658586,2.340402795299406,277,137,0.006182581660479444,0.17305956104421064,0.05210510370158503,894.8592784850719,1235718.5569701444,131998.49182500012,617.8592784850722,277.0,3075.0,10029.0,0.0,85.0,29.0,0.0,100,75.29462924206894,141.40008898405068,48.0,120.0,85.0,745.0,29.0,1741.0,58.5,771.5,23.75,1746.25,85.0,745.0,29.0,1741.0,2398.0,9.0,1052.0,25.0,3020.0,5.0
235,0.8639971819036424,0.0,63429.95840973487,26,50311.605612782456,50720.26917167707,-0.20681635501339202,-0.2003736019493777,-0.20122562493214857,1.616407557085775,227,113,0.0011775571236792904,0.17023689978258374,0.05153658315430213,408.6635588946382,363327.1177892772,56193.6122168843,181.6635588946386,227.0,2970.0,10134.0,0.0,70.0,18.0,0.0,73,89.41854246723439,169.60874749511328,61.5,185.49856567382812,70.0,516.0,18.0,1294.0,49.75,536.25,13.25,1298.75,70.0,516.0,18.0,1294.0,2643.0,4.0,1593.0,34.0,3364.0,5.0
236,0.8462875396735603,0.0,144431.24621272384,15,107515.9635056197,108025.10755494538,-0.2555906957469155,-0.2520655302257665,-0.25265511455176015,1.566934540090158,115,57,0.0021472047665064037,0.16949493498643095,0.09100430683493961,509.14404932567635,788288.0986513525,125769.1496490332,394.14404932567624,115.0,1264.0,6296.0,0.0,27.0,16.0,0.0,41,67.79651846574592,215.1635499715445,48.0,193.81597900390625,27.0,130.0,16.0,442.0,19.5,137.5,10.5,447.5,27.0,130.0,16.0,442.0,1555.0,4.0,375.0,7.0,1609.0,4.0
237,0.8722891865046297,0.0,36607.60980523573,13,27713.365107438716,27950.66567460561,-0.24296163407327753,-0.23647935980217905,-0.23739606068761765,1.799895277397753,125,63,0.003944438257247615,0.18872699656461733,0.09830579948718342,237.3005671669033,224601.1343338064,31196.416974121064,112.3005671669032,125.0,1424.0,5128.0,0.0,40.0,9.0,0.0,48,85.59589384831439,164.7566465097186,38.0,101.0,40.0,142.0,9.0,433.0,27.0,155.0,6.0,436.0,40.0,142.0,9.0,433.0,1294.0,2.0,582.0,17.0,1421.0,5.0
238,0.787693262050437,0.0,11944.211756953679,23,9616.838300684743,9815.79838035849,-0.19485366666527704,-0.17819621921522522,-0.1802443219785247,1.5877847237585394,165,69,0.006809469995444478,0.16996205957587177,0.06419282073057408,198.96007967374862,67920.15934749739,10694.170048871543,33.960079673748695,165.0,1894.0,9597.0,0.0,46.0,27.0,0.0,65,87.79624229350007,162.5190269315012,52.5,134.0,46.0,371.0,27.0,1043.0,32.75,384.25,16.0,1054.0,46.0,371.0,27.0,1043.0,2473.0,6.0,651.0,14.0,3069.0,8.0
239,0.8750713497688858,0.0,169973.29276610079,14,138469.85057875022,139019.7011709185,-0.18534348352421615,-0.18210856006524112,-0.18245428505622108,1.5223487509548153,107,52,0.0015383371456351902,0.18960845091762682,0.11199869694006033,549.8505921683346,885701.184336669,145449.78339903362,442.8505921683345,107.0,1164.0,5892.0,0.0,29.0,12.0,0.0,38,85.322350755673,147.32137014085401,57.0,89.5,29.0,140.0,12.0,351.0,18.75,150.25,7.25,355.75,29.0,140.0,12.0,351.0,1519.0,1.0,319.0,10.0,1497.0,2.0
240,0.822511461605665,0.0,12917.29143248016,30,9843.738767473978,10109.039654925655,-0.2379409554295432,-0.2174025253075298,-0.22027906716381285,1.8002909218778955,225,93,0.004038119523350961,0.17698419354320769,0.04444851499450426,265.3008874516752,80601.77490335041,11192.881928671028,40.3008874516752,225.0,2991.0,12092.0,0.0,72.0,30.0,0.0,89,80.95298618205675,177.4284970776599,42.98305892944336,160.5,72.0,725.0,30.0,1835.0,50.75,746.25,16.5,1848.5,72.0,725.0,30.0,1835.0,3143.0,11.0,1146.0,25.0,3623.0,11.0
241,0.8681944640497224,0.0,68082.58197311079,17,54358.20845352047,54725.02484938169,-0.20158421026116136,-0.1961963946814571,-0.19688506441166054,1.7845034980011227,149,75,0.0020188038834258945,0.1709149522697876,0.07378357788521439,366.8163958612622,435632.79172252456,61029.97167146075,217.8163958612623,149.0,1586.0,6982.0,0.0,40.0,17.0,0.0,53,80.59626629812678,162.7063839427687,49.5,141.34344482421875,40.0,206.0,17.0,638.0,27.75,218.25,11.75,643.25,40.0,206.0,17.0,638.0,1792.0,3.0,601.0,15.0,2639.0,6.0
242,0.8934483332202656,0.0,73525.27036202133,15,60498.61107042236,60965.3823554482,-0.17717254526856863,-0.1708240982281488,-0.17145923242364391,2.1595372896761766,185,94,0.0024130433581898134,0.1889311862623927,0.10828953772189445,466.77128502587817,563542.5700517563,65238.80980729207,281.77128502587817,185.0,1583.0,5965.0,0.0,59.0,17.0,0.0,72,57.37871172522251,126.2895883854123,33.0,116.0,59.0,312.0,17.0,691.0,40.5,330.5,14.25,693.75,59.0,312.0,17.0,691.0,1440.0,3.0,751.0,33.0,2106.0,5.0
243,0.8266904543593623,0.0,185846.80099962946,15,148418.0749669516,149104.4138047591,-0.2013955894390267,-0.19770255391667257,-0.19828303029913608,1.592246414091458,146,72,0.0028029908461270443,0.17888637548703815,0.09528496276600125,686.3388378074968,1080677.675614994,169678.14561410598,540.338837807497,146.0,1871.0,5689.0,0.0,43.0,16.0,0.0,56,91.49195925083613,140.75943026586307,53.0,133.7347412109375,43.0,251.0,16.0,530.0,29.0,265.0,10.0,536.0,43.0,251.0,16.0,530.0,1428.0,5.0,873.0,21.0,1629.0,2.0
244,0.8736800702087918,0.0,89737.06897674594,17,78153.80536907612,78613.86277539804,-0.12908003057990958,-0.12395330411594252,-0.12448333422962099,1.812408546161874,154,73,0.002413347334239223,0.17554839329771746,0.08363322132736381,460.05740632198587,612114.8126439713,84433.88963545815,306.05740632198564,154.0,1995.0,6573.0,0.0,58.0,6.0,0.0,58,83.19535208963266,185.39365895475404,45.5,180.24542236328125,58.0,334.0,6.0,588.0,35.5,356.5,5.25,588.75,58.0,334.0,6.0,588.0,1664.0,1.0,905.0,22.0,1827.0,1.0
245,0.8080316396764695,0.0,46619.75998033736,14,39906.7737852035,40231.50907761535,-0.14399443922416533,-0.13702882437439312,-0.13765744725586093,2.135312770779621,141,72,0.0022948501735873153,0.17130257770949361,0.09143577055349028,324.73529241187816,367470.5848237565,43023.03974531912,183.73529241187825,141.0,1699.0,5357.0,0.0,39.0,16.0,0.0,54,70.45527291141126,145.24526919794113,47.0,146.0,39.0,197.0,16.0,504.0,31.75,204.25,10.75,509.25,39.0,197.0,16.0,504.0,1302.0,6.0,742.0,10.0,1595.0,4.0
246,0.7410492738474609,0.0,11625.19324630222,15,9495.799944349246,9760.745541750966,-0.1831705724659931,-0.16037993219117486,-0.16286838164454132,2.656480236514393,208,96,0.007348080998477453,0.17154502562986548,0.09196475399745553,264.945597401727,113891.19480345391,10718.24224757759,56.94559740172696,208.0,1805.0,5718.0,0.0,66.0,31.0,0.0,92,70.60640211543384,93.3134124006874,39.5,67.0,66.0,339.0,31.0,941.0,44.25,360.75,22.25,949.75,66.0,339.0,31.0,941.0,1368.0,5.0,707.0,26.0,1904.0,10.0
247,0.8893562645818658,0.0,13253.322603474535,21,10569.2289118437,10761.712940728907,-0.20252232379276447,-0.18799886921128894,-0.19022189992322092,1.7569919466705313,151,68,0.00603567948765736,0.1746405836322451,0.05895993505812969,192.48402888521707,82968.05777043404,11805.412359410218,41.48402888521702,151.0,1518.0,9066.0,0.0,52.0,10.0,0.0,55,52.288686841234885,166.89898253542106,26.09372329711914,155.0,52.0,322.0,10.0,771.0,35.5,338.5,6.25,774.75,52.0,322.0,10.0,771.0,2364.0,4.0,480.0,14.0,3097.0,6.0
248,0.8720182273859944,0.0,75978.18257682395,7,51795.03276854073,52064.578482017365,-0.31829071172939505,-0.3147430391695245,-0.3155309962823565,1.6505394945609557,62,33,0.0013177737535643285,0.2056669672299377,0.16649913943074784,269.54571347667604,415091.42695335194,62872.083388675055,207.54571347667599,62.0,462.0,3066.0,0.0,12.0,10.0,0.0,22,46.645642552308026,214.00427470076767,25.000255584716797,187.0,12.0,48.0,10.0,84.0,7.75,52.25,6.75,87.25,12.0,48.0,10.0,84.0,800.0,4.0,62.0,0.0,794.0,5.0
249,0.808961027564461,0.0,39632.63227277843,11,33043.09831993017,33251.02824212278,-0.16626536202527897,-0.16101892972268805,-0.16155028199036425,1.6252171040486012,91,43,0.005788761392630059,0.18282031934470738,0.1329314502487314,207.9299221926176,233859.84438523513,35973.631430942914,116.92992219261757,91.0,1217.0,4327.0,0.0,23.0,14.0,0.0,36,106.14240965333339,144.42594802515472,78.0,146.66879272460938,23.0,111.0,14.0,248.0,16.0,118.0,9.0,253.0,23.0,111.0,14.0,248.0,1011.0,5.0,425.0,10.0,1008.0,6.0
250,0.7166185979327906,0.0,418696.4369662489,9,401846.1928905306,403552.9454588923,-0.040244536585527624,-0.03616818814385392,-0.036256683117421695,1.9841920780172666,118,57,0.005507848360443428,0.19497470435999237,0.16390119286105012,1706.7525683620077,3177505.1367240166,400352.51273394685,1588.7525683620083,118.0,1341.0,3195.0,0.0,43.0,9.0,0.0,50,88.7473496863182,162.2296098807142,60.0,119.0,43.0,122.0,9.0,276.0,25.0,140.0,5.75,279.25,43.0,122.0,9.0,276.0,819.0,3.0,703.0,19.0,1061.0,1.0
251,0.6647772781666966,0.0,11028.334479558654,16,10172.463216232318,10400.587518533013,-0.07760657467478149,-0.056921284187488985,-0.05737791710173801,2.540862533529359,176,76,0.007118471365582301,0.17477998251685056,0.08328221314589165,228.1243023006959,104248.60460139162,10257.206285830245,52.12430230069581,176.0,2448.0,5585.0,0.0,63.0,21.0,0.0,75,80.28906665485559,115.7702365059982,47.0,115.0,63.0,396.0,21.0,717.0,41.75,417.25,15.0,723.0,63.0,396.0,21.0,717.0,1361.0,4.0,905.0,22.0,1303.0,8.0
252,0.8246195106115527,0.0,451905.332876825,17,343358.42432543077,344564.55739742937,-0.24019833503708765,-0.23752934004134296,-0.23798982786381573,1.3615136466817652,127,64,0.0021883066903225093,0.17504793182436962,0.07866250337269039,1206.1330719989696,2158266.1439979407,396299.0288892795,1079.1330719989703,127.0,1244.0,7324.0,0.0,29.0,17.0,0.0,43,74.03894891482527,212.5655151136219,29.50143814086914,215.0,29.0,213.0,17.0,472.0,19.25,222.75,10.5,478.5,29.0,213.0,17.0,472.0,1930.0,4.0,520.0,12.0,2448.0,4.0
253,0.8097728152086741,0.0,261136.21334084653,29,221933.22626862206,223259.5120725663,-0.15012466701067995,-0.14504576283658488,-0.14555476653459387,2.163498718601013,294,143,0.0033773447057088095,0.1794154615913022,0.04802781312003607,1326.2858039443238,2064571.6078886476,238568.61921596897,1032.2858039443238,294.0,2724.0,11892.0,0.0,85.0,37.0,0.0,110,65.0821415425265,171.42896398196243,30.38589859008789,157.0,85.0,892.0,37.0,2176.0,60.0,917.0,23.25,2189.75,85.0,892.0,37.0,2176.0,3061.0,15.0,1104.0,27.0,3650.0,7.0
254,0.6817159422358107,0.0,134871.1839433117,20,111042.44739005758,111922.72105058466,-0.17667774432283245,-0.1701509708876925,-0.17103799604588554,2.4895684304316905,253,120,0.0018349028431619888,0.1822600267541102,0.0611611042738973,880.273660527222,1254547.3210544435,125980.40143416598,627.2736605272218,253.0,2420.0,7660.0,0.0,68.0,45.0,0.0,93,52.59872970935771,135.44010161750273,35.0,128.0,68.0,562.0,45.0,1185.0,47.5,582.5,32.0,1198.0,68.0,562.0,45.0,1185.0,1778.0,12.0,830.0,22.0,2102.0,10.0
255,0.7904457439825495,0.0,11847.22808853228,29,9602.420832608244,9910.901990834,-0.1894795338748423,-0.16344127784393536,-0.16580061065458385,2.130299023553578,264,103,0.008198940785173655,0.17071433181079296,0.04405054647507035,308.48115822575824,88962.31645151638,10440.120784442415,44.48115822575819,264.0,3120.0,11434.0,0.0,88.0,45.0,0.0,117,59.31281039244073,170.97438407331967,46.60029602050781,140.0,88.0,832.0,45.0,2417.0,57.75,862.25,27.75,2434.25,88.0,832.0,45.0,2417.0,2928.0,9.0,1193.0,33.0,2996.0,11.0
256,0.7550659169732633,0.0,17163.66415088021,16,13711.133852584437,13930.222346361097,-0.20115345231331128,-0.18838878319308594,-0.18977075165193624,1.824912610059629,163,75,0.0057785895543911074,0.17991185294848483,0.08210055907171851,219.08849377665626,112176.98755331276,15367.44649236209,56.088493776656385,163.0,2287.0,5763.0,0.0,45.0,28.0,0.0,68,83.31331704053599,140.10789571404695,48.0,119.5,45.0,332.0,28.0,682.0,31.75,345.25,18.0,692.0,45.0,332.0,28.0,682.0,1429.0,7.0,840.0,21.0,1483.0,6.0
257,0.6722380331658253,0.0,11622.534646314061,10,9475.664417705686,9597.117349345579,-0.1847161823078951,-0.17426640217508993,-0.17589142351991738,1.576024627979001,87,40,0.004798145948184611,0.1757766954386345,0.13900007682250143,121.45293163989429,68905.8632797886,10930.327809684884,34.452931639894295,87.0,1236.0,3791.0,0.0,25.0,12.0,0.0,32,54.274853283276734,217.43401199684368,38.93824005126953,213.0,25.0,122.0,12.0,160.0,16.5,130.5,6.75,165.25,25.0,122.0,12.0,160.0,906.0,2.0,570.0,11.0,1512.0,6.0
258,0.825062676161003,0.0,196561.2596231307,27,150513.8131484356,151572.9758091259,-0.23426511695632402,-0.22887665606265128,-0.22988911440299198,2.107740395550942,296,145,0.001896755524236548,0.17636949396386864,0.055453523131659806,1059.1626606902953,1526325.3213805913,181038.1065669173,763.1626606902956,296.0,3476.0,10132.0,0.0,94.0,30.0,0.0,106,65.86707078374583,152.94586626418112,48.5,154.283203125,94.0,936.0,30.0,1802.0,63.5,966.5,22.25,1809.75,94.0,936.0,30.0,1802.0,2401.0,7.0,1615.0,39.0,2811.0,8.0
259,0.8586668696126509,0.0,49672.00866588792,6,36956.07821683435,37186.899651336185,-0.25599791090764146,-0.25135099928273774,-0.2522764800439762,2.0773199700202256,55,30,0.000726786519645396,0.1939903608714927,0.19555049500116356,230.82143450184122,351642.86900368246,42319.29530339261,175.82143450184122,55.0,437.0,2587.0,0.0,14.0,5.0,0.0,19,55.676751696829605,124.9084793580893,22.54315185546875,104.0,14.0,24.0,5.0,71.0,12.5,25.5,3.75,72.25,14.0,24.0,5.0,71.0,619.0,1.0,213.0,4.0,604.0,2.0
260,0.8071088258972648,0.0,127432.43658581501,27,104295.54497142175,104982.18359224842,-0.1815620279599104,-0.17617377172607263,-0.17693344119033116,1.821935520055167,258,129,0.002428184146038279,0.17711498204724577,0.061387705805407713,686.638620826739,857277.2416534786,117632.76364845238,428.6386208267393,258.0,2594.0,11014.0,0.0,72.0,30.0,0.0,89,61.788574138717976,140.53963312008383,36.091102600097656,118.95321655273438,72.0,652.0,30.0,1649.0,54.5,669.5,18.25,1660.75,72.0,652.0,30.0,1649.0,2737.0,9.0,1169.0,32.0,2406.0,5.0
261,0.8345521165593969,0.0,402157.2578599841,28,336424.0864457186,338146.89898216975,-0.1634514114305785,-0.15916748393013047,-0.15956722923235933,1.9707066871397132,297,142,0.0015664739722072577,0.16788956027576288,0.052489285284542456,1722.812536451276,2851625.072902551,361751.5852957048,1425.8125364512755,297.0,3157.0,10955.0,0.0,104.0,23.0,0.0,110,75.17879624940991,123.55694360427495,47.67815399169922,106.37503051757812,104.0,794.0,23.0,2159.0,68.5,829.5,17.75,2164.25,104.0,794.0,23.0,2159.0,2711.0,5.0,1607.0,56.0,3866.0,7.0
262,0.7819138730221137,0.0,56503.38539717344,22,43691.74718641822,44130.27856394113,-0.22674107260475962,-0.21897992034033542,-0.22009141401460397,2.195397656549086,221,106,0.003379519258091934,0.17477212345977658,0.06438889218294178,438.53137752293543,435062.75504587067,49542.5912645069,217.53137752293534,221.0,1980.0,9108.0,0.0,63.0,30.0,0.0,84,61.416369626555905,186.29161357033405,37.0,155.5,63.0,470.0,30.0,1285.0,45.25,487.75,20.25,1294.75,63.0,470.0,30.0,1285.0,2339.0,6.0,774.0,18.0,2651.0,8.0
263,0.6796109456097721,0.0,62260.27591765719,21,50789.35463060291,51237.406224475875,-0.1842414142562625,-0.17704498624066012,-0.1780480574781259,2.101761085533076,208,99,0.002373826699459626,0.18006699818765734,0.06476519531620913,448.05159387297317,480103.1877459463,57107.2505636596,240.05159387297314,208.0,2180.0,8404.0,0.0,57.0,31.0,0.0,76,57.57710789502907,142.6332811874302,37.0,132.0,57.0,476.0,31.0,1032.0,41.25,491.75,20.5,1042.5,57.0,476.0,31.0,1032.0,2071.0,12.0,864.0,19.0,2915.0,9.0
264,0.870346422963831,0.0,324929.52655911335,26,259359.36258815744,260628.6752370153,-0.20179810885554272,-0.19789168440006333,-0.19846931487741992,1.7400593246450762,237,117,0.0017462263922050265,0.17229320727995653,0.06020086558331147,1269.3126488578291,2064625.297715658,296631.45222603035,1032.3126488578291,237.0,2649.0,10455.0,0.0,74.0,20.0,0.0,81,82.46278790352885,136.1109949053112,52.75839614868164,102.59858703613281,74.0,554.0,20.0,1458.0,51.25,576.75,14.0,1464.0,74.0,554.0,20.0,1458.0,2624.0,5.0,1438.0,34.0,2709.0,4.0
265,0.8072904784092029,0.0,221796.10904880665,15,195930.0230925283,196994.28438962364,-0.11662100866966274,-0.11182263190074859,-0.11218770827467861,2.201193687801418,158,81,0.003317916895859833,0.1875979104334221,0.10695412148444032,1064.2612970953348,1812522.5941906702,205856.78173566842,906.2612970953351,158.0,1587.0,5973.0,0.0,46.0,16.0,0.0,59,83.09868216269922,159.06572718516853,45.21251678466797,131.20538330078125,46.0,254.0,16.0,569.0,32.75,267.25,9.25,575.75,46.0,254.0,16.0,569.0,1527.0,6.0,783.0,14.0,1678.0,3.0
266,0.7985563551610554,0.0,173806.92245143905,29,131295.69451562452,132265.00236351206,-0.24458880771962344,-0.23901188457861133,-0.23991221158133025,2.1760248347075666,303,150,0.0016388577401868641,0.17159138043661862,0.04907989955007078,969.3078478876625,1332615.6957753245,153102.0779864414,666.3078478876622,303.0,2529.0,12087.0,0.0,79.0,45.0,0.0,111,68.90640125817932,125.4457123388991,29.0,115.0,79.0,743.0,45.0,2352.0,57.0,765.0,30.5,2366.5,79.0,743.0,45.0,2352.0,3014.0,14.0,855.0,28.0,3246.0,17.0
267,0.8544596722579292,0.0,67867.84899117338,5,67812.32319953183,68332.938441737,-0.0008181457415684656,0.006852868589132921,0.006144341331665082,3.097086314928223,71,35,0.003427843066060606,0.20008004878528907,0.2638457169646956,520.6152422052207,899230.4844104416,72586.81168135944,449.6152422052208,71.0,846.0,1674.0,0.0,28.0,3.0,0.0,28,55.57192567460878,86.69155201724806,38.5,93.25484466552734,28.0,57.0,3.0,52.0,19.0,66.0,2.5,52.5,28.0,57.0,3.0,52.0,429.0,0.0,356.0,10.0,852.0,1.0
268,0.9154465934936691,0.0,32715.345313726044,23,28261.860233972777,28580.79170549474,-0.1361283225668648,-0.12637964137571278,-0.1271854009946748,1.911766219548248,204,96,0.003197770067469155,0.1724740898077733,0.07122591218629477,318.9314715219406,229862.94304388113,30058.97644459346,114.93147152194057,204.0,2335.0,9257.0,0.0,72.0,13.0,0.0,78,80.20169570197498,150.89659503847236,47.5,127.45774841308594,72.0,487.0,13.0,1222.0,49.75,509.25,7.75,1227.25,72.0,487.0,13.0,1222.0,2399.0,5.0,870.0,29.0,2178.0,6.0
269,0.8950644231024907,0.0,16043.591034749026,24,13842.132339562506,14096.765216924214,-0.1372173281167759,-0.12134601372025478,-0.12269763268311007,1.8717806164306128,199,93,0.0024481253368961397,0.17897660367053594,0.05987768333209958,254.63287736171725,111265.75472343471,14860.950282679583,55.632877361717355,199.0,2676.0,9357.0,0.0,71.0,12.0,0.0,73,88.49524820632027,130.77880567400268,47.0,144.67283630371094,71.0,541.0,12.0,1123.0,52.75,559.25,8.5,1126.5,71.0,541.0,12.0,1123.0,2425.0,5.0,959.0,26.0,2262.0,3.0
270,0.757357426946327,0.0,164448.26605333487,20,130761.01428488964,131343.8718231258,-0.2048501487849046,-0.20130582720448043,-0.20174379112497143,1.4706536021411298,155,79,0.0017355820806019395,0.1890355105437728,0.06892905913882064,582.8575382362251,855715.0764724507,145465.09715588568,427.85753823622537,155.0,1750.0,8330.0,0.0,27.0,29.0,0.0,53,87.30587271198893,202.5881014930071,36.0,178.61602783203125,27.0,240.0,29.0,764.0,19.75,247.25,18.25,774.75,27.0,240.0,29.0,764.0,2119.0,9.0,444.0,9.0,2051.0,10.0
271,0.7203343143420707,0.0,197927.26107531463,9,169127.6661873583,169992.01725889478,-0.1455059537099218,-0.14113893995526983,-0.14149449352513432,2.073039627999762,111,57,0.00329546536860054,0.17134647333198605,0.15575925818103883,864.3510715365766,1506702.1430731528,181702.0430679058,753.3510715365763,111.0,1298.0,3238.0,0.0,21.0,24.0,0.0,44,105.4915553663327,111.84049222194312,62.0,106.05760192871094,21.0,100.0,24.0,251.0,13.25,107.75,15.75,259.25,21.0,100.0,24.0,251.0,690.0,6.0,441.0,10.0,1009.0,4.0
272,0.8760763366133556,0.0,108681.27887908628,26,93813.8820597948,94349.37941850683,-0.1367981401454822,-0.1318709128968243,-0.13234671350385718,1.5837432720387796,214,102,0.0016828775012180345,0.16705459081494922,0.04968983656823105,535.4973587121548,642994.7174243098,101499.20267641798,321.4973587121549,214.0,3290.0,9814.0,0.0,75.0,11.0,0.0,79,84.60705192520417,195.8478866938357,58.0,175.51939392089844,75.0,664.0,11.0,1304.0,48.25,690.75,8.0,1307.0,75.0,664.0,11.0,1304.0,2558.0,4.0,1144.0,30.0,2083.0,3.0
273,0.8420588918136274,0.0,86414.60291541924,17,62232.87690317504,62631.95806003503,-0.27983379193343916,-0.2752155776109062,-0.2762061571737996,1.6179279560257862,155,80,0.00198509353724408,0.18877338542964156,0.07399842896608474,399.0811568600695,488162.3137201386,75430.1685532465,244.0811568600693,155.0,1853.0,6715.0,0.0,48.0,10.0,0.0,54,62.53403499286023,118.52566779772356,50.5,89.18417358398438,48.0,267.0,10.0,593.0,34.5,280.5,6.5,596.5,48.0,267.0,10.0,593.0,1755.0,3.0,833.0,18.0,2508.0,2.0
274,0.719082458034221,0.0,29459.062764171165,18,21769.16168817252,22058.615715381147,-0.26103685434796964,-0.25121121836199833,-0.25264786227132185,1.949409640409508,190,88,0.005288614413470873,0.1734186730560425,0.07741580230533211,289.4540272086309,198908.0544172616,25508.755355220957,99.4540272086308,190.0,2174.0,6880.0,0.0,57.0,27.0,0.0,76,103.66321192178815,132.09460433216736,60.0,114.61041259765625,57.0,332.0,27.0,950.0,36.25,352.75,16.75,960.25,57.0,332.0,27.0,950.0,1699.0,3.0,1206.0,31.0,1805.0,9.0
275,0.7333647438170194,0.0,96443.4710197146,30,77481.2083648329,78141.75126156803,-0.19661530691907092,-0.18976629070520912,-0.1904434499064931,2.102149449249966,305,138,0.003025439809728232,0.1668044681343698,0.047249949426801455,660.5428967352157,711085.7934704305,84566.51282858856,355.54289673521527,305.0,3582.0,11529.0,0.0,87.0,50.0,0.0,119,75.7200406340006,143.07892535454494,48.462989807128906,133.0,87.0,946.0,50.0,2486.0,58.0,975.0,33.75,2502.25,87.0,946.0,50.0,2486.0,2831.0,8.0,1590.0,37.0,3809.0,17.0
276,0.8789020130964679,0.0,72961.91826776296,18,64546.748532308025,64898.035472487616,-0.11533646503881789,-0.11052180352059404,-0.11092118075339596,1.5482259255947486,140,70,0.0012636665284850113,0.17289549081326258,0.07605738790727816,351.2869401796543,422573.88035930874,68235.17701348684,211.28694017965438,140.0,1712.0,7360.0,0.0,48.0,4.0,0.0,47,63.54327038459029,258.17966619231873,38.32664108276367,262.0,48.0,214.0,4.0,580.0,36.75,225.25,3.5,580.5,48.0,214.0,4.0,580.0,2001.0,1.0,687.0,20.0,1627.0,1.0
277,0.8995967049680796,0.0,33105.38245630099,25,24465.991116723,24708.444942849525,-0.26096636554439345,-0.2536426674585439,-0.2549307159145091,1.3719699749169332,165,79,0.0029356332152668924,0.18472469752650528,0.059782195786038106,242.4538261265588,154907.6522531175,28227.23074943686,77.45382612655875,165.0,1964.0,10609.0,0.0,47.0,14.0,0.0,56,59.796251939967604,149.86672324765627,35.0,94.5,47.0,399.0,14.0,939.0,32.75,413.25,9.25,943.75,47.0,399.0,14.0,939.0,2720.0,5.0,763.0,18.0,3354.0,3.0
278,0.7705872706386638,0.0,184018.0406474091,30,149777.5177490119,150852.5341544218,-0.1860715546037377,-0.18022964692105725,-0.18094527924220605,2.243508919169069,332,151,0.002713303935306068,0.1821615824202383,0.051811124144312604,1075.0164054099066,1486032.8108198121,165592.47860826377,743.016405409906,332.0,3149.0,11971.0,0.0,108.0,43.0,0.0,130,72.73403151402265,153.9599630229491,50.4527587890625,146.0,108.0,1020.0,43.0,2729.0,76.0,1052.0,26.0,2746.0,108.0,1020.0,43.0,2729.0,3001.0,8.0,1348.0,40.0,3551.0,11.0
279,0.9324773981247648,0.0,12943.284985783877,22,10120.653187997532,10321.54524136484,-0.2180769256712306,-0.20255597765934985,-0.2048184876671454,1.730711878912493,161,77,0.0030121013217690317,0.1762359695867202,0.05650758979259206,200.8920533673042,79784.10673460829,11524.752864229094,39.89205336730414,161.0,1660.0,9402.0,0.0,54.0,8.0,0.0,59,75.12144360706272,233.48612883478432,39.0,235.0,54.0,338.0,8.0,896.0,42.0,350.0,6.0,898.0,54.0,338.0,8.0,896.0,2452.0,1.0,400.0,15.0,2463.0,4.0
280,0.7907506741039827,0.0,20289.729094660623,6,20579.650758912096,20686.403670248317,0.01428908502912285,0.019550511184108554,0.01956295866741309,1.4057864724486424,53,27,0.0036390281523950344,0.16294149173178693,0.2651604825281421,106.75291133622704,107505.82267245409,19118.448067934016,53.752911336227044,53.0,515.0,2426.0,0.0,15.0,5.0,0.0,20,67.72278631697499,92.5083232899316,30.0,55.0,15.0,30.0,5.0,69.0,10.5,34.5,4.5,69.5,15.0,30.0,5.0,69.0,655.0,0.0,383.0,9.0,1372.0,0.0
281,0.7755594979908977,0.0,107605.22032152329,13,79007.87632591143,79496.27778708572,-0.26576167875650725,-0.2612228519252907,-0.2620570601787162,1.878996877391003,135,67,0.0029235493596075947,0.1706021235166996,0.10091669418539122,488.4014611743233,706802.9223486473,94039.92774725187,353.40146117432363,135.0,1328.0,5224.0,0.0,33.0,22.0,0.0,54,71.55946143877473,143.65539801950814,51.0,112.8876953125,33.0,157.0,22.0,490.0,21.5,168.5,14.75,497.25,33.0,157.0,22.0,490.0,1173.0,4.0,457.0,15.0,1356.0,6.0
282,0.7820667256893828,0.0,359531.40116538544,12,299969.5704091453,301431.0728468256,-0.165665170171997,-0.16160014989019988,-0.16226396243937513,1.924477210664599,119,62,0.0041089286443786064,0.18463536818262544,0.10990489796848808,1461.5024376802583,2685004.8753605173,348796.65766908164,1342.5024376802587,119.0,1478.0,4570.0,0.0,33.0,12.0,0.0,43,80.97857028348028,167.28026214650018,49.0,161.28248596191406,33.0,178.0,12.0,293.0,22.25,188.75,9.75,295.25,33.0,178.0,12.0,293.0,1126.0,3.0,577.0,12.0,1433.0,5.0
283,0.7387764964489961,0.0,58650.3109481038,25,51092.32334028922,51620.777109376606,-0.12886526065483594,-0.11985501398189025,-0.12050824306446473,2.4094526371962304,266,132,0.0020304105926168886,0.17743090644028167,0.04959921600717975,528.4537690873723,524907.5381747445,54463.35923680526,262.4537690873722,266.0,2773.0,9827.0,0.0,80.0,29.0,0.0,99,57.238838648396055,180.768148501972,38.516605377197266,173.0,80.0,642.0,29.0,1724.0,60.5,661.5,22.0,1731.0,80.0,642.0,29.0,1724.0,2406.0,7.0,1043.0,23.0,3297.0,12.0
284,0.9370669771616806,0.0,24926.76182454791,14,20149.004661927756,20334.812970465067,-0.19167179420453284,-0.18421762467199754,-0.18529013224005675,1.4317807802525893,122,57,0.004416312752632635,0.18239195649362638,0.1063181137888063,185.80830853732138,127616.6170746428,22282.84853986676,63.8083085373214,122.0,1375.0,5681.0,0.0,50.0,1.0,0.0,45,70.68295324627432,304.3669643525024,34.5,304.3669738769531,50.0,208.0,1.0,371.0,31.25,226.75,0.5,371.5,50.0,208.0,1.0,371.0,1492.0,1.0,596.0,25.0,1897.0,1.0
285,0.8474653163995179,0.0,211150.77188019076,19,154621.4595192697,155352.2238093628,-0.26772013124818883,-0.2642592663714659,-0.26501214984650445,1.592999616076419,140,69,0.0019282133669643862,0.18594343814378622,0.07131150649729912,730.7642900929953,1181528.5801859905,185425.12004744113,590.7642900929953,140.0,1561.0,8015.0,0.0,37.0,15.0,0.0,46,63.760747148276906,174.78819891746997,46.0,129.0,37.0,280.0,15.0,542.0,26.0,291.0,11.5,545.5,37.0,280.0,15.0,542.0,1977.0,5.0,502.0,12.0,2701.0,6.0
286,0.9320561909728214,0.0,19253.273941405263,17,13834.969503602868,13985.646182018225,-0.28142249750833404,-0.27359646860156617,-0.27499497423079833,1.1183310736672694,115,49,0.006357690288784936,0.16965065497407655,0.07770181103272455,150.6766784153712,71353.35683074254,15950.857154661318,35.67667841537127,115.0,1423.0,7054.0,0.0,46.0,3.0,0.0,45,70.05759102017986,188.7301909574021,39.0,191.0,46.0,235.0,3.0,478.0,25.25,255.75,3.0,478.0,46.0,235.0,3.0,478.0,1859.0,0.0,766.0,30.0,2270.0,0.0
287,0.7773609870834577,0.0,273989.24818236614,25,223042.17453644003,224351.77307766676,-0.18594552152650878,-0.18116577724853233,-0.18174159250340693,2.1427062071226963,269,130,0.002358170975292705,0.17248488659952801,0.05354990907924341,1309.59854122685,2081197.082453701,242823.42996154472,1040.5985412268506,269.0,2600.0,10000.0,0.0,72.0,42.0,0.0,96,66.83234290428065,131.05019843979667,43.0,109.89080810546875,72.0,686.0,42.0,1600.0,52.0,706.0,26.75,1615.25,72.0,686.0,42.0,1600.0,2593.0,9.0,1253.0,32.0,3446.0,16.0
288,0.7225475230147788,0.0,10137.477717478245,26,8298.405211002968,8577.391060337346,-0.18141322306479568,-0.15389298014940345,-0.15586629918992556,2.080777371759635,242,98,0.007554137309554573,0.17028799598990557,0.048361708967523426,278.98584933437877,73971.69866875751,8887.507581625903,36.985849334378756,242.0,3040.0,10008.0,0.0,78.0,41.0,0.0,100,85.84401332331414,146.548158157841,45.5,107.0,78.0,715.0,41.0,1756.0,47.0,746.0,27.75,1769.25,78.0,715.0,41.0,1756.0,2423.0,10.0,891.0,26.0,2580.0,16.0
289,0.8462596685690185,0.0,13489.862813927428,28,10635.2537809923,10880.796884144882,-0.21161142053927529,-0.19340937456301266,-0.19563993546939384,1.6412571093027928,207,96,0.004352031578245704,0.17254127855132867,0.04342238583555407,245.5431031525864,77086.20630517279,11741.9455288634,38.5431031525864,207.0,2568.0,11527.0,0.0,64.0,19.0,0.0,80,68.88953791019011,171.2450229543735,46.0,195.0,64.0,654.0,19.0,1500.0,49.75,668.25,14.25,1504.75,64.0,654.0,19.0,1500.0,3146.0,5.0,830.0,22.0,2815.0,4.0
290,0.7874600905939136,0.0,27515.01199362399,10,22882.52460085316,23142.907477246765,-0.16836217966556977,-0.1588988773615787,-0.16020246239381508,2.4781896905817127,132,65,0.002591613428596894,0.18221971580866972,0.1277940972139172,260.3828763936206,256765.75278724122,25902.55235132645,128.38287639362062,132.0,1442.0,3594.0,0.0,44.0,13.0,0.0,52,54.3622109524199,115.03772053676917,44.81043243408203,105.0,44.0,169.0,13.0,293.0,30.75,182.25,10.25,295.75,44.0,169.0,13.0,293.0,815.0,6.0,595.0,22.0,1511.0,6.0
291,0.7804228983045403,0.0,380449.89020398405,22,311426.3490841893,312920.0126004543,-0.18142610340296517,-0.17750005806894187,-0.17804809060352123,1.8581828907715001,194,99,0.0016677048701721762,0.175281563154271,0.06306609961332148,1493.663516265132,2599327.0325302677,349713.5622978225,1299.663516265134,194.0,2263.0,8825.0,0.0,45.0,28.0,0.0,69,60.08755960636929,148.20903385187597,44.0,134.29931640625,45.0,410.0,28.0,1035.0,36.5,418.5,18.25,1044.75,45.0,410.0,28.0,1035.0,2122.0,6.0,801.0,14.0,2645.0,7.0
292,0.6294736740153034,0.0,115778.11002080125,26,95227.67501758582,96092.79576805128,-0.1774984494005235,-0.17002621867996648,-0.17065988258685583,2.6203661718396978,330,155,0.0033226033722746464,0.16910283397866055,0.055957780354574244,865.1207504655032,1070241.500931007,102108.00998278188,535.1207504655035,330.0,3499.0,9605.0,0.0,89.0,60.0,0.0,128,68.19759836845455,112.76068722329127,40.0,93.14680480957031,89.0,921.0,60.0,2258.0,63.75,946.25,41.0,2277.0,89.0,921.0,60.0,2258.0,2209.0,8.0,1461.0,42.0,3116.0,19.0
293,0.6699541374012941,0.0,29661.712933616378,30,25223.28340760832,25712.92171834403,-0.1496349700349865,-0.13312755147047095,-0.134056880011848,2.6718983249381165,347,156,0.0038852527211810225,0.1729578156392457,0.047615274104733346,489.6383107357023,285276.6214714048,26692.316358820655,142.6383107357024,347.0,3978.0,11135.0,0.0,95.0,66.0,0.0,137,71.33423864201988,144.94434797416716,38.0,123.97430419921875,95.0,1118.0,66.0,2829.0,65.0,1148.0,43.25,2851.75,95.0,1118.0,66.0,2829.0,2736.0,16.0,1480.0,32.0,2651.0,18.0
294,0.7181454124543613,0.0,415263.566173498,13,371833.2478517495,373879.0657539668,-0.10458494763203774,-0.09965839478978189,-0.09985858179488538,2.44028677378102,178,89,0.00419666485141078,0.17997812757660103,0.10876483382354143,2045.817902217545,3735635.8044350888,382704.5907648626,1867.8179022175443,178.0,1966.0,4586.0,0.0,52.0,24.0,0.0,72,77.09697767801893,92.66368124336816,46.33522033691406,68.172607421875,52.0,254.0,24.0,606.0,34.25,271.75,16.0,614.0,52.0,254.0,24.0,606.0,1051.0,6.0,906.0,26.0,1687.0,7.0
295,0.876439834866824,0.0,48357.05533977788,26,36752.973441420174,37113.997627401026,-0.23996667739220956,-0.23250087569183442,-0.23379967987812278,1.670531991146148,219,101,0.0026131592336640767,0.17507476598290805,0.0494438393018904,361.02418598087587,284048.37196175166,42508.669912820216,142.02418598087584,219.0,2145.0,10959.0,0.0,73.0,19.0,0.0,77,66.1079086818841,138.23756592235355,41.85540008544922,126.0,73.0,583.0,19.0,1327.0,47.75,608.25,12.5,1333.5,73.0,583.0,19.0,1327.0,2869.0,5.0,780.0,24.0,3480.0,3.0
296,0.8627318747694405,0.0,12306.059723108548,23,10303.659618083373,10544.240189114707,-0.1627165924820787,-0.14316682785843005,-0.14500077089047592,1.8913243099760764,199,87,0.007055499936691671,0.16656789434117386,0.06132556712329566,240.58057103133314,83161.14206266633,10992.448733411333,41.580571031333164,199.0,2076.0,9441.0,0.0,66.0,23.0,0.0,79,59.61022147395667,141.84244539619323,43.46025466918945,115.0,66.0,469.0,23.0,1254.0,46.0,489.0,16.5,1260.5,66.0,469.0,23.0,1254.0,2451.0,6.0,809.0,30.0,1987.0,6.0
297,0.8863329103864502,0.0,27180.991292514045,23,21449.550942637146,21717.41469718652,-0.21086207961279924,-0.20100726042439288,-0.20222370281380875,1.7224742494372909,186,86,0.0027966301174225465,0.17411705053498458,0.05540778316790481,267.8637545493715,163727.50909874297,23763.418981768602,81.86375454937149,186.0,2090.0,9501.0,0.0,65.0,12.0,0.0,66,73.96012110972497,165.89627587140453,46.0,132.0,65.0,416.0,12.0,1024.0,45.75,435.25,9.0,1027.0,65.0,416.0,12.0,1024.0,2520.0,5.0,986.0,32.0,2587.0,4.0
298,0.8107179606356938,0.0,64931.43567088734,12,49853.73913107758,50094.792234431705,-0.2322095050575017,-0.22849707977591804,-0.2291808388649227,1.2753857880754276,89,43,0.002828847614265705,0.1904016967884554,0.10753390251745473,241.05310335417002,304106.2067083401,59610.63106388382,152.05310335417005,89.0,1158.0,4890.0,0.0,25.0,9.0,0.0,31,70.40020375061891,146.05479954448904,53.08326721191406,103.0,25.0,117.0,9.0,221.0,14.0,128.0,4.75,225.25,25.0,117.0,9.0,221.0,1211.0,2.0,393.0,11.0,1380.0,4.0
299,0.8434664770887843,0.0,290475.21840463456,28,234587.63901801224,235748.37042480128,-0.1924005073257934,-0.18840453337261387,-0.18883072694759961,1.8298710808370748,239,114,0.002259756509189839,0.1723924614047938,0.05764491920742317,1160.7314067890577,1843462.813578116,251856.92490626493,921.731406789058,239.0,2748.0,11347.0,0.0,66.0,31.0,0.0,85,96.38403729323065,177.59688935320244,48.0539665222168,186.97341918945312,66.0,627.0,31.0,1655.0,43.5,649.5,18.75,1667.25,66.0,627.0,31.0,1655.0,2818.0,6.0,1554.0,35.0,2791.0,9.0
300,0.8408389207080293,0.0,73254.6539727745,12,66396.7899364136,66737.62688934118,-0.09361676923502582,-0.08896400064704979,-0.08920830514956135,1.6897057161798887,113,55,0.004242304385058299,0.17869165508661802,0.13420445059883743,340.83695292759984,455673.90585519985,67419.12237910191,227.83695292759992,113.0,1051.0,4997.0,0.0,30.0,16.0,0.0,45,92.041903673861,185.1652090356487,45.316898345947266,154.55654907226562,30.0,125.0,16.0,369.0,18.5,136.5,10.25,374.75,30.0,125.0,16.0,369.0,1359.0,5.0,388.0,15.0,1472.0,5.0
301,0.8360775466771111,0.0,205402.55715807478,28,164320.7163866006,165232.36461533565,-0.20000647187589882,-0.19556812290230996,-0.1961267358322918,1.8286727096505435,235,119,0.0012141986058667713,0.1688172399892775,0.04555490877302461,911.6482287350027,1353296.4574700058,185010.7526524824,676.6482287350029,235.0,2781.0,11331.0,0.0,61.0,27.0,0.0,78,74.49774522062111,146.4703778086499,51.91110610961914,115.29524230957031,61.0,584.0,27.0,1512.0,46.0,599.0,20.5,1518.5,61.0,584.0,27.0,1512.0,2829.0,4.0,836.0,23.0,3516.0,8.0
302,0.802198902597528,0.0,16946.95546480501,20,12950.026785540067,13174.41122315807,-0.2358493646581924,-0.22260896651800743,-0.22426413819606428,1.8083145271703975,172,78,0.002945778762120621,0.17770401255388124,0.06501050536102983,224.3844376180095,104768.87523601929,14484.326932875836,52.38443761800964,172.0,1870.0,8210.0,0.0,51.0,23.0,0.0,66,65.04950867133887,206.18454855133345,46.0,199.0,51.0,319.0,23.0,927.0,36.0,334.0,15.75,934.25,51.0,319.0,23.0,927.0,2109.0,4.0,714.0,22.0,2225.0,6.0
303,0.8124086641917942,0.0,81855.63975923152,6,68598.3435846016,68880.63095434697,-0.16195947174348235,-0.15851087161555355,-0.15894646263955137,1.5820928348415597,52,27,0.0006453528244990222,0.20656399304055378,0.19975199767482374,282.28736974539424,460574.7394907887,72779.3479225436,230.28736974539436,52.0,672.0,2352.0,0.0,19.0,0.0,0.0,19,55.12982007420657,,38.0,,19.0,28.0,0.0,67.0,13.5,33.5,0.0,67.0,19.0,28.0,0.0,67.0,609.0,0.0,355.0,9.0,1006.0,0.0
304,0.874846818594781,0.0,326851.5202744365,26,247015.33582539094,248500.18445050373,-0.24425826253465854,-0.23971537827985667,-0.2404607498129231,2.1278055452743434,267,128,0.0015967733960579346,0.17398224711194862,0.052528423493505935,1484.8486251128625,2435697.250225726,286174.793513813,1217.8486251128631,267.0,2901.0,10203.0,0.0,83.0,30.0,0.0,101,75.31743724063885,157.99957682199135,38.0,132.22430419921875,83.0,763.0,30.0,1750.0,59.25,786.75,19.25,1760.75,83.0,763.0,30.0,1750.0,2502.0,7.0,1093.0,29.0,2702.0,13.0
305,0.6139987138661337,0.0,14897.55788941932,23,11359.789257076105,11635.343108165061,-0.2374730582423742,-0.21897647959946365,-0.22119432446371345,2.0390017094744133,223,98,0.00674293265433529,0.173011245109904,0.05881114738645891,275.5538510889695,105107.70217793927,12887.152287507466,52.55385108896964,223.0,2458.0,9092.0,0.0,51.0,51.0,0.0,95,70.18976427027167,156.1488210904016,48.0,127.0,51.0,510.0,51.0,1570.0,37.0,524.0,34.25,1586.75,51.0,510.0,51.0,1570.0,2244.0,13.0,841.0,21.0,2378.0,14.0
306,0.724470085930957,0.0,222392.10056909488,15,195663.0951621473,196874.1080005013,-0.1201886458131779,-0.11474325078675818,-0.1151012988061565,2.494740015102331,182,95,0.0028913286770441793,0.17172205772868135,0.10662687235130172,1211.0128383542124,2058025.676708425,206236.4879957248,1029.0128383542126,182.0,1754.0,5806.0,0.0,46.0,26.0,0.0,67,49.12181786360803,139.5762671634747,31.119014739990234,115.36080932617188,46.0,282.0,26.0,651.0,33.25,294.75,20.0,657.0,46.0,282.0,26.0,651.0,1356.0,9.0,740.0,19.0,1561.0,7.0
307,0.8215076173620932,0.0,23122.164039405245,19,19071.649912776535,19336.896684244744,-0.1751788508950003,-0.16370731341190958,-0.1652363336251833,1.9446083443958853,182,84,0.0034134759929858255,0.1855138836072213,0.07273190060488388,265.24677146821534,166493.54293643095,21404.508447195065,83.24677146821548,182.0,2212.0,7364.0,0.0,57.0,22.0,0.0,70,78.65408976109676,129.88737352656875,44.0,78.5,57.0,437.0,22.0,814.0,40.0,454.0,14.25,821.75,57.0,437.0,22.0,814.0,1790.0,3.0,1001.0,27.0,2651.0,8.0
308,0.803928207746854,0.0,33481.25279037495,23,27682.065177830067,28089.745561622443,-0.17320700777994813,-0.16103062996204354,-0.16267008935350136,2.26312896813461,265,120,0.003911012671988038,0.1728875405494288,0.059197227171939794,407.6803837923845,285360.767584769,31522.81328226495,142.6803837923845,265.0,3227.0,8355.0,0.0,97.0,25.0,0.0,103,62.87516733199766,150.65532586508547,49.0,118.0,97.0,787.0,25.0,1459.0,63.0,821.0,17.0,1467.0,97.0,787.0,25.0,1459.0,2013.0,5.0,1667.0,43.0,3295.0,7.0
309,0.7371559493174616,0.0,198810.92398194326,23,162689.5808779216,163981.02223262447,-0.18168691327697029,-0.1751910863433348,-0.17595136238949605,2.782971027833181,294,142,0.0023719065682513236,0.1780736411903481,0.0664769415321007,1291.4413547031004,1994882.7094061996,179204.4086566914,997.4413547030998,294.0,3255.0,8337.0,0.0,88.0,41.0,0.0,112,66.9913724722459,113.81222807686979,38.82273864746094,86.0,88.0,848.0,41.0,1599.0,63.25,872.75,32.25,1607.75,88.0,848.0,41.0,1599.0,1899.0,6.0,1494.0,33.0,2656.0,10.0
310,0.9003725284871702,0.0,220847.49862027224,23,187641.82257620408,188562.25865613506,-0.15035568096318985,-0.14618793586450707,-0.14659343570875993,1.7764027225482624,208,101,0.002104070657839505,0.16731358068148905,0.0555190462715243,920.4360799309653,1424872.1598619297,200527.7493914697,712.4360799309649,208.0,2251.0,9341.0,0.0,72.0,12.0,0.0,74,78.9818138842867,158.98751593102384,50.0,147.52618408203125,72.0,466.0,12.0,1152.0,47.5,490.5,8.25,1155.75,72.0,466.0,12.0,1152.0,2520.0,1.0,1136.0,35.0,3248.0,4.0
311,0.5801573918881977,0.0,19051.443386030558,10,14942.119591863473,15166.17669751266,-0.21569619219403824,-0.20393555542184083,-0.20553357103460457,2.571650548921311,134,67,0.002283819697810799,0.19097767225746654,0.11683357275241435,224.05710564920236,180114.21129840487,17509.59236801774,90.05710564920244,134.0,1664.0,3360.0,0.0,32.0,25.0,0.0,54,61.85558570584287,110.29411961393107,51.14788818359375,83.65924072265625,32.0,162.0,25.0,320.0,23.75,170.25,19.0,326.0,32.0,162.0,25.0,320.0,742.0,7.0,493.0,11.0,909.0,7.0
312,0.737838881878597,0.0,83509.54889397128,14,60840.18012976176,61304.22474981769,-0.2714584028347694,-0.2659016176981964,-0.2669369773917256,2.2385109203728155,139,68,0.00621795498123435,0.18204521813399388,0.10277868708007512,464.04462005595747,650089.240111915,72602.86673111752,325.0446200559575,139.0,1239.0,5817.0,0.0,35.0,22.0,0.0,55,65.1744288431807,109.22907882935951,43.0,94.82255554199219,35.0,160.0,22.0,553.0,27.0,168.0,12.0,563.0,35.0,160.0,22.0,553.0,1406.0,7.0,472.0,8.0,1625.0,12.0
313,0.7502993394249795,0.0,104802.30827794888,16,87391.44831141745,87994.27427444974,-0.16613050086984382,-0.16037847142566863,-0.16115014897328972,2.1387790613857263,184,95,0.0029436934728375936,0.16528554283047536,0.07973232856265548,602.8259630323616,837651.9260647227,97912.39557979444,418.82596303236136,184.0,1603.0,6461.0,0.0,52.0,21.0,0.0,68,57.06315995128731,132.69400952207414,36.5,108.0,52.0,286.0,21.0,729.0,35.0,303.0,14.5,735.5,52.0,286.0,21.0,729.0,1560.0,7.0,451.0,19.0,1905.0,7.0
314,0.8356996300995321,0.0,97852.17923939864,19,72930.17787768856,73394.63772205992,-0.25469030486012545,-0.24994375912162892,-0.2509604018838405,1.6331624361345722,178,87,0.002310016682928342,0.19198652230550894,0.0772449270058406,464.45984437134797,572919.6887426951,87700.96532753688,286.4598443713476,178.0,2071.0,7505.0,0.0,50.0,22.0,0.0,65,62.83792154302776,163.2475624944887,42.33627700805664,131.26040649414062,50.0,401.0,22.0,762.0,31.0,420.0,14.75,769.25,50.0,401.0,22.0,762.0,1831.0,9.0,1090.0,27.0,2823.0,5.0
315,0.7192298666534607,0.0,19379.94576828026,30,15599.16792659149,15922.768340542,-0.19508712185752775,-0.17838942735313157,-0.18004978466418275,2.0338734364577298,254,114,0.004014203050677111,0.17265049195168325,0.04335852212526329,323.600413950511,139200.82790102213,17110.310971888634,69.60041395051107,254.0,2600.0,12510.0,0.0,65.0,45.0,0.0,100,56.61169129754978,173.36452670464055,33.0,144.0,65.0,694.0,45.0,2193.0,46.0,713.0,33.25,2204.75,65.0,694.0,45.0,2193.0,3277.0,15.0,799.0,19.0,3586.0,18.0
316,0.7277701561092232,0.0,10524.281590993989,22,8247.098977929236,8493.963450540301,-0.2163741623003913,-0.19291750443005107,-0.19565876564353113,2.0329381796928145,209,90,0.007017718450275394,0.17985142725434125,0.054998687421963795,246.86447261106798,75728.94522213627,9312.74570700168,37.86447261106814,209.0,2353.0,8706.0,0.0,62.0,35.0,0.0,87,69.1892394521253,162.2766571884828,52.5,161.0,62.0,445.0,35.0,1363.0,44.75,462.25,24.5,1373.5,62.0,445.0,35.0,1363.0,2065.0,11.0,880.0,24.0,2088.0,6.0
317,0.7562623715007731,0.0,35237.09830280979,30,27318.227066304826,27734.413468058403,-0.2247310822376517,-0.2129200529021179,-0.2143348613243029,2.009652795630711,294,137,0.002354931268482456,0.17191153089704908,0.04564150733516134,416.1864017536201,244372.8035072405,30399.878531075603,122.18640175362025,294.0,3221.0,11863.0,0.0,87.0,40.0,0.0,110,71.13912241481056,165.86798409618427,39.0,116.0,87.0,785.0,40.0,2385.0,61.0,811.0,28.0,2397.0,87.0,785.0,40.0,2385.0,2946.0,6.0,1580.0,42.0,3339.0,11.0
318,0.7016395534320717,0.0,98285.03519497084,21,81511.4485642362,82085.934189808,-0.17066267105119715,-0.16481757342842906,-0.16545167000711902,1.9081948553881083,229,114,0.0021738241653168244,0.17970504579009913,0.07575365299032959,574.4856255718263,690971.2511436526,90526.82030776094,345.4856255718263,229.0,2585.0,7999.0,0.0,66.0,28.0,0.0,84,77.0045526701825,144.8329862361491,34.0,124.5,66.0,461.0,28.0,1209.0,47.0,480.0,18.75,1218.25,66.0,461.0,28.0,1209.0,1947.0,8.0,1246.0,31.0,2376.0,7.0
319,0.7648279274348526,0.0,18012.651289660753,29,13835.98327398534,14144.80726114347,-0.23187413937629586,-0.21472930144033942,-0.21701589598712479,1.9112622832045045,248,113,0.003489509981206882,0.17009488023457628,0.04328100308363454,308.8239871581342,121647.97431626814,15911.993788773449,60.823987158134074,248.0,3137.0,11446.0,0.0,71.0,35.0,0.0,94,85.35920686310962,154.2064262091982,55.0,124.39672088623047,71.0,647.0,35.0,1966.0,52.5,665.5,25.25,1975.75,71.0,647.0,35.0,1966.0,2814.0,9.0,1407.0,25.0,3068.0,6.0
320,0.9357198864470103,0.0,136936.40599544297,22,118853.06227090242,119552.658496881,-0.1320565089545459,-0.1269475956535654,-0.12742942781660505,1.9647287505986923,199,97,0.0019254138339825293,0.16803453013180972,0.06683731678603377,699.5962259786671,1001192.4519573338,127395.76031198332,500.59622597866695,199.0,2145.0,8943.0,0.0,70.0,10.0,0.0,69,71.21018397273603,196.81888763886028,44.5,200.52154541015625,70.0,376.0,10.0,1062.0,51.0,395.0,7.25,1064.75,70.0,376.0,10.0,1062.0,2392.0,1.0,966.0,25.0,2591.0,5.0
321,0.8425730928593477,0.0,10987.77172346245,11,9463.987440398116,9593.69984401813,-0.1386800091423962,-0.1268748491077154,-0.12796189168377126,1.7483594513097815,94,46,0.004539515936731055,0.18379453743826085,0.11962394885229223,129.7124036200185,71424.80724003713,10213.118244438996,35.71240362001856,94.0,1231.0,4313.0,0.0,27.0,10.0,0.0,37,78.6711373011959,99.13375075184186,53.0,53.484527587890625,27.0,128.0,10.0,242.0,19.5,135.5,5.25,246.75,27.0,128.0,10.0,242.0,1064.0,4.0,440.0,7.0,1173.0,4.0
322,0.8607225343167121,0.0,48585.98377615476,14,41891.424093221074,42166.95207501264,-0.13778787960282635,-0.13211694407004027,-0.13254473366295727,1.6791938130226054,126,60,0.0028086057112427522,0.17841077779425915,0.09213462363914976,275.52798179159424,299055.96358318854,44523.7412834552,149.52798179159427,126.0,1748.0,5308.0,0.0,38.0,14.0,0.0,48,88.98429521124703,115.49692424690777,58.0,81.5,38.0,189.0,14.0,431.0,27.0,200.0,10.0,435.0,38.0,189.0,14.0,431.0,1363.0,3.0,541.0,16.0,1396.0,3.0
323,0.8062128921080381,0.0,100617.15773524577,18,84658.49239513869,85214.6709931473,-0.158607793137023,-0.15308012160934892,-0.15364577474444108,2.0475065016748326,177,88,0.003372876867540706,0.16781049008494536,0.07601985879519291,556.1785980086829,758357.1960173663,92595.21220043018,379.17859800868314,177.0,2157.0,6915.0,0.0,56.0,15.0,0.0,69,86.79759196532747,166.12580922241602,43.0,115.0,56.0,361.0,15.0,810.0,37.0,380.0,12.25,812.75,56.0,361.0,15.0,810.0,1686.0,1.0,837.0,18.0,2119.0,3.0
324,0.9287341180891203,0.0,287079.0082587952,25,251427.50386975397,252739.3470424933,-0.12418708217391572,-0.1196174580112297,-0.1199928749625131,2.0177224195100885,247,123,0.001929339182067241,0.17620969798854727,0.05049466745027166,1311.8431727393781,2129686.3454787554,263872.56305501284,1064.8431727393777,247.0,2445.0,10155.0,0.0,81.0,18.0,0.0,83,71.01054738898141,164.5080483601237,41.0,135.59071350097656,81.0,539.0,18.0,1437.0,58.25,561.75,13.25,1441.75,81.0,539.0,18.0,1437.0,2715.0,5.0,926.0,27.0,2981.0,4.0
325,0.9069386245297798,0.0,203031.07595872122,25,172243.21006438517,173309.77904722362,-0.15164115024734248,-0.1463879200322039,-0.14699666126664324,2.1327842991669703,248,121,0.0035691194850487815,0.18335188800062527,0.05820507412472794,1066.5689828385434,1637137.965677087,191901.49307603747,818.5689828385435,248.0,2941.0,9659.0,0.0,81.0,21.0,0.0,94,76.25976983868716,139.46581412996306,46.0,136.0,81.0,671.0,21.0,1577.0,54.75,697.25,13.25,1584.75,81.0,671.0,21.0,1577.0,2350.0,7.0,1039.0,25.0,2451.0,8.0
326,0.8635777535751334,0.0,39153.767978886885,8,32061.545161553684,32225.27235116683,-0.1811376831256083,-0.17695603732075416,-0.1774821358245986,1.468400362427062,60,30,0.002492653385118167,0.18229810149241338,0.16228291005701484,163.72718961315636,207454.3792263127,35319.79161381767,103.72718961315636,60.0,727.0,3305.0,0.0,20.0,2.0,0.0,22,110.82475434261468,243.18941171804116,68.0,243.1894073486328,20.0,32.0,2.0,122.0,14.5,37.5,1.25,122.75,20.0,32.0,2.0,122.0,818.0,0.0,308.0,9.0,735.0,0.0
327,0.6903514986536764,0.0,411308.99343411275,16,310933.4368326963,312701.9383609418,-0.24403929455409668,-0.23973960367333125,-0.24042548358755345,2.182377777010599,176,87,0.0030586243069883542,0.1849032314820194,0.08844240953266792,1768.5015282456577,3185003.056491317,364854.6885468776,1592.5015282456586,176.0,1687.0,6377.0,0.0,45.0,28.0,0.0,68,70.18275169610837,132.91235216742734,41.0,115.61259460449219,45.0,263.0,28.0,752.0,31.75,276.25,19.25,760.75,45.0,263.0,28.0,752.0,1498.0,2.0,639.0,15.0,1809.0,7.0
328,0.8234294433058735,0.0,15587.04085724301,8,13063.523823818858,13202.537768862383,-0.16189840371474484,-0.15297984461704883,-0.15368305398815707,1.919904498358768,86,42,0.0028099892962510967,0.20999501725592506,0.1648020614814835,139.01394504352658,106027.89008705318,13806.401591549373,53.01394504352659,86.0,919.0,3113.0,0.0,30.0,6.0,0.0,34,54.650702058816236,276.56809373149275,43.0,287.580322265625,30.0,79.0,6.0,157.0,19.0,90.0,4.5,158.5,30.0,79.0,6.0,157.0,904.0,3.0,464.0,17.0,1191.0,3.0
329,0.8600084445531416,0.0,43401.164631600805,7,39824.27252234967,40025.919936010425,-0.08241465729347663,-0.07776852820057345,-0.0780578857608818,1.7318714988823336,60,30,0.002179932902279052,0.1880343186630115,0.17871846794005497,201.64741366077712,283294.8273215541,40894.319743753935,141.64741366077706,60.0,729.0,2799.0,0.0,18.0,5.0,0.0,22,118.9372623745837,83.40565755650624,68.0,80.11161804199219,18.0,35.0,5.0,96.0,12.75,40.25,3.25,97.75,18.0,35.0,5.0,96.0,705.0,0.0,257.0,5.0,829.0,0.0
330,0.7111166435605071,0.0,170233.43634915823,12,151178.36183355987,152138.0737996071,-0.11193496955859683,-0.10629734638286059,-0.10656981149815159,2.5396360404325993,168,84,0.005434414850749987,0.18869921502759585,0.11848317782178895,959.7119660472842,1583423.9320945684,155871.14717281,791.7119660472842,168.0,1914.0,4134.0,0.0,45.0,27.0,0.0,67,55.06636343660576,106.8096430588245,35.0,90.8603286743164,45.0,261.0,27.0,471.0,33.25,272.75,20.5,477.5,45.0,261.0,27.0,471.0,1021.0,8.0,935.0,25.0,1064.0,6.0
331,0.8472293807773349,0.0,37188.1225495795,20,25943.38525508721,26181.47888658657,-0.3023744282734553,-0.2959720176332856,-0.2972342704307184,1.577773081721799,141,71,0.002195098446149973,0.18282235794579138,0.06682639116255046,238.09363149937133,194187.26299874263,30769.200154376624,97.09363149937131,141.0,1497.0,8571.0,0.0,34.0,16.0,0.0,49,50.40260500379433,184.672330717523,32.0,127.0,34.0,230.0,16.0,699.0,27.5,236.5,12.25,702.75,34.0,230.0,16.0,699.0,2288.0,5.0,525.0,10.0,2715.0,6.0
332,0.6707320203979787,0.0,81112.02862266506,5,80804.86877535729,81130.138483157,-0.0037868593909380355,0.0002232697270609929,0.00014782808281776916,1.701139039506377,49,25,0.0018862109494357353,0.18761197977089292,0.24360242578894845,325.2697077997584,552539.4155995168,81201.38959362316,276.2697077997584,49.0,704.0,1816.0,0.0,11.0,8.0,0.0,18,117.57481815592388,122.16727999753756,102.0,71.5,11.0,24.0,8.0,47.0,6.75,28.25,5.0,50.0,11.0,24.0,8.0,47.0,442.0,1.0,214.0,1.0,713.0,2.0
333,0.7203406286830292,0.0,17707.480670409153,12,15321.420009731699,15517.015784765023,-0.1347487372760363,-0.12370279693737585,-0.1242217617353002,1.9195796332337602,135,62,0.004335408529053177,0.19907141645561385,0.13089668506674867,195.59577503333367,121191.55006666745,15783.605426999904,60.59577503333372,135.0,1917.0,4129.0,0.0,47.0,14.0,0.0,56,95.29385968272838,105.38004146911092,76.0,103.03909301757812,47.0,208.0,14.0,402.0,27.25,227.75,8.5,407.5,47.0,208.0,14.0,402.0,1019.0,3.0,1090.0,24.0,1469.0,3.0
334,0.7641574922804933,0.0,55874.340863908204,15,43346.138340459234,43653.098765947245,-0.22422103473155264,-0.21872727103354916,-0.219649865118818,1.7848181225376127,129,64,0.0028210764528471067,0.16925032002836177,0.09917261473533634,306.96042548803194,355920.85097606387,49853.938404382614,177.96042548803194,129.0,1409.0,6151.0,0.0,37.0,13.0,0.0,46,63.77500502314106,148.67090751762206,44.0,124.0,37.0,188.0,13.0,452.0,28.75,196.25,8.5,456.5,37.0,188.0,13.0,452.0,1493.0,3.0,587.0,15.0,1739.0,4.0
335,0.6485564093141715,0.0,299759.5839979303,10,210931.95298267278,212472.5340269794,-0.2963295779589513,-0.29119018917357975,-0.2921236255681936,2.7820393260437566,128,61,0.008057858883839926,0.19929819316040878,0.14058031395469495,1540.5810443068353,2825162.0886136685,253875.10361250312,1412.5810443068342,128.0,1343.0,3697.0,0.0,33.0,24.0,0.0,54,50.002653922638935,134.1299510598844,41.0,108.68678283691406,33.0,163.0,24.0,320.0,21.5,174.5,16.75,327.25,33.0,163.0,24.0,320.0,865.0,4.0,616.0,12.0,932.0,7.0
336,0.7359636581797083,0.0,10904.652540748031,30,8661.229808865352,9000.787497107762,-0.2057307854147168,-0.17459199516224744,-0.1781817382710441,2.1829693445882903,297,118,0.008617147851278819,0.17262708987889008,0.04531472105680457,339.5576882424161,85115.37648483207,9747.66053126652,42.557688242416035,297.0,4210.0,10810.0,0.0,104.0,46.0,0.0,127,63.269065174733946,153.68645995475035,42.0,136.2165985107422,104.0,1227.0,46.0,2410.0,69.75,1261.25,33.5,2422.5,104.0,1227.0,46.0,2410.0,2592.0,15.0,1445.0,39.0,2937.0,9.0
337,0.8128365740905056,0.0,159350.07769137927,15,126200.73145802136,126736.30548311846,-0.20802842843641278,-0.20466743838948998,-0.2050571964196729,1.5439340536918362,116,59,0.0019139408984777046,0.1865062560531187,0.09318447191076044,535.5740250970795,839148.0501941594,135878.22099454293,419.5740250970797,116.0,1041.0,6519.0,0.0,28.0,14.0,0.0,38,67.6557828478615,206.9111353413342,33.5,167.11856079101562,28.0,104.0,14.0,424.0,22.25,109.75,9.0,429.0,28.0,104.0,14.0,424.0,1862.0,3.0,482.0,12.0,1907.0,5.0
338,0.8005264046706086,0.0,146170.1132577699,19,116143.60384252064,116773.16925967188,-0.20542167441779113,-0.20111460094620526,-0.20168879784060323,1.8235834866456913,160,81,0.00128897435027299,0.1812788072506995,0.06920625328249438,629.5654171512961,939130.8343025922,128747.99003993426,469.5654171512961,160.0,2045.0,7531.0,0.0,45.0,15.0,0.0,57,67.8998688245026,164.8358049479285,37.0,170.0,45.0,346.0,15.0,677.0,32.75,358.25,11.5,680.5,45.0,346.0,15.0,677.0,1954.0,4.0,968.0,15.0,2676.0,5.0
339,0.7746679760476548,0.0,84783.42405466651,23,68929.37356635483,69396.04155677614,-0.18699469460079055,-0.18149045841754308,-0.18205807886569403,1.6730723948099824,216,108,0.0012328271110883461,0.17999367019087914,0.061259037376533286,466.667990421353,501335.98084270576,74912.47575387264,250.6679904213529,216.0,2614.0,8978.0,0.0,57.0,28.0,0.0,79,103.47560129782325,183.51089832347884,52.0,155.31875610351562,57.0,483.0,28.0,1249.0,39.75,500.25,20.0,1257.0,57.0,483.0,28.0,1249.0,2280.0,7.0,1162.0,26.0,2823.0,4.0
340,0.6536273712627492,0.0,20578.56991537379,12,17857.837576186128,18122.385868691257,-0.1322119248507675,-0.11935640118741064,-0.12082040904642055,2.893557480779676,149,73,0.0032814932332955824,0.18201856660376256,0.11832614845087251,264.5482925051405,231096.58501028136,19966.47608915063,115.54829250514068,149.0,1685.0,4363.0,0.0,45.0,19.0,0.0,58,75.06997832665509,95.15789994546509,54.0,90.0,45.0,205.0,19.0,427.0,31.75,218.25,14.5,431.5,45.0,205.0,19.0,427.0,1026.0,5.0,455.0,12.0,1456.0,5.0
341,0.7972401084164455,0.0,65536.95773097174,26,51883.1002326482,52328.92769259239,-0.20833828683919742,-0.20153559908285834,-0.20242878646464546,1.8260094680726324,233,106,0.0030885815296429874,0.17179609917684074,0.050840083956080015,445.82745994427074,425654.91988854157,58276.65838143541,212.8274599442708,233.0,2852.0,10241.0,0.0,77.0,24.0,0.0,89,85.08193644353233,176.82656524477753,62.0,169.41030883789062,77.0,599.0,24.0,1613.0,48.0,628.0,18.0,1619.0,77.0,599.0,24.0,1613.0,2522.0,5.0,1444.0,37.0,3439.0,10.0
342,0.709217582427234,0.0,134586.0422130928,30,114998.49959865428,115834.00598847377,-0.14553918290743084,-0.13933121084672762,-0.1398168607317688,2.1177418024299635,312,148,0.002988466212439909,0.1739828229839155,0.05096240901182294,835.506389819702,1047012.7796394045,123600.1454990912,523.5063898197022,312.0,4146.0,10974.0,0.0,93.0,41.0,0.0,116,83.61443227860013,150.4609822902467,51.0,116.0,93.0,1089.0,41.0,2257.0,67.25,1114.75,32.5,2265.5,93.0,1089.0,41.0,2257.0,2706.0,9.0,1995.0,46.0,3220.0,11.0
343,0.8180454088112228,0.0,91977.26843090236,5,78339.22796010636,78618.06963289228,-0.14827620675690678,-0.14524456994552015,-0.14547891274352998,1.4397793870565643,38,17,0.004914755880541087,0.16679659562604446,0.2366343469806611,278.8416727859491,481683.34557189816,83638.39451762036,240.84167278594907,38.0,399.0,2121.0,0.0,12.0,4.0,0.0,16,79.71124428490792,256.30836666512516,62.0,297.0,12.0,11.0,4.0,53.0,7.0,16.0,1.75,55.25,12.0,11.0,4.0,53.0,524.0,0.0,216.0,6.0,506.0,1.0
344,0.6380769939367764,0.0,346559.30021600175,21,289793.9838397457,291256.6284205948,-0.16379683459908778,-0.1595763604120224,-0.16006116801933912,1.9796339200567936,205,99,0.0030666171967734736,0.17070215712443332,0.07085065297543454,1462.6445808494443,2515289.161698888,317645.7445256756,1257.644580849444,205.0,2431.0,8153.0,0.0,54.0,31.0,0.0,76,78.52049355811226,145.02259784256515,50.87355041503906,118.0,54.0,439.0,31.0,1072.0,35.25,457.75,18.25,1084.75,54.0,439.0,31.0,1072.0,2015.0,9.0,998.0,19.0,2201.0,8.0
345,0.7962876360267509,0.0,210743.96673632483,22,188790.58149912299,189728.88169397568,-0.10417088364227822,-0.09971856071515661,-0.09997982475968858,1.8231013195723107,215,106,0.002491831640780235,0.1766018237260637,0.06267998396854346,938.3001948528029,1446600.3897056058,198370.8165551888,723.300194852803,215.0,3077.0,8011.0,0.0,68.0,19.0,0.0,83,86.86015659016846,139.58870984043895,57.34410858154297,105.0,68.0,508.0,19.0,1231.0,46.5,529.5,12.5,1237.5,68.0,508.0,19.0,1231.0,1938.0,2.0,1043.0,30.0,2596.0,1.0
346,0.8175192468815902,0.0,21631.688298290814,15,19602.94519022065,19877.453648273793,-0.09378570364433647,-0.08109559576797476,-0.08209482986855088,2.1605167945833306,185,87,0.004393513711205499,0.17369936065458336,0.08868966106190462,274.5084580531563,179016.91610631268,20714.594368709506,89.50845805315635,185.0,2050.0,5497.0,0.0,65.0,18.0,0.0,79,75.90276533208744,90.56426063083508,48.0,78.3155517578125,65.0,387.0,18.0,714.0,42.5,409.5,11.25,720.75,65.0,387.0,18.0,714.0,1377.0,4.0,1070.0,32.0,2377.0,6.0
347,0.6866566702337034,0.0,262352.07585886616,15,206126.4083109762,207297.7345902423,-0.21431378945191526,-0.20984907814581455,-0.21048392724782483,2.119791501356796,176,86,0.0024106501921080767,0.1746915398276272,0.10458248948469072,1171.3262792662567,1990652.5585325134,234769.8532212218,995.3262792662567,176.0,1600.0,5960.0,0.0,45.0,30.0,0.0,72,64.47975713942198,141.3079562119645,46.0,127.9518814086914,45.0,287.0,30.0,718.0,29.5,302.5,20.75,727.25,45.0,287.0,30.0,718.0,1523.0,8.0,510.0,17.0,1993.0,9.0
348,0.7886896270611157,0.0,42653.44508703129,25,33552.379072562086,33932.13649716963,-0.2133723547042714,-0.2044690310962327,-0.20545245208732954,1.8669013651471154,242,111,0.003142614376879971,0.18633679949079213,0.05552961262345375,379.7574246075563,275514.84921511274,36894.67134668382,137.75742460755637,242.0,2732.0,9861.0,0.0,72.0,34.0,0.0,95,63.92541428519985,161.19874452919308,45.5,108.5,72.0,596.0,34.0,1671.0,46.0,622.0,22.75,1682.25,72.0,596.0,34.0,1671.0,2560.0,9.0,1264.0,39.0,2812.0,13.0
349,0.7790156929580071,0.0,12795.610424254737,24,10088.25039018531,10358.126640658593,-0.21158506271318533,-0.1904937476820776,-0.1930932609822874,2.2089879262667482,220,94,0.005604685590931353,0.17840060403791166,0.056763902529289346,269.87625047328265,99752.50094656537,11289.38956166568,49.87625047328269,220.0,2239.0,9766.0,0.0,67.0,35.0,0.0,88,48.912381761442255,192.1897342932091,34.0,190.0,67.0,538.0,35.0,1464.0,48.5,556.5,20.25,1478.75,67.0,538.0,35.0,1464.0,2548.0,9.0,934.0,24.0,3455.0,11.0
350,0.7636864228722592,0.0,130576.47624205617,26,105226.12099518727,105997.43614698644,-0.19414182382955159,-0.1882348245445553,-0.1890438024437915,2.0656374363249688,275,133,0.0028680788820478666,0.173111402235177,0.05130857118997587,771.3151517991694,992630.3035983382,120136.07593261302,496.3151517991691,275.0,3077.0,10027.0,0.0,75.0,41.0,0.0,105,82.70167963896603,154.11079603806328,62.0,147.0,75.0,827.0,41.0,1787.0,48.0,854.0,26.0,1802.0,75.0,827.0,41.0,1787.0,2370.0,12.0,1480.0,35.0,3402.0,21.0
351,0.7856124462311448,0.0,453672.84769630467,5,339933.42865375866,341651.31926389673,-0.2507080148615922,-0.24692138619544812,-0.24761331841044898,2.0740249293351836,53,26,0.004850895833446548,0.20968090579061607,0.2384051631672812,1717.8906101382213,3329781.220276442,401367.0681074918,1664.890610138221,53.0,718.0,1802.0,0.0,17.0,5.0,0.0,22,100.2221019270267,112.56882068524423,78.50606536865234,108.0,17.0,27.0,5.0,61.0,9.5,34.5,4.0,62.0,17.0,27.0,5.0,61.0,444.0,3.0,302.0,7.0,493.0,3.0
352,0.8417927570500902,0.0,140472.18432130836,11,126257.8238675175,127058.41019930497,-0.10118985849381912,-0.09549060681879529,-0.09563910316577695,2.5979835593414418,135,68,0.004405114398633224,0.18565841756612658,0.12099705159627921,800.5863317875344,1331172.6635750693,128096.71743193266,665.5863317875346,135.0,1815.0,3729.0,0.0,44.0,12.0,0.0,53,57.607574352276465,190.29585833659837,36.0,178.77259826660156,44.0,193.0,12.0,334.0,32.25,204.75,10.75,335.25,44.0,193.0,12.0,334.0,893.0,7.0,750.0,19.0,1080.0,8.0
353,0.7335045194769552,0.0,47911.41080681184,20,39952.44410402891,40305.350702049334,-0.16611839577997478,-0.1587525805790112,-0.15944033713384043,1.6779479356128437,207,95,0.005070719228857076,0.16914055237555445,0.07828718555385261,352.90659802045394,291813.196040908,43477.689302428786,145.906598020454,207.0,2800.0,7267.0,0.0,70.0,22.0,0.0,83,107.2235355623527,128.6624019838004,65.39246368408203,94.5,70.0,520.0,22.0,1046.0,44.75,545.25,13.75,1054.25,70.0,520.0,22.0,1046.0,1847.0,6.0,1514.0,39.0,2458.0,5.0
354,0.8232932411479627,0.0,225932.80049703532,25,181340.4440772414,182400.80592800965,-0.19736999816624257,-0.19267673606160118,-0.19340960464859192,1.918575917864781,259,126,0.0016480986366640212,0.17386364468369167,0.05122241264247645,1060.3618507684018,1602723.701536802,208842.88270965364,801.361850768401,259.0,3322.0,9277.0,0.0,88.0,20.0,0.0,100,67.58975310492606,153.50736174183152,42.0,133.24777221679688,88.0,846.0,20.0,1545.0,62.75,871.25,14.5,1550.5,88.0,846.0,20.0,1545.0,2280.0,7.0,1507.0,43.0,2983.0,6.0
355,0.9124328396631612,0.0,291613.6486794834,7,218050.58490631304,219039.64665796753,-0.25226207383051724,-0.24887038844084752,-0.24967804125227988,1.7438626824611954,71,35,0.0018209586012712387,0.1924057790924919,0.17164981261001938,989.061751654513,1836123.5033090266,263226.50312087924,918.0617516545133,71.0,737.0,2791.0,0.0,27.0,2.0,0.0,28,56.62921970431222,96.53568338917283,30.27246856689453,96.53568267822266,27.0,76.0,2.0,91.0,19.0,84.0,1.25,91.75,27.0,76.0,2.0,91.0,714.0,1.0,351.0,15.0,1220.0,1.0
356,0.7874218774619045,0.0,38202.24040987006,13,31165.164082825057,31427.59922148911,-0.18420585419976776,-0.17733622729180643,-0.1781451232537553,1.8664552399401406,134,69,0.0022284288907591337,0.18331218486983017,0.10388302875499418,262.43513866408233,256870.2773281647,34406.16627597279,128.43513866408236,134.0,1295.0,5257.0,0.0,37.0,15.0,0.0,49,62.277279547799274,164.3837379263081,36.16229248046875,179.0,37.0,159.0,15.0,426.0,29.0,167.0,10.0,431.0,37.0,159.0,15.0,426.0,1402.0,3.0,561.0,20.0,1516.0,1.0
357,0.8647418138291235,0.0,101700.64856174692,14,73436.21088388893,73846.99432088343,-0.27791796883868847,-0.2738788260917757,-0.27470729195387966,1.7606444641748082,110,56,0.0013023667144717596,0.18134362010003255,0.0948373109096712,410.7834369945731,601566.873989146,85418.56209894891,300.783436994573,110.0,1155.0,5901.0,0.0,26.0,14.0,0.0,37,70.13395503224143,184.21868574848216,34.0,207.09841918945312,26.0,178.0,14.0,300.0,18.75,185.25,9.75,304.25,26.0,178.0,14.0,300.0,1602.0,4.0,533.0,11.0,2039.0,5.0
358,0.934629609713816,0.0,435949.11883953324,24,360847.0574207611,362460.862452681,-0.1722725386363636,-0.1685707189464517,-0.1689801911226404,1.7833115917194238,204,97,0.0020631933496876756,0.1714351245654553,0.054891045880104836,1613.8050319200954,2819610.0638401923,395277.2579021925,1409.805031920096,204.0,2274.0,9822.0,0.0,70.0,13.0,0.0,76,79.20594186081455,142.4226550604624,39.5,128.0,70.0,492.0,13.0,1249.0,48.5,513.5,8.25,1253.75,70.0,492.0,13.0,1249.0,2490.0,3.0,968.0,30.0,3209.0,2.0
359,0.6912241992293905,0.0,71052.69993268377,29,58910.972899090135,59526.196001309196,-0.17088340126549528,-0.16222471408257433,-0.1631144594752726,2.2874783950266986,320,155,0.001889822512528684,0.17652799455994786,0.04493820241500116,615.2231022190222,590446.2044380447,64530.24930440416,295.22310221902234,320.0,3464.0,11152.0,0.0,95.0,41.0,0.0,117,67.62612946527474,150.23070065626612,42.0,146.0,95.0,1018.0,41.0,2239.0,66.25,1046.75,28.0,2252.0,95.0,1018.0,41.0,2239.0,2727.0,13.0,1444.0,38.0,3375.0,16.0
360,0.8523573260848841,0.0,175527.6496150519,29,153312.91338996758,154085.57496234952,-0.1265597543965481,-0.12215781786930313,-0.12254696505039775,1.6844017766086572,228,105,0.0017916479715004174,0.1729342287693452,0.044130660829860766,772.6615723819896,1089323.1447639796,161678.04497291648,544.6615723819898,228.0,3052.0,11564.0,0.0,79.0,15.0,0.0,80,104.90956015762951,213.57979034161482,60.0,171.0,79.0,727.0,15.0,1499.0,56.25,749.75,10.75,1503.25,79.0,727.0,15.0,1499.0,3097.0,7.0,1146.0,31.0,3176.0,5.0
361,0.8567569092517476,0.0,102028.87634065261,14,88680.0804062476,89083.48953501134,-0.13083350922964432,-0.12687963711782335,-0.12721653085148443,1.5510830727159004,112,55,0.00213962520865159,0.17592508653514688,0.09314231574908004,403.4091287637468,582818.2575274936,93937.30545118325,291.4091287637468,112.0,1387.0,5669.0,0.0,31.0,12.0,0.0,40,90.16417496929745,149.06471295735548,63.0,122.25643920898438,31.0,152.0,12.0,365.0,21.0,162.0,8.0,369.0,31.0,152.0,12.0,365.0,1397.0,3.0,327.0,11.0,2264.0,3.0
362,0.7639015703618451,0.0,114075.12444407413,15,87428.0430895423,87999.65190169482,-0.23359239347221294,-0.2285815831405289,-0.22951892890842118,2.014592940953641,152,77,0.001074738526309408,0.18080867458424724,0.09200728443590832,571.6088121525129,839217.6243050253,104142.33159029234,419.60881215251266,152.0,1800.0,5760.0,0.0,49.0,11.0,0.0,52,54.00960095053023,157.0128831973538,36.0,100.0,49.0,253.0,11.0,467.0,36.25,265.75,9.0,469.0,49.0,253.0,11.0,467.0,1370.0,2.0,850.0,25.0,2142.0,3.0
363,0.765712349551537,0.0,26873.359314414156,14,18657.28438468053,18880.382706809727,-0.3057330806173809,-0.2974312408838745,-0.2990969479227781,1.9028110683281505,139,66,0.006016921505485455,0.18901894030116925,0.0916781873464715,223.0983221292083,168196.64425841664,22098.442543509813,84.09832212920831,139.0,1300.0,5689.0,0.0,33.0,26.0,0.0,55,63.26818626825504,159.61593497586404,47.989498138427734,131.93482971191406,33.0,202.0,26.0,508.0,22.25,212.75,16.25,517.75,33.0,202.0,26.0,508.0,1335.0,9.0,641.0,15.0,1832.0,11.0
364,0.6963154817921563,0.0,12349.456326027102,23,10771.357495119108,11046.294558214999,-0.12778690731365006,-0.10552381687164836,-0.10731538116476813,2.1136485739353073,226,97,0.007635423444839437,0.16697056645404731,0.05780039684009972,274.93706309589516,97874.12619179024,11576.442673433976,48.93706309589513,226.0,3316.0,8237.0,0.0,72.0,34.0,0.0,92,96.49413174843602,135.12480685015933,49.59730529785156,116.5,72.0,737.0,34.0,1266.0,48.0,761.0,25.25,1274.75,72.0,737.0,34.0,1266.0,2090.0,6.0,1416.0,30.0,2258.0,10.0
365,0.6175378443401546,0.0,171205.9354529056,29,133207.11823184247,134331.43029640644,-0.2219480131955801,-0.21538099750427397,-0.21614406734390545,2.560458224261118,369,168,0.002789380090868205,0.17891487018545352,0.04732251605889494,1124.312064564228,1510624.1291284543,147495.48682486135,755.3120645642272,369.0,3632.0,10984.0,0.0,96.0,76.0,0.0,144,54.74007326800268,138.29982728129235,36.0,114.77428436279297,96.0,1144.0,76.0,2860.0,65.0,1175.0,51.25,2884.75,96.0,1144.0,76.0,2860.0,2653.0,18.0,1672.0,53.0,3798.0,28.0
366,0.7413042118701219,0.0,491728.6421768297,23,401287.28489200067,403076.0856410776,-0.1839253391554636,-0.18028755889284132,-0.1806990021840379,1.8022068218924465,224,110,0.0032934332686416715,0.1797029299358697,0.057250031954860656,1788.8007490771297,3129601.4981542616,434134.6204188645,1564.8007490771308,224.0,2291.0,9301.0,0.0,60.0,31.0,0.0,84,67.43552059221226,140.1381226211173,43.0,106.0,60.0,490.0,31.0,1351.0,42.0,508.0,19.0,1363.0,60.0,490.0,31.0,1351.0,2366.0,10.0,975.0,25.0,2999.0,8.0
367,0.8400479186106193,0.0,28588.915560437425,8,19415.683809417358,19563.924883932348,-0.32086672653349535,-0.3156814625383779,-0.31651673292970217,1.6460554092768471,74,38,0.002092665928291851,0.20676495605340656,0.18309135491074768,148.241074514994,148482.149029988,22551.207601088576,74.24107451499401,74.0,688.0,3344.0,0.0,17.0,11.0,0.0,27,68.2792721986543,185.36043204315544,46.0,136.0,17.0,27.0,11.0,161.0,11.5,32.5,8.25,163.75,17.0,27.0,11.0,161.0,809.0,5.0,452.0,9.0,1009.0,3.0
368,0.8514218552365005,0.0,92676.60475691498,7,85466.4974211495,85813.72259736348,-0.07779857014267133,-0.07405193767674612,-0.07431247250036921,1.6182072701949406,57,28,0.0035814179319038904,0.17119470259674677,0.20492939952454658,347.22517621397105,580450.3524279421,89674.90801688479,290.22517621397105,57.0,662.0,2866.0,0.0,16.0,6.0,0.0,21,101.30873015422296,160.30549191527498,56.16527557373047,141.91647338867188,16.0,40.0,6.0,85.0,9.75,46.25,3.5,87.5,16.0,40.0,6.0,85.0,724.0,1.0,268.0,4.0,970.0,3.0
369,0.7460557746696894,0.0,154614.43940992106,22,122902.94768194799,123726.0894049455,-0.20510045406495359,-0.19977661933037782,-0.2004661331112867,2.180062258474623,223,111,0.002941109696825012,0.1758981522479002,0.060564634591822285,823.1417229976333,1200283.4459952668,137643.25322927913,600.1417229976335,223.0,2500.0,8588.0,0.0,62.0,28.0,0.0,85,62.20815602607051,109.37402387700801,44.5,112.8276596069336,62.0,559.0,28.0,1221.0,44.5,576.5,22.5,1226.5,62.0,559.0,28.0,1221.0,2159.0,10.0,742.0,19.0,2462.0,7.0
370,0.8345754890434377,0.0,21097.341403799248,7,15401.918713959658,15531.56486136902,-0.26995926078221155,-0.2638141193196947,-0.26489129088398355,1.7980148599441792,64,31,0.002935462181448414,0.20892170141983796,0.19587169430006912,129.646147409364,131292.294818728,18255.173767418706,65.646147409364,64.0,661.0,2867.0,0.0,20.0,6.0,0.0,26,57.548393471833165,172.14893221298658,32.5,166.85226440429688,20.0,45.0,6.0,111.0,12.75,52.25,4.0,113.0,20.0,45.0,6.0,111.0,747.0,1.0,379.0,6.0,1067.0,1.0
371,0.7607680954854524,0.0,195193.1591427894,17,147598.6118207459,148495.06897116872,-0.24383307043679092,-0.23924040359149934,-0.23999650521232008,2.0156138159621477,193,92,0.0037717762588421167,0.17274044485006224,0.08056357236900218,896.4571504228637,1406914.300845727,174501.9668083269,703.4571504228636,193.0,1965.0,6603.0,0.0,55.0,29.0,0.0,78,61.461743379060124,160.54665711150764,40.18634033203125,138.4473419189453,55.0,349.0,29.0,893.0,34.5,369.5,20.0,902.0,55.0,349.0,29.0,893.0,1584.0,7.0,976.0,25.0,2214.0,9.0
372,0.7821632342060778,0.0,435033.8102043252,29,356102.3402228908,357926.2536801666,-0.18143755296711794,-0.17724497433416253,-0.1777468070852548,1.9635881780444326,272,132,0.0021060673974205553,0.17540646061973814,0.045304357588427706,1823.9134572756755,3103826.9145513545,395172.8459735512,1551.9134572756773,272.0,3557.0,11059.0,0.0,80.0,31.0,0.0,93,90.24035849012546,144.31622999764764,56.5,122.0,80.0,811.0,31.0,1775.0,55.0,836.0,21.75,1784.25,80.0,811.0,31.0,1775.0,2767.0,10.0,1209.0,26.0,4017.0,12.0
373,0.9171344441153382,0.0,29953.746063242805,13,25805.432738660336,25997.081749620356,-0.13849063538910733,-0.13209247034639837,-0.1326617989107315,1.5605863525526946,105,54,0.003062895996401788,0.16740681037095576,0.11340623335701278,191.64901096002978,173298.02192005952,27761.68419590994,86.64901096002976,105.0,1333.0,5200.0,0.0,35.0,3.0,0.0,36,93.25765352827692,202.86564428083045,59.58733367919922,149.3896484375,35.0,110.0,3.0,319.0,25.5,119.5,2.0,320.0,35.0,110.0,3.0,319.0,1387.0,1.0,603.0,16.0,1206.0,1.0
374,0.5040686915236087,0.0,61461.23044412354,16,51789.336462743675,52284.97869151075,-0.15736577207273628,-0.14930146510742626,-0.14998432608593093,2.434638150883643,220,109,0.006000622321571781,0.17606245805372,0.09646020230397218,495.6422287671186,551284.4575342373,56608.459180489575,275.64222876711864,220.0,2636.0,5428.0,0.0,58.0,37.0,0.0,89,66.27596894080243,123.94045319278534,56.16645050048828,103.0,58.0,459.0,37.0,870.0,40.75,476.25,24.25,882.75,58.0,459.0,37.0,870.0,1287.0,11.0,1350.0,22.0,1430.0,10.0
375,0.8240218961157811,0.0,21642.169917113217,23,17864.715247843036,18159.0531507938,-0.17454140152015052,-0.16094119857940847,-0.16212550572983098,2.069445945210802,216,97,0.004157326672670643,0.1699711655438876,0.06645816069283059,294.3379029507679,156675.80590153555,18927.26483918573,78.33790295076778,216.0,2412.0,9146.0,0.0,73.0,24.0,0.0,86,65.69252651141736,193.53002188926385,44.0,201.0,73.0,548.0,24.0,1332.0,48.75,572.25,14.75,1341.25,73.0,548.0,24.0,1332.0,2280.0,8.0,873.0,25.0,2299.0,7.0
376,0.7471994168556834,0.0,10725.842188343997,27,8356.93151567234,8637.873911705317,-0.22086010879835638,-0.1946670704243364,-0.19819360829219013,2.0880493338335437,241,97,0.007231250127610794,0.1692169154683747,0.04724892625971118,280.9423960329884,79884.79206597689,9564.5240238784,39.94239603298844,241.0,3219.0,10288.0,0.0,81.0,37.0,0.0,104,80.2419170879438,169.5876951534282,48.0,167.0,81.0,753.0,37.0,1919.0,54.0,780.0,26.5,1929.5,81.0,753.0,37.0,1919.0,2536.0,8.0,789.0,23.0,2533.0,7.0
377,0.7681073532284236,0.0,15898.230234103165,25,13449.013965937378,13772.55906057515,-0.15405590635566424,-0.1337048930747181,-0.13540862570470613,2.1288610998653117,262,115,0.004902836276174728,0.17214804348352034,0.060601682954376124,323.545094637771,123090.18927554178,14454.934293661694,61.545094637770895,262.0,2964.0,9607.0,0.0,83.0,39.0,0.0,111,68.33778566988843,180.899287506424,49.0,154.0,83.0,805.0,39.0,1842.0,58.0,830.0,22.25,1858.75,83.0,805.0,39.0,1842.0,2442.0,7.0,1173.0,40.0,2515.0,12.0
378,0.7244168774561136,0.0,196457.62100257425,30,168545.426506489,169660.1454535356,-0.14207743305473253,-0.13640333936797244,-0.13687472023654745,2.1753341353451776,333,160,0.001514308129565282,0.17325146132549363,0.04549257377533063,1114.7189470467017,1563437.8940934027,179677.90197037012,781.7189470467014,333.0,3858.0,11260.0,0.0,102.0,41.0,0.0,127,81.34303342854902,97.10748716028797,44.0,74.0,102.0,1203.0,41.0,2463.0,71.0,1234.0,27.75,2476.25,102.0,1203.0,41.0,2463.0,2900.0,4.0,1769.0,47.0,4102.0,15.0
379,0.7744843727354177,0.0,144503.048285324,26,126025.63503124884,126917.36382647375,-0.12786867455966167,-0.12169767120847852,-0.12235259187695147,2.26487954398013,272,131,0.00247571935723373,0.17278324748612625,0.058120131823860985,891.7287952250222,1239457.5904500457,136812.74946215414,619.7287952250228,272.0,2729.0,10375.0,0.0,78.0,37.0,0.0,99,70.27720231410643,106.30998311781599,34.287288665771484,93.0,78.0,827.0,37.0,1632.0,57.25,847.75,24.75,1644.25,78.0,827.0,37.0,1632.0,2567.0,4.0,719.0,25.0,2677.0,9.0
380,0.8206667800672326,0.0,34872.09567172848,14,24865.0810252886,25116.128818290523,-0.2869633858728132,-0.27976428331915015,-0.28100169273124154,1.9578578809830844,135,64,0.002404874918542721,0.17337130779981172,0.0910104780218638,251.04779300192646,232095.5860038529,29636.418998823407,116.04779300192645,135.0,1459.0,5597.0,0.0,35.0,22.0,0.0,54,64.10278455988264,155.26682788364772,47.0,136.5,35.0,165.0,22.0,534.0,26.25,173.75,14.25,541.75,35.0,165.0,22.0,534.0,1369.0,5.0,453.0,11.0,1951.0,5.0
381,0.6618288691482135,0.0,11348.471164234721,23,10470.518934287617,10774.49230868428,-0.07736304011715822,-0.05057763704413021,-0.05163215044108738,2.420828669040593,251,103,0.007577589504030893,0.1706599914324523,0.06243651003189898,303.9733743966655,105946.74879333089,10941.165534374539,52.97337439666544,251.0,3290.0,8262.0,0.0,93.0,33.0,0.0,111,85.88260142786586,144.30457313201777,61.0,156.0,93.0,791.0,33.0,1626.0,63.0,821.0,22.0,1637.0,93.0,791.0,33.0,1626.0,2037.0,8.0,1377.0,40.0,1955.0,8.0
382,0.8198643597975571,0.0,204289.54685099103,12,157402.51379173025,158234.39957320577,-0.2295126392025345,-0.22544054743720154,-0.22602063836288866,2.024500018907701,122,62,0.002826030381840814,0.17760288564627025,0.11180981069153298,831.8857814755343,1419771.5629510689,175323.72804287408,709.8857814755345,122.0,899.0,5149.0,0.0,30.0,18.0,0.0,46,66.62600449014528,171.66018713400098,50.0,124.92733764648438,30.0,104.0,18.0,400.0,22.0,112.0,13.5,404.5,30.0,104.0,18.0,400.0,1234.0,5.0,388.0,12.0,1561.0,5.0
383,0.8318151863647893,0.0,112002.81407583084,29,95203.03785802994,95887.01680677611,-0.14999423323798555,-0.14388743177598762,-0.14451613255356188,1.9355194565040115,283,140,0.0017388437555786952,0.16790218202092524,0.04311498863985915,683.9789487462028,801957.8974924049,103584.32393918211,400.9789487462025,283.0,3181.0,11432.0,0.0,83.0,32.0,0.0,104,73.4280225374227,122.84946608414329,49.79884338378906,90.73680114746094,83.0,821.0,32.0,2080.0,59.75,844.25,23.75,2088.25,83.0,821.0,32.0,2080.0,2878.0,5.0,1205.0,32.0,3952.0,13.0
384,0.8755075023812905,0.0,21157.68022651113,14,18944.59490541908,19124.06032919727,-0.10459962044038251,-0.09611733779612008,-0.09671685588409618,1.6643837157594459,114,51,0.005466364283756172,0.1658982091506055,0.12116456071852061,179.46542377820225,130930.84755640457,19666.56581602365,65.46542377820228,114.0,1477.0,5437.0,0.0,41.0,9.0,0.0,47,67.38662451777343,128.44414399246682,39.0,131.0,41.0,220.0,9.0,386.0,26.0,235.0,6.0,389.0,41.0,220.0,9.0,386.0,1486.0,1.0,721.0,19.0,1663.0,3.0
385,0.7971583547427104,0.0,230754.46643356828,23,189035.70862393978,190115.3354167988,-0.18079285074917018,-0.17611416864370444,-0.17666185023962255,1.9405759182140048,261,126,0.0027617464713545854,0.17946616397527992,0.05793020222670591,1079.626792858963,1637253.5857179258,210923.67095134835,818.626792858963,261.0,2778.0,8810.0,0.0,85.0,27.0,0.0,105,64.40559392980597,163.94256495995117,46.459617614746094,155.86561584472656,85.0,629.0,27.0,1673.0,51.25,662.75,18.5,1681.5,85.0,629.0,27.0,1673.0,2147.0,7.0,925.0,34.0,3233.0,10.0
386,0.8055970412534377,0.0,146586.85457718736,22,129168.43879408488,129945.59677236642,-0.11882658805486934,-0.11352489861946147,-0.11398154460137677,1.9758515631855593,224,109,0.003842041733964061,0.175300168201443,0.07330389380350862,777.1579782815621,1106315.956563125,139979.63930795883,553.1579782815625,224.0,3150.0,7929.0,0.0,63.0,30.0,0.0,86,69.6472298595953,158.29643280840997,36.0,137.5,63.0,655.0,30.0,1143.0,44.5,673.5,20.75,1152.25,63.0,655.0,30.0,1143.0,1914.0,7.0,1383.0,21.0,2154.0,6.0
387,0.9355269028172529,0.0,340644.5937884166,18,308821.215119093,310105.32172845386,-0.09342105892656527,-0.08965142150158856,-0.08993824374875015,1.740444238729283,147,76,0.002276899176471891,0.18274616870015176,0.08538090250082386,1284.1066093609707,2274213.2187219397,326671.37046320527,1137.10660936097,147.0,1891.0,7181.0,0.0,46.0,7.0,0.0,50,61.13766319795094,222.43163718867376,36.184410095214844,234.27101135253906,46.0,290.0,7.0,557.0,32.75,303.25,5.25,558.75,46.0,290.0,7.0,557.0,1836.0,1.0,965.0,20.0,2387.0,3.0
388,0.6757580054701972,0.0,21646.61836516346,18,17054.442325434495,17320.26731424717,-0.21214288357941813,-0.19986267498847832,-0.20169458820678454,2.104100862428173,183,84,0.0077679853382348054,0.17565569102286313,0.07280918574087115,265.8249888126747,165649.9776253492,19681.80097533275,82.82498881267459,183.0,2367.0,6699.0,0.0,54.0,28.0,0.0,79,88.9931277674873,128.54943854095777,76.5,108.0,54.0,464.0,28.0,876.0,35.0,483.0,17.75,886.25,54.0,464.0,28.0,876.0,1631.0,2.0,1108.0,20.0,2299.0,13.0
389,0.8194347010205255,0.0,12463.925384436992,26,10744.449206848993,11070.789266880809,-0.13795623164873994,-0.11177346418454293,-0.11330494881035436,2.3239122834360373,273,117,0.005905344459295039,0.16932169771571484,0.05139880751619454,326.34006003181975,106680.12006363967,11476.349690994684,53.34006003181984,273.0,3477.0,9563.0,0.0,103.0,27.0,0.0,113,70.60439651625714,190.23746967053282,46.0,170.0,103.0,823.0,27.0,1973.0,74.75,851.25,19.5,1980.5,103.0,823.0,27.0,1973.0,2372.0,8.0,1359.0,43.0,2551.0,7.0
390,0.816773082395747,0.0,18634.3210411621,14,13464.969590718405,13699.29548753773,-0.2774102388289279,-0.26483527587204236,-0.267435673408018,2.2282307004354682,162,77,0.006140496757382981,0.17980360283120178,0.0990424840336964,234.3258968193267,144651.7936386535,16229.445363353072,72.32589681932676,162.0,1165.0,5891.0,0.0,52.0,19.0,0.0,68,58.857204958574386,97.34178198772095,40.860069274902344,77.0,52.0,231.0,19.0,650.0,36.5,246.5,13.25,655.75,52.0,231.0,19.0,650.0,1411.0,5.0,462.0,21.0,2086.0,4.0
391,0.9241035774864129,0.0,45593.53312915238,10,34070.86719658777,34272.239859143396,-0.2527258832941167,-0.24830918976906802,-0.24909146662103265,1.666798721080561,72,37,0.0011778188135872297,0.18072738432022462,0.12874706949397025,201.37266255564404,258745.3251112881,38808.72384872412,129.37266255564407,72.0,685.0,4355.0,0.0,23.0,2.0,0.0,23,98.93592028934614,172.24920394076764,47.0,172.24920654296875,23.0,52.0,2.0,153.0,17.0,58.0,1.25,153.75,23.0,52.0,2.0,153.0,1184.0,0.0,263.0,8.0,1481.0,1.0
392,0.740690073510374,0.0,33673.370193055634,25,26979.257998661997,27338.095284313258,-0.198795432593027,-0.18813902120343395,-0.18970509971167004,1.901566987835878,242,116,0.0032495075189605516,0.17866852998984084,0.053699064523926275,358.837285651275,233674.57130254927,30721.31731321335,116.83728565127464,242.0,3224.0,9359.0,0.0,71.0,30.0,0.0,84,96.1843657988943,135.18919442479856,65.0,112.10921478271484,71.0,749.0,30.0,1248.0,51.0,769.0,20.5,1257.5,71.0,749.0,30.0,1248.0,2243.0,4.0,1156.0,32.0,2484.0,9.0
393,0.6545616224998344,0.0,30615.900721047172,12,22867.9414979936,23126.9506006858,-0.2530697787939705,-0.24460982509043172,-0.24589948700479103,2.0894620830326267,148,67,0.00522716707126336,0.18239403639281843,0.10404748017959288,259.0091026922144,222018.20538442887,26564.038561325986,111.00910269221444,148.0,1936.0,4112.0,0.0,41.0,28.0,0.0,63,77.55793052645338,131.95299410244007,51.04219436645508,109.5,41.0,261.0,28.0,426.0,26.0,276.0,17.0,437.0,41.0,261.0,28.0,426.0,898.0,4.0,809.0,25.0,1456.0,7.0
394,0.7345074697240872,0.0,174343.1130770173,26,142584.00161813633,143452.9597987119,-0.18216441646795167,-0.1771802323195838,-0.17770787428585322,1.9204772718972738,270,124,0.0056197237543861986,0.17008954146818048,0.05057548312377694,868.9581805756845,1197916.3611513693,155939.92944888203,598.9581805756847,270.0,3139.0,9965.0,0.0,75.0,45.0,0.0,105,92.28266871308642,142.5491538553071,74.0,108.1933822631836,75.0,733.0,45.0,1877.0,47.75,760.25,25.5,1896.5,75.0,733.0,45.0,1877.0,2394.0,8.0,990.0,32.0,3196.0,18.0
395,0.7286482438274834,0.0,17354.57343212167,23,14191.7131176005,14497.552280423388,-0.1822493838233451,-0.16462641175669612,-0.1666274259222944,2.2890919147356046,233,101,0.004596775998801419,0.17629613399533944,0.06858996662144681,305.8391628228936,145678.32564578665,15910.056375195056,72.83916282289333,233.0,2799.0,8793.0,0.0,76.0,33.0,0.0,95,72.96165539832248,158.8275389866612,51.36811065673828,118.0,76.0,639.0,33.0,1437.0,50.25,664.75,22.75,1447.25,76.0,639.0,33.0,1437.0,2126.0,11.0,1362.0,36.0,2077.0,10.0
396,0.6043801865999775,0.0,32073.607113601487,8,25304.231920635008,25536.738849928435,-0.21105749562218035,-0.20380832877699484,-0.20427334890656856,2.2381650800012927,110,54,0.003646794371339909,0.1711668647583366,0.15401382440537756,232.50692929343327,245013.8585868665,27367.71527446101,122.50692929343325,110.0,1100.0,2916.0,0.0,28.0,20.0,0.0,47,57.70564502775726,152.29680123479474,56.0,93.5,28.0,105.0,20.0,222.0,18.75,114.25,15.5,226.5,28.0,105.0,20.0,222.0,651.0,5.0,595.0,13.0,913.0,7.0
397,0.7857582610046104,0.0,10064.43336983443,22,7492.01828567789,7791.991998122368,-0.25559462610847994,-0.2257893006200553,-0.2289749861167586,2.4196539947671916,259,102,0.00892113257113667,0.17446758008724936,0.053905824608453355,299.97371244448425,81947.42488896866,8466.853635498128,40.97371244448433,259.0,3470.0,7495.0,0.0,93.0,42.0,0.0,115,69.72069006020624,120.79722770967935,53.0,97.37713623046875,93.0,808.0,42.0,1563.0,59.75,841.25,32.0,1573.0,93.0,808.0,42.0,1563.0,1760.0,7.0,1660.0,49.0,2582.0,13.0
398,0.881751476524788,0.0,69631.05184048742,25,59271.8891112583,59757.04400350112,-0.14877217068270276,-0.14180466294844896,-0.14238921548900108,1.9238642090215172,243,118,0.0014639635616913486,0.1676328050905141,0.05662302663097251,485.15489224287285,484309.7844857459,62934.5073075697,242.15489224287296,243.0,2594.0,10006.0,0.0,80.0,20.0,0.0,89,67.39804713548887,163.27029507871117,45.5,124.3155517578125,80.0,599.0,20.0,1526.0,56.25,622.75,15.25,1530.75,80.0,599.0,20.0,1526.0,2573.0,3.0,1193.0,34.0,3515.0,6.0
399,0.8759041607464464,0.0,28894.901193473273,20,22249.102491748017,22441.706789429307,-0.2299990111482505,-0.22333332655595317,-0.22437721030759716,1.357709380215192,124,58,0.002707757683479734,0.17968903783535548,0.06037393269289324,192.60429768129327,137208.59536258664,25264.72111079463,68.60429768129332,124.0,1426.0,8654.0,0.0,36.0,10.0,0.0,44,92.8330636373419,196.69521296025803,37.50631332397461,206.76968383789062,36.0,213.0,10.0,621.0,25.25,223.75,6.0,625.0,36.0,213.0,10.0,621.0,2332.0,4.0,429.0,9.0,2755.0,3.0
400,0.5895876126530214,0.0,205014.96990257068,20,163588.11437848592,164682.60113545085,-0.2020674663112263,-0.19672889636443125,-0.1974152107210404,2.335102514349817,238,109,0.005447356362444876,0.1755972049550278,0.06337468332771438,1094.4867569651549,1712973.513930311,183393.82354775,856.4867569651555,238.0,2759.0,7321.0,0.0,60.0,49.0,0.0,100,74.70397218908128,117.61902152267575,46.45186996459961,97.0,60.0,636.0,49.0,1255.0,42.75,653.25,34.5,1269.5,60.0,636.0,49.0,1255.0,1653.0,9.0,1012.0,26.0,2714.0,17.0
401,0.631855882970551,0.0,149178.6006806466,7,118321.95043478254,119223.01556297057,-0.20684367667397752,-0.20080349983844747,-0.20147354464433653,2.975320601758547,110,56,0.0046982462450829675,0.18534489043386107,0.17575851036711249,901.0651281881305,1582130.2563762611,132937.79630345985,791.0651281881305,110.0,1081.0,2447.0,0.0,27.0,20.0,0.0,46,52.64141206606327,106.59183682125096,48.650508880615234,100.0,27.0,101.0,20.0,174.0,17.75,110.25,15.0,179.0,27.0,101.0,20.0,174.0,495.0,4.0,332.0,9.0,847.0,9.0
402,0.7957751900583806,0.0,268847.0885074154,6,212008.0978783022,212872.27264014454,-0.21141754201122942,-0.20820316923657867,-0.20868002344097958,1.7204393437052528,54,27,0.0012593527604557503,0.18363058235711233,0.21895962097910898,864.1747618423749,1620349.5236847498,235455.77610935373,810.1747618423749,54.0,440.0,2584.0,0.0,13.0,8.0,0.0,21,65.15257485027632,103.10850884711256,45.0,108.0,13.0,25.0,8.0,80.0,9.0,29.0,5.5,82.5,13.0,25.0,8.0,80.0,627.0,1.0,222.0,7.0,1049.0,2.0
403,0.9267325271460891,0.0,88925.30027083142,26,70053.03221870826,70574.42580031301,-0.21222608183099367,-0.2063628058002489,-0.20725928644904412,1.9773323597633057,202,89,0.0016260120777857286,0.1829206674260455,0.06491005828043962,521.3935816047025,638787.1632094048,80763.7572984784,319.39358160470243,202.0,2392.0,10710.0,0.0,72.0,15.0,0.0,72,74.77839836258383,247.00893638703292,38.881370544433594,246.0,72.0,604.0,15.0,1180.0,49.5,626.5,11.25,1183.75,72.0,604.0,15.0,1180.0,2679.0,4.0,1121.0,26.0,2518.0,5.0
404,0.8636104912886041,0.0,266562.97359659686,14,198534.18254783383,199657.30105345647,-0.2552072035019928,-0.25099387075562907,-0.2517598852139866,2.109387565607224,141,66,0.0025710668774891403,0.18554929225103298,0.10137027864756878,1123.1185056227564,1964237.0112455138,232797.0738132319,982.118505622757,141.0,1392.0,5664.0,0.0,44.0,17.0,0.0,57,55.41338953736565,173.95379537687091,29.0,180.69265747070312,44.0,217.0,17.0,520.0,29.5,231.5,11.5,525.5,44.0,217.0,17.0,520.0,1355.0,5.0,699.0,19.0,2137.0,7.0
405,0.7918884866438523,0.0,26577.946045575685,19,20410.03714364524,20653.761058249464,-0.2320686817316039,-0.2228985256109508,-0.22408064985182152,1.7090054352905388,167,80,0.004346336689279432,0.17500721828863477,0.07652025464862865,243.72391460424976,153447.8292084994,22446.948681355796,76.7239146042497,167.0,2023.0,7498.0,0.0,42.0,26.0,0.0,57,85.91757455370767,148.7101307279505,45.5,153.52029418945312,42.0,316.0,26.0,698.0,26.5,331.5,19.75,704.25,42.0,316.0,26.0,698.0,1839.0,4.0,882.0,19.0,2232.0,6.0
406,0.6877202068277463,0.0,20665.246726834324,28,17568.725318665565,17999.21057982797,-0.14984197619803163,-0.1290106129507006,-0.13057369291882592,2.686900534891856,329,141,0.004514275660937231,0.1809716369134819,0.05649546609196866,430.485261162411,202970.52232482182,18885.19129095628,101.48526116241091,329.0,3806.0,10280.0,0.0,101.0,60.0,0.0,139,65.91157720173055,108.40139415987561,53.0,83.0,101.0,1105.0,60.0,2619.0,68.5,1137.5,43.0,2636.0,101.0,1105.0,60.0,2619.0,2542.0,13.0,1610.0,47.0,2638.0,18.0
407,0.817476962786206,0.0,227688.70589667195,21,185487.30219468218,186560.94961794544,-0.18534693469223418,-0.18063151668748478,-0.18125666077691605,2.071599943510544,207,104,0.0017270264612877985,0.17306431589366988,0.06110439785599451,1073.6474232633855,1733294.8465267725,209173.45213737577,866.6474232633863,207.0,2233.0,8351.0,0.0,59.0,23.0,0.0,79,74.67959163452676,146.50485502500882,48.0,135.4770050048828,59.0,486.0,23.0,1091.0,44.25,500.75,15.5,1098.5,59.0,486.0,23.0,1091.0,2092.0,6.0,863.0,19.0,2392.0,5.0
408,0.7726561076524573,0.0,151951.70304688692,29,129173.43756890816,130027.25998557474,-0.1499046408907322,-0.14428560273883262,-0.1446941657904165,2.051312243283064,296,145,0.00226152310066061,0.18086397395965656,0.04500584927405124,853.8224166666645,1115644.8333333305,135967.21281541398,557.8224166666653,296.0,3132.0,11484.0,0.0,83.0,39.0,0.0,108,85.17697642929237,144.85698804408557,49.0,125.0,83.0,796.0,39.0,2214.0,58.75,820.25,28.25,2224.75,83.0,796.0,39.0,2214.0,2920.0,7.0,1101.0,34.0,3392.0,12.0
409,0.7415191957480364,0.0,230951.53700850703,15,176857.86992497853,177928.58894944796,-0.23422085769247758,-0.2295847377586666,-0.23033468295947535,2.242348804648519,165,83,0.003275549612887147,0.19055474723075982,0.08329020704108517,1070.7190244695055,1811438.0489390115,201957.65765609205,905.7190244695058,165.0,1307.0,6253.0,0.0,47.0,20.0,0.0,59,49.38576434557472,150.03497951660302,26.0,155.72064208984375,47.0,234.0,20.0,584.0,35.75,245.25,14.5,589.5,47.0,234.0,20.0,584.0,1601.0,1.0,610.0,25.0,2266.0,10.0
410,0.7132868972165156,0.0,19171.505136034095,14,16278.862390879138,16459.02513883832,-0.15088240201433356,-0.14148497877182808,-0.14210849328174335,1.8302239342134479,118,56,0.0038356207994983313,0.18257067622844497,0.10017799450828485,180.16274795918443,124325.49591836888,16982.279271169988,62.162747959184436,118.0,1768.0,5288.0,0.0,27.0,21.0,0.0,47,101.88422658126511,179.0860006046863,90.0,198.0,27.0,176.0,21.0,434.0,20.25,182.75,11.5,443.5,27.0,176.0,21.0,434.0,1439.0,6.0,562.0,7.0,1886.0,8.0
411,0.9637328975689894,0.0,269726.9132500135,12,241465.2308710234,242424.06959378216,-0.10477887444918765,-0.10122402442993872,-0.10148872974671108,1.7042816173164657,94,45,0.00328712411475535,0.1886246007507629,0.11232622720097538,958.8387227589405,1729677.445517881,253725.2980879714,864.8387227589405,94.0,1351.0,4697.0,0.0,37.0,0.0,0.0,35,64.07663964127946,,43.0,,37.0,148.0,0.0,235.0,26.0,159.0,0.0,235.0,37.0,148.0,0.0,235.0,1293.0,0.0,525.0,15.0,1135.0,0.0
412,0.8304294765986435,0.0,30274.972490162487,6,25633.597775535007,25873.61943466596,-0.15330731402433617,-0.14537925862448586,-0.14649965085673977,2.719941675632995,80,39,0.004072427262242152,0.19886816444207525,0.2249029009307499,240.02165913097716,320043.31826195423,29416.37693273998,160.02165913097713,80.0,931.0,2093.0,0.0,28.0,7.0,0.0,34,87.74347625540862,108.13249542373786,66.0,111.57376098632812,28.0,66.0,7.0,103.0,19.25,74.75,4.25,105.75,28.0,66.0,7.0,103.0,527.0,3.0,352.0,11.0,608.0,3.0
413,0.6340740606899654,0.0,20542.9855057428,22,15718.514189839621,16013.678104419525,-0.23484762302706663,-0.22047951112349784,-0.22279340217402177,2.1442801184630125,217,97,0.004033053809495676,0.17955247354652576,0.06904602840434956,295.1639145799142,156327.82915982866,18226.14356839279,78.16391457991433,217.0,2151.0,8925.0,0.0,59.0,39.0,0.0,86,59.46744999104827,161.00197541333824,38.0,125.0,59.0,472.0,39.0,1318.0,42.25,488.75,26.0,1331.0,59.0,472.0,39.0,1318.0,2224.0,7.0,930.0,21.0,2169.0,7.0
414,0.7630136934430756,0.0,76829.41597241518,19,68729.97652161453,69266.80864678168,-0.10542107275302826,-0.09843374741191291,-0.09901380553649552,2.2119941976480617,214,100,0.0037172375823823116,0.1672414805659353,0.07915140222667122,536.8321251671603,645664.2503343205,72973.09493632865,322.83212516716026,214.0,2418.0,7158.0,0.0,68.0,27.0,0.0,84,67.47092111626984,153.12808115103815,51.55595397949219,137.93006896972656,68.0,493.0,27.0,1008.0,43.25,517.75,17.75,1017.25,68.0,493.0,27.0,1008.0,1866.0,8.0,981.0,27.0,2197.0,8.0
415,0.7605001984481923,0.0,51664.69123849229,27,44748.94671619978,45216.18952144692,-0.1338582377347104,-0.12481448282112206,-0.1255738303652223,2.087758248725694,267,123,0.0023846082516827552,0.1694010510737747,0.05086077631007249,467.2428052471872,400485.6104943746,47956.41577979865,200.2428052471873,267.0,3406.0,10200.0,0.0,84.0,33.0,0.0,106,78.2335863864244,129.54878138602368,50.5,110.0,84.0,844.0,33.0,1900.0,60.25,867.75,25.25,1907.75,84.0,844.0,33.0,1900.0,2551.0,10.0,1229.0,32.0,3142.0,9.0
416,0.6214925968579271,0.0,169875.34157421737,16,144718.9207611709,145630.99489176195,-0.14808753630706184,-0.14271845729807253,-0.1432701035917352,2.3099887068471507,200,95,0.0024841609872299562,0.17773187791848635,0.08111056950301065,912.0741305910587,1424148.2611821177,154129.35320427435,712.0741305910589,200.0,1874.0,6190.0,0.0,59.0,30.0,0.0,77,53.4328521098057,150.44797841533455,31.0,157.5045928955078,59.0,395.0,30.0,748.0,37.5,416.5,19.25,758.75,59.0,395.0,30.0,748.0,1523.0,5.0,904.0,26.0,2512.0,9.0
417,0.8459914859288908,0.0,363254.3265724612,13,276185.3006368647,277243.8076248652,-0.23969164182337188,-0.23677768619898,-0.23715995087347608,1.5258218558443184,111,55,0.002245427485471812,0.18695212480050222,0.09788259461722337,1058.5069880007445,1895013.976001489,310490.6986262949,947.5069880007445,111.0,1323.0,5229.0,0.0,30.0,13.0,0.0,42,91.9052132945006,205.53451364299352,79.0,193.0,30.0,121.0,13.0,382.0,18.25,132.75,9.25,385.75,30.0,121.0,13.0,382.0,1339.0,5.0,469.0,11.0,1646.0,5.0
418,0.9287384885129734,0.0,17544.471850671922,17,13146.4508300602,13283.697928371028,-0.2506784506279274,-0.2428556390050416,-0.24404744139902446,1.3463274131513343,97,46,0.0036200145143000257,0.17515930881973954,0.0734534684574628,137.24709831083845,80494.19662167698,14946.99503170352,40.24709831083849,97.0,1176.0,7392.0,0.0,27.0,7.0,0.0,32,95.05230244472813,208.85714285714286,60.0,167.0,27.0,126.0,7.0,384.0,19.25,133.75,5.5,385.5,27.0,126.0,7.0,384.0,1958.0,1.0,197.0,6.0,1267.0,0.0
419,0.8019905721579788,0.0,29325.70737323358,17,28170.669260089137,28491.10239726802,-0.039386538863123266,-0.028459841235656924,-0.028686561345554584,2.363449053357266,186,83,0.004880595064332265,0.17290733292996271,0.11050343249977802,320.433137178882,268866.2743577639,28440.03279612066,134.43313717888194,186.0,2269.0,6298.0,0.0,61.0,26.0,0.0,81,64.69296031379355,152.63402101630058,39.0,129.71241760253906,61.0,433.0,26.0,857.0,38.5,455.5,14.75,868.25,61.0,433.0,26.0,857.0,1508.0,10.0,1138.0,22.0,1896.0,5.0
420,0.8865724152757629,0.0,69200.17402503661,24,54021.820840225075,54453.766448868235,-0.2193398123438246,-0.21309783947700955,-0.2141387471861218,1.834793627079705,204,101,0.002652888855234616,0.17755493633312092,0.06305833758292054,431.94560864313445,455891.21728626854,62117.50609956531,227.94560864313428,204.0,2333.0,9763.0,0.0,66.0,13.0,0.0,69,63.206732607718024,169.0086785698548,46.66390609741211,196.56524658203125,66.0,501.0,13.0,1076.0,48.5,518.5,11.25,1077.75,66.0,501.0,13.0,1076.0,2486.0,2.0,1148.0,30.0,2703.0,5.0
421,0.7339237764496357,0.0,15961.671794608252,17,12149.908743895618,12377.00103329969,-0.23880725651809376,-0.22457990663104854,-0.22643323820050676,2.344306222536409,163,77,0.005088842739160713,0.1770194388468071,0.08387086849043462,227.092289404081,128184.57880816178,13669.777605831843,64.09228940408089,163.0,1859.0,6651.0,0.0,47.0,22.0,0.0,63,70.803943682641,174.92862762129437,33.0,141.5,47.0,262.0,22.0,734.0,30.25,278.75,17.5,738.5,47.0,262.0,22.0,734.0,1652.0,5.0,853.0,16.0,1631.0,7.0
422,0.8741687638631365,0.0,13366.674079287684,11,10254.093422590877,10387.913224164515,-0.23286126662726847,-0.2228498157023897,-0.22439838441123905,1.5008590325273399,99,44,0.007761048870801335,0.16510653507205952,0.14249705598125695,133.81980157364205,69639.60314728407,11599.957364086342,34.81980157364204,99.0,1208.0,4250.0,0.0,32.0,12.0,0.0,42,69.93918870931208,145.2177649969806,32.75141906738281,126.5,32.0,126.0,12.0,289.0,18.0,140.0,8.0,293.0,32.0,126.0,12.0,289.0,1078.0,3.0,770.0,20.0,1595.0,3.0
423,0.8969016931562113,0.0,42206.83250648201,21,34306.97325901017,34596.42480644889,-0.1871701518056016,-0.18031222074919573,-0.18118579919319233,1.6442821826594909,166,80,0.0019406945840869658,0.17766908102161252,0.06464240172188442,289.4515474387191,246903.09487743815,37539.64761664156,123.45154743871907,166.0,1668.0,8907.0,0.0,53.0,12.0,0.0,58,75.52161818830966,172.14702075735906,39.0,136.5,53.0,362.0,12.0,790.0,38.75,376.25,9.25,792.75,53.0,362.0,12.0,790.0,2365.0,2.0,610.0,20.0,2071.0,4.0
424,0.8174903511025563,0.0,152556.58705636143,21,129094.74945476415,129910.23889547841,-0.15379104930375376,-0.1484455610724722,-0.1490928402465881,2.021122659631558,235,108,0.0025993061829771417,0.17196899791870576,0.06345416539066749,815.4894407143029,1160978.8814286056,143605.6930904242,580.4894407143029,235.0,2302.0,8282.0,0.0,78.0,28.0,0.0,96,72.38182930286169,142.10599933075156,41.0,110.71268463134766,78.0,553.0,28.0,1357.0,48.5,582.5,19.0,1366.0,78.0,553.0,28.0,1357.0,1981.0,5.0,894.0,36.0,2519.0,5.0
425,0.9034832805224517,0.0,315387.5540614928,19,254305.83752868243,255680.00000319816,-0.19367193076014955,-0.18931487082921838,-0.18984835907359077,2.072391425271319,202,101,0.003908128521287917,0.17474538493346756,0.07036795771267874,1374.1624745158088,2344324.949031617,282804.3149141934,1172.1624745158085,202.0,2079.0,7497.0,0.0,67.0,15.0,0.0,75,75.42209875735918,186.66827205108103,40.171085357666016,180.0,67.0,391.0,15.0,952.0,47.5,410.5,10.25,956.75,67.0,391.0,15.0,952.0,1868.0,3.0,1073.0,26.0,2655.0,7.0
426,0.8153788934713593,0.0,21064.677910397255,22,16613.080317354546,16871.704017032924,-0.2113299625077798,-0.19905236202518595,-0.20062899577779825,1.7669049852778682,193,86,0.004392599246232419,0.17270649645404007,0.05727887855259786,258.62369967839214,131247.3993567841,18570.240116242552,65.62369967839204,193.0,2293.0,8755.0,0.0,69.0,16.0,0.0,80,84.62746738340807,222.3517462648122,46.0,202.45343017578125,69.0,464.0,16.0,1209.0,44.75,488.25,12.25,1212.75,69.0,464.0,16.0,1209.0,2267.0,6.0,1265.0,35.0,3659.0,7.0
427,0.9336128314710253,0.0,438469.7163386407,30,368862.8659701988,370623.5388505878,-0.1587495048681603,-0.15473401003515075,-0.1552566769287933,1.8367423148089574,248,116,0.0028279626787717908,0.1792814707753096,0.04766924182864552,1760.6728803893345,3025345.7607786683,411781.4644420248,1512.6728803893343,248.0,3039.0,12081.0,0.0,86.0,16.0,0.0,87,64.217631526174,187.62473454494497,42.5,196.21487426757812,86.0,787.0,16.0,1721.0,60.25,812.75,10.75,1726.25,86.0,787.0,16.0,1721.0,3071.0,0.0,1271.0,31.0,2697.0,4.0
428,0.9431101390819027,0.0,213162.28279048798,14,165654.24807702887,166394.0459852948,-0.22287261185016305,-0.2194020264418004,-0.2200033461834704,1.6557789392605704,112,55,0.0018679751415740125,0.17949255337596878,0.09386616731317093,739.7979082660016,1255595.8165320037,189577.8154257599,627.7979082660019,112.0,1349.0,5707.0,0.0,40.0,3.0,0.0,39,59.15401264667166,140.07466354587768,39.0,140.0,40.0,164.0,3.0,339.0,28.0,176.0,2.25,339.75,40.0,164.0,3.0,339.0,1435.0,0.0,636.0,17.0,2246.0,1.0
429,0.7740732002482438,0.0,25071.285977916465,26,20118.36294376843,20450.246158016053,-0.19755360927679255,-0.1843160268671803,-0.18596787618340926,2.0368001334375174,241,111,0.0021436072161246196,0.16980526153833853,0.050120254521435335,331.8832142476511,181766.42849530198,22310.292687939622,90.883214247651,241.0,2568.0,10530.0,0.0,73.0,31.0,0.0,88,73.69692051447592,150.97750556327216,47.0,116.0,73.0,618.0,31.0,1563.0,54.5,636.5,22.0,1572.0,73.0,618.0,31.0,1563.0,2747.0,7.0,1178.0,28.0,3438.0,8.0
430,0.8420500792628864,0.0,26501.960831106626,21,19226.187661109674,19462.02148051236,-0.2745371641126655,-0.26563843315061986,-0.267469137797553,1.7656606453323316,156,76,0.0016023513908907622,0.18115056373284366,0.06691872901742166,235.8338194026891,159667.63880537817,22607.350855821678,79.83381940268909,156.0,1569.0,9015.0,0.0,44.0,15.0,0.0,54,56.22075315902814,206.9630831171912,31.5,207.0,44.0,392.0,15.0,683.0,31.25,404.75,11.0,687.0,44.0,392.0,15.0,683.0,2413.0,7.0,494.0,16.0,2919.0,6.0
431,0.7260839339134387,0.0,19428.96099422869,27,15460.803165432457,15781.140985840137,-0.2042393224205331,-0.18775167696677797,-0.18985958446282414,2.09759935359753,247,110,0.005632830133239345,0.17936287441940676,0.056106567004982164,320.337820407685,146675.64081537005,17481.369900764297,73.33782040768503,247.0,2603.0,11002.0,0.0,65.0,45.0,0.0,95,63.89221418635086,160.74659923654826,43.0,145.0,65.0,630.0,45.0,1824.0,45.25,649.75,31.0,1838.0,65.0,630.0,45.0,1824.0,2776.0,10.0,1012.0,28.0,2434.0,9.0
432,0.7010098939022734,0.0,470068.28330641,20,383804.1231236933,386011.90554280166,-0.18351410475079033,-0.17881737770598938,-0.17932088706036697,2.333151194432084,248,117,0.0038943285882760284,0.17444913875687826,0.07221835371068204,2207.782419108388,3919564.8382167714,419986.15944506315,1959.7824191083857,248.0,2559.0,7521.0,0.0,79.0,32.0,0.0,101,74.5286533426095,140.12874001045864,52.0,117.0,79.0,561.0,32.0,1348.0,49.5,590.5,20.25,1359.75,79.0,561.0,32.0,1348.0,1809.0,8.0,1182.0,37.0,2579.0,12.0
433,0.7500440129927988,0.0,87477.40224872061,7,80929.04976589119,81854.51939868936,-0.07485764682644303,-0.06427811875396072,-0.0648463327232035,4.598752731018954,136,67,0.007008672219830602,0.19861167277691533,0.3556796067200719,925.4696327982439,1578939.2655964873,85835.19042817937,789.4696327982437,136.0,1334.0,2194.0,0.0,47.0,15.0,0.0,58,51.367183420151804,73.20403771473184,40.0,75.0,47.0,168.0,15.0,176.0,32.25,182.75,12.5,178.5,47.0,168.0,15.0,176.0,413.0,3.0,731.0,22.0,428.0,5.0
434,0.8885268206519406,0.0,186932.4510312211,22,153183.05568594154,153888.45467264287,-0.18054326661368603,-0.17676971642050154,-0.17724643916662475,1.5959400651705873,164,85,0.002009011621323269,0.16680742886246977,0.06373314581323448,705.3989867013114,1082797.9734026229,169617.5810472689,541.3989867013114,164.0,1986.0,9102.0,0.0,47.0,10.0,0.0,49,96.61805742191811,138.71610644655502,61.0,144.22821044921875,47.0,292.0,10.0,729.0,33.25,305.75,5.25,733.75,47.0,292.0,10.0,729.0,2325.0,3.0,742.0,16.0,2816.0,5.0
435,0.7305315801114329,0.0,44187.112855750456,5,37065.71605397631,37248.53358872575,-0.16116456454220163,-0.15702721491842675,-0.15732431168335836,1.7700750000468288,48,24,0.0013870021241036267,0.23034436956079987,0.28030362317268226,182.8175347494659,269635.06949893193,38082.435700718685,134.81753474946598,48.0,416.0,2104.0,0.0,11.0,8.0,0.0,18,68.49710743956756,120.375,21.0,93.5,11.0,15.0,8.0,56.0,8.75,17.25,6.5,57.5,11.0,15.0,8.0,56.0,537.0,1.0,136.0,6.0,769.0,0.0
436,0.908947548624256,0.0,58963.25767538475,7,54535.77716389275,54820.171933750404,-0.07508880421544839,-0.07026555019133474,-0.07047227477532692,1.8046593587723343,88,44,0.0009421374264839981,0.21306608777075187,0.27308161377533746,284.39476985767914,392789.5397153581,54413.25225811081,196.39476985767905,88.0,931.0,2591.0,0.0,34.0,3.0,0.0,33,75.48008195695651,146.90655387295996,58.64100646972656,90.0,34.0,63.0,3.0,130.0,23.5,73.5,3.0,130.0,34.0,63.0,3.0,130.0,690.0,3.0,580.0,25.0,774.0,1.0
437,0.7601021977454503,0.0,45926.18960293264,19,38561.770814429205,38961.52861969441,-0.16035335942682205,-0.15164900557727745,-0.15237558984868949,2.1467949742359833,220,105,0.0022507821462064634,0.16407447292555447,0.06346422751053685,399.75780526523965,359515.6105304788,41866.55163220999,179.75780526523943,220.0,2271.0,7305.0,0.0,66.0,30.0,0.0,83,65.17148302613778,150.29116428828488,41.761268615722656,121.90390014648438,66.0,414.0,30.0,1067.0,44.25,435.75,16.75,1080.25,66.0,414.0,30.0,1067.0,1947.0,6.0,807.0,27.0,2590.0,16.0
438,0.8075565215224753,0.0,29277.65409695727,13,20618.141476512978,20828.305966706324,-0.2957720789981,-0.28859375489134764,-0.290020287150625,1.9711584253465788,115,53,0.004336973235877746,0.18863362810898876,0.10753812127531813,210.16449019336122,190328.98038672234,24139.22923943287,95.16449019336117,115.0,1393.0,5159.0,0.0,36.0,13.0,0.0,43,61.60567681745834,98.40888287575437,44.6375732421875,71.30158233642578,36.0,155.0,13.0,355.0,19.75,171.25,9.75,358.25,36.0,155.0,13.0,355.0,1348.0,2.0,590.0,14.0,1235.0,5.0
439,0.5639488912531904,0.0,23504.432179164996,9,22071.505040972457,22292.087232485446,-0.06096412486248981,-0.051579418615107286,-0.05180875661745932,2.334941286512516,116,60,0.003987767020052803,0.177366066813129,0.1325528053268579,220.58219151299892,209164.383025998,22395.03667974531,104.58219151299899,116.0,1628.0,2872.0,0.0,31.0,16.0,0.0,47,55.565238940719354,90.8922271119771,41.0,34.655174255371094,31.0,133.0,16.0,242.0,22.75,141.25,13.5,244.5,31.0,133.0,16.0,242.0,647.0,1.0,418.0,10.0,867.0,4.0
440,0.9586375703236438,0.0,10271.270595875892,6,7225.263518805956,7278.8379538086165,-0.2965560150165809,-0.29134006490577646,-0.29219653968921244,1.1910858248023282,34,18,0.0010548846509778685,0.18686187416907205,0.18200677366997609,53.574435002664146,39148.87000532831,8217.05480623645,19.574435002664156,34.0,322.0,2702.0,0.0,9.0,1.0,0.0,10,116.37147540391169,237.20234266734244,70.0,237.2023468017578,9.0,7.0,1.0,43.0,5.5,10.5,1.0,43.0,9.0,7.0,1.0,43.0,688.0,0.0,79.0,1.0,413.0,1.0
441,0.8729012919854903,0.0,493047.2474608959,29,381694.93058660656,383432.6855782864,-0.22584512427101788,-0.22232060405388054,-0.22288358069126735,1.7007604855555052,258,122,0.0014235941977254819,0.1771461161992579,0.05121733306904211,1737.7549916801925,2959509.983360383,435027.4492639308,1479.7549916801916,258.0,3000.0,11616.0,0.0,81.0,26.0,0.0,95,70.41388941970737,149.7984163354493,43.0,118.5,81.0,796.0,26.0,1852.0,54.0,823.0,17.25,1860.75,81.0,796.0,26.0,1852.0,2961.0,10.0,1379.0,40.0,2715.0,7.0
442,0.6289998005526573,0.0,19794.06943793966,28,15247.784124960179,15585.724548109905,-0.2296791636117802,-0.21260635176734,-0.2152460833743458,2.0435489609210946,265,116,0.004141823198061607,0.16767491928121112,0.046075894201548714,337.94042314974274,145880.8462994859,17846.50736160153,72.94042314974294,265.0,2741.0,11326.0,0.0,62.0,59.0,0.0,105,64.33820823119429,150.05484607085842,33.63683319091797,145.0,62.0,810.0,59.0,2003.0,45.75,826.25,37.75,2024.25,62.0,810.0,59.0,2003.0,2849.0,19.0,991.0,24.0,4085.0,16.0
443,0.7867684689189148,0.0,11290.731619134118,16,8724.856378046736,8903.839636381408,-0.22725500238966434,-0.21140277382093686,-0.2134146474081443,1.8576856353936082,143,62,0.008327540219046484,0.18014469074343228,0.08159562496428302,178.98325833467806,71966.51666935593,9684.969741140781,35.98325833467796,143.0,1732.0,6241.0,0.0,49.0,16.0,0.0,60,98.42967542826165,200.11477180619255,55.0,133.5,49.0,230.0,16.0,661.0,32.75,246.25,10.5,666.5,49.0,230.0,16.0,661.0,1622.0,4.0,1086.0,20.0,2471.0,5.0
444,0.8069834046078056,0.0,61822.530586604706,13,52126.509528368006,52490.51905867146,-0.15683636638998355,-0.15094839113485337,-0.15159197968768956,1.954983663537531,143,73,0.002003597192533794,0.17355067722644538,0.11622898818529782,364.0095303035091,442019.0606070184,56524.648882127694,221.00953030350922,143.0,1423.0,5129.0,0.0,42.0,15.0,0.0,54,61.472958980172734,129.4657816433829,43.33248519897461,86.0,42.0,176.0,15.0,469.0,29.0,189.0,9.5,474.5,42.0,176.0,15.0,469.0,1315.0,3.0,711.0,18.0,1733.0,4.0
445,0.8610417846836338,0.0,36793.11517750235,27,31468.282609672082,31825.668027552456,-0.14472361315810012,-0.13501023563743553,-0.13603691226935144,1.6954574269434701,241,110,0.0030240146685617908,0.18529658413060177,0.05187342591117441,357.385417880401,232770.83576080168,34322.7190582478,116.38541788040084,241.0,2972.0,10636.0,0.0,82.0,22.0,0.0,93,77.41804616536288,190.39992043513874,41.0,171.5,82.0,742.0,22.0,1665.0,50.75,773.25,14.25,1672.75,82.0,742.0,22.0,1665.0,2771.0,7.0,937.0,34.0,3037.0,3.0
446,0.7328504262373652,0.0,73161.60099119449,11,62453.48642631856,62900.48598309943,-0.14636249644351995,-0.1402527400860193,-0.140581362234815,2.4098171798771246,135,60,0.00548699513029168,0.1761597353936636,0.13520835446762386,446.99955678089486,623999.1135617895,64735.10924110921,311.99955678089475,135.0,1450.0,4094.0,0.0,45.0,19.0,0.0,57,92.4056492921514,125.02186335528569,48.0,86.22671508789062,45.0,167.0,19.0,396.0,27.5,184.5,12.5,402.5,45.0,167.0,19.0,396.0,1056.0,4.0,745.0,26.0,1315.0,6.0
447,0.7704422400704481,0.0,26395.450457822728,7,20278.683887940897,20445.667246977595,-0.23173563867211922,-0.2254094212315978,-0.22634041228109558,1.978582818119896,75,37,0.005079253445035379,0.18585277737939815,0.18203354973558572,166.98335903670164,183966.71807340332,23244.758368039096,91.98335903670166,75.0,631.0,2897.0,0.0,19.0,12.0,0.0,31,60.67910366463,144.8863342372291,28.0,156.5,19.0,44.0,12.0,142.0,12.0,51.0,7.75,146.25,19.0,44.0,12.0,142.0,654.0,1.0,227.0,8.0,804.0,2.0
448,0.640533147575795,0.0,294888.6784467075,24,242024.4516105476,243557.47488512503,-0.1792684178809989,-0.17406976704552957,-0.17464354407534732,2.3424118931331246,285,142,0.0026588473217004156,0.16857731595242756,0.05605972722964766,1533.0232745776595,2496046.5491553177,266397.0581425687,1248.0232745776589,285.0,3354.0,8742.0,0.0,77.0,42.0,0.0,104,69.00306667342038,129.29484127359407,40.0,110.5550537109375,77.0,788.0,42.0,1589.0,54.25,810.75,33.0,1598.0,77.0,788.0,42.0,1589.0,2112.0,8.0,1227.0,33.0,2674.0,14.0
449,0.7362119722818488,0.0,19698.239273388837,28,15338.471486256829,15713.978166689923,-0.2213277911098277,-0.20226483450637212,-0.20463664286563454,2.248287402674066,297,136,0.004880035863655778,0.1729784069661664,0.047596433939229923,375.5066804330971,157013.36086619488,17459.21814526987,78.50668043309744,297.0,3747.0,10337.0,0.0,84.0,49.0,0.0,117,68.05205740878117,132.5499307534174,45.5,110.24008178710938,84.0,883.0,49.0,2255.0,62.0,905.0,34.5,2269.5,84.0,883.0,49.0,2255.0,2484.0,15.0,1800.0,34.0,3527.0,15.0
450,0.9259893519322931,0.0,27774.303535288243,14,21913.69560009314,22155.1830195776,-0.21100827704820724,-0.20231364248508887,-0.2036273605019504,2.1509265813138554,134,70,0.0012721268359675245,0.18403366894504336,0.09056581405909758,241.48741948446792,214974.838968936,24986.30599906651,107.487419484468,134.0,1467.0,5589.0,0.0,43.0,7.0,0.0,46,81.38550591637649,140.66116435760765,47.0,109.0,43.0,163.0,7.0,431.0,31.5,174.5,6.0,432.0,43.0,163.0,7.0,431.0,1274.0,4.0,401.0,11.0,1751.0,4.0
451,0.8350661971251816,0.0,90614.78989529057,29,81535.62439243034,82198.78913944255,-0.10019518351641721,-0.09287667902307206,-0.09345669076172458,2.068421662387008,304,135,0.003541930619554074,0.1718269853564896,0.04601356327585467,663.1647470123055,718329.4940246113,86820.96923066957,359.16474701230567,304.0,4017.0,10599.0,0.0,120.0,20.0,0.0,119,80.34927081639684,156.64853045775334,52.0,134.61016845703125,120.0,1125.0,20.0,2186.0,76.25,1168.75,11.75,2194.25,120.0,1125.0,20.0,2186.0,2741.0,7.0,1441.0,54.0,3679.0,9.0
452,0.8041776189500609,0.0,225326.32695047167,15,178008.38447698613,178895.77266127206,-0.20999739850144705,-0.20605916280437742,-0.2066839733794299,1.8428768591912972,146,72,0.005233920650460731,0.19535457721895272,0.10540998339458701,887.3881842860593,1482776.368572118,201149.68088844515,741.388184286059,146.0,1673.0,5887.0,0.0,47.0,12.0,0.0,56,96.95895436666105,171.0696524975201,46.0,153.97299194335938,47.0,240.0,12.0,541.0,34.25,252.75,8.25,544.75,47.0,240.0,12.0,541.0,1551.0,3.0,840.0,23.0,1953.0,2.0
453,0.6927645809920309,0.0,319613.8830365504,24,266433.38277734263,268019.7444574842,-0.16638983186198508,-0.16142646273336625,-0.16188554428069557,2.269694355042253,277,133,0.0032430531675808182,0.17235142219940924,0.058564904671436276,1586.3616801417895,2618723.3602835806,288444.4941304476,1309.3616801417904,277.0,2994.0,9102.0,0.0,74.0,46.0,0.0,107,64.04565388253181,164.28571254079287,42.0,124.38331604003906,74.0,708.0,46.0,1740.0,53.0,729.0,32.5,1753.5,74.0,708.0,46.0,1740.0,2184.0,10.0,1341.0,36.0,2897.0,19.0
454,0.8180403264141914,0.0,66061.06280526986,13,53526.89469173495,53816.20095403807,-0.1897360953831797,-0.18535671893935968,-0.18587238748956125,1.467065574747894,119,57,0.0018284253457075104,0.18443425176577108,0.11645572574723606,289.3062623031176,340612.5246062354,58043.166315992305,170.3062623031177,119.0,1234.0,5318.0,0.0,34.0,15.0,0.0,45,90.37478341759572,164.15996268417555,80.5,143.0,34.0,129.0,15.0,407.0,21.5,141.5,7.5,414.5,34.0,129.0,15.0,407.0,1388.0,3.0,727.0,19.0,1834.0,5.0
455,0.6913120304226829,0.0,95099.34956759981,7,103250.38874036862,103836.3567694696,0.08571077730636611,0.09187241807221014,0.0920601910983232,2.4614818090421613,93,48,0.004463256033616838,0.198535453546055,0.18905395891319027,585.9680291010596,985936.0582021187,100136.43555888973,492.96802910105936,93.0,1087.0,2441.0,0.0,29.0,9.0,0.0,38,81.89263755453388,93.85651877252225,66.29241943359375,81.7545166015625,29.0,87.0,9.0,141.0,22.0,94.0,4.0,146.0,29.0,87.0,9.0,141.0,643.0,2.0,423.0,13.0,919.0,4.0
456,0.8532956981158571,0.0,103178.99192519585,21,88092.03868252732,88598.24559348598,-0.14622117313964922,-0.1413150686942244,-0.1417153682183654,1.6896003342381998,185,87,0.0034335389482298665,0.1751343687937615,0.059855855210326325,506.20691095874827,642413.8219174959,95054.1096760532,321.206910958748,185.0,2467.0,8112.0,0.0,63.0,14.0,0.0,73,94.9680894754365,166.4199157900998,64.0,136.0,63.0,368.0,14.0,1087.0,41.5,389.5,9.0,1092.0,63.0,368.0,14.0,1087.0,2144.0,3.0,1001.0,31.0,2776.0,4.0
457,0.8464468732884785,0.0,10950.112979296626,7,8519.028624515982,8641.943514906206,-0.22201454536378695,-0.21078955703511681,-0.21303390299432756,2.283894105849825,77,40,0.0028958502699094947,0.20092906771618055,0.19066946087549522,122.9148903902281,91829.78078045612,10051.886878779647,45.91489039022806,77.0,655.0,2873.0,0.0,23.0,7.0,0.0,29,49.8865198100779,130.28571428571428,34.0,159.0,23.0,63.0,7.0,110.0,15.5,70.5,6.0,111.0,23.0,63.0,7.0,110.0,721.0,0.0,289.0,5.0,847.0,1.0
458,0.7271101758276596,0.0,48151.90100667935,20,42345.51748088872,42768.597038132706,-0.12058472052817193,-0.11179836841332391,-0.11232496208910436,2.314791885337448,219,106,0.0024211735720998362,0.17639777395568096,0.07420720626733061,423.07955724398226,408159.11448796437,44081.621016705714,204.07955724398218,219.0,2656.0,7424.0,0.0,58.0,35.0,0.0,79,68.97825484421418,149.73465464200015,53.5,137.0,58.0,495.0,35.0,992.0,42.25,510.75,25.75,1001.25,58.0,495.0,35.0,992.0,1863.0,9.0,1162.0,21.0,1962.0,11.0
459,0.820340817589048,0.0,35763.842223155276,21,25145.040960242262,25396.624036724257,-0.29691444215235574,-0.2898798770485228,-0.29114011397743,1.561400976695819,159,75,0.003118657639744032,0.17202625894061202,0.06058057670166332,251.58307648202504,185166.1529640501,29647.437738237506,92.58307648202505,159.0,1724.0,8860.0,0.0,41.0,22.0,0.0,58,50.049163350937064,191.8052909001598,32.0,181.64163208007812,41.0,338.0,22.0,817.0,27.5,351.5,15.25,823.75,41.0,338.0,22.0,817.0,2204.0,3.0,544.0,13.0,2823.0,6.0
460,0.8508764812876145,0.0,15967.089769391634,20,11412.764402501738,11591.574812569543,-0.28523202616549337,-0.2740333410794623,-0.27622136608310854,1.5885471606060102,136,66,0.004443035930496073,0.17017991106754776,0.058182890702590986,178.8104100678052,85620.82013561028,13474.70541934478,42.810410067805144,136.0,1384.0,8696.0,0.0,36.0,14.0,0.0,47,64.10559656621588,180.05028208591335,27.5,155.0,36.0,244.0,14.0,646.0,28.0,252.0,11.0,649.0,36.0,244.0,14.0,646.0,2108.0,3.0,393.0,11.0,2309.0,0.0
461,0.7685614453259428,0.0,47917.19049451956,21,36339.00715342873,36665.01578154843,-0.24162901083307597,-0.23482542688428443,-0.2358728382559384,1.8066471364648267,178,87,0.0016533386556003438,0.18060787884114704,0.0621912148495652,326.00862811971535,296017.25623943086,40962.240254987664,148.00862811971544,178.0,1902.0,8682.0,0.0,47.0,23.0,0.0,65,64.3262259207499,136.4916572309374,42.0,115.47640991210938,47.0,368.0,23.0,927.0,33.5,381.5,13.25,936.75,47.0,368.0,23.0,927.0,2053.0,3.0,560.0,12.0,2727.0,9.0
462,0.7233895616455055,0.0,159554.53908268304,28,130263.28261277881,131281.18319668924,-0.1835814677432972,-0.17720182734094592,-0.17781240882401428,2.4739379495659923,322,151,0.0017489949768979384,0.16994667963967644,0.05243054877226363,1017.9005839106205,1391801.16782124,140646.32947497797,695.90058391062,322.0,3367.0,10745.0,0.0,91.0,52.0,0.0,122,73.01633972062967,144.27532006042256,40.0,135.05441284179688,91.0,944.0,52.0,2329.0,66.0,969.0,36.25,2344.75,91.0,944.0,52.0,2329.0,2491.0,14.0,1215.0,31.0,3489.0,18.0
463,0.7940562774781242,0.0,98157.92059381741,24,79981.15536059761,80588.84638704738,-0.18517879273783933,-0.17898784021181313,-0.1796329397665929,2.074856588343493,247,119,0.002484709997439657,0.17652320746911276,0.057573728369726955,607.6910264497884,721382.0528995772,86919.50770866389,360.6910264497886,247.0,2633.0,9462.0,0.0,71.0,33.0,0.0,91,69.2722024286792,168.48766441737033,42.0,124.80619812011719,71.0,590.0,33.0,1489.0,49.75,611.25,20.75,1501.25,71.0,590.0,33.0,1489.0,2351.0,10.0,1177.0,30.0,3525.0,11.0
464,0.7472121314103344,0.0,336502.08423446224,25,300349.8172449655,301795.47804577136,-0.10743549203192204,-0.10313934984280393,-0.10343558691681953,1.8893192135126733,256,125,0.002816492729649724,0.1731747375598574,0.05814289746379623,1445.6608008060277,2379321.601612053,314838.4858147335,1189.6608008060264,256.0,2614.0,9986.0,0.0,78.0,28.0,0.0,91,68.97882927395142,164.09204627605706,40.466705322265625,134.2110595703125,78.0,558.0,28.0,1611.0,55.5,580.5,18.5,1620.5,78.0,558.0,28.0,1611.0,2613.0,3.0,1012.0,35.0,3052.0,4.0
465,0.7471800153296632,0.0,33425.86120865193,13,26568.338189582555,26813.46466272875,-0.2051562105240351,-0.19782277275212368,-0.19882018862297957,1.9628666708920677,127,58,0.0029358133556529717,0.18339976130866414,0.14058262175685957,245.1264731462132,236252.94629242626,30090.2946944756,118.12647314621313,127.0,1612.0,4890.0,0.0,41.0,15.0,0.0,52,60.058948716401275,173.84426218758384,43.0,160.0,41.0,203.0,15.0,416.0,27.5,216.5,10.0,421.0,41.0,203.0,15.0,416.0,1189.0,3.0,890.0,24.0,1123.0,3.0
466,0.8321469164381761,0.0,197707.25032703104,17,173105.18268152137,173939.7631766983,-0.12443685097443291,-0.12021555664255368,-0.12049393486987625,1.8896116405574206,164,81,0.003108031082521663,0.17698617748166953,0.08797671465086664,834.580495177138,1341160.990354277,177438.70771756108,670.5804951771385,164.0,1740.0,6828.0,0.0,50.0,16.0,0.0,62,85.23120270324391,158.84287374422988,50.0,100.5,50.0,288.0,16.0,700.0,36.75,301.25,11.25,704.75,50.0,288.0,16.0,700.0,1694.0,5.0,861.0,19.0,2024.0,2.0
467,0.7755517627100902,0.0,133780.3591960856,8,98121.78031769882,98534.60374730996,-0.2665456954418922,-0.263459865563038,-0.26407214086242103,1.5074138314552485,66,34,0.003224125244521126,0.18109533177542766,0.14163590628012745,412.82342961118445,693646.8592223689,115039.22226730637,346.82342961118445,66.0,645.0,3387.0,0.0,16.0,8.0,0.0,23,109.31507948789441,160.88908926231832,52.473079681396484,137.38735961914062,16.0,50.0,8.0,110.0,10.5,55.5,6.0,112.0,16.0,50.0,8.0,110.0,777.0,0.0,240.0,5.0,1142.0,1.0
468,0.8649128520287426,0.0,29208.949069626797,29,24940.419971058527,25314.76889324394,-0.14613771582103718,-0.1333214751102516,-0.13473299872923916,2.095914963391973,259,120,0.0023684335817828806,0.17809839919944292,0.04700643562127309,374.34892218540097,230697.84437080144,27517.55777312718,115.34892218540072,259.0,3244.0,11348.0,0.0,89.0,21.0,0.0,102,80.76906001872094,186.10271155802724,48.09311294555664,154.0,89.0,866.0,21.0,1977.0,65.75,889.25,15.0,1983.0,89.0,866.0,21.0,1977.0,2902.0,5.0,1196.0,32.0,3050.0,6.0
469,0.7276439513937664,0.0,375401.5343933002,6,328475.19410867867,330195.45776931633,-0.1250030593520638,-0.12042059630108604,-0.12076441215394751,2.3970547210498716,70,35,0.0030503016200220012,0.20152823436583592,0.2227320026430796,1720.2636606378435,3300527.321275686,344227.3649712623,1650.263660637843,70.0,808.0,2216.0,0.0,18.0,11.0,0.0,28,67.83189009764666,81.97064566161697,58.5,83.0,18.0,51.0,11.0,88.0,12.25,56.75,7.5,91.5,18.0,51.0,11.0,88.0,546.0,3.0,434.0,8.0,1030.0,7.0
470,0.859876330422692,0.0,13320.256421070333,21,10772.96191888062,10976.430731178096,-0.19123464456437467,-0.17595950226488977,-0.17765722626380986,1.7745272187068726,162,75,0.007003806419348445,0.1783660055090897,0.05997457672951374,203.46881229749155,82937.62459498296,11684.467800868812,41.46881229749148,162.0,1647.0,8843.0,0.0,51.0,15.0,0.0,59,68.10115171971331,198.4566728531022,41.0,196.053466796875,51.0,319.0,15.0,851.0,38.75,331.25,10.0,856.0,51.0,319.0,15.0,851.0,2388.0,4.0,616.0,24.0,2862.0,7.0
471,0.85522804698418,0.0,92089.04063216776,16,77887.0965037489,78262.9306707812,-0.15421969901006838,-0.15013849494439113,-0.15056241624840772,1.4569445822557476,129,64,0.001237619488947896,0.18562830973950423,0.07690363150833184,375.83416703231484,493668.3340646298,84709.52500133817,246.8341670323149,129.0,2048.0,6016.0,0.0,36.0,13.0,0.0,45,120.96632048852406,149.47082480228661,105.0,100.44863891601562,36.0,208.0,13.0,463.0,24.0,220.0,9.0,467.0,36.0,208.0,13.0,463.0,1622.0,2.0,937.0,18.0,2429.0,6.0
472,0.8920066239735097,0.0,20045.928500267582,19,16551.89450940958,16796.972939226023,-0.17430142938060278,-0.16207558362777708,-0.16331782925727245,1.949967673974082,174,80,0.003953303833825051,0.1837511258031387,0.07486389879377325,245.0784298164501,142156.85963290004,18225.540547446726,71.07842981645003,174.0,2624.0,6924.0,0.0,56.0,19.0,0.0,69,91.94860088304638,161.46651170788516,57.5,116.19482421875,56.0,388.0,19.0,846.0,39.0,405.0,13.75,851.25,56.0,388.0,19.0,846.0,1695.0,6.0,1136.0,25.0,1995.0,2.0
473,0.76720837590537,0.0,13843.16393359437,11,10562.381625480219,10700.826392578761,-0.236996565514362,-0.22699561719339556,-0.22838480628626245,1.6718993044997807,99,48,0.0034663415782644775,0.1865277400952952,0.12769479435140524,138.4447670985481,78889.53419709622,11796.394373867413,39.44476709854811,99.0,1144.0,4374.0,0.0,25.0,15.0,0.0,39,88.14913637485245,165.50575432609853,48.543617248535156,164.5436248779297,25.0,110.0,15.0,276.0,15.5,119.5,10.5,280.5,25.0,110.0,15.0,276.0,1053.0,5.0,380.0,12.0,1125.0,4.0
474,0.8123856370786472,0.0,17966.17617693454,24,14905.105452733074,15214.490835798108,-0.17037964528764615,-0.1531592095077593,-0.15492915132087393,2.1118735815787395,241,104,0.005567768620577872,0.17652855012832697,0.05625833063714431,309.38538306502323,136770.76613004683,16190.690499073731,68.38538306502342,241.0,3093.0,8980.0,0.0,84.0,29.0,0.0,97,64.51086995923428,141.1995041813607,49.0,108.0,84.0,721.0,29.0,1489.0,58.0,747.0,17.0,1501.0,84.0,721.0,29.0,1489.0,2304.0,8.0,1409.0,41.0,2453.0,11.0
475,0.7425852343742346,0.0,177198.6958510011,15,134826.94547524853,135723.6972932112,-0.23911998997656947,-0.2340592765573425,-0.23484894948110813,2.337526806436637,175,85,0.0030598881258743576,0.18857201946553004,0.09874310618632791,896.7518179627101,1443503.635925419,154383.64513623682,721.7518179627094,175.0,1755.0,5805.0,0.0,49.0,26.0,0.0,69,62.044845984532515,136.5049492542865,33.0,131.45086669921875,49.0,292.0,26.0,668.0,33.0,308.0,19.0,675.0,49.0,292.0,26.0,668.0,1313.0,7.0,802.0,18.0,1782.0,4.0
476,0.8614866926809197,0.0,233931.18393774817,7,174578.29431744217,175260.59096051106,-0.2537194427062811,-0.25080278733958805,-0.25120085967610795,1.6167398792956569,47,26,0.000849768692987393,0.17632090474412837,0.18607997931539083,682.2966430689407,1270593.2861378817,196474.600275745,635.2966430689409,47.0,570.0,2958.0,0.0,10.0,4.0,0.0,14,53.470077267263584,352.9085370001023,57.0,341.4981689453125,10.0,21.0,4.0,63.0,8.25,22.75,2.75,64.25,10.0,21.0,4.0,63.0,689.0,1.0,77.0,1.0,1222.0,2.0
477,0.8378839885702403,0.0,11258.354262776147,8,8889.390552830426,9032.392422991807,-0.21041829513024835,-0.19771645018704986,-0.1993373505645929,2.343293193475403,96,48,0.005156829214326195,0.1783994649947295,0.15308821812207293,143.00187016138605,94003.74032277212,10029.020331782787,47.001870161386066,96.0,933.0,3099.0,0.0,26.0,14.0,0.0,39,71.87514157276742,132.75451136119668,46.63098907470703,107.57511901855469,26.0,78.0,14.0,194.0,19.25,84.75,9.5,198.5,26.0,78.0,14.0,194.0,768.0,1.0,439.0,10.0,888.0,4.0
478,0.7409908372501927,0.0,24864.605305530287,13,20847.193404695983,21053.452231884283,-0.1615715130591986,-0.15327623450344263,-0.1538977662982074,1.9362175557459789,122,60,0.0017195047254892017,0.18519757579033436,0.09387058457982267,206.2588271883023,168517.65437660465,21758.615641680666,84.25882718830233,122.0,1639.0,4913.0,0.0,30.0,19.0,0.0,44,56.41694196133743,159.4091116832012,46.0,146.0,30.0,166.0,19.0,357.0,22.25,173.75,14.0,362.0,30.0,166.0,19.0,357.0,1236.0,5.0,680.0,11.0,1497.0,5.0
479,0.8989830136149843,0.0,26343.33009882062,5,19551.43337131237,19645.952328256353,-0.25782225337609543,-0.25423428797500836,-0.2547635572052267,1.3507753486059213,33,16,0.0023124672049077617,0.16086781028730188,0.2067162848409628,94.51895694398736,123037.91388797475,22771.72033361377,61.51895694398738,33.0,452.0,2068.0,0.0,10.0,2.0,0.0,12,73.02490631821485,231.19201169242524,62.52859878540039,231.1920166015625,10.0,5.0,2.0,43.0,5.75,9.25,2.0,43.0,10.0,5.0,2.0,43.0,477.0,0.0,64.0,0.0,274.0,0.0
480,0.7997538372561577,0.0,462805.56729893555,23,370484.3562699943,372490.81825571693,-0.19948163451825784,-0.19514620269224736,-0.19567331160417112,2.1220688154952896,240,117,0.002799761747096532,0.17974786170226612,0.05699171431264996,2006.4619857229598,3532923.9714459204,416212.2295055425,1766.4619857229602,240.0,2384.0,9208.0,0.0,65.0,35.0,0.0,88,82.28324324758974,113.89943195762584,48.0,102.79147338867188,65.0,496.0,35.0,1428.0,42.25,518.75,24.5,1438.5,65.0,496.0,35.0,1428.0,2290.0,6.0,955.0,21.0,2533.0,16.0
481,0.7290683202065067,0.0,10677.773827555942,13,7920.82625685461,8115.747096353951,-0.2581949772701241,-0.23994015724422013,-0.24265421862589998,2.15249927492946,154,69,0.007242746450036398,0.1856011661136951,0.10158520509923742,194.9208394993504,81841.6789987009,9505.424688398902,40.92083949935045,154.0,1677.0,4834.0,0.0,48.0,24.0,0.0,67,63.73816504990369,183.66749293591093,38.5,122.58251190185547,48.0,267.0,24.0,527.0,30.5,284.5,16.75,534.25,48.0,267.0,24.0,527.0,1122.0,5.0,892.0,27.0,1825.0,8.0
482,0.8317079525884297,0.0,203329.61909681672,9,155563.78701765396,156087.92504664336,-0.2349182194475009,-0.23234044434853796,-0.2326606080931114,1.3035284368582418,75,39,0.0014756360829658642,0.20077327840203113,0.14684646115399272,524.1380289894144,898276.0579788286,172277.80242060722,449.1380289894143,75.0,750.0,3786.0,0.0,16.0,11.0,0.0,27,67.0896869718534,231.36305974497427,55.613426208496094,217.1281280517578,16.0,45.0,11.0,171.0,9.5,51.5,6.5,175.5,16.0,45.0,11.0,171.0,1045.0,3.0,326.0,8.0,1294.0,2.0
483,0.7363338940522974,0.0,61727.773904515445,28,50125.697669528505,50643.75061782548,-0.18795552635566914,-0.1795629841412305,-0.1803684149360345,1.9656189436081468,298,146,0.0021667729880260516,0.18043230986101913,0.0503785986018978,518.0529482969814,440105.8965939628,55975.48523139634,220.0529482969814,298.0,3768.0,10342.0,0.0,76.0,48.0,0.0,109,67.24756265176997,169.10885659850467,49.80429458618164,168.90731811523438,76.0,795.0,48.0,2132.0,54.5,816.5,33.0,2147.0,76.0,795.0,48.0,2132.0,2470.0,11.0,1685.0,38.0,3169.0,15.0
484,0.6958105220507657,0.0,83802.71170948035,26,73219.02652864027,73944.74311521332,-0.12629287244941,-0.11763305021013815,-0.11841664698545207,2.4879299204502736,330,155,0.002720829209101743,0.171293701425653,0.049048471381646926,725.7165865731446,791433.17314629,79527.27754114692,395.71658657314504,330.0,4028.0,9067.0,0.0,97.0,52.0,0.0,126,63.72417709432024,116.74725124224632,45.0,100.37538146972656,97.0,1111.0,52.0,2015.0,69.5,1138.5,35.5,2031.5,97.0,1111.0,52.0,2015.0,2134.0,13.0,1689.0,39.0,3159.0,20.0
485,0.7802255033128863,0.0,111576.3464505058,8,81829.60448340324,82393.51735515513,-0.2666043737173087,-0.26155031979198107,-0.26262143590188924,2.283441040108012,97,49,0.0019072808314771618,0.18915161183308685,0.16276251112566337,563.9128717519649,933825.7435039295,102238.87184971473,466.91287175196476,97.0,887.0,3145.0,0.0,28.0,12.0,0.0,39,68.46211256007875,115.87458305503664,65.50679779052734,77.0,28.0,73.0,12.0,199.0,19.75,81.25,8.5,202.5,28.0,73.0,12.0,199.0,725.0,1.0,228.0,12.0,1009.0,4.0
486,0.8938238327540551,0.0,17619.38024014747,10,13079.768479473667,13207.732456798849,-0.2576487764495744,-0.25038609322342986,-0.2515692797910414,1.695800760891274,79,37,0.0023848741057490397,0.19069133631806354,0.1258661969302586,127.96397732518413,97927.95465036812,14436.83080418295,48.96397732518406,79.0,625.0,4415.0,0.0,22.0,10.0,0.0,30,61.04887550840187,154.02990308270856,32.25445556640625,154.14950561523438,22.0,74.0,10.0,194.0,16.0,80.0,5.5,198.5,22.0,74.0,10.0,194.0,1158.0,2.0,161.0,5.0,1273.0,0.0
487,0.7290865616844517,0.0,192087.916104236,5,170325.66920363103,171224.7295095369,-0.11329315941350393,-0.10861269682043795,-0.10915706490751298,2.1868402372112103,69,36,0.0038827213092545677,0.19673604946203369,0.26789345377994594,899.0603059059947,1660120.6118119888,189785.31028049334,830.0603059059944,69.0,700.0,1820.0,0.0,19.0,9.0,0.0,26,69.19854471200101,155.42113773451717,36.89643096923828,135.0,19.0,34.0,9.0,68.0,13.25,39.75,7.0,70.0,19.0,34.0,9.0,68.0,393.0,6.0,346.0,11.0,793.0,4.0
488,0.9101279448316347,0.0,26879.007347752526,23,20855.682313034267,21112.728366402116,-0.22409030797864993,-0.2145272296237738,-0.2159446222886382,1.8160952471094245,172,81,0.00341573439154915,0.17012645001595011,0.06466664498896937,257.0460533678559,170092.10673571183,23414.535527037715,85.04605336785592,172.0,2271.0,9321.0,0.0,50.0,18.0,0.0,62,80.41802994330416,132.2543878635548,57.0,130.0,50.0,426.0,18.0,932.0,36.0,440.0,12.75,937.25,50.0,426.0,18.0,932.0,2382.0,9.0,1004.0,16.0,2765.0,4.0
489,0.7460550448817521,0.0,177374.38029742014,21,147462.27917337633,148383.13645886854,-0.16863822765095726,-0.16344662509850227,-0.16413877207004346,2.168844161204253,214,104,0.0017911034630224763,0.17992116301837455,0.06838269668780596,920.8572854923465,1413714.5709846932,162957.140521305,706.8572854923466,214.0,2069.0,8515.0,0.0,53.0,36.0,0.0,77,70.28726919752124,145.7973358438125,35.91423034667969,93.0,53.0,455.0,36.0,1073.0,40.25,467.75,24.75,1084.25,53.0,455.0,36.0,1073.0,2108.0,10.0,743.0,18.0,2335.0,9.0
490,0.8334597256797728,0.0,430567.4751293572,25,363300.44923545927,365153.74047346663,-0.15622876733475655,-0.15192446813647043,-0.1524163643290426,2.0198208057530596,242,113,0.0029202475429956918,0.1760859173747932,0.05346923802948814,1853.291238007937,3222582.476015874,398869.8486069886,1611.2912380079372,242.0,2752.0,9848.0,0.0,79.0,25.0,0.0,89,79.17863628372898,170.93825988123743,50.0,145.0,79.0,608.0,25.0,1513.0,53.25,633.75,18.5,1519.5,79.0,608.0,25.0,1513.0,2427.0,4.0,980.0,29.0,3216.0,12.0
491,0.9061512845783286,0.0,10351.436658883824,22,8263.643389560011,8488.721477701241,-0.20169116018615874,-0.17994750318874442,-0.18267643726762273,1.9773612993412888,189,83,0.008054737512448125,0.1782811546817913,0.059466995190419716,225.07808814122882,72156.17628245741,9122.786046547808,36.078088141228704,189.0,1922.0,9128.0,0.0,66.0,18.0,0.0,71,66.91049225738482,175.94108968508237,34.5,148.23159790039062,66.0,388.0,18.0,1084.0,46.25,407.75,12.5,1089.5,66.0,388.0,18.0,1084.0,2386.0,5.0,671.0,20.0,2659.0,7.0
492,0.7885821105573733,0.0,10972.472929610285,24,8498.588844536955,8791.187017324404,-0.22546276495222095,-0.19879619902268963,-0.2024272793156685,2.359094486045911,247,101,0.007034075452971995,0.175602922090662,0.05337102658042616,292.598172787448,91196.34557489627,9664.337960425537,45.598172787448135,247.0,2823.0,9095.0,0.0,85.0,37.0,0.0,106,54.55261387049942,175.49523094295577,31.0,140.0,85.0,704.0,37.0,1693.0,59.0,730.0,24.75,1705.25,85.0,704.0,37.0,1693.0,2163.0,10.0,829.0,27.0,2527.0,13.0
493,0.8237376530719009,0.0,80072.22887179529,26,60396.02369523736,60881.43149103202,-0.24573070406297504,-0.23966857987043066,-0.2406658267986852,1.8302168618805288,229,111,0.0019872928488446615,0.17154398911542595,0.05265525307027071,485.4077957946747,512815.59158934944,70048.47379977102,256.4077957946747,229.0,2726.0,10378.0,0.0,65.0,27.0,0.0,82,83.64200312016995,143.55915360719695,46.0,129.96871948242188,65.0,572.0,27.0,1468.0,48.75,588.25,18.75,1476.25,65.0,572.0,27.0,1468.0,2598.0,8.0,1023.0,22.0,3131.0,8.0
494,0.8191183815199661,0.0,64749.17942076503,30,52192.35658317401,52619.665268117606,-0.19393022351668676,-0.18733077795202913,-0.18810043432792456,1.659743235622844,238,110,0.0028382676079760916,0.1662423677558723,0.043234103932610235,427.30868494365416,378617.3698873084,57029.50940860838,189.3086849436542,238.0,2450.0,12664.0,0.0,76.0,22.0,0.0,87,63.942264102875086,194.33564469457707,42.5,206.9981231689453,76.0,608.0,22.0,1903.0,53.25,630.75,13.75,1911.25,76.0,608.0,22.0,1903.0,3344.0,8.0,1218.0,30.0,4447.0,6.0
495,0.7947562480406781,0.0,22105.455169077857,23,17113.956798193445,17414.469701084927,-0.22580391730032112,-0.21220940406397515,-0.21409589471918655,1.9840549345416922,223,99,0.0044050681049379375,0.1794764410549635,0.05722955104290273,300.5129028914973,155025.80578299426,19533.960865202116,77.51290289149713,223.0,2758.0,8810.0,0.0,71.0,30.0,0.0,91,97.84988551040703,176.45279245663144,49.81257247924805,142.5,71.0,621.0,30.0,1366.0,46.75,645.25,21.75,1374.25,71.0,621.0,30.0,1366.0,2150.0,10.0,1183.0,27.0,3030.0,8.0
496,0.865165896044123,0.0,110135.41848334321,16,94753.53311670914,95444.19339036493,-0.13966338511675436,-0.13339237545277194,-0.1341500975108112,2.427552907414733,185,90,0.003847156846676763,0.18669729544184055,0.09146117174054835,690.6602736558714,1011320.5473117429,104150.20659516411,505.66027365587144,185.0,1567.0,6497.0,0.0,59.0,20.0,0.0,70,55.81915031174063,187.72424898876324,41.0,148.8146209716797,59.0,299.0,20.0,742.0,43.5,314.5,11.25,750.75,59.0,299.0,20.0,742.0,1728.0,4.0,624.0,21.0,2280.0,5.0
497,0.8546207659025257,0.0,390504.718984474,14,319307.50315072463,320671.14758076094,-0.1823210127111936,-0.17882900771421817,-0.17923386656233842,1.7383356464218591,150,75,0.0015082461045192324,0.1765829111477613,0.11395991385298866,1363.644430036295,2427288.860072591,349082.30540357,1213.6444300362955,150.0,1237.0,5819.0,0.0,41.0,20.0,0.0,57,54.71794786292754,159.5729492359447,29.0,100.5,41.0,178.0,20.0,559.0,28.5,190.5,13.75,565.25,41.0,178.0,20.0,559.0,1493.0,3.0,528.0,24.0,1870.0,5.0
498,0.8086162274711981,0.0,24589.76272129071,30,19035.801150028634,19409.315865557357,-0.22586478910808094,-0.21067494283903498,-0.2123198604658868,1.9979790619916398,289,129,0.0032039309137133604,0.16848925886389973,0.04146838869507045,373.5147155287219,169029.4310574439,21150.050352498536,84.51471552872195,289.0,3086.0,12026.0,0.0,90.0,40.0,0.0,111,72.6988608150161,145.53313194582992,45.5,134.07681274414062,90.0,747.0,40.0,2450.0,61.25,775.75,27.75,2462.25,90.0,747.0,40.0,2450.0,2991.0,7.0,1255.0,44.0,2985.0,12.0
499,0.9051245974958348,0.0,287284.64960602915,25,229872.71353349226,230727.1225517045,-0.19984338234315457,-0.19686929716532164,-0.19726249027619713,1.3299455579307544,172,89,0.0013835680444023231,0.1665485779340879,0.04988013856360748,854.4090182123848,1364818.0364247703,256555.24549220526,682.4090182123851,172.0,1964.0,10636.0,0.0,46.0,12.0,0.0,56,112.11998861773371,201.5400724385091,51.35110092163086,165.5,46.0,341.0,12.0,1001.0,35.0,352.0,7.5,1005.5,46.0,341.0,12.0,1001.0,2793.0,3.0,640.0,13.0,3257.0,2.0
500,0.8664277728133009,0.0,78409.20393145144,24,63964.9223742428,64355.91132371019,-0.18421665866977077,-0.17923014012522331,-0.17987587857835696,1.4981990476332867,176,88,0.0010253351021883128,0.17379035110560279,0.05191857662838177,390.9889494674025,429977.8989348052,71749.12766331744,214.9889494674026,176.0,1976.0,10120.0,0.0,44.0,20.0,0.0,62,71.76977839156228,194.817965309258,47.5,170.5,44.0,367.0,20.0,1057.0,32.0,379.0,12.0,1065.0,44.0,367.0,20.0,1057.0,2532.0,6.0,485.0,11.0,2697.0,5.0
501,0.7679376071049916,0.0,58027.82384368772,28,46151.9491802222,46656.6164635113,-0.20465828074918213,-0.1959612928240696,-0.1969035810956432,1.9147463966677754,310,149,0.00300718716463668,0.16686402399028138,0.053459517940878054,504.6672832891363,389334.5665782733,50833.69881983203,194.66728328913666,310.0,3361.0,10736.0,0.0,89.0,44.0,0.0,122,71.98696717962235,130.79851450551803,49.19834899902344,102.0,89.0,930.0,44.0,2350.0,59.25,959.75,33.0,2361.0,89.0,930.0,44.0,2350.0,2602.0,14.0,1641.0,46.0,3363.0,10.0
502,0.841612098076504,0.0,301044.5793089586,15,224576.72962677432,225630.07599585928,-0.25400839257001273,-0.25050942118343966,-0.2510973627649853,1.7259409388174123,146,75,0.0020048396300682623,0.17923181477759,0.08094550869510013,1053.3463690850042,1814692.7381700077,262855.56726718106,907.3463690850039,146.0,1561.0,5999.0,0.0,36.0,20.0,0.0,53,77.8052297303803,169.09652448197477,53.5,139.5,36.0,185.0,20.0,554.0,26.75,194.25,12.5,561.5,36.0,185.0,20.0,554.0,1438.0,4.0,724.0,17.0,2127.0,9.0
503,0.6896755523241921,0.0,241256.55799210828,5,197736.50692965472,198596.726141848,-0.180389090454806,-0.17682351188835133,-0.17735810390524187,1.8680492718345674,58,30,0.003813636475425026,0.2199347997140624,0.30748580492479144,860.219212193365,1604438.4243867304,214721.1062065629,802.2192121933653,58.0,622.0,1898.0,0.0,18.0,5.0,0.0,23,73.19556143523722,99.16338470242513,55.24515151977539,125.0,18.0,42.0,5.0,50.0,12.0,48.0,3.0,52.0,18.0,42.0,5.0,50.0,533.0,0.0,156.0,7.0,395.0,1.0
504,0.7713890506566513,0.0,27891.83554095249,18,23060.718718443517,23288.58163838552,-0.17320899570828285,-0.16503947529047314,-0.16575919382227455,1.7293190251510857,142,70,0.001973107039048219,0.1792532011702992,0.0685488972814271,227.86291994199712,171725.8398839942,24825.64486170951,85.8629199419971,142.0,1693.0,7379.0,0.0,37.0,17.0,0.0,49,63.3491014437132,223.79284665171895,44.0,194.0,37.0,228.0,17.0,600.0,29.0,236.0,12.25,604.75,37.0,228.0,17.0,600.0,1935.0,8.0,764.0,15.0,2524.0,5.0
505,0.874035934209733,0.0,181096.97815569976,8,144745.11227839725,145321.74471257775,-0.20073148788848738,-0.19754737935143196,-0.19809612268273624,1.5530388473693437,65,32,0.003348244151441289,0.19359187164778352,0.21655219740679996,576.6324341805378,1023264.8683610756,164719.77988418643,511.6324341805378,65.0,691.0,3341.0,0.0,21.0,4.0,0.0,25,56.25384289352269,87.8669823340713,37.0,97.23396301269531,21.0,55.0,4.0,120.0,13.25,62.75,3.5,120.5,21.0,55.0,4.0,120.0,873.0,2.0,386.0,11.0,826.0,0.0
506,0.683184101970296,0.0,16881.67882301272,13,14742.099744609355,14976.927299768944,-0.12673971000364848,-0.11282950844007666,-0.11339810644937465,2.547298012246345,157,77,0.0059848864112346375,0.18677383826830207,0.10956422612408631,234.8275551595916,155655.11031918327,15276.491950574542,77.82755515959164,157.0,1542.0,5010.0,0.0,48.0,19.0,0.0,64,73.78532769658274,132.6277389407278,36.12113952636719,108.0,48.0,226.0,19.0,539.0,36.25,237.75,14.0,544.0,48.0,226.0,19.0,539.0,1253.0,8.0,777.0,21.0,1723.0,10.0
507,0.7645763042753795,0.0,29312.461945558065,17,23369.50897866208,23660.317652863825,-0.20274492732592064,-0.19282393622180038,-0.19414545216889834,2.1234033871293643,182,93,0.0018252509321405879,0.17757814667032976,0.09356742360540612,290.8086742017677,217617.34840353555,25621.291475113114,108.80867420176777,182.0,1581.0,6976.0,0.0,47.0,25.0,0.0,65,49.30858717721163,88.54376347591646,34.0,81.00369262695312,47.0,306.0,25.0,726.0,37.0,316.0,18.75,732.25,47.0,306.0,25.0,726.0,1656.0,4.0,783.0,25.0,1927.0,5.0
508,0.804384345444019,0.0,58750.08626770874,14,51875.89568850124,52277.86773740468,-0.11700732740856956,-0.11016526002722549,-0.11085057225903383,2.179366714553867,156,74,0.004034377471030924,0.18714204483037866,0.0990705237210222,401.972048903471,491944.0978069417,56432.000925053864,245.97204890347086,156.0,1851.0,5205.0,0.0,52.0,16.0,0.0,61,80.83068269398132,134.6269475090428,63.0,105.30526733398438,52.0,249.0,16.0,537.0,35.0,266.0,11.25,541.75,52.0,249.0,16.0,537.0,1256.0,8.0,725.0,19.0,1678.0,6.0
509,0.73686815820987,0.0,235095.1844089352,6,218147.8860227322,219259.6481595597,-0.07208696523840363,-0.06735797795768728,-0.06769271542727673,2.2312568861399256,94,51,0.0010355770832757025,0.20866004428308257,0.2673913327839567,1111.7621368276173,2035524.273655235,228069.24275499853,1017.7621368276176,94.0,945.0,2079.0,0.0,27.0,10.0,0.0,37,99.94009467939398,111.05365192224652,48.0,111.58849334716797,27.0,74.0,10.0,111.0,20.25,80.75,6.25,114.75,27.0,74.0,10.0,111.0,542.0,3.0,545.0,16.0,674.0,2.0
510,0.8366998588855669,0.0,389793.05596454925,22,316863.12703378237,318570.23574511363,-0.18709909736667985,-0.18271957165371655,-0.1833202224632059,2.117285905627895,199,99,0.003407129637495696,0.1801757941525712,0.07514664630072872,1707.1087113314381,3016217.422662877,356141.96158458793,1508.1087113314386,199.0,1969.0,9119.0,0.0,63.0,15.0,0.0,72,63.78110673513644,182.3557098951787,50.0,196.0,63.0,426.0,15.0,1080.0,45.75,443.25,10.25,1084.75,63.0,426.0,15.0,1080.0,2294.0,4.0,623.0,25.0,2242.0,4.0
511,0.7841514630197514,0.0,129323.40443143115,30,98813.58063305156,99511.46734158852,-0.23591881092610945,-0.23052236539016635,-0.2314037068910768,1.820485580782125,282,133,0.002213349448830195,0.18246387784996804,0.05026232481923248,697.886708536987,831773.417073974,114224.11496341322,415.88670853698704,282.0,3200.0,11920.0,0.0,81.0,38.0,0.0,102,61.55850865328096,171.0336298477541,42.0,153.9912872314453,81.0,958.0,38.0,1983.0,53.75,985.25,25.25,1995.75,81.0,958.0,38.0,1983.0,3048.0,16.0,1303.0,40.0,3704.0,12.0
512,0.785404133868669,0.0,32289.38608710919,20,24593.682216589288,24871.358452162247,-0.23833540376886375,-0.22973579042149772,-0.2311943118803863,1.6883414402590644,179,86,0.0030977821882438514,0.1836995387657271,0.0661143643437385,277.67623557296633,197352.47114593285,29222.831715196553,98.67623557296643,179.0,1995.0,8070.0,0.0,52.0,21.0,0.0,67,88.36343406643535,176.65345987097857,48.87097930908203,123.697021484375,52.0,348.0,21.0,918.0,33.75,366.25,14.75,924.25,52.0,348.0,21.0,918.0,2049.0,6.0,802.0,24.0,3201.0,6.0
513,0.746101080354975,0.0,48567.52640139621,23,36702.044972423006,37112.309810195584,-0.24430895102436379,-0.23586164336488247,-0.2370521828549419,2.1594704065361,229,110,0.001755962151462425,0.17361538000252397,0.05959092200096594,410.26483777261035,362529.6755452207,41969.74342041768,181.26483777261038,229.0,2576.0,9008.0,0.0,67.0,29.0,0.0,85,58.678312382850386,178.95481568034376,34.0,169.0,67.0,520.0,29.0,1338.0,47.75,539.25,21.5,1345.5,67.0,520.0,29.0,1338.0,2114.0,11.0,1032.0,27.0,2463.0,12.0
514,0.8253569968000949,0.0,80716.1176993564,14,71887.15809013367,72271.37286541518,-0.1093828576110163,-0.10462278259461621,-0.10510561174992217,1.653404102512619,125,61,0.0020292750939911773,0.18960359367422117,0.10510591192713148,384.2147752815104,518429.55056302046,78388.20978113906,259.21477528151024,125.0,1746.0,5310.0,0.0,42.0,8.0,0.0,49,95.35506985385162,114.70452926370332,42.0,81.5,42.0,222.0,8.0,414.0,29.25,234.75,6.75,415.25,42.0,222.0,8.0,414.0,1444.0,4.0,845.0,16.0,1793.0,2.0
515,0.7517410147627704,0.0,171886.6544477617,11,145936.58312052605,146836.08461814115,-0.1509719961134166,-0.14573888769958998,-0.14633593924922905,2.400650066519723,119,63,0.0014674563905996963,0.18459483900695145,0.12429877206950819,899.5014976151678,1561002.9952303343,162560.44737638044,780.5014976151672,119.0,1183.0,4361.0,0.0,34.0,11.0,0.0,44,60.843209113741736,152.3201431667433,45.5,119.0,34.0,118.0,11.0,321.0,26.75,125.25,9.0,323.0,34.0,118.0,11.0,321.0,1099.0,3.0,370.0,11.0,1460.0,3.0
516,0.9108721032175909,0.0,237542.2631110141,12,207517.69598357572,208644.47974835138,-0.12639673771823312,-0.12165322913151455,-0.12210394263230895,2.2233147053471227,120,63,0.0021051719435490036,0.18119542714001508,0.10162996302251999,1126.7837647757224,2013567.5295514446,226415.0375010754,1006.7837647757223,120.0,1530.0,4518.0,0.0,39.0,6.0,0.0,41,80.55836928600198,112.51048985373296,65.34037780761719,109.36649322509766,39.0,136.0,6.0,311.0,30.0,145.0,4.75,312.25,39.0,136.0,6.0,311.0,1126.0,1.0,372.0,10.0,854.0,0.0
517,0.6745594825052109,0.0,18087.409367883494,15,14113.962627665987,14381.831225386219,-0.21968025710043748,-0.20487058523024326,-0.20664926257196548,2.5753007862401605,185,88,0.004404082186452369,0.1783141907328632,0.10671280303872265,267.8685977202477,165737.19544049507,16089.110476534372,82.86859772024754,185.0,2036.0,5504.0,0.0,53.0,29.0,0.0,77,74.000675634994,145.17081606071656,45.0,118.0,53.0,292.0,29.0,779.0,36.0,309.0,21.5,786.5,53.0,292.0,29.0,779.0,1187.0,7.0,1079.0,22.0,1664.0,6.0
518,0.7140358733798028,0.0,72325.94971110666,21,56883.67430893828,57409.97705657793,-0.2135094729326037,-0.20623265527943935,-0.20718432775545403,2.1866687539816896,242,114,0.006696002559776441,0.17126362150114413,0.07969749674300293,526.3027476396818,568605.4952793632,65008.18816796023,284.3027476396816,242.0,2251.0,8333.0,0.0,68.0,39.0,0.0,94,58.758887778158055,177.59989404105235,42.5,154.0,68.0,472.0,39.0,1395.0,45.5,494.5,24.75,1409.25,68.0,472.0,39.0,1395.0,1960.0,7.0,900.0,33.0,2059.0,12.0
519,0.8410044781048911,0.0,104719.24585698593,9,81211.08972048417,81686.45298447579,-0.22448744683099242,-0.21994803996168766,-0.2206034818753152,2.1215377100957427,82,44,0.001908719551686446,0.18420852596775508,0.151945322372351,475.363263991635,786726.5279832694,92707.11100720493,393.3632639916347,82.0,671.0,3865.0,0.0,23.0,6.0,0.0,29,54.243032291314165,232.87289196059848,39.0,229.6998291015625,23.0,63.0,6.0,169.0,19.0,67.0,3.75,171.25,23.0,63.0,6.0,169.0,943.0,2.0,201.0,8.0,1315.0,4.0
520,0.665759264897747,0.0,11263.341276018538,17,8142.96971129036,8371.093869644568,-0.277037824590466,-0.2567841402916583,-0.26088893147944303,2.2566391745008803,183,79,0.009848076424959277,0.1815049824476084,0.08612821285446902,228.1241583542144,90248.31670842864,9998.088942197595,45.12415835421432,183.0,1920.0,6597.0,0.0,55.0,32.0,0.0,78,52.23619480284365,154.88375472229353,36.0,141.5,55.0,392.0,32.0,843.0,37.75,409.25,21.25,853.75,55.0,392.0,32.0,843.0,1601.0,8.0,1010.0,26.0,1909.0,5.0
521,0.8243729213001414,0.0,250996.65760643818,9,185488.92010636046,186293.77577131402,-0.26099047742218784,-0.257783838446877,-0.2584255454315071,1.6178386076800448,76,40,0.0010752545271905207,0.1807625507587874,0.14970710415998081,804.8556649535506,1457711.3299071016,225255.98706001905,728.8556649535508,76.0,838.0,3698.0,0.0,17.0,10.0,0.0,27,90.81599221191188,190.07766920764774,74.0,180.0,17.0,62.0,10.0,154.0,12.5,66.5,7.75,156.25,17.0,62.0,10.0,154.0,906.0,3.0,189.0,6.0,1123.0,3.0
522,0.8131068173124945,0.0,130693.1612265825,5,115072.93209627297,115646.75300699924,-0.11951833580051496,-0.11512773949585109,-0.11546074987515109,2.0866551993811036,54,28,0.0031346728684392092,0.20510892222182783,0.22448022910368276,573.8209107263258,1039641.8214526514,124558.41072365554,519.8209107263257,54.0,644.0,1876.0,0.0,16.0,5.0,0.0,21,89.24861277023567,153.31885859469554,61.134037017822266,182.10455322265625,16.0,22.0,5.0,62.0,11.5,26.5,3.75,63.25,16.0,22.0,5.0,62.0,503.0,0.0,210.0,4.0,484.0,2.0
523,0.7588162573662253,0.0,38694.456806979964,29,30054.372495565596,30479.795044244307,-0.2232899754741049,-0.21229556997564158,-0.21370473514524635,1.9687591009974255,293,134,0.0032802592644691777,0.1782000445569183,0.04654356328699905,425.42254867875187,264845.0973575039,33630.968007122654,132.42254867875195,293.0,3222.0,11384.0,0.0,90.0,40.0,0.0,113,72.5033976885581,138.90518184149136,49.0,127.15567779541016,90.0,858.0,40.0,2287.0,61.75,886.25,25.5,2301.5,90.0,858.0,40.0,2287.0,2807.0,7.0,1598.0,44.0,4145.0,12.0
524,0.9337558911220338,0.0,21612.15753589575,27,16950.216078789905,17184.839754986002,-0.21570921132528298,-0.20485311443600163,-0.2067060134466353,1.4380229674524103,179,82,0.002900546496223822,0.16500266179091985,0.052294468930311276,234.62367619612226,111247.35239224462,19340.329554911335,55.62367619612231,179.0,1759.0,11848.0,0.0,60.0,10.0,0.0,62,77.11627221906879,186.90508691068914,51.888832092285156,200.11534118652344,60.0,545.0,10.0,1058.0,42.25,562.75,4.25,1063.75,60.0,545.0,10.0,1058.0,3227.0,4.0,621.0,26.0,3077.0,3.0
525,0.7950268400790629,0.0,111602.92801131718,17,88444.76626449719,89072.21778995644,-0.20750496568039534,-0.20188278769062407,-0.2026721766040609,2.1497131605544064,198,99,0.002933083613224951,0.1730512850618204,0.07902180906025415,627.451525459368,858903.0509187356,99885.7739114862,429.4515254593678,198.0,2122.0,6446.0,0.0,52.0,30.0,0.0,76,59.08317731555246,143.6836723615325,44.891395568847656,143.68521118164062,52.0,377.0,30.0,833.0,37.75,391.25,21.75,841.25,52.0,377.0,30.0,833.0,1495.0,6.0,957.0,19.0,2000.0,7.0
526,0.7342929252216291,0.0,105805.03630306228,14,82482.73493261906,82936.60740365062,-0.22042713830407912,-0.21613743256898055,-0.2168934012761432,1.7321139502835583,126,60,0.0026187148304730734,0.18230936717675075,0.13449836272457688,453.8724710316451,655744.9420632902,94645.1793711292,327.8724710316451,126.0,1243.0,5813.0,0.0,39.0,13.0,0.0,49,57.7173882344863,158.16593929511504,40.0,120.31846618652344,39.0,242.0,13.0,392.0,25.25,255.75,9.25,395.75,39.0,242.0,13.0,392.0,1363.0,2.0,774.0,23.0,1955.0,1.0
527,0.813815168425741,0.0,344308.00706735195,21,282295.4586751247,283854.3949720257,-0.1801077730385069,-0.1755800354753312,-0.17616543079313562,2.1003685870980333,231,110,0.0028439550231610386,0.18343905371418318,0.06516829339488171,1558.9362969011047,2655872.59380221,316119.8241723476,1327.936296901105,231.0,2690.0,7894.0,0.0,71.0,29.0,0.0,90,78.0347035622302,140.20244817687163,53.0999755859375,91.1329345703125,71.0,577.0,29.0,1213.0,49.0,599.0,21.5,1220.5,71.0,577.0,29.0,1213.0,1958.0,7.0,1394.0,36.0,2469.0,8.0
528,0.778124324705331,0.0,70778.31072386082,17,59190.7515586777,59603.37128866004,-0.16371624367232485,-0.1578864954660959,-0.1584333808083016,1.9235884700027093,167,83,0.0038871696496162117,0.1872425909444208,0.07118861470599291,412.61972998238684,491239.4599647733,63844.14697132197,245.61972998238667,167.0,1700.0,6868.0,0.0,50.0,17.0,0.0,64,93.59409678421882,189.5618276391254,68.5,177.0,50.0,245.0,17.0,776.0,33.25,261.75,11.25,781.75,50.0,245.0,17.0,776.0,1764.0,7.0,728.0,19.0,2560.0,7.0
529,0.8766330480067431,0.0,186576.32253058814,9,132456.3966612691,133056.08679636204,-0.2900685635523038,-0.2868543822083949,-0.2875221027687994,1.6579216391914835,84,45,0.0019028412342467162,0.17479074145632972,0.14532324677212355,599.6901350930524,1031380.2701861053,155523.072653946,515.6901350930526,84.0,730.0,3806.0,0.0,23.0,7.0,0.0,30,42.53924157712936,100.41005056985107,41.0,109.60411834716797,23.0,62.0,7.0,178.0,16.0,69.0,6.5,178.5,23.0,62.0,7.0,178.0,870.0,2.0,303.0,13.0,1224.0,2.0
530,0.8771045971873807,0.0,367712.88934582693,6,266687.5919241287,267927.51366597676,-0.2747396143807346,-0.27136763102694483,-0.27208913956810443,1.9311562572411591,58,28,0.00275373104874442,0.2159732704368551,0.1956527281667964,1239.9217418481153,2363843.4836962298,306014.0103671887,1181.9217418481148,58.0,412.0,2612.0,0.0,18.0,6.0,0.0,23,23.401214716666207,169.98574107002463,19.5,157.0,18.0,46.0,6.0,68.0,12.5,51.5,4.0,70.0,18.0,46.0,6.0,68.0,701.0,2.0,149.0,6.0,1155.0,1.0
531,0.7656854824487063,0.0,11815.106132687073,27,8480.022251050339,8772.072234035006,-0.28227286697070453,-0.257554512374067,-0.2622743163167005,2.273786592050193,245,103,0.004567025654190821,0.1787654920939933,0.05007112894814526,292.04998298468314,94099.96596936611,10346.173899780926,47.049982984683055,245.0,2575.0,11017.0,0.0,72.0,43.0,0.0,97,67.49027158475465,161.41964576090285,40.5,163.0,72.0,658.0,43.0,1842.0,51.75,678.25,29.75,1855.25,72.0,658.0,43.0,1842.0,2695.0,12.0,736.0,23.0,2800.0,14.0
532,0.8516991476582765,0.0,27718.41876212829,9,21501.683743111793,21663.33164047098,-0.22428173383073458,-0.21844994743821333,-0.21920995427953438,1.8510485177477043,75,38,0.0036501704959268646,0.18220403449720454,0.1327818369654126,161.64789735919234,173295.79471838468,23405.08542278046,86.64789735919234,75.0,556.0,3980.0,0.0,15.0,13.0,0.0,28,81.91348412258806,180.32371340056866,39.37797164916992,150.0,15.0,48.0,13.0,176.0,10.0,53.0,7.75,181.25,15.0,48.0,13.0,176.0,1009.0,2.0,236.0,5.0,898.0,6.0
533,0.9459853207071571,0.0,119119.69266717319,20,87422.57548691223,87833.76587831248,-0.26609468569419836,-0.26264277625594,-0.26329838433422526,1.303797639889432,143,69,0.0023204111933214084,0.17125733500536158,0.061162897606222726,411.19039140027104,536380.7828005417,102849.69967540923,268.19039140027087,143.0,1486.0,8577.0,0.0,47.0,7.0,0.0,50,68.48450118791689,197.12849938010154,45.0,190.0,47.0,242.0,7.0,703.0,32.5,256.5,4.0,706.0,47.0,242.0,7.0,703.0,2173.0,1.0,687.0,24.0,3665.0,5.0
534,0.7685878969851657,0.0,379062.79885784467,13,338284.7964222964,340242.9106567279,-0.10757584906357631,-0.10241017667279695,-0.10281280747172061,2.492611544260952,169,84,0.003618816344486485,0.18474295358837364,0.10586343849130478,1958.1142344317834,3578228.468863569,358883.4847834761,1789.1142344317846,169.0,1414.0,5138.0,0.0,51.0,21.0,0.0,65,51.861444378313806,133.956592970112,41.0,100.0,51.0,219.0,21.0,554.0,31.75,238.25,12.25,562.75,51.0,219.0,21.0,554.0,1283.0,4.0,539.0,23.0,1043.0,6.0
535,0.7998673378534152,0.0,49106.587747445985,16,40640.6623790581,40958.26527163653,-0.172398974490509,-0.16593135156765704,-0.16663664227820274,1.9333414503032433,147,75,0.0027886318528171565,0.18468840762126887,0.08533031782091877,317.60289257843243,341205.7851568649,44121.25249569172,170.60289257843246,147.0,1341.0,6723.0,0.0,39.0,17.0,0.0,52,86.4691917023478,188.10092605456492,54.0,169.0,39.0,194.0,17.0,582.0,25.0,208.0,11.75,587.25,39.0,194.0,17.0,582.0,1681.0,6.0,412.0,11.0,2017.0,5.0
536,0.8608552778477883,0.0,13337.354945036905,20,10597.114000602123,10798.780169599868,-0.2054561009830873,-0.19033569893719382,-0.19222768403376378,1.8533840172230758,159,70,0.0051280503879562785,0.1856443510760269,0.06726685331790203,201.66616899775352,85332.33799550706,11510.342325515525,42.66616899775353,159.0,1627.0,8453.0,0.0,50.0,19.0,0.0,62,61.9300371088727,159.8992789766871,41.28376388549805,148.0,50.0,295.0,19.0,876.0,33.0,312.0,11.25,883.75,50.0,295.0,19.0,876.0,2215.0,3.0,513.0,16.0,2271.0,7.0
537,0.8979332571217983,0.0,285805.114560058,28,246967.4950086414,248276.72448110732,-0.1358884693550696,-0.1313076224570663,-0.13170998223883545,1.9877825703134997,263,126,0.0020389702536554853,0.16710305271068854,0.048043560394419954,1309.2294724657959,2092458.9449315905,263164.96786184993,1046.2294724657952,263.0,3048.0,11064.0,0.0,91.0,18.0,0.0,92,88.88069329860846,148.9391521554109,64.0,129.0,91.0,741.0,18.0,1726.0,63.25,768.75,12.0,1732.0,91.0,741.0,18.0,1726.0,2794.0,5.0,1251.0,37.0,3246.0,4.0
538,0.7874895686788691,0.0,69043.974679532,16,57923.4784265774,58253.83974432148,-0.16106396401091394,-0.15627916824448462,-0.15677525079568466,1.6359472669786352,128,63,0.0023334233078916,0.18720016771380546,0.08156010002029707,330.3613177441021,404722.63548820413,61848.36205565323,202.36131774410208,128.0,1555.0,6509.0,0.0,32.0,17.0,0.0,45,112.1381795132233,177.83636847526964,83.4670639038086,197.0,32.0,193.0,17.0,478.0,22.25,202.75,11.5,483.5,32.0,193.0,17.0,478.0,1744.0,5.0,628.0,9.0,1546.0,3.0
539,0.7581840624228969,0.0,361277.6078252059,8,316538.17136837926,318058.22426396783,-0.12383672690412784,-0.11962928956878105,-0.12006393338716181,2.097380300435164,101,52,0.0034772847024443798,0.20333471819820081,0.16692704972871297,1520.0528955886277,2838105.7911772556,338291.74787571974,1419.0528955886277,101.0,979.0,3053.0,0.0,31.0,10.0,0.0,39,86.03869480430848,122.64787689858721,56.11473846435547,96.54452514648438,31.0,81.0,10.0,190.0,19.75,92.25,6.75,193.25,31.0,81.0,10.0,190.0,843.0,5.0,538.0,17.0,797.0,2.0
540,0.8921631774176325,0.0,266331.72090883215,25,217343.46155565698,218402.66173797566,-0.1839370060239438,-0.1799600100480072,-0.1804336471385488,1.7514954560831826,235,119,0.0027942175246913913,0.17421558182569713,0.06031043065286277,1059.2001823187056,1648400.3646374121,235284.7046951068,824.2001823187061,235.0,2573.0,10027.0,0.0,74.0,17.0,0.0,83,71.93704301083324,154.72593968968954,45.5,127.34577178955078,74.0,547.0,17.0,1437.0,51.5,569.5,12.25,1441.75,74.0,547.0,17.0,1437.0,2473.0,4.0,1254.0,37.0,2569.0,7.0
541,0.9289753977026842,0.0,32782.90944515891,12,27689.530050594956,27888.623589509883,-0.1553669116246209,-0.14929382225322207,-0.14999951445719928,1.6548919654161784,100,52,0.002547434726873098,0.1770209693606133,0.11742455120059517,199.09353891493194,198187.0778298639,29939.579436537882,99.09353891493195,100.0,975.0,5073.0,0.0,30.0,6.0,0.0,35,73.18957261509621,86.40749204264192,36.62879180908203,71.0,30.0,124.0,6.0,260.0,23.75,130.25,3.75,262.25,30.0,124.0,6.0,260.0,1304.0,2.0,341.0,14.0,1526.0,3.0
542,0.677776311682186,0.0,164701.28029882876,7,152721.15616434798,153620.71059426377,-0.07273850034890084,-0.06727676727503729,-0.06764034598688695,2.549935150462732,78,40,0.002527817068001417,0.19678646007156853,0.19860282241253696,899.5544299158687,1643108.8598317378,161093.20069704182,821.5544299158689,78.0,680.0,2848.0,0.0,21.0,10.0,0.0,28,77.39021415144482,95.81231801012409,45.0,81.57417297363281,21.0,48.0,10.0,117.0,15.75,53.25,7.5,119.5,21.0,48.0,10.0,117.0,699.0,2.0,236.0,8.0,933.0,5.0
543,0.6577461796261742,0.0,87391.97368656148,6,91548.73680814802,92176.03738993857,0.0475645868406076,0.05474259822229821,0.05470257044634197,2.8879149295417155,99,50,0.002827789440071868,0.20566817344365904,0.279403710446008,627.3005817905922,1056601.1635811839,91467.47648041492,528.300581790592,99.0,1347.0,1677.0,0.0,32.0,11.0,0.0,40,69.11969088999975,167.8651367722082,31.42858123779297,173.0,32.0,93.0,11.0,104.0,23.75,101.25,8.5,106.5,32.0,93.0,11.0,104.0,424.0,2.0,542.0,16.0,359.0,1.0
544,0.8097554990216065,0.0,10348.486032251194,21,7597.490574110997,7822.627230259981,-0.2658355482692525,-0.24408003200848327,-0.24776000761163852,2.2402703550203955,184,82,0.007088575902568799,0.1702343725518892,0.06892462705001604,225.13665614898898,82273.31229797807,9181.181203599537,41.13665614898904,184.0,2253.0,8324.0,0.0,53.0,29.0,0.0,78,76.6209730884822,155.50545441597893,52.0,142.92214965820312,53.0,410.0,29.0,1146.0,39.0,424.0,18.25,1156.75,53.0,410.0,29.0,1146.0,2138.0,12.0,596.0,16.0,2266.0,12.0
545,0.8264241418791313,0.0,54249.48643450937,27,45772.128879654265,46211.93307367121,-0.15626613470505513,-0.1481590682068703,-0.1491719193401948,1.8418826678631488,253,117,0.0020898669212098876,0.17495538894653834,0.050670664335329546,439.80419401696196,373608.3880339242,50710.12320064939,186.8041940169621,253.0,3260.0,10348.0,0.0,89.0,20.0,0.0,87,76.18998822006317,123.01580463345447,59.0,102.564453125,89.0,662.0,20.0,1578.0,60.25,690.75,13.25,1584.75,89.0,662.0,20.0,1578.0,2637.0,3.0,1289.0,40.0,3994.0,6.0
546,0.6547576906311853,0.0,16620.563221581782,23,12772.27627973566,13047.335111596172,-0.23153769764246768,-0.21498838892209005,-0.2172121445522811,1.999443162372794,217,93,0.0043157301945112286,0.18113845897708233,0.06326518338524818,275.0588318605322,116117.6637210648,14518.75025835503,58.0588318605324,217.0,2640.0,8946.0,0.0,62.0,39.0,0.0,90,72.20189052368653,167.12494164716625,39.5,131.0,62.0,588.0,39.0,1378.0,42.5,607.5,26.25,1390.75,62.0,588.0,39.0,1378.0,2213.0,5.0,1268.0,30.0,2862.0,8.0
547,0.8330932328312582,0.0,411372.9240024284,26,342161.89619366324,344251.88846550166,-0.16824400384784832,-0.16316347435771084,-0.16372628350086849,2.3666219764670173,275,130,0.00324238314851159,0.17236921670756278,0.056252320516107075,2089.9922718386233,3629984.5436772467,383456.3123909025,1814.9922718386233,275.0,3441.0,9654.0,0.0,94.0,25.0,0.0,105,64.21457699961273,113.1451538138138,36.5,89.0,94.0,847.0,25.0,1763.0,66.25,874.75,19.5,1768.5,94.0,847.0,25.0,1763.0,2329.0,5.0,1465.0,33.0,2397.0,9.0
548,0.6760966355837964,0.0,93992.71408240963,6,81187.13708383926,81872.0970105773,-0.13624010247584584,-0.12895272990207918,-0.12946954114375508,3.3383300691592,95,49,0.0025439964560130812,0.20122037477115182,0.19947611938412718,684.9599267380905,1179919.853476181,88361.5332390843,589.9599267380905,95.0,998.0,2026.0,0.0,22.0,18.0,0.0,39,51.627399091477265,101.25687707304564,57.529884338378906,76.0,22.0,71.0,18.0,123.0,18.25,74.75,15.25,125.75,22.0,71.0,18.0,123.0,441.0,3.0,389.0,8.0,611.0,7.0
549,0.8959388805878583,0.0,154355.85302989688,26,127799.51161906673,128551.25756763355,-0.1720462223462722,-0.16717600891535545,-0.1676779141750695,1.8399760637585048,241,116,0.0026817927697209824,0.16745403725942748,0.051072546319293345,751.7459485668438,1021491.8971336879,138791.46545079155,510.74594856684394,241.0,3115.0,9989.0,0.0,78.0,21.0,0.0,94,83.7754008411377,145.47758261499425,51.179176330566406,140.0,78.0,686.0,21.0,1659.0,56.25,707.75,14.0,1666.0,78.0,686.0,21.0,1659.0,2506.0,4.0,1603.0,38.0,2910.0,8.0
550,0.6924278677160856,0.0,25968.710740683888,7,24910.783362407295,25121.569064363444,-0.040738540655358424,-0.0326216301140152,-0.032746985773399184,2.4121161630125636,88,44,0.00520361128695598,0.1974409852392082,0.23725597298334924,210.78570195616518,245571.40391233028,25451.86335529016,122.78570195616514,88.0,912.0,2616.0,0.0,24.0,13.0,0.0,36,89.42788122767224,127.27718779037465,82.68861389160156,92.15728759765625,24.0,51.0,13.0,164.0,15.5,59.5,7.25,169.75,24.0,51.0,13.0,164.0,642.0,3.0,410.0,13.0,652.0,5.0
551,0.8039049192869934,0.0,388143.7975163221,24,345131.6439118658,346701.9371781969,-0.11081499660611638,-0.10676934837888918,-0.10697865191007805,1.8664929118211673,234,113,0.004772144086874971,0.17000133810140902,0.05867283743985217,1570.2932663315214,2672586.532663043,357969.01715198014,1336.2932663315216,234.0,3209.0,8887.0,0.0,71.0,26.0,0.0,92,98.08420309477017,129.85470330910553,59.0,122.26976776123047,71.0,651.0,26.0,1460.0,49.25,672.75,16.5,1469.5,71.0,651.0,26.0,1460.0,2192.0,10.0,1305.0,27.0,2647.0,7.0
552,0.7712033685770282,0.0,464920.20169123024,10,335334.310934746,336658.82052970707,-0.2787271671247935,-0.2758782704966347,-0.27644753166561953,1.51389188242187,97,46,0.00464140405232086,0.18133949119380668,0.125204354529362,1324.5095949611894,2455019.1899223784,405415.2113549428,1227.5095949611891,97.0,881.0,4159.0,0.0,22.0,19.0,0.0,38,82.4438328175474,166.2340132545174,48.0,147.0,22.0,78.0,19.0,261.0,15.0,85.0,10.5,269.5,22.0,78.0,19.0,261.0,1011.0,6.0,256.0,11.0,1211.0,6.0
553,0.9277702226280425,0.0,78888.56809673605,6,67003.42022831374,67376.08190783953,-0.1506574165961323,-0.14593351694227097,-0.14635365873645323,2.085847166740174,77,40,0.0037399064229980848,0.19691820419822068,0.24235021399280615,372.66167952582055,591323.3590516408,70873.28454363451,295.66167952582043,77.0,796.0,2228.0,0.0,25.0,6.0,0.0,31,84.95799714012675,200.26413964589335,57.0,187.8062286376953,25.0,51.0,6.0,104.0,15.75,60.25,4.0,106.0,25.0,51.0,6.0,104.0,582.0,3.0,460.0,12.0,1167.0,2.0
554,0.8054571633169776,0.0,162615.60929176083,24,141335.49197124736,142243.5463382409,-0.13086146780862362,-0.12527741366432343,-0.12582503374737808,2.1832533418283973,239,113,0.0027849311098498315,0.17150833888134595,0.0550373052711348,908.0543669937085,1338108.7339874168,153224.17105139964,669.0543669937084,239.0,2625.0,9471.0,0.0,76.0,26.0,0.0,90,61.37629149772702,132.96946727930663,40.0,124.0,76.0,586.0,26.0,1472.0,55.25,606.75,18.0,1480.0,76.0,586.0,26.0,1472.0,2306.0,7.0,978.0,27.0,2863.0,8.0
555,0.7239489745509913,0.0,27856.837141969325,9,21761.850658497857,21950.261925863266,-0.21879678774761957,-0.2120332321291123,-0.21294723735413923,1.9070069955395206,95,45,0.004052408731445479,0.19363887198290844,0.15034200937376468,188.4112673654212,186822.5347308423,24491.590115796538,93.41126736542115,95.0,1190.0,3346.0,0.0,27.0,14.0,0.0,40,100.33611728053474,148.3030965946259,48.0,151.5,27.0,95.0,14.0,224.0,16.0,106.0,9.75,228.25,27.0,95.0,14.0,224.0,856.0,4.0,403.0,9.0,1106.0,2.0
556,0.8936054049105364,0.0,340899.8788334902,5,237851.202770899,238465.07815273188,-0.3022842848029421,-0.30048353502287917,-0.3008399194747291,1.0600771846338168,28,15,0.0003242280301130656,0.21761823696088312,0.23492500193779253,613.8753818329844,1171750.7636659686,276336.19057435123,585.8753818329843,28.0,245.0,2275.0,0.0,5.0,3.0,0.0,8,32.59956347970602,396.6487514356095,18.0,404.71429443359375,5.0,12.0,3.0,20.0,3.25,13.75,1.75,21.25,5.0,12.0,3.0,20.0,618.0,0.0,19.0,0.0,872.0,0.0
557,0.800764378128658,0.0,358924.26959727466,28,301886.5411010645,303353.6148008116,-0.1589129889717641,-0.15482557047149592,-0.15519275338630723,1.8169280965118022,279,134,0.002813178890523123,0.17030696656450217,0.05052533508129799,1467.0736997472973,2376147.3994945944,326945.71183862473,1188.0736997472973,279.0,3520.0,10588.0,0.0,85.0,32.0,0.0,104,68.57968181468837,158.78787883689765,50.022071838378906,111.97979736328125,85.0,874.0,32.0,1920.0,56.0,903.0,22.25,1929.75,85.0,874.0,32.0,1920.0,2637.0,5.0,1389.0,39.0,3433.0,8.0
558,0.7454045955582368,0.0,39865.93035278288,26,32408.4710915836,32847.23042986737,-0.18706346986528322,-0.1760575975727997,-0.17729020944378737,2.2202874057221025,278,130,0.002744100774438479,0.16900950440555512,0.04911688370837328,438.7593382837862,321518.6765675718,36202.37133928665,160.75933828378592,278.0,3254.0,9850.0,0.0,83.0,39.0,0.0,108,62.70779630388926,159.314387948975,46.0,146.0,83.0,814.0,39.0,1872.0,59.5,837.5,25.5,1885.5,83.0,814.0,39.0,1872.0,2333.0,10.0,1262.0,38.0,3152.0,12.0
559,0.795960558153743,0.0,113885.82735027625,20,82863.06091203638,83438.55542935776,-0.27240234505057237,-0.267349086618763,-0.26823578047508734,1.9441132731763413,200,102,0.0026767165474119122,0.17761356688054158,0.06950555394006758,575.4945173214596,750989.034642919,96572.18087605746,375.4945173214595,200.0,1739.0,8341.0,0.0,47.0,31.0,0.0,71,86.89748207822696,122.72768170233483,54.0,106.0,47.0,272.0,31.0,1070.0,34.5,284.5,24.25,1076.75,47.0,272.0,31.0,1070.0,1997.0,3.0,773.0,20.0,2363.0,8.0
560,0.8456536209041933,0.0,37014.093873218786,15,30693.160228620312,30990.734530389393,-0.17077099513090954,-0.1627315087993425,-0.163483149093388,1.9648561622587795,170,85,0.0027804660694482368,0.1770562965114687,0.09357231603888133,297.574301769087,255148.60353817366,32464.030756945755,127.57430176908683,170.0,1239.0,6321.0,0.0,50.0,20.0,0.0,63,55.96616668536973,193.40177227508974,31.876232147216797,126.5,50.0,220.0,20.0,655.0,36.75,233.25,10.75,664.25,50.0,220.0,20.0,655.0,1729.0,1.0,562.0,25.0,2106.0,5.0
561,0.5537343531508063,0.0,364671.31922250014,29,297982.4325550748,299798.57490482234,-0.18287395567496179,-0.1778937385478797,-0.17835413662476163,2.2557889526692287,358,170,0.002957294959896459,0.17824668890534595,0.04783355308781827,1816.1423497479361,2916284.6994958743,323200.08217580535,1458.1423497479373,358.0,3730.0,10886.0,0.0,88.0,71.0,0.0,132,72.37027617158866,140.51349853507378,40.5,115.0,88.0,974.0,71.0,2695.0,58.5,1003.5,48.5,2717.5,88.0,974.0,71.0,2695.0,2669.0,22.0,1571.0,39.0,3146.0,17.0
562,0.7138377681720505,0.0,23720.919332894737,26,19993.940874053915,20379.041102543204,-0.1571177915382257,-0.14088316660295785,-0.14220116443732966,2.2212592068917765,289,130,0.005196339519505131,0.16783845795600516,0.05103263502163249,385.10022848929395,192200.45697858796,21631.92575434897,96.10022848929398,289.0,3133.0,9952.0,0.0,93.0,40.0,0.0,120,72.51839905105498,154.1154051815089,40.0,135.5,93.0,836.0,40.0,2148.0,62.0,867.0,28.25,2159.75,93.0,836.0,40.0,2148.0,2327.0,12.0,1407.0,35.0,3145.0,11.0
563,0.8145910298091369,0.0,214327.39684314732,18,165009.40601044727,165858.53209853166,-0.2301058640151019,-0.2261440462512917,-0.22659042514031213,1.91426736432655,167,82,0.0031328755434126897,0.17105887237889483,0.06664228615201236,849.1260880845623,1364252.1761691251,178168.96970516403,682.1260880845625,167.0,1911.0,7161.0,0.0,42.0,25.0,0.0,62,66.93183742719273,165.63658745725786,40.0,126.61509704589844,42.0,273.0,25.0,776.0,29.75,285.25,18.75,782.25,42.0,273.0,25.0,776.0,1716.0,6.0,756.0,19.0,2237.0,7.0
564,0.8528871374655544,0.0,81015.90043227133,14,61856.7200744089,62255.49331831403,-0.23648666811867824,-0.23156450787880656,-0.2323939520004068,1.9127262477423004,123,59,0.002206665581247824,0.18554890335386245,0.09585479539227432,398.77324390516645,551546.487810333,72089.05200905706,275.7732439051665,123.0,1354.0,5702.0,0.0,35.0,15.0,0.0,45,93.5725489963616,160.06835678756227,64.0,109.0,35.0,151.0,15.0,429.0,23.0,163.0,11.25,432.75,35.0,151.0,15.0,429.0,1424.0,5.0,480.0,13.0,1764.0,4.0
565,0.6479214167604145,0.0,69691.58289852632,26,56101.68847923617,56701.56595530639,-0.19500051303293786,-0.18639291006108882,-0.18728206827431082,2.381435148866933,306,138,0.002690923775133948,0.1732375589837499,0.05709773711065955,599.8774760703006,587754.9521406012,61701.75917033161,293.87747607030065,306.0,3745.0,9354.0,0.0,94.0,48.0,0.0,119,70.29687130805516,132.7337817793732,41.5,124.63471984863281,94.0,1033.0,48.0,1918.0,62.75,1064.25,35.0,1931.0,94.0,1033.0,48.0,1918.0,2177.0,12.0,2086.0,52.0,3170.0,17.0
566,0.7495844564632332,0.0,19531.659947781674,26,15408.493467997796,15716.37517281169,-0.2111016928825945,-0.1953384804553342,-0.1971375295464448,1.953745157085552,240,103,0.004829150964060172,0.1811442053353311,0.05329643936545798,307.8817048138916,135763.40962778288,17372.200403852105,67.88170481389145,240.0,3093.0,10011.0,0.0,70.0,41.0,0.0,101,71.87441917811849,132.9270037649222,37.5,110.0,70.0,692.0,41.0,1823.0,47.0,715.0,26.5,1837.5,70.0,692.0,41.0,1823.0,2477.0,11.0,1039.0,26.0,2396.0,12.0
567,0.7445599166648219,0.0,25687.456236482794,6,21734.445523707214,21874.512525934366,-0.15388875707985783,-0.1484360177763755,-0.14876122884930287,1.9613917891831874,52,28,0.000517823255763837,0.18074265240491816,0.24641482245155158,140.06700222716353,176134.00445432714,22450.130237324658,88.06700222716357,52.0,471.0,2553.0,0.0,10.0,8.0,0.0,18,54.19415493148125,149.47511440067743,27.0,113.17606353759766,10.0,24.0,8.0,66.0,7.75,26.25,5.75,68.25,10.0,24.0,8.0,66.0,645.0,2.0,102.0,2.0,915.0,2.0
568,0.824554681503586,0.0,84538.88954329345,24,67371.73139304674,67892.48973886343,-0.2030681765870037,-0.19690819094453793,-0.19775694220512796,1.8817548587035207,238,115,0.0027055706402237135,0.17956047182794765,0.06160652749804494,520.7583458166625,565516.6916333251,75131.55725594235,282.75834581666254,238.0,2783.0,9313.0,0.0,75.0,24.0,0.0,88,67.82075469333623,154.09281276046582,48.97066116333008,150.17147827148438,75.0,642.0,24.0,1371.0,54.25,662.75,17.75,1377.25,75.0,642.0,24.0,1371.0,2370.0,6.0,1438.0,39.0,3377.0,6.0
569,0.8286874224548291,0.0,139824.69091996324,8,102252.84349280353,102787.54658894618,-0.2687068155127633,-0.2648827191201689,-0.2655594941863565,1.9134993174025818,79,38,0.00510301017720411,0.17835397989385515,0.1521612016125393,534.7030961427338,911406.1922854681,119075.84497111647,455.70309614273407,79.0,634.0,3398.0,0.0,20.0,13.0,0.0,31,55.22402426482661,161.63341822866852,44.562164306640625,105.26319122314453,20.0,51.0,13.0,164.0,11.5,59.5,8.0,169.0,20.0,51.0,13.0,164.0,772.0,2.0,340.0,7.0,1374.0,5.0
570,0.8998514781869507,0.0,21894.21872602252,11,16140.598683677057,16271.769134386916,-0.2627917494725198,-0.2568006496140921,-0.25808223843077216,1.3050719276011042,80,40,0.0015923549178472002,0.19653649687002464,0.12911367669476567,131.17045070987422,102340.90141974848,19604.456132901552,51.17045070987424,80.0,903.0,4624.0,0.0,26.0,4.0,0.0,29,77.64026182441128,148.17518516141433,50.5,152.35037231445312,26.0,114.0,4.0,175.0,19.25,120.75,2.75,176.25,26.0,114.0,4.0,175.0,1215.0,1.0,414.0,14.0,1779.0,1.0
571,0.7981377862973864,0.0,35587.39296583051,28,30000.81821588732,30417.700978818673,-0.15698184903027823,-0.14526751065961918,-0.14659144635998078,2.1551346243526304,275,119,0.004411147771904313,0.17202618204943887,0.05241901859842589,416.882762931386,283765.5258627727,32917.37818327841,141.88276293138637,275.0,2868.0,11224.0,0.0,95.0,33.0,0.0,110,56.80801547063192,161.51423148963727,34.0,147.0,95.0,904.0,33.0,2046.0,64.5,934.5,17.25,2061.75,95.0,904.0,33.0,2046.0,2941.0,11.0,1134.0,33.0,3463.0,11.0
572,0.7876026659487052,0.0,21670.453401313644,28,18328.259578339428,18703.02849935132,-0.1542281447037751,-0.13693414009429272,-0.13858915456598908,2.28672991256691,282,126,0.0032711224928684067,0.16823633462674875,0.04768012175701123,374.7689210118977,185537.84202379533,20284.188461015558,92.76892101189766,282.0,3446.0,10654.0,0.0,89.0,39.0,0.0,113,78.23143847659794,157.9732719478206,50.0,105.0,89.0,818.0,39.0,2216.0,61.75,845.25,26.0,2229.0,89.0,818.0,39.0,2216.0,2574.0,6.0,974.0,27.0,2950.0,12.0
573,0.8096678792691596,0.0,35238.89770512511,15,25897.45670195409,26177.099978923085,-0.26508891059360273,-0.25715326858490495,-0.258571844495731,2.006424471236516,155,78,0.0021863009564668445,0.190108417427345,0.09643820046802083,279.64327696902205,249286.55393804397,31061.043850857495,124.64327696902198,155.0,1559.0,6001.0,0.0,50.0,12.0,0.0,56,71.88737357256812,180.44786683505313,38.8287239074707,151.20228576660156,50.0,232.0,12.0,546.0,35.5,246.5,10.0,548.0,50.0,232.0,12.0,546.0,1467.0,3.0,725.0,24.0,1931.0,6.0
574,0.7966381489093624,0.0,95300.76184620078,8,86075.54408737693,86485.88802324618,-0.09680109140902549,-0.09249531328175853,-0.09276136260314094,1.9042919564597256,66,35,0.0006542098840489664,0.1883402558086018,0.16192770858775904,410.3439358692725,688687.8717385451,90412.59001835079,344.34393586927257,66.0,793.0,3239.0,0.0,15.0,8.0,0.0,23,78.16310837367095,251.80656459077508,45.0,262.55645751953125,15.0,49.0,8.0,112.0,12.0,52.0,5.0,115.0,15.0,49.0,8.0,112.0,817.0,1.0,250.0,3.0,887.0,3.0
575,0.8554358549072801,0.0,40513.222617569976,29,30720.915279831643,31138.791641933574,-0.2417064529813917,-0.23139188565984015,-0.23319701522323033,1.9584254326834996,278,125,0.0021964715799657085,0.17978648098349573,0.057398351083711004,417.8763621019497,279752.7242039,35711.4342388535,139.87636210195,278.0,3047.0,11550.0,0.0,98.0,26.0,0.0,104,56.75071769094824,161.3302750130996,29.515586853027344,143.0,98.0,983.0,26.0,1907.0,70.25,1010.75,18.0,1915.0,98.0,983.0,26.0,1907.0,2985.0,8.0,1803.0,52.0,3203.0,4.0
576,0.731093776845153,0.0,13843.963430956854,5,12028.129307134703,12142.740630403783,-0.13116432536665878,-0.12288553123081225,-0.124029920077111,2.139403043476911,56,27,0.006197327337947532,0.2005477482657016,0.2241651077466489,114.61132326908576,117222.64653817152,13698.055503798836,58.611323269085766,56.0,702.0,1818.0,0.0,16.0,8.0,0.0,24,91.16882784404915,103.3876890878935,64.5,60.55121612548828,16.0,34.0,8.0,62.0,10.75,39.25,4.25,65.75,16.0,34.0,8.0,62.0,484.0,0.0,194.0,4.0,737.0,5.0
577,0.857846029773705,0.0,10066.554019407848,7,8823.952192274275,8922.291031390632,-0.12343864888996714,-0.11366978072249245,-0.11450605441850492,1.8473694790132724,64,31,0.009319148709867888,0.20292975005873443,0.1798008336908298,98.33883911636183,68677.67823272366,9293.982472500056,34.33883911636183,64.0,758.0,2710.0,0.0,22.0,5.0,0.0,26,68.40545166845105,164.63856753328955,46.0,199.0,22.0,50.0,5.0,105.0,14.75,57.25,3.75,106.25,22.0,50.0,5.0,105.0,716.0,1.0,248.0,11.0,916.0,3.0
578,0.9665933646241507,0.0,20602.09332814647,13,16797.5588349618,16942.59113825784,-0.18466737494033847,-0.17762768722579458,-0.17862541620087058,1.3960890288519756,93,45,0.002276010637027141,0.1769960162789754,0.09614040147428748,145.03230329604628,104064.60659209255,18635.023347627477,52.03230329604627,93.0,1143.0,5409.0,0.0,32.0,3.0,0.0,33,77.17368573209029,232.10784151166345,48.5,169.03895568847656,32.0,138.0,3.0,256.0,20.5,149.5,1.25,257.75,32.0,138.0,3.0,256.0,1531.0,1.0,366.0,11.0,1766.0,1.0
579,0.9458391411218082,0.0,459209.2793728597,8,412280.8931604698,413755.10659598274,-0.10219389790310818,-0.09898356766429794,-0.09921977479227506,1.669495144807845,69,34,0.0018308453066590183,0.19874189178424737,0.2016711721015664,1474.2134355130097,2810426.8710260196,420849.8119575983,1405.2134355130097,69.0,885.0,3147.0,0.0,24.0,3.0,0.0,25,69.48128151737741,96.3350582249541,62.5,58.0127067565918,24.0,55.0,3.0,118.0,16.5,62.5,2.5,118.5,24.0,55.0,3.0,118.0,842.0,1.0,346.0,11.0,619.0,1.0
580,0.9173801245207343,0.0,19864.739219381943,12,13944.75973461284,14113.94913002991,-0.29801445764729717,-0.28949738659247093,-0.29155558312361685,1.7954098173850976,107,53,0.003636791762670494,0.1951562713492615,0.10715465278221463,169.18939541707994,124378.79083415978,17318.997260373362,62.18939541707989,107.0,1065.0,4980.0,0.0,33.0,9.0,0.0,37,45.5553771575314,152.42207086789486,36.0,119.03129577636719,33.0,132.0,9.0,269.0,25.0,140.0,6.5,271.5,33.0,132.0,9.0,269.0,1161.0,4.0,382.0,15.0,1672.0,3.0
581,0.8229000157392518,0.0,55296.564213458885,13,49926.23622652593,50279.21392969304,-0.09711865580295576,-0.09073529893100751,-0.0912172844742204,1.9794237742753675,143,71,0.0017991210464090857,0.17194310889732867,0.10147335196878327,352.9777031671401,419955.40633428015,53040.10841337127,209.97770316714008,143.0,1817.0,4735.0,0.0,51.0,8.0,0.0,54,80.83388469746147,126.33569318823439,75.0,131.05105590820312,51.0,249.0,8.0,394.0,35.25,264.75,5.75,396.25,51.0,249.0,8.0,394.0,1202.0,2.0,649.0,26.0,1291.0,2.0
582,0.7472393909025319,0.0,430531.0615644803,16,354219.4023928431,356161.8240060282,-0.1772500662189923,-0.17273837870885866,-0.17322001045913404,2.2731948616214037,173,89,0.002406148419956183,0.1803578984344158,0.08670166244295259,1942.4216131854253,3538843.226370853,389192.6827432976,1769.4216131854264,173.0,1661.0,6403.0,0.0,48.0,20.0,0.0,66,55.43768276803667,124.12412462541674,39.13041687011719,59.0,48.0,278.0,20.0,710.0,35.5,290.5,16.0,714.0,48.0,278.0,20.0,710.0,1637.0,5.0,813.0,20.0,1934.0,8.0
583,0.8491797441489543,0.0,91500.87441032151,14,69478.58043881164,69917.77871945563,-0.24067850841243665,-0.23587857307330018,-0.23658023459979316,1.9417322878245893,139,70,0.0028149833322041657,0.1856502215322175,0.09029857663973816,439.1982806440139,600396.5612880278,77301.66576679313,300.1982806440139,139.0,1273.0,5783.0,0.0,39.0,16.0,0.0,50,51.87790656760753,180.6236681750283,27.0,161.92633056640625,39.0,194.0,16.0,451.0,26.75,206.25,13.25,453.75,39.0,194.0,16.0,451.0,1469.0,3.0,711.0,19.0,2132.0,7.0
584,0.9027579747384415,0.0,147326.21406653465,10,135311.37132976123,135802.1373520714,-0.08155264704859211,-0.07822149498295528,-0.0784029890879745,1.4450980881475957,77,38,0.003391956038238301,0.17775534690259553,0.13678193090500737,490.76602231028255,827532.0446205654,143161.91603321204,413.7660223102827,77.0,1202.0,3838.0,0.0,25.0,4.0,0.0,28,103.09831105597505,141.99300631808072,69.0,141.21987915039062,25.0,73.0,4.0,178.0,17.25,80.75,2.0,180.0,25.0,73.0,4.0,178.0,961.0,1.0,312.0,8.0,627.0,0.0
585,0.7627474819742279,0.0,13862.077772813866,27,11846.209094659072,12128.112518243777,-0.14542326995944932,-0.1250869662534082,-0.1265031110453927,1.9558964914380188,233,105,0.004233619098757214,0.17227600731804746,0.05014487040568709,281.90342358470804,97806.84716941597,12501.536711882205,48.90342358470799,233.0,2471.0,11088.0,0.0,68.0,33.0,0.0,92,59.05019400396035,137.10996489243283,40.0,91.0,68.0,660.0,33.0,1717.0,49.0,679.0,22.25,1727.75,68.0,660.0,33.0,1717.0,2827.0,9.0,818.0,18.0,2809.0,8.0
586,0.8387819200220273,0.0,307308.5498900029,24,245242.45570377214,246724.0992903598,-0.20196670157223573,-0.19714534665998884,-0.19782707199024796,2.1702208404456993,268,130,0.0028891098932737674,0.17929841270015276,0.05971450520508051,1481.643586587775,2427287.1731755473,279612.9232494438,1213.6435865877736,268.0,2667.0,9429.0,0.0,78.0,36.0,0.0,101,68.97474067007848,153.02361814449762,41.0,114.17317199707031,78.0,648.0,36.0,1662.0,54.75,671.25,24.5,1673.5,78.0,648.0,36.0,1662.0,2309.0,10.0,1092.0,34.0,3045.0,11.0
587,0.8644992964429639,0.0,63151.52032951181,7,62887.69777719811,63295.67765046375,-0.004177612050147439,0.0022827213058334017,0.0020950754966291285,2.3915860408808802,99,52,0.00449113199388986,0.1896565106119055,0.21182974470075347,407.979873265678,617959.7465313565,64597.27310330707,308.97987326567824,99.0,1151.0,2377.0,0.0,32.0,8.0,0.0,39,58.642642147176275,106.54246048707073,43.51933288574219,95.5,32.0,86.0,8.0,147.0,24.25,93.75,6.75,148.25,32.0,86.0,8.0,147.0,530.0,3.0,494.0,15.0,641.0,1.0
588,0.7585989940648507,0.0,272995.25528884813,14,225768.16058447523,227039.5288957945,-0.17299602754781696,-0.1683389198263876,-0.16884738906587693,2.316039008053431,155,76,0.004005247099414182,0.17075267226409235,0.09321194694946784,1271.368311319258,2232736.6226385157,241008.09775599063,1116.3683113192578,155.0,1492.0,5564.0,0.0,42.0,23.0,0.0,60,54.98791370609526,161.9351008496464,36.0,153.0,42.0,241.0,23.0,534.0,31.0,252.0,15.25,541.75,42.0,241.0,23.0,534.0,1382.0,11.0,602.0,13.0,1834.0,6.0
589,0.8364101587522621,0.0,89063.34391473244,22,84574.02049124989,85145.03065735968,-0.05040596081571502,-0.04399467935005996,-0.04420917339443797,2.098437822614499,211,94,0.0032332018501582903,0.17214227341645108,0.0745787513443595,571.010166109839,720020.3322196776,85780.5178285656,360.01016610983885,211.0,2729.0,8359.0,0.0,79.0,16.0,0.0,82,77.92213308284427,126.84370367936656,46.0,109.5,79.0,543.0,16.0,1166.0,51.75,570.25,10.5,1171.5,79.0,543.0,16.0,1166.0,2102.0,3.0,1305.0,29.0,2902.0,5.0
590,0.7578032973120212,0.0,323861.9211046143,7,259579.86618502295,260734.81623224245,-0.19848599273523992,-0.1949198122985889,-0.19551130652995075,1.8296051293209536,71,37,0.0024398825756028956,0.18936356863600198,0.17288131555755326,1154.950047219621,2167900.0944392425,296225.13345869404,1083.9500472196212,71.0,715.0,2813.0,0.0,19.0,8.0,0.0,27,61.182577314939266,193.975167244651,34.49802780151367,235.58493041992188,19.0,70.0,8.0,92.0,13.5,75.5,5.0,95.0,19.0,70.0,8.0,92.0,701.0,2.0,311.0,8.0,1135.0,3.0
591,0.8292870320146178,0.0,28581.855795767642,16,23574.769344981298,23877.171233232635,-0.17518409184360195,-0.16460388703072493,-0.16579781894159495,2.373599301291856,179,85,0.0030522208352256,0.1867218363969375,0.08030260365458446,302.40188825135834,246803.77650271647,25994.675719738265,123.40188825135824,179.0,1699.0,6363.0,0.0,59.0,19.0,0.0,72,57.12631922752207,182.04511814697005,32.0,190.73690795898438,59.0,279.0,19.0,794.0,43.5,294.5,12.0,801.0,59.0,279.0,19.0,794.0,1514.0,4.0,536.0,19.0,2146.0,4.0
592,0.7496978470263534,0.0,444927.27320273564,8,409509.9392128618,411563.3211813266,-0.07960252410450808,-0.07498742835260275,-0.0752271609799996,2.330185103512141,95,50,0.001992330087381509,0.1896750082648617,0.1663915098373388,2053.38196846508,3916763.9369301605,420220.2575051516,1958.3819684650803,95.0,879.0,3153.0,0.0,21.0,16.0,0.0,37,46.0868866346692,167.34231568858198,34.0,188.5547637939453,21.0,73.0,16.0,186.0,17.0,77.0,11.0,191.0,21.0,73.0,16.0,186.0,819.0,2.0,207.0,6.0,1007.0,5.0
593,0.7981910520019344,0.0,181598.03771328565,17,153959.13828858765,154805.8592094757,-0.15219822731969945,-0.14753561680060956,-0.14798655549521156,2.016030434745581,169,86,0.0017846121850340155,0.18282050120974228,0.08280036953055663,846.7209208881259,1355441.8417762513,168083.00837324726,677.7209208881256,169.0,1829.0,6739.0,0.0,50.0,16.0,0.0,63,67.41129468294713,129.03716208870506,37.71675109863281,90.7318115234375,50.0,268.0,16.0,737.0,35.0,283.0,10.75,742.25,50.0,268.0,16.0,737.0,1666.0,5.0,537.0,18.0,1781.0,4.0
594,0.7632854608032785,0.0,184240.39644533055,16,141464.91382959468,142228.6835979428,-0.23217211556765505,-0.2280266090279166,-0.22856613180345708,1.8755853412813959,167,80,0.00282023291397624,0.1796227816781011,0.0844495307191286,763.7697683481733,1193539.5366963467,159088.940186657,596.7697683481733,167.0,2238.0,5826.0,0.0,52.0,19.0,0.0,63,94.33544581669622,130.0726695745836,69.8326416015625,128.0,52.0,297.0,19.0,640.0,30.25,318.75,14.0,645.0,52.0,297.0,19.0,640.0,1404.0,4.0,1341.0,26.0,2390.0,4.0
595,0.8671461177560984,0.0,11290.009332943786,30,8294.006058112955,8557.373113005831,-0.2653676526279404,-0.24204020912225765,-0.245721220016471,1.8741168211776897,227,94,0.005659067606990097,0.17127011361127445,0.0426496838780999,263.3670548928896,72734.10978577916,9702.45143790893,36.367054892889584,227.0,2940.0,12128.0,0.0,77.0,26.0,0.0,90,87.77964056758243,145.58822250437714,50.0,127.14689636230469,77.0,704.0,26.0,1882.0,54.5,726.5,19.75,1888.25,77.0,704.0,26.0,1882.0,2964.0,7.0,502.0,17.0,2986.0,4.0
596,0.712532601025514,0.0,17563.98418947756,24,13925.09319340031,14210.659247469763,-0.20717913184283554,-0.1909205169984579,-0.19307074901053956,2.068662377654831,220,98,0.0039037240143899583,0.17914454087721374,0.053664696651139564,285.5660540694686,131132.10813893698,15847.451661928128,65.56605406946849,220.0,2276.0,9794.0,0.0,65.0,33.0,0.0,89,68.60882751121216,136.944887369419,46.0,135.0,65.0,493.0,33.0,1541.0,48.25,509.75,21.25,1552.75,65.0,493.0,33.0,1541.0,2524.0,9.0,941.0,25.0,2668.0,9.0
597,0.834849973870104,0.0,483651.84694599814,20,403898.2155173625,405721.0655238112,-0.16489884600304328,-0.16112991589772274,-0.1615400904528893,1.8626714263473025,187,91,0.0025513724429976725,0.17502461063980465,0.07328623961794377,1822.8500064488617,3271700.0128977224,439113.9476640714,1635.8500064488612,187.0,1935.0,8145.0,0.0,57.0,19.0,0.0,63,73.11272195254675,140.30494951738808,50.039817810058594,135.2801055908203,57.0,332.0,19.0,852.0,41.25,347.75,13.0,858.0,57.0,332.0,19.0,852.0,2036.0,5.0,669.0,23.0,2650.0,6.0
598,0.8074162863567671,0.0,378195.6696511191,8,301608.18906435947,302763.4952195997,-0.20250755556617195,-0.1994527713686005,-0.19986985645538158,1.608489086118961,74,38,0.0021623855276482447,0.1825774869558066,0.14999494173467065,1155.3061552404556,2162612.310480912,336124.80326163827,1081.306155240456,74.0,595.0,3437.0,0.0,21.0,7.0,0.0,27,71.7415943820864,116.46117315198467,35.0,76.30012512207031,21.0,42.0,7.0,146.0,14.0,49.0,6.0,147.0,21.0,42.0,7.0,146.0,830.0,3.0,279.0,12.0,1559.0,3.0
599,0.9300415458823156,0.0,32807.29404443344,8,25868.48521748643,26034.410213593834,-0.21150201590991458,-0.20644445170231251,-0.20728680941349942,1.6185022566332303,71,36,0.006480380401296005,0.18959007468776404,0.15595981492727404,165.92499610740913,189849.99221481834,29324.950187239738,94.92499610740917,71.0,900.0,2998.0,0.0,25.0,2.0,0.0,26,56.639745484629785,248.5270308598545,47.0,248.52703857421875,25.0,62.0,2.0,118.0,17.25,69.75,1.25,118.75,25.0,62.0,2.0,118.0,797.0,0.0,480.0,14.0,1436.0,1.0
600,0.7352559481062958,0.0,497610.07527099014,29,427869.1163607969,430052.7806669256,-0.1401518224328827,-0.13576351838791445,-0.13611613926062005,2.0617751733162137,293,137,0.002674684971346238,0.1781201439029295,0.050598697027335576,2183.664306128733,3781328.6122574685,458503.99466391373,1890.6643061287343,293.0,3151.0,11465.0,0.0,70.0,57.0,0.0,113,71.30891220766654,154.70659002251156,36.795772552490234,128.0,70.0,778.0,57.0,2372.0,46.0,802.0,34.25,2394.75,70.0,778.0,57.0,2372.0,2979.0,13.0,1063.0,22.0,3215.0,16.0
601,0.9421245860611983,0.0,17188.912401657653,25,13088.246914454576,13347.490955048657,-0.23856456949583504,-0.22348251924528628,-0.22575020294125792,1.7230016273328954,207,88,0.003219835045611934,0.17224935632185717,0.04976553890045148,259.24404059407203,104488.08118814387,15160.763566701507,52.24404059407194,207.0,2681.0,9893.0,0.0,81.0,13.0,0.0,82,78.99663394028731,186.40473869950836,36.0,134.2615966796875,81.0,608.0,13.0,1345.0,53.25,635.75,10.25,1347.75,81.0,608.0,13.0,1345.0,2404.0,2.0,1205.0,40.0,2972.0,3.0
602,0.7504883125163604,0.0,226394.0185997081,13,182965.2759841336,184073.85009395302,-0.1918281361150347,-0.18693147799360477,-0.18743476003011028,2.3612417064128817,169,83,0.004785761616876326,0.19159527915450936,0.10258938960126411,1108.5741098194926,1879148.2196389847,198957.63048478027,939.5741098194924,169.0,1896.0,4656.0,0.0,54.0,19.0,0.0,67,73.91551014750571,100.68066890524992,40.5,68.19866180419922,54.0,275.0,19.0,523.0,36.75,292.25,12.25,529.75,54.0,275.0,19.0,523.0,1107.0,4.0,896.0,27.0,1567.0,6.0
603,0.877128048117014,0.0,16899.532263391524,8,13552.74305387021,13700.898468136214,-0.19804034557638428,-0.18927351037900164,-0.1907837256529662,1.9140961248059378,86,42,0.0035376856212880167,0.20775639334421314,0.15768357302693634,148.15541426600876,124310.82853201758,16236.231153832587,62.15541426600879,86.0,1130.0,2902.0,0.0,30.0,6.0,0.0,34,56.394324865401266,141.54950057070496,32.84736633300781,147.13845825195312,30.0,98.0,6.0,138.0,19.25,108.75,4.25,139.75,30.0,98.0,6.0,138.0,648.0,0.0,288.0,11.0,906.0,2.0
604,0.8387485593064857,0.0,474465.8483506331,27,358464.4269908183,360371.8211836178,-0.24448845320072243,-0.24046836577097352,-0.2411156013610405,1.9925883097101622,275,130,0.0026023623305941744,0.18027922050008927,0.05248586008560589,1907.394192799469,3264788.385598941,409616.5236051483,1632.3941927994704,275.0,2766.0,10842.0,0.0,90.0,28.0,0.0,102,73.19181069543778,206.945370422046,38.1839599609375,200.01763916015625,90.0,737.0,28.0,1899.0,62.5,764.5,15.75,1911.25,90.0,737.0,28.0,1899.0,2768.0,8.0,1495.0,50.0,3567.0,10.0
605,0.7868101596797272,0.0,41203.214141102086,12,32579.84689308497,32846.91597790319,-0.20928870302413893,-0.20280694934580612,-0.20358404410905195,2.0533465439896275,118,59,0.0026057119649011916,0.18551139435320144,0.13508532184444774,267.06908481822643,298138.16963645275,36299.0565948471,149.06908481822637,118.0,1134.0,4914.0,0.0,31.0,16.0,0.0,43,74.15787028529198,168.52890258259995,36.0,149.71697998046875,31.0,109.0,16.0,360.0,23.0,117.0,10.75,365.25,31.0,109.0,16.0,360.0,1255.0,4.0,670.0,14.0,1652.0,6.0
606,0.7718022743661098,0.0,10485.341534406656,29,8223.951416689151,8540.783885526973,-0.21567157448300245,-0.18545486978166625,-0.18917105677666646,2.2994157924321144,274,110,0.008079068005847161,0.17758872145476934,0.04955999015224362,316.8324688378325,85664.93767566531,9313.7719978274,42.83246883783266,274.0,3231.0,11279.0,0.0,98.0,38.0,0.0,117,62.28220106236626,203.63160747769115,43.5,144.5,98.0,919.0,38.0,2315.0,67.25,949.75,26.75,2326.25,98.0,919.0,38.0,2315.0,2811.0,9.0,989.0,33.0,2776.0,8.0
607,0.7738314096773828,0.0,195928.40629436236,12,177895.5173857172,178972.2220997097,-0.09203815439376661,-0.08654275566952618,-0.08689881044225989,2.4678046490170535,150,75,0.002245084278245232,0.1969556194991213,0.13309446742600178,1076.7047139926622,1853409.4279853238,187758.92864165237,926.7047139926619,150.0,1868.0,4180.0,0.0,46.0,17.0,0.0,59,58.84303335335777,167.19223432101137,49.5,149.0,46.0,237.0,17.0,408.0,30.25,252.75,11.75,413.25,46.0,237.0,17.0,408.0,1057.0,4.0,795.0,15.0,1155.0,7.0
608,0.7293162886818515,0.0,38641.389525770544,12,30307.875827018364,30619.7396517561,-0.21566288896506758,-0.20759216923772061,-0.2088052357887007,2.2975180085686007,150,72,0.0027695793572743684,0.19138266958992758,0.12618761569638642,311.8638247377444,323727.64947548904,35225.80108927827,161.86382473774452,150.0,1578.0,4470.0,0.0,50.0,16.0,0.0,62,62.999778476734384,162.33975365664554,46.293357849121094,114.40423583984375,50.0,183.0,16.0,495.0,33.75,199.25,10.75,500.25,50.0,183.0,16.0,495.0,1115.0,5.0,812.0,24.0,1715.0,4.0
609,0.775231054654802,0.0,19159.318876212234,8,16652.633118043792,16813.119619795787,-0.13083376159476545,-0.1224573415983714,-0.12286821635117529,2.0061265427809296,91,42,0.004021221127695807,0.1797066282814194,0.1658795856340924,160.48650175200555,138973.003504011,17318.573945909222,69.4865017520055,91.0,1245.0,2748.0,0.0,27.0,14.0,0.0,38,117.26818607350242,128.24542475438062,108.0,111.0,27.0,74.0,14.0,188.0,16.5,84.5,9.25,192.75,27.0,74.0,14.0,188.0,718.0,4.0,628.0,15.0,840.0,4.0
610,0.8256845952977065,0.0,71796.89225352419,21,60235.800909265316,60761.746318536614,-0.1610249549999344,-0.15369949295327479,-0.15450839040519415,2.2636389184497694,229,112,0.002541207235025267,0.17583704211096124,0.07409365141663077,525.9454092713569,593890.8185427135,65590.27741816634,296.94540927135677,229.0,2343.0,8211.0,0.0,70.0,26.0,0.0,86,64.6830221779941,133.19193339775305,44.315208435058594,135.5,70.0,520.0,26.0,1189.0,52.25,537.75,21.5,1193.5,70.0,520.0,26.0,1189.0,1936.0,9.0,1154.0,30.0,2606.0,8.0
611,0.725207027050038,0.0,286779.0143858301,10,227474.97559697714,228618.84384466143,-0.20679350933630658,-0.20280483446714292,-0.20322761944657852,2.044904453382761,118,54,0.007779384417521032,0.18761849844806677,0.12636154333889935,1143.8682476844087,2051736.495368818,250835.25198142574,1025.868247684409,118.0,1418.0,3622.0,0.0,38.0,16.0,0.0,51,61.70432203977371,137.91874013279238,54.0,104.10710144042969,38.0,142.0,16.0,314.0,24.25,155.75,11.0,319.0,38.0,142.0,16.0,314.0,884.0,3.0,573.0,20.0,1143.0,4.0
612,0.962082249009557,0.0,67353.28351596261,26,53333.32012497754,53681.38326102945,-0.20815560369320918,-0.2029878803413192,-0.203707599248239,1.4351520798442587,175,83,0.0019632679126098374,0.1745574760272714,0.04973342710664895,348.06313605198136,346126.2721039626,60294.354334476506,173.0631360519813,175.0,2409.0,10695.0,0.0,58.0,8.0,0.0,60,82.02129599831727,163.0637938588507,43.5,133.7551727294922,58.0,482.0,8.0,1012.0,38.5,501.5,5.5,1014.5,58.0,482.0,8.0,1012.0,2737.0,2.0,728.0,19.0,2885.0,2.0
613,0.9329566589075418,0.0,50930.24927783944,6,30562.652151554033,30703.904984518824,-0.3999115931118694,-0.3971381365714505,-0.3979333339423735,1.2336498097081068,45,22,0.0023555911648198103,0.1851302829842856,0.21501341991363604,141.25283296479924,192505.66592959844,39011.408345928234,96.25283296479923,45.0,558.0,2466.0,0.0,15.0,2.0,0.0,16,102.68053451962281,143.0,43.69744110107422,143.0,15.0,13.0,2.0,66.0,9.25,18.75,1.25,66.75,15.0,13.0,2.0,66.0,656.0,1.0,436.0,10.0,804.0,0.0
614,0.9231806170632738,0.0,46736.42795606529,28,35522.3283157719,35877.42542287296,-0.2399434473433707,-0.23234558155365148,-0.2337404414763823,1.5627414883378263,225,105,0.0030043864670143707,0.17637308684358052,0.0503336314253668,355.09710710102803,260194.2142020557,41624.64107848145,130.09710710102786,225.0,3198.0,10914.0,0.0,79.0,13.0,0.0,75,75.77784958020484,145.82257737338824,62.0,148.66880798339844,79.0,700.0,13.0,1308.0,51.75,727.25,8.75,1312.25,79.0,700.0,13.0,1308.0,2717.0,3.0,1533.0,36.0,3242.0,3.0
615,0.7991979169083622,0.0,42303.10016719871,5,31008.681471224354,31100.104051150098,-0.2669879666344621,-0.2648268347182572,-0.26515294403798373,0.8986406441619789,26,13,0.0022668593165967393,0.18184958487721536,0.2140546665980068,91.42257992574588,130845.15985149174,36400.85742324466,65.42257992574588,26.0,383.0,2137.0,0.0,5.0,3.0,0.0,8,74.19999999999999,292.24179390965105,59.0,270.57513427734375,5.0,4.0,3.0,28.0,3.0,6.0,1.5,29.5,5.0,4.0,3.0,28.0,547.0,1.0,121.0,2.0,695.0,0.0
616,0.762683446225193,0.0,93380.78771196069,12,81918.99135329912,82600.60146552995,-0.12274255378971799,-0.11544329953269339,-0.11596275210940565,2.888814407903186,177,88,0.003439154784704321,0.19062187361240127,0.10617582245364718,681.6101122308788,1009220.2244617569,87338.61733214356,504.6101122308784,177.0,1869.0,4168.0,0.0,53.0,24.0,0.0,67,71.44329271975164,129.78111707455813,25.266517639160156,139.1309814453125,53.0,238.0,24.0,488.0,39.75,251.25,15.5,496.5,53.0,238.0,24.0,488.0,1050.0,6.0,709.0,22.0,1528.0,12.0
617,0.8742504343517775,0.0,63014.874687708696,19,50500.98581526761,50881.76721421131,-0.19858626926511957,-0.1925435467994987,-0.19338113749826324,1.8791115845894126,172,81,0.0023144688792205,0.18591960058331358,0.07650336457221336,380.7813989437616,417562.7978875233,55553.22011102937,208.78139894376167,172.0,1905.0,7671.0,0.0,61.0,11.0,0.0,64,55.36651152017124,179.01058981089,28.0,157.0,61.0,435.0,11.0,709.0,42.25,453.75,8.25,711.75,61.0,435.0,11.0,709.0,2082.0,3.0,851.0,28.0,2500.0,3.0
618,0.9019166191022759,0.0,18827.544998371657,28,15756.402826237614,16056.283995618338,-0.1631196299039337,-0.1471918406246273,-0.14879670554667035,1.8986980572469028,234,105,0.004789583425983136,0.1755106094109904,0.04563037161550035,299.8811693807281,131762.33876145622,17349.03797085443,65.88116938072811,234.0,3387.0,10716.0,0.0,80.0,21.0,0.0,93,73.0031344037895,161.5384336473519,45.0,112.0,80.0,758.0,21.0,1742.0,54.5,783.5,14.75,1748.25,80.0,758.0,21.0,1742.0,2678.0,6.0,998.0,18.0,2813.0,5.0
619,0.6988375477010967,0.0,355620.03436240053,5,231996.06164417096,232646.07212285075,-0.34762938184817926,-0.34580155884646,-0.34619092180350053,1.1726502268804029,29,14,0.007030719110903499,0.20598259839770316,0.23796678672636798,650.0104786799303,1242020.957359861,264789.3056448735,621.0104786799304,29.0,187.0,2333.0,0.0,4.0,6.0,0.0,10,61.0,154.9541471114133,50.0,160.38914489746094,4.0,7.0,6.0,33.0,2.25,8.75,2.75,36.25,4.0,7.0,6.0,33.0,653.0,3.0,53.0,0.0,478.0,2.0
620,0.7520988227299821,0.0,20118.174392783832,8,14707.569742069683,14902.492012954783,-0.2689411347709002,-0.2592522700121268,-0.26095811422243986,2.332996830943677,112,57,0.003224089620522315,0.187112999520816,0.15169999251746766,194.92227088510577,165844.54177021148,17771.620986635546,82.92227088510575,112.0,1011.0,2989.0,0.0,37.0,10.0,0.0,46,49.8175394678023,172.1934170895303,32.0,148.57949829101562,37.0,97.0,10.0,223.0,25.5,108.5,7.25,225.75,37.0,97.0,10.0,223.0,702.0,4.0,493.0,20.0,1498.0,6.0
621,0.8643206492476679,0.0,19958.82489247187,11,15759.003173918625,15908.371375520388,-0.21042429808266638,-0.20294048065320935,-0.20399365537785064,1.605210797202903,92,47,0.0032544274020758004,0.18292680903912845,0.11054716743773677,149.36820160177254,114736.40320354507,17869.366970910374,57.36820160177253,92.0,1159.0,4385.0,0.0,23.0,11.0,0.0,32,108.57115559352137,168.7605771713006,88.7860107421875,187.0,23.0,94.0,11.0,224.0,15.75,101.25,6.75,228.25,23.0,94.0,11.0,224.0,1056.0,3.0,547.0,9.0,1506.0,7.0
622,0.7653439748617531,0.0,184729.73240358132,11,138643.7619759803,139296.45494904745,-0.24947781728453122,-0.24594458544050313,-0.24651171020071538,1.7087047608831678,115,58,0.0018480860398530478,0.1846045124245572,0.1347351027249797,652.6929730671138,1075385.9461342278,157339.3442145031,537.6929730671139,115.0,1175.0,4369.0,0.0,32.0,14.0,0.0,45,47.14350840956354,133.24044500975592,33.81157684326172,126.5,32.0,128.0,14.0,321.0,23.25,136.75,10.0,325.0,32.0,128.0,14.0,321.0,1110.0,1.0,698.0,17.0,1511.0,3.0
623,0.9158531166583461,0.0,15903.20455923054,22,11734.591210366034,11917.312962128433,-0.262124110479668,-0.2506344920771717,-0.25249908519742004,1.422414043962735,144,67,0.0037393648469206567,0.17920726592829347,0.05303899277288337,182.72175176240438,77443.50352480877,13611.280037185441,38.72175176240438,144.0,1863.0,9225.0,0.0,43.0,12.0,0.0,50,62.28731714923974,272.26235987640774,30.0,320.0,43.0,325.0,12.0,720.0,29.5,338.5,8.75,723.25,43.0,325.0,12.0,720.0,2502.0,2.0,614.0,15.0,2942.0,6.0
624,0.8112343443612622,0.0,22844.465998146985,6,18115.457583648695,18242.821784261134,-0.20700892789010172,-0.20143365199515328,-0.20238272656019785,1.8731858372373105,48,26,0.000500730815307613,0.19983894377618944,0.20874849940238527,127.36420061244498,158728.4012248899,21184.283757316934,79.36420061244496,48.0,445.0,2579.0,0.0,10.0,6.0,0.0,16,83.19501835031714,179.5338419837858,36.5,161.2781219482422,10.0,18.0,6.0,62.0,9.0,19.0,4.5,63.5,10.0,18.0,6.0,62.0,654.0,1.0,113.0,1.0,821.0,3.0
625,0.7391109947081329,0.0,369017.57614766364,30,294922.2666211659,296353.74886544084,-0.20079073278842485,-0.1969115618849172,-0.19743554826881238,1.7532403035575292,273,134,0.001725617240894253,0.1729347534962644,0.05141053312103641,1431.482244275076,2316964.4885501526,330383.1887518159,1158.4822442750763,273.0,2987.0,12133.0,0.0,69.0,40.0,0.0,94,60.74431091920385,180.9420655761944,32.953433990478516,167.3774871826172,69.0,820.0,40.0,1891.0,50.0,839.0,25.0,1906.0,69.0,820.0,40.0,1891.0,3056.0,17.0,1082.0,28.0,2858.0,9.0
626,0.8263484773111538,0.0,37461.88722566846,12,26202.394166168746,26433.03554687519,-0.30055861819435614,-0.2944019240770237,-0.295945236434191,1.809283102177721,112,59,0.0014597948572272913,0.1893570190307393,0.11030236029426566,230.64138070647854,237282.76141295696,32786.84816203646,118.64138070647849,112.0,1122.0,4926.0,0.0,31.0,10.0,0.0,39,43.363682087095405,130.8782429537701,33.92481231689453,110.5516128540039,31.0,163.0,10.0,264.0,21.75,172.25,7.5,266.5,31.0,163.0,10.0,264.0,1257.0,2.0,337.0,13.0,1624.0,3.0
627,0.8718636356094225,0.0,230568.41246237783,15,192520.51961773622,193435.63421828387,-0.16501780290849655,-0.1610488524751974,-0.1613967746447429,1.9042097789379633,139,68,0.007269310843059187,0.1882467219724349,0.09780549883740472,915.1146005477375,1552229.2010954744,203789.15420248508,776.1146005477373,139.0,1503.0,6057.0,0.0,40.0,16.0,0.0,51,50.260596676626555,202.53530831767102,34.0,206.15492248535156,40.0,202.0,16.0,507.0,28.0,214.0,10.75,512.25,40.0,202.0,16.0,507.0,1531.0,5.0,398.0,13.0,2083.0,5.0
628,0.8060663603789769,0.0,376008.1758303093,24,339531.0415503411,341293.0668330813,-0.09701154555860003,-0.0923254100009111,-0.09249077777083847,2.1519710493382425,253,125,0.002987600160017647,0.17007906571175535,0.06019546502661722,1762.025282740281,3018050.565480563,350614.6802496078,1509.0252827402815,253.0,3450.0,8646.0,0.0,78.0,26.0,0.0,93,80.72640027631368,137.8290531936562,57.40693283081055,103.1605224609375,78.0,676.0,26.0,1452.0,54.75,699.25,16.75,1461.25,78.0,676.0,26.0,1452.0,2208.0,3.0,1461.0,35.0,1924.0,11.0
629,0.6675184330388662,0.0,225246.75087888457,28,182973.09783941208,184295.57924831455,-0.1876770824641244,-0.18180582614747465,-0.1824205127043933,2.4768243700222077,338,154,0.0063725506953603945,0.16790244307176644,0.05673560221573598,1322.4814089025579,1968962.8178051156,198738.63904482874,984.4814089025579,338.0,3225.0,10887.0,0.0,100.0,56.0,0.0,137,64.2520889020288,133.16878218832906,47.0,109.0,100.0,978.0,56.0,2702.0,66.75,1011.25,32.5,2725.5,100.0,978.0,56.0,2702.0,2722.0,13.0,1460.0,46.0,3051.0,18.0
630,0.8563477808584297,0.0,71657.49111754488,10,52961.441486795855,53238.49705558392,-0.26090851548347627,-0.2570421288089333,-0.2578413915350456,1.5276148841419175,82,40,0.001906942402182509,0.211983667426639,0.14408259939445195,277.055568788095,390111.1375761898,63843.175008621474,195.05556878809492,82.0,1228.0,3812.0,0.0,27.0,5.0,0.0,31,103.43216628350287,142.98648354588255,70.0,142.47305297851562,27.0,82.0,5.0,196.0,17.75,91.25,3.5,197.5,27.0,82.0,5.0,196.0,978.0,1.0,579.0,14.0,1096.0,1.0
631,0.9276966998371733,0.0,14051.436846493083,13,12635.101716619292,12776.12878100895,-0.10079646269251641,-0.09075997561078031,-0.09104040244954381,1.5394418841427915,102,49,0.0035432823780901625,0.18927251501431572,0.12379264267344028,141.0270643896689,78054.1287793378,12675.718645722169,39.0270643896689,102.0,1088.0,5464.0,0.0,28.0,12.0,0.0,39,80.30516964620033,185.28827506508924,44.5,172.65936279296875,28.0,109.0,12.0,358.0,21.25,115.75,7.25,362.75,28.0,109.0,12.0,358.0,1583.0,4.0,420.0,15.0,1316.0,1.0
632,0.8780781905284155,0.0,18340.35815885684,22,14498.048174648971,14707.592882692847,-0.2095002698926225,-0.19807493641609586,-0.19925986520259742,1.5022138969629077,162,69,0.006814778300167186,0.17915252546667182,0.05936895799711576,209.5447080438735,95089.41608774706,15824.879579398368,47.54470804387353,162.0,1898.0,9162.0,0.0,51.0,20.0,0.0,69,78.1589279650738,181.61178199935767,49.0,142.0,51.0,327.0,20.0,1118.0,32.0,346.0,12.0,1126.0,51.0,327.0,20.0,1118.0,2385.0,5.0,923.0,27.0,2868.0,3.0
633,0.5779616079290086,0.0,32616.399476199782,30,25366.95997806573,25776.157309237315,-0.22226363469162114,-0.20971788047769646,-0.21124741068811514,1.964867622900603,296,137,0.0027096802214990148,0.17055447479561478,0.045380440733414705,409.1973311715698,226394.6623431394,28805.332698307695,113.1973311715697,296.0,3642.0,11478.0,0.0,78.0,51.0,0.0,113,74.63893560315438,132.00222614845,58.5,109.75172424316406,78.0,914.0,51.0,2347.0,54.75,937.25,33.25,2364.75,78.0,914.0,51.0,2347.0,2772.0,12.0,1398.0,30.0,3227.0,14.0
634,0.6505679155939993,0.0,83718.11272906043,11,74300.844116001,74780.7893616755,-0.11248782737777241,-0.10675495512314126,-0.10703000642355054,2.358117275828222,129,67,0.002553633514427693,0.18807966794008554,0.11399548557308412,479.94524567455016,701890.4913490999,74412.16967279339,350.94524567454994,129.0,1303.0,4241.0,0.0,33.0,18.0,0.0,49,85.76158846011441,104.8920918367934,41.0,89.09314727783203,33.0,150.0,18.0,338.0,22.25,160.75,13.0,343.0,33.0,150.0,18.0,338.0,1072.0,7.0,676.0,12.0,1577.0,9.0
635,0.7583985510127574,0.0,32548.427496001408,9,25302.396895355865,25516.647114243704,-0.22262306225195427,-0.2160405562640949,-0.2170217347151775,2.1305546428641007,91,49,0.0029424309804812134,0.17405391990439079,0.14843100728051856,214.25021888784676,246500.4377756936,28924.444463475895,123.2502188878468,91.0,1067.0,3469.0,0.0,23.0,10.0,0.0,33,63.19175665798623,116.97437652319459,48.2446403503418,101.35128021240234,23.0,73.0,10.0,191.0,16.0,80.0,7.5,193.5,23.0,73.0,10.0,191.0,803.0,4.0,342.0,5.0,708.0,5.0
636,0.6658523626076557,0.0,35432.29324610257,6,29409.9460472399,29678.51571302682,-0.1699677510860832,-0.16238795194857014,-0.16341461571841942,2.8623753252832542,82,44,0.00190059626921911,0.18710201301874507,0.20314416319695497,268.56966578695256,373139.3315739052,32590.00735141016,186.5696657869526,82.0,614.0,2410.0,0.0,22.0,10.0,0.0,31,46.95041361196836,78.8804182849279,28.54962921142578,62.0,22.0,35.0,10.0,119.0,17.0,40.0,7.25,121.75,22.0,35.0,10.0,119.0,578.0,2.0,284.0,7.0,1300.0,4.0
637,0.8682508371929449,0.0,35349.76418366209,20,29966.930627550817,30220.649623105324,-0.15227353506926944,-0.1450961464384346,-0.14590990540890036,1.5987208013564456,150,73,0.0020912119857398577,0.17097226088048417,0.06549050095450049,253.71899555452248,207437.99110904496,32438.120360516168,103.71899555452248,150.0,1648.0,8430.0,0.0,45.0,12.0,0.0,52,59.680246348244836,151.54288533773536,42.0,143.64537048339844,45.0,252.0,12.0,730.0,35.75,261.25,6.0,736.0,45.0,252.0,12.0,730.0,2178.0,2.0,429.0,18.0,2739.0,2.0
638,0.9074912224240074,0.0,19010.245822493518,13,16024.200679144347,16178.266842144458,-0.1570755671037135,-0.1489711919978528,-0.149700838051273,1.6087034659675385,100,48,0.003497398110989759,0.18296030870852653,0.0934320008813107,154.06616300011538,108132.32600023075,16804.266337425284,54.066163000115374,100.0,1225.0,5327.0,0.0,36.0,3.0,0.0,33,80.77119317727485,178.73077055267936,36.31145095825195,86.56578826904297,36.0,106.0,3.0,284.0,24.0,118.0,1.75,285.25,36.0,106.0,3.0,284.0,1408.0,1.0,393.0,9.0,1402.0,2.0
639,0.8604328581200753,0.0,71063.4499301474,9,59218.8487400434,59567.83093089306,-0.16667641666351374,-0.16176556317704927,-0.16250402343187897,1.874043019656029,94,45,0.005336470715278387,0.1915871306831887,0.17942582880934752,348.9821908496771,509964.3816993546,68029.97267812934,254.98219084967732,94.0,1176.0,3360.0,0.0,32.0,8.0,0.0,39,67.84240714476144,74.76257696045988,40.936641693115234,65.2718505859375,32.0,123.0,8.0,188.0,19.5,135.5,5.0,191.0,32.0,123.0,8.0,188.0,852.0,2.0,458.0,14.0,798.0,2.0
640,0.8629571640560981,0.0,62184.706093235814,24,50539.6167139022,50926.50228184929,-0.18726613199511954,-0.1810445770139476,-0.18187112413434525,1.6528560228843707,200,100,0.002291442152716903,0.1798109232147117,0.05702769919877703,386.88556794709643,373771.13589419285,56534.1340563244,186.88556794709643,200.0,2568.0,9528.0,0.0,62.0,14.0,0.0,69,77.89140518032922,188.46068785766715,49.0,159.07704162597656,62.0,477.0,14.0,1103.0,43.75,495.25,11.0,1106.0,62.0,477.0,14.0,1103.0,2431.0,3.0,967.0,25.0,2844.0,2.0
641,0.8293794128653867,0.0,16286.507035151817,22,14200.728776066495,14445.500875877551,-0.1280678695918962,-0.11303873539616249,-0.11407222624746971,1.8197609125807788,190,85,0.005842205433204221,0.17340577319907413,0.06488544899096074,244.7720998110649,109544.19962212953,15049.25713933133,54.77209981106476,190.0,2745.0,8266.0,0.0,58.0,25.0,0.0,79,76.92132500494878,178.5158829610598,44.232032775878906,169.2109375,58.0,497.0,25.0,1151.0,42.75,512.25,16.25,1159.75,58.0,497.0,25.0,1151.0,2171.0,7.0,1354.0,29.0,2448.0,6.0
642,0.7146129498287824,0.0,45439.7141954128,30,37254.25537384316,37727.76450531557,-0.18013887117265304,-0.16971827016631547,-0.17070535640906415,2.057489694690224,308,141,0.002597181395296996,0.1828131892153251,0.04985660656428044,473.5091314724085,331018.2629448165,40221.132552823634,165.50913147240826,308.0,3546.0,11491.0,0.0,84.0,53.0,0.0,116,64.8421504281085,136.57087180522132,40.84288787841797,122.0,84.0,988.0,53.0,2349.0,58.25,1013.75,38.25,2363.75,84.0,988.0,53.0,2349.0,2907.0,10.0,1599.0,38.0,4065.0,15.0
643,0.7300624443977932,0.0,151118.46156009598,11,118728.89874876576,119420.05341652202,-0.2143322693796066,-0.20975867419725092,-0.21026570598506888,2.1952511790383706,111,55,0.0032754721333669587,0.17201608247352046,0.13015957310835188,691.154667756309,1160309.335512618,132138.5619322263,580.1546677563091,111.0,1150.0,4394.0,0.0,26.0,19.0,0.0,40,65.35346135515748,172.83597342980295,48.0,130.0,26.0,87.0,19.0,308.0,18.75,94.25,13.75,313.25,26.0,87.0,19.0,308.0,1006.0,4.0,500.0,9.0,1136.0,6.0
644,0.7392334822167969,0.0,57406.176654400515,6,53021.63445158588,53336.01794227113,-0.07637753388822033,-0.07090105889881426,-0.07133142051403019,2.0406822680679784,78,38,0.0057047387662516776,0.19479988323067252,0.21352779810257322,314.38349068526327,472766.9813705265,57917.75975714729,236.38349068526324,78.0,1150.0,1874.0,0.0,28.0,6.0,0.0,34,70.102694987763,132.27577637611938,55.344215393066406,101.31800079345703,28.0,62.0,6.0,108.0,17.25,72.75,4.25,109.75,28.0,62.0,6.0,108.0,472.0,1.0,496.0,14.0,618.0,1.0
645,0.723843384447034,0.0,48203.47592204153,22,39520.68994563989,39871.15283141816,-0.18012779805431722,-0.1728573081347714,-0.17365215619504282,1.724651680543044,203,92,0.0032240886815914495,0.18632459548524044,0.06217155634711453,350.4628857782504,294925.7715565011,42751.4980102587,147.46288577825055,203.0,2199.0,8882.0,0.0,57.0,32.0,0.0,78,89.47355290912,146.94492691322662,45.0,140.5,57.0,459.0,32.0,1167.0,35.25,480.75,19.0,1180.0,57.0,459.0,32.0,1167.0,2343.0,10.0,829.0,26.0,2469.0,8.0
646,0.689745083636579,0.0,34309.20730212695,6,25073.921004027277,25253.631767387913,-0.26917807271889804,-0.26394009791586326,-0.26513533372162823,1.9895900456214652,55,28,0.002066370106372372,0.22233876213720954,0.24086916561044489,179.71076336064587,249421.5267212918,31340.81908861065,124.7107633606459,55.0,737.0,2287.0,0.0,15.0,6.0,0.0,20,70.843807157102,106.83333333333333,42.0,99.0,15.0,30.0,6.0,69.0,11.0,34.0,3.75,71.25,15.0,30.0,6.0,69.0,559.0,3.0,265.0,6.0,648.0,0.0
647,0.7967029024228282,0.0,60422.927095088344,16,54934.56980247995,55399.595431015776,-0.09083236374780879,-0.08313618531203038,-0.08357276430203042,2.525055220294593,174,83,0.0036637970710041664,0.17587303273342586,0.0940720781405697,465.02562853586556,582051.2570717309,57627.57705194109,291.02562853586545,174.0,2228.0,5836.0,0.0,54.0,21.0,0.0,69,69.07877161535265,114.78337644353604,44.5,100.66448974609375,54.0,330.0,21.0,699.0,41.0,343.0,12.0,708.0,54.0,330.0,21.0,699.0,1437.0,1.0,859.0,23.0,1467.0,8.0
648,0.7771891012183522,0.0,111787.80942577263,11,92187.45210486912,92724.8035375935,-0.17533537352226403,-0.170528485942262,-0.17107435947209115,2.0477134656312352,123,62,0.0066563976436525,0.17802510855507162,0.12032045680733862,537.3514327244226,828702.8654488447,101174.17296874906,414.35143272442235,123.0,1538.0,4006.0,0.0,38.0,12.0,0.0,49,79.57196366379748,144.69263513200687,58.288360595703125,107.40979766845703,38.0,148.0,12.0,341.0,27.75,158.25,8.0,345.0,38.0,148.0,12.0,341.0,978.0,7.0,722.0,20.0,1224.0,3.0
649,0.8557515712277333,0.0,12830.615695671526,12,10265.2712946679,10421.380416751419,-0.1999393062539514,-0.1877723825625044,-0.18961748881376683,2.05603518413629,109,50,0.008397249879123268,0.18030086513445762,0.1038665637512063,156.1091220835221,94218.24416704426,11456.302510531206,47.10912208352213,109.0,974.0,4949.0,0.0,37.0,10.0,0.0,42,63.37965095777178,69.18113241768647,36.0,56.86760330200195,37.0,126.0,10.0,329.0,26.75,136.25,8.25,330.75,37.0,126.0,10.0,329.0,1260.0,2.0,383.0,15.0,1264.0,3.0
650,0.7551944310625769,0.0,105617.69240068282,10,76307.89299459792,76710.43440197148,-0.2775084243924971,-0.2736971177995975,-0.2744313200241256,1.7001636426787894,91,47,0.002773803698896598,0.18841649292745638,0.12049016355297272,402.54140737356107,623082.8147471221,91621.00622346396,311.54140737356107,91.0,943.0,4097.0,0.0,21.0,13.0,0.0,32,63.3157588699346,191.66851105960254,35.0,162.0,21.0,83.0,13.0,203.0,14.0,90.0,9.5,206.5,21.0,83.0,13.0,203.0,1070.0,4.0,281.0,8.0,954.0,3.0
651,0.789513472274982,0.0,26020.68291514122,18,21177.60600575583,21471.780566810532,-0.18612412768641218,-0.1748187149109649,-0.17601475724059779,2.2137258162058187,193,90,0.002823382056878093,0.17595445545082358,0.07268247330773114,294.17456105473127,202349.12210946268,22851.646828634344,101.17456105473134,193.0,2217.0,6855.0,0.0,68.0,17.0,0.0,77,76.30201199473001,134.60478087934166,40.0,116.0,68.0,412.0,17.0,889.0,48.25,431.75,10.5,895.5,68.0,412.0,17.0,889.0,1772.0,5.0,934.0,22.0,2346.0,7.0
652,0.7930667158191924,0.0,12474.131882432104,9,8903.819362179072,9050.8064924362,-0.2862173138702556,-0.27443395839169626,-0.27655360574791843,1.8606258188182407,107,51,0.005724867461342654,0.18656909294157312,0.15570091733767036,146.98713025713394,79974.26051426788,10745.613076177615,39.98713025713394,107.0,1245.0,3250.0,0.0,30.0,17.0,0.0,46,71.10862909521182,120.4225977340955,51.0,93.0,30.0,115.0,17.0,250.0,18.0,127.0,12.75,254.25,30.0,115.0,17.0,250.0,818.0,5.0,663.0,16.0,1180.0,3.0
653,0.6513655958552891,0.0,16841.63755253309,8,12040.432664270771,12217.481540479834,-0.2850794569878502,-0.2745668880255504,-0.2761830383948053,2.123316618661617,117,55,0.004070105102971498,0.16105999307342925,0.18762472613206962,177.04887620906482,120097.75241812949,14140.349037279977,60.048876209064744,117.0,1100.0,2932.0,0.0,36.0,18.0,0.0,49,56.900993742763,82.44817515672389,38.881591796875,60.0,36.0,74.0,18.0,264.0,22.5,87.5,14.25,267.75,36.0,74.0,18.0,264.0,592.0,5.0,729.0,24.0,998.0,1.0
654,0.8572395543442082,0.0,31206.336907294088,21,24138.47764203801,24424.645159972606,-0.22648794974728526,-0.21731777643329697,-0.21866855135811614,1.8737122073203065,184,80,0.0036894318871419003,0.17924401196358689,0.06922595990811076,286.1675179346149,204335.0358692297,27263.39657057845,102.16751793461485,184.0,1997.0,8583.0,0.0,67.0,16.0,0.0,74,54.55309959088773,245.587733003683,30.0,225.15347290039062,67.0,465.0,16.0,1005.0,45.75,486.25,9.5,1011.5,67.0,465.0,16.0,1005.0,2195.0,6.0,1177.0,33.0,2004.0,4.0
655,0.8557364428728391,0.0,24571.36056051516,25,20234.11634242144,20493.008036471812,-0.17651624163878976,-0.16597992260131655,-0.16715199535477587,1.679852735883687,185,87,0.0034183773249209497,0.17765947844369598,0.057811944511169326,258.8916940503873,147783.38810077458,21993.503499435188,73.89169405038729,185.0,1934.0,10659.0,0.0,57.0,16.0,0.0,67,72.17882060208716,145.01282746227378,39.0,106.0,57.0,447.0,16.0,1154.0,39.75,464.25,10.0,1160.0,57.0,447.0,16.0,1154.0,2919.0,5.0,833.0,22.0,2815.0,5.0
656,0.8237127618424108,0.0,114133.25533251268,22,105094.83306334678,105866.65102880076,-0.07919183802156171,-0.07242940963725453,-0.07278176095509192,2.3069739503510887,265,127,0.003308334358093287,0.18270467889106218,0.06676770377039551,771.8179654539607,1013635.9309079221,109844.75255492819,506.81796545396105,265.0,3326.0,7742.0,0.0,92.0,24.0,0.0,102,73.34955774594405,140.29410739858395,38.30089569091797,101.7784194946289,92.0,740.0,24.0,1387.0,62.0,770.0,19.5,1391.5,92.0,740.0,24.0,1387.0,1862.0,6.0,1517.0,34.0,2310.0,7.0
657,0.8726500871256423,0.0,229780.93128122453,27,185118.177199327,186093.20760742732,-0.19437102040132137,-0.19012771612596802,-0.19071783455168023,1.737112248995465,260,120,0.0022357856005713965,0.1737626456084721,0.049951832412390096,975.0304081002706,1430060.8162005416,205810.07603675517,715.0304081002708,260.0,3039.0,10569.0,0.0,89.0,24.0,0.0,95,74.52546083363069,177.3102646645136,49.0,179.34002685546875,89.0,759.0,24.0,1693.0,60.25,787.75,14.75,1702.25,89.0,759.0,24.0,1693.0,2753.0,8.0,1529.0,48.0,4092.0,8.0
658,0.8425851130483579,0.0,472753.0543417682,10,364246.3406299219,365689.52163883415,-0.22952091523326967,-0.22646819881894287,-0.2269702646203109,1.6650879174022593,68,34,0.0042213057597233145,0.1846806641641044,0.11921457823835524,1443.1810089125058,2750362.017825012,412945.4650832962,1375.181008912506,68.0,982.0,4058.0,0.0,19.0,5.0,0.0,24,84.62986589942606,101.35375485613528,48.0,123.58525085449219,19.0,74.0,5.0,142.0,13.5,79.5,3.5,143.5,19.0,74.0,5.0,142.0,1018.0,1.0,243.0,4.0,1172.0,4.0
659,0.7684506705879455,0.0,11795.827320134491,8,11012.11136663974,11199.011574246237,-0.06644010057327765,-0.05059549700846666,-0.05180508949895224,3.0628780594999805,114,54,0.007939045659246724,0.18086591943848393,0.1771932720175582,186.9002076065064,145800.4152130129,11900.60560530567,72.90020760650644,114.0,1099.0,2933.0,0.0,40.0,12.0,0.0,52,55.517506727552075,145.36304415902728,47.467750549316406,94.0,40.0,115.0,12.0,249.0,28.0,127.0,5.75,255.25,40.0,115.0,12.0,249.0,691.0,2.0,443.0,13.0,812.0,4.0
660,0.8161811741660107,0.0,225923.5794674689,24,196503.39781344082,197973.7092025348,-0.13022182865274734,-0.1237138254042165,-0.12435120799548438,2.7311344742316908,302,145,0.002380786601868957,0.17557391930253907,0.06858098789045051,1470.3113890942723,2336622.778188543,213887.56213165502,1168.3113890942716,302.0,3523.0,8573.0,0.0,100.0,33.0,0.0,115,65.85279734897593,122.29226275441893,52.02355194091797,134.39373779296875,100.0,891.0,33.0,1736.0,65.25,925.75,25.25,1743.75,100.0,891.0,33.0,1736.0,1995.0,10.0,1375.0,38.0,2173.0,7.0
661,0.7073333127091169,0.0,17077.255842604216,11,13856.820812659238,14042.514573809323,-0.18858035855565625,-0.17770661145825561,-0.17871905618042916,2.290667123255223,116,57,0.0036671431003497098,0.1956901780880649,0.10860225420367296,185.69376115008757,139387.5223001752,15212.546694922466,69.6937611500876,116.0,1628.0,3916.0,0.0,32.0,16.0,0.0,44,61.35078024261667,118.35537389883521,51.638309478759766,104.5,32.0,158.0,16.0,278.0,24.5,165.5,11.5,282.5,32.0,158.0,16.0,278.0,961.0,4.0,560.0,7.0,1243.0,5.0
662,0.7884477786783494,0.0,26512.697685236766,28,19635.16387190255,19959.816999851573,-0.25940528176292965,-0.24716008771276698,-0.2491913830117044,1.8615283142866943,240,110,0.0037241936298096075,0.16887567570295448,0.045580689764513384,324.65312794903815,169306.2558980764,22737.534341903316,84.65312794903821,240.0,2317.0,11775.0,0.0,63.0,39.0,0.0,90,54.14429526777387,168.22407143990597,32.0,134.0,63.0,643.0,39.0,1774.0,46.5,659.5,23.0,1790.0,63.0,643.0,39.0,1774.0,2984.0,12.0,839.0,19.0,3594.0,14.0
663,0.7466282586943527,0.0,18811.96255390253,17,13229.396052996291,13479.575669817568,-0.29675619887666305,-0.2834572346615032,-0.2853351558536831,2.205144520552331,182,88,0.0033889907737607717,0.17490504194383097,0.07344770754762472,250.17961682128666,136359.2336425735,15459.21734059624,68.17961682128676,182.0,1978.0,6590.0,0.0,45.0,32.0,0.0,70,54.63940525447891,156.4357774303311,35.0,121.02183532714844,45.0,278.0,32.0,835.0,30.75,292.25,22.75,844.25,45.0,278.0,32.0,835.0,1499.0,6.0,836.0,14.0,1977.0,11.0
664,0.6489878348598448,0.0,31836.11690526944,30,24329.936716563992,24756.06467998181,-0.2357756195908126,-0.22239057126077322,-0.22402975193873742,2.1930966008503257,305,140,0.0037350511966073793,0.17881552907162226,0.043386105983148425,426.12796341783434,242255.92683566833,27615.73826042807,121.12796341783417,305.0,3880.0,11231.0,0.0,76.0,59.0,0.0,116,56.98069785811719,132.59339582906398,30.139127731323242,105.0,76.0,927.0,59.0,2415.0,55.25,947.75,42.5,2431.5,76.0,927.0,59.0,2415.0,2777.0,15.0,1102.0,23.0,3236.0,15.0
665,0.7954158148010515,0.0,13014.584845644826,15,10846.080421809713,11039.178656885482,-0.1666210985255343,-0.15178403400400353,-0.15337364604516834,2.1332747879915686,143,65,0.006577375908215951,0.17710268291057096,0.10232033736159679,193.09823507578147,100196.4701515629,11742.096085743327,50.09823507578145,143.0,1633.0,5919.0,0.0,53.0,10.0,0.0,56,60.06146121936958,160.30346236787264,31.0,104.94648742675781,53.0,264.0,10.0,512.0,35.5,281.5,6.75,515.25,53.0,264.0,10.0,512.0,1541.0,3.0,894.0,19.0,1261.0,1.0
666,0.8713116031088537,0.0,138277.21523341222,17,108805.3050334766,109528.60411135347,-0.21313641694466423,-0.20790562692147818,-0.20867495676246595,2.17130335673109,183,93,0.0021952690864452664,0.1904508340539571,0.08282253715039457,723.2990778769047,1080598.15575381,124418.14641007334,540.299077876905,183.0,1766.0,6802.0,0.0,56.0,17.0,0.0,67,57.15661255666243,170.2200468832582,42.0,190.0,56.0,302.0,17.0,764.0,42.25,315.75,11.25,769.75,56.0,302.0,17.0,764.0,1674.0,4.0,768.0,25.0,1830.0,7.0
667,0.5919927905365806,0.0,394556.9781567132,7,275837.5987501529,277581.6439229673,-0.3008928646027048,-0.29647260271565823,-0.29742821543616094,2.3495467099199723,87,45,0.004882413900395424,0.1846667857431505,0.1779223456861467,1744.045172814544,3314090.3456290895,352630.82147257787,1657.0451728145447,87.0,875.0,2653.0,0.0,17.0,18.0,0.0,34,58.3185096539965,121.45897791648534,51.8200798034668,108.39411926269531,17.0,60.0,18.0,143.0,9.75,67.25,11.75,149.25,17.0,60.0,18.0,143.0,618.0,4.0,250.0,5.0,1055.0,10.0
668,0.8227416702909169,0.0,27253.2056649691,23,23059.52053138846,23381.707959444437,-0.15387860001259024,-0.14205659888667832,-0.14332667637217744,1.9428859898098954,223,102,0.005869382076674496,0.17531910744424123,0.06401894419958894,322.18742805598686,198374.85611197414,25525.797338651922,99.18742805598707,223.0,2995.0,8581.0,0.0,73.0,25.0,0.0,88,81.31358816879846,167.8547062362794,51.550235748291016,157.65032958984375,73.0,626.0,25.0,1298.0,45.5,653.5,16.25,1306.75,73.0,626.0,25.0,1298.0,2222.0,7.0,1279.0,33.0,2607.0,9.0
669,0.6409748959437443,0.0,331547.8337094949,13,254937.04983295687,256391.20581425948,-0.23107007824296355,-0.2266841169020828,-0.22712413500828543,2.2986860169896595,156,76,0.0035174985247052367,0.18461385642982933,0.09645463358107177,1454.1559813027327,2596311.962605467,282369.1386531311,1298.1559813027336,156.0,1552.0,5000.0,0.0,35.0,32.0,0.0,62,68.89035294753108,152.82763700268538,51.0,126.25326538085938,35.0,219.0,32.0,520.0,24.75,229.25,22.5,529.5,35.0,219.0,32.0,520.0,1220.0,10.0,450.0,15.0,1616.0,9.0
670,0.8396853828235077,0.0,13245.138623693358,26,11189.33476040157,11436.214779315822,-0.15521195524630405,-0.13657266230054177,-0.13801073746036163,1.8241426435249943,203,83,0.0073461730972457055,0.18612887701748407,0.06436742761957004,246.8800189142554,87760.03782851102,12027.57335617714,43.88001891425551,203.0,2646.0,10299.0,0.0,64.0,30.0,0.0,85,87.76780873275135,185.4093556991159,50.0,163.0,64.0,586.0,30.0,1520.0,41.25,608.75,22.0,1528.0,64.0,586.0,30.0,1520.0,2662.0,8.0,926.0,24.0,1896.0,6.0
671,0.8349769939527186,0.0,175791.53472473889,26,139059.3370180349,139848.33231601995,-0.20895316582917767,-0.20446492184620935,-0.20514915775668552,1.7402021248776236,234,113,0.0018208312762123908,0.1831470159110278,0.055461772325380986,788.9952979850144,1109990.5959700283,159462.8836647476,554.9952979850142,234.0,2424.0,10680.0,0.0,64.0,31.0,0.0,82,69.97751499544786,142.80291970827253,45.0,122.5525131225586,64.0,550.0,31.0,1487.0,46.5,567.5,17.75,1500.25,64.0,550.0,31.0,1487.0,2752.0,4.0,833.0,24.0,3120.0,6.0
672,0.7148169100773649,0.0,67769.3560278046,18,61586.020507396264,62097.40043529721,-0.09124087763016997,-0.08369499025754779,-0.08408050601652717,2.3254747877453426,216,100,0.004748223602384353,0.17457088070489526,0.08736136787612901,511.3799279009457,590759.8558018913,63509.5958592031,295.37992790094563,216.0,2245.0,6814.0,0.0,67.0,31.0,0.0,85,66.95288057724977,128.30122047537202,56.0,101.0,67.0,455.0,31.0,975.0,44.0,478.0,22.0,984.0,67.0,455.0,31.0,975.0,1698.0,10.0,1036.0,29.0,1994.0,7.0
673,0.8699426680702631,0.0,12766.967631690643,8,11560.674369532691,11716.399456903737,-0.09448549545654406,-0.0822879954813347,-0.08354282228470056,2.669776659355007,89,44,0.0033083383169322726,0.2019787437670562,0.16775619590389473,155.72508737105792,133450.17474211575,12496.380013146498,66.72508737105788,89.0,805.0,3227.0,0.0,28.0,9.0,0.0,36,50.4639387197599,191.38432253133615,34.70094299316406,111.0,28.0,97.0,9.0,154.0,20.0,105.0,6.5,156.5,28.0,97.0,9.0,154.0,834.0,4.0,390.0,11.0,1185.0,4.0
674,0.7243321851395774,0.0,109338.31867213038,26,79077.79912458594,79677.40307671057,-0.27676042502798837,-0.27127649259326114,-0.27225329525793496,1.8830621889336776,248,119,0.001775571976520561,0.18047741316071997,0.053355912726187504,599.6039521246028,703207.9042492051,93359.62300950492,351.6039521246026,248.0,2146.0,10953.0,0.0,57.0,46.0,0.0,94,66.45886933653628,158.79037480492048,39.0,135.57034301757812,57.0,539.0,46.0,1801.0,43.5,552.5,29.25,1817.75,57.0,539.0,46.0,1801.0,2771.0,12.0,829.0,20.0,3327.0,7.0
675,0.8491058660590173,0.0,68596.59094088404,10,61757.663021335524,62223.8938248345,-0.09969778127082507,-0.09290107611238985,-0.09347178126135325,2.5630290867319645,121,61,0.0020260992004934655,0.17481166435666132,0.13591277678795582,466.2308034990151,690461.6069980295,67348.20242309607,345.23080349901477,121.0,1694.0,3346.0,0.0,39.0,11.0,0.0,47,74.66805510500002,108.93742233662319,59.0,108.0,39.0,137.0,11.0,283.0,26.5,149.5,8.5,285.5,39.0,137.0,11.0,283.0,805.0,4.0,555.0,10.0,993.0,4.0
676,0.7491442050191095,0.0,20589.81531026728,28,17628.18863077703,18041.522307813946,-0.14383939995874617,-0.12376473339139704,-0.12544564273033054,2.436489692557575,321,142,0.0033188852164947,0.1763030993538808,0.04585369782931449,413.33367703692795,184667.35407385608,18948.095146670963,92.33367703692804,321.0,3446.0,10594.0,0.0,114.0,38.0,0.0,125,61.270001952061236,112.55185020991551,37.0,94.0,114.0,995.0,38.0,2347.0,83.25,1025.75,26.75,2358.25,114.0,995.0,38.0,2347.0,2727.0,11.0,1387.0,49.0,2978.0,8.0
677,0.8264798418005006,0.0,39452.9018709964,19,35694.83016381963,36010.2792324106,-0.09525463347322238,-0.08725904750536562,-0.08773835008900721,1.7634617152782266,183,81,0.0045231180188446485,0.17000146470008462,0.07146197087630132,315.4490685909807,264898.1371819611,37553.7125199465,132.44906859098054,183.0,2813.0,6758.0,0.0,62.0,21.0,0.0,80,95.13785042977109,151.97484164101425,64.0,127.0,62.0,502.0,21.0,933.0,38.75,525.25,13.0,941.0,62.0,502.0,21.0,933.0,1719.0,7.0,1195.0,29.0,2367.0,4.0
678,0.8967863846081623,0.0,19706.097372305176,14,16375.11939502888,16537.754804913828,-0.16903285893419118,-0.16077980878365683,-0.16178904866304966,1.6036729662941627,105,52,0.0024329676733271287,0.18905820371008017,0.09568823903377066,162.6354098849538,115270.81976990744,17969.814013308503,57.63540988495372,105.0,1172.0,5884.0,0.0,29.0,10.0,0.0,37,62.36059766062476,210.5399626955569,55.0,226.10342407226562,29.0,149.0,10.0,330.0,20.75,157.25,5.5,334.5,29.0,149.0,10.0,330.0,1524.0,2.0,301.0,9.0,2148.0,5.0
679,0.8672632661510312,0.0,455957.03307986073,29,368945.7484437005,370702.06432689965,-0.19083220199154216,-0.18698026912116672,-0.18745868880718686,1.8544341306090903,245,119,0.0016840718499484782,0.17127157266715698,0.04577593432240585,1756.3158831998408,3022631.76639968,407487.0760449839,1511.31588319984,245.0,2783.0,11833.0,0.0,72.0,25.0,0.0,90,68.08344489360988,154.8412183034084,53.0,124.0,72.0,727.0,25.0,1786.0,52.0,747.0,19.0,1792.0,72.0,727.0,25.0,1786.0,3058.0,11.0,988.0,28.0,4207.0,9.0
680,0.8361083684067503,0.0,32667.94536761413,16,28570.580570002294,28872.935034142753,-0.1254246250109694,-0.11616923840069904,-0.11692657762716863,2.127513112864044,169,83,0.0018431843479249936,0.18358491020490747,0.08924966202972366,302.3544641404556,266708.9282809113,31340.456454563227,133.35446414045566,169.0,2162.0,5902.0,0.0,51.0,19.0,0.0,62,66.25953298136831,113.68952247199525,41.409481048583984,82.0,51.0,300.0,19.0,622.0,34.75,316.25,14.5,626.5,51.0,300.0,19.0,622.0,1395.0,5.0,822.0,18.0,1620.0,4.0
681,0.7328582178883914,0.0,188879.42437412424,24,139947.26984291777,140906.9358918616,-0.25906556361736766,-0.25398472407053085,-0.2548051831965077,2.1668485283680634,254,126,0.001897010555599246,0.177537889897414,0.057992061204529106,959.6660489439427,1411332.0978878867,162832.34377148814,705.6660489439433,254.0,2574.0,9522.0,0.0,64.0,40.0,0.0,94,71.94314292367145,130.35830175388256,43.5,106.24839782714844,64.0,575.0,40.0,1577.0,42.25,596.75,29.75,1587.25,64.0,575.0,40.0,1577.0,2384.0,9.0,1125.0,26.0,2499.0,11.0
682,0.7953569501603266,0.0,78003.09071976406,26,66794.55401692116,67429.01533197514,-0.14369349469895987,-0.13555969757374897,-0.13643246012774302,2.2737878435452816,302,141,0.003486430142309472,0.17707768933572052,0.055971411102218205,634.4613150540151,664922.6301080307,73107.37367116075,332.46131505401536,302.0,3326.0,9775.0,0.0,105.0,30.0,0.0,116,76.67100240079132,145.78947370292508,43.85726547241211,140.84825134277344,105.0,988.0,30.0,1892.0,70.5,1022.5,18.0,1904.0,105.0,988.0,30.0,1892.0,2403.0,10.0,1504.0,46.0,2563.0,12.0
683,0.7201423113339799,0.0,35996.5881134041,23,28167.044443585568,28565.871065927156,-0.2175079383955012,-0.2064283710463647,-0.20791362624408727,2.2416105897163034,256,121,0.0027192441118489646,0.17058336140877567,0.06415158247418769,398.8266223415932,285653.2446831862,31858.036136345414,142.8266223415931,256.0,2939.0,8615.0,0.0,77.0,35.0,0.0,101,55.60286202214172,113.58962741357145,40.0,107.0,77.0,698.0,35.0,1511.0,54.75,720.25,26.5,1519.5,77.0,698.0,35.0,1511.0,1989.0,7.0,1522.0,38.0,3030.0,8.0
684,0.7212880973991896,0.0,76615.65208059164,27,60941.22378663627,61563.95429539791,-0.20458519725796387,-0.19645721698434304,-0.19744175892379612,2.330869252150909,307,144,0.002364550442389294,0.1842760152582493,0.05766827900901085,622.7305087616819,631461.0175233632,67728.06078039938,315.7305087616816,307.0,2865.0,10742.0,0.0,91.0,45.0,0.0,117,69.13484079427367,134.64243325355577,49.0,133.0,91.0,766.0,45.0,2256.0,63.5,793.5,29.25,2271.75,91.0,766.0,45.0,2256.0,2626.0,13.0,1414.0,39.0,3427.0,12.0
685,0.7547535334791347,0.0,149886.93753218095,5,161988.77059589833,162670.8448686416,0.08073974465666223,0.08529033648256323,0.08556725062929327,2.061791862992794,60,30,0.005095939771425447,0.20192739964088047,0.2918208621310744,682.0742727433326,1244148.5454866656,150857.67964967154,622.0742727433328,60.0,793.0,1727.0,0.0,19.0,6.0,0.0,25,97.69854957975946,108.84628876446283,71.0,106.82511901855469,19.0,32.0,6.0,68.0,12.0,39.0,2.75,71.25,19.0,32.0,6.0,68.0,423.0,0.0,274.0,5.0,751.0,2.0
686,0.6098233777591878,0.0,404628.15585061087,11,354665.02067432145,356796.7311982008,-0.12347913622386641,-0.11821081642689613,-0.118604260256302,2.6671112904781533,137,67,0.0027022918738558283,0.18693553596038165,0.12050973875143559,2131.7105238795666,3989421.047759132,373945.87376253784,1994.710523879566,137.0,1137.0,4407.0,0.0,32.0,27.0,0.0,56,53.22697623736558,137.15171985097564,35.982669830322266,104.9207992553711,32.0,139.0,27.0,418.0,22.75,148.25,18.5,426.5,32.0,139.0,27.0,418.0,1019.0,5.0,252.0,9.0,1156.0,10.0
687,0.8102704588973874,0.0,39970.27260656073,24,31427.236743684414,31756.785970189143,-0.2137347409903344,-0.20548988287418934,-0.20655932752761508,1.7796947213611474,206,96,0.0026050140345081196,0.17417376224573836,0.0549815840578352,329.5492265047349,247098.45300947016,34710.79197510966,123.54922650473509,206.0,2119.0,9977.0,0.0,56.0,30.0,0.0,75,54.24429398937688,188.01909812360404,35.0,174.31088256835938,56.0,494.0,30.0,1220.0,44.5,505.5,18.0,1232.0,56.0,494.0,30.0,1220.0,2734.0,10.0,746.0,26.0,3603.0,11.0
688,0.8851378739477517,0.0,354516.1038238167,28,285484.72815460584,287058.0538275218,-0.19471999980998678,-0.19028204718683084,-0.19091988765424872,1.9597392940502605,298,140,0.002093955036743286,0.17686012896786613,0.04906661645332307,1573.325672916214,2550651.345832428,325381.4619087559,1275.325672916214,298.0,3298.0,10812.0,0.0,103.0,27.0,0.0,109,70.66981057565411,160.08275033439156,53.46200942993164,127.0,103.0,980.0,27.0,1941.0,68.75,1014.25,19.25,1948.75,103.0,980.0,27.0,1941.0,2663.0,7.0,1462.0,53.0,3024.0,10.0
689,0.7828527652871018,0.0,289265.26890612347,19,243632.64233000705,245003.90821780098,-0.15775356214964675,-0.15301304873447086,-0.15349326715017608,2.1350528334339858,234,114,0.0026145945737994767,0.18339613115503922,0.07356744983768794,1371.265887794012,2274531.775588024,266332.02466583723,1137.265887794012,234.0,2698.0,6878.0,0.0,73.0,28.0,0.0,89,78.31439443380486,114.24246893087827,67.0,86.19158935546875,73.0,527.0,28.0,1063.0,48.25,551.75,19.5,1071.5,73.0,527.0,28.0,1063.0,1630.0,5.0,1022.0,33.0,2699.0,8.0
690,0.8378066284813361,0.0,281176.4929620545,9,247051.00834388932,248047.85274729427,-0.1213667766414972,-0.1178215144010315,-0.11814107867592083,1.7206680364139473,87,44,0.0030596194592145583,0.17365244009466516,0.13931686387400144,996.8444034050568,1819688.8068101134,264386.9660359554,909.8444034050567,87.0,1426.0,3110.0,0.0,24.0,10.0,0.0,33,97.6699026631466,91.54860178691158,80.5,89.5,24.0,91.0,10.0,172.0,17.0,98.0,5.75,176.25,24.0,91.0,10.0,172.0,750.0,2.0,551.0,9.0,823.0,2.0
691,0.7368678160324308,0.0,20647.727577355905,30,17776.588036414887,18167.47894843175,-0.1390535365300809,-0.12012211124115224,-0.12147229748957167,1.9192254638691977,317,136,0.004450792359143152,0.16525748984431826,0.05100772693961698,390.8909120168729,147781.824033746,19250.190612807786,73.890912016873,317.0,4353.0,10694.0,0.0,110.0,41.0,0.0,129,86.9278803200059,188.34191901850738,55.5,163.2452392578125,110.0,1120.0,41.0,2580.0,71.0,1159.0,30.25,2590.75,110.0,1120.0,41.0,2580.0,2554.0,5.0,2076.0,55.0,2895.0,8.0
692,0.9119241319664732,0.0,11132.712586624175,17,9439.190662631494,9629.812119811148,-0.15212122928848693,-0.13499858683307286,-0.1366711246321063,1.987409114187677,150,66,0.004483192186855773,0.17604532603803558,0.07630039087310797,190.6214571796603,81242.9143593206,10219.701844394453,40.6214571796603,150.0,1722.0,6835.0,0.0,54.0,13.0,0.0,61,62.57210810929092,119.47962147547157,38.0,140.0,54.0,255.0,13.0,714.0,38.0,271.0,8.5,718.5,54.0,255.0,13.0,714.0,1715.0,3.0,689.0,17.0,2340.0,4.0
693,0.8268516859530433,0.0,42517.4065480634,6,35128.68654934097,35306.4601114236,-0.17378106047860475,-0.16959986561005913,-0.1700459635654723,1.635213871755232,50,24,0.004505012676053782,0.1906445788664194,0.2462849208595582,177.77356208263896,255547.12416527796,39069.37321461423,127.77356208263897,50.0,425.0,2599.0,0.0,13.0,7.0,0.0,19,57.26018493798901,218.55933538064983,52.0,188.7588348388672,13.0,25.0,7.0,69.0,7.25,30.75,4.75,71.25,13.0,25.0,7.0,69.0,602.0,2.0,179.0,4.0,1193.0,3.0
694,0.8212942323501605,0.0,13422.186178711925,24,10977.477675196385,11192.67590301926,-0.1821393676831079,-0.1661063440789362,-0.16816134122288895,1.5543513274046923,177,77,0.008832205223740884,0.16647170120192967,0.05720442630032455,215.19822782288463,76396.4556457691,12287.51413834616,38.198227822884554,177.0,2110.0,9954.0,0.0,55.0,21.0,0.0,70,86.69077926907593,187.85878819622127,60.0,154.0,55.0,468.0,21.0,1134.0,38.0,485.0,13.25,1141.75,55.0,468.0,21.0,1134.0,2589.0,4.0,684.0,25.0,2195.0,4.0
695,0.8147407940504287,0.0,57175.56171698886,13,43014.29138272465,43335.873597920945,-0.24768047587115172,-0.24205600615823342,-0.24284116437419456,2.0483654076915427,124,63,0.0033862421045309163,0.17901328134283623,0.10175788441142163,321.5822151962834,395164.4303925672,48229.24036267384,197.58221519628358,124.0,1177.0,5375.0,0.0,30.0,18.0,0.0,45,62.292759116719715,166.20195378723676,36.0,133.0271759033203,30.0,139.0,18.0,398.0,21.75,147.25,13.0,403.0,30.0,139.0,18.0,398.0,1328.0,3.0,468.0,10.0,1771.0,7.0
696,0.686975759234341,0.0,62091.47481450961,7,48346.33689568885,48732.35135869224,-0.22136916476670288,-0.21515229740839703,-0.21626655007631745,2.5026543408634443,96,49,0.005381938579455359,0.16980081001944952,0.17504014200662657,386.01446300344315,580028.9260068862,57941.37413786532,290.0144630034431,96.0,1219.0,2309.0,0.0,28.0,12.0,0.0,40,48.581160725162206,138.0356135295499,29.649703979492188,127.0,28.0,96.0,12.0,144.0,19.5,104.5,8.25,147.75,28.0,96.0,12.0,144.0,433.0,2.0,496.0,14.0,1016.0,6.0
697,0.678793175006995,0.0,25214.305827724467,11,20253.47439864421,20499.81407986948,-0.1967466985993942,-0.18697686067847852,-0.18807230768269123,2.5122185498179816,133,69,0.005680564934931272,0.18385990195364443,0.13688283902159346,246.339681225274,226679.36245054772,22557.687354367652,113.33968122527386,133.0,1666.0,3878.0,0.0,37.0,16.0,0.0,48,59.09655183486189,102.55454108114215,39.0,103.5,37.0,153.0,16.0,322.0,27.0,163.0,12.5,325.5,37.0,153.0,16.0,322.0,830.0,3.0,862.0,14.0,1376.0,4.0
698,0.8388406369879565,0.0,171823.76839274677,19,128782.77641554446,129477.62092202815,-0.250494983201749,-0.24645104613190516,-0.24715158676053173,1.7319950910498307,176,88,0.001840728244340958,0.17322269996156395,0.06516848967113965,694.8445064838719,1037689.0129677429,149782.3259329734,518.8445064838714,176.0,1928.0,7648.0,0.0,51.0,18.0,0.0,61,53.92176000086786,159.89190290987383,36.66114807128906,118.5,51.0,285.0,18.0,805.0,35.25,300.75,14.25,808.75,51.0,285.0,18.0,805.0,1959.0,3.0,949.0,25.0,2946.0,6.0
699,0.7175840900365206,0.0,150593.83350623242,23,127320.85183016994,128203.35429548127,-0.1545413987691555,-0.14868124869020283,-0.1491287209240667,2.322042857837881,256,119,0.0028301886625233096,0.17843051456180137,0.05805020565964171,882.5024653114117,1253004.9306228224,134903.29500092973,626.5024653114112,256.0,2665.0,8927.0,0.0,77.0,37.0,0.0,104,67.79949001389534,136.39781856633655,40.0,115.0,77.0,629.0,37.0,1649.0,51.0,655.0,26.0,1660.0,77.0,629.0,37.0,1649.0,2213.0,6.0,918.0,30.0,1863.0,12.0
700,0.7640797786897708,0.0,473575.57478290895,6,410919.6153448795,412916.79736334167,-0.13230403503548815,-0.1280867946945401,-0.12843953518100526,2.2263040297773005,65,33,0.006533443948416918,0.20163443687909963,0.23925703555623046,1997.1820184624648,3864364.0369249294,433943.88022011146,1932.1820184624646,65.0,745.0,2279.0,0.0,19.0,7.0,0.0,26,55.23143915301113,102.40411329714227,37.0,98.13409423828125,19.0,44.0,7.0,86.0,12.75,50.25,4.75,88.25,19.0,44.0,7.0,86.0,599.0,1.0,357.0,5.0,757.0,2.0
701,0.817633153054331,0.0,24344.284008954677,8,19820.319366341515,19960.403157437424,-0.18583272528980888,-0.1800784467476928,-0.18096413963264202,1.425240191756712,73,38,0.004191819548004975,0.1817704622026552,0.15302111993013812,140.0837910959156,134167.5821918312,23534.205491788005,67.0837910959156,73.0,1051.0,2980.0,0.0,24.0,3.0,0.0,27,138.7820224489029,81.91863519597462,106.54874420166016,82.0,24.0,60.0,3.0,128.0,16.0,68.0,2.5,128.5,24.0,60.0,3.0,128.0,683.0,0.0,437.0,12.0,928.0,1.0
702,0.8840712696637364,0.0,198482.794459913,16,166551.789936578,167228.56517165757,-0.16087542807033606,-0.1574656854932973,-0.15786142927306646,1.5566175099698847,124,59,0.0020567840422497717,0.17531019394466046,0.0825568123882109,676.7752350796496,1105550.470159299,177556.5389503886,552.7752350796495,124.0,1389.0,6675.0,0.0,37.0,12.0,0.0,45,75.84900299254808,143.15283170375076,49.2227668762207,130.6819610595703,37.0,171.0,12.0,500.0,24.0,184.0,6.25,505.75,37.0,171.0,12.0,500.0,1806.0,3.0,654.0,14.0,2164.0,4.0
703,0.862096175584008,0.0,15374.943745618402,28,13503.761332541564,13800.143863989426,-0.12170336646663138,-0.10242638332109455,-0.10391125735462148,1.9863511111838736,239,107,0.005572495653973293,0.17328111768146154,0.05221932235216475,296.38253144787586,114765.06289575182,14444.20654656459,57.38253144787591,239.0,3101.0,10945.0,0.0,89.0,15.0,0.0,88,81.75490437121069,202.60993892219977,49.60640335083008,203.92115783691406,89.0,739.0,15.0,1617.0,57.75,770.25,10.0,1622.0,89.0,739.0,15.0,1617.0,2694.0,3.0,1012.0,31.0,2560.0,5.0
704,0.6689089003624608,0.0,158327.86865707758,18,130611.47425697706,131430.53286345315,-0.17505695387166154,-0.16988377360072582,-0.1703626450638226,2.2278521127421533,188,90,0.0027060133890513464,0.17398335478520813,0.07073069267307341,819.0586064761443,1262117.2129522893,141629.37541204333,631.0586064761446,188.0,1832.0,7240.0,0.0,49.0,31.0,0.0,69,78.16843199179799,143.38007963202296,46.484596252441406,113.0,49.0,277.0,31.0,885.0,39.0,287.0,22.5,893.5,49.0,277.0,31.0,885.0,1780.0,8.0,530.0,16.0,1933.0,5.0
705,0.8556302790949625,0.0,147648.81872291688,17,126741.4960813049,127427.70998573005,-0.1416016926003819,-0.1369540841036765,-0.13736379491291484,1.9609271042240308,162,77,0.004919092776500954,0.1695784010215881,0.08672060726492259,686.21390442524,1048427.8088504805,133664.8117352327,524.2139044252402,162.0,1999.0,6569.0,0.0,53.0,15.0,0.0,64,97.26268954191112,163.9207255824782,68.0,130.0,53.0,315.0,15.0,705.0,37.75,330.25,10.25,709.75,53.0,315.0,15.0,705.0,1726.0,6.0,673.0,20.0,2125.0,5.0
706,0.8775702363570691,0.0,46050.56619198105,20,37094.6909221205,37453.883557289126,-0.19447915651078518,-0.18667919518846,-0.18749922338536695,1.8697081218243388,207,94,0.005782992407086429,0.17988420082655512,0.07608399135758934,359.192635168655,304385.27033731015,40699.570535147344,152.19263516865507,207.0,2272.0,7793.0,0.0,76.0,17.0,0.0,84,71.85037752052908,142.22762931838446,57.0,145.26422119140625,76.0,415.0,17.0,1170.0,49.75,441.25,12.5,1174.5,76.0,415.0,17.0,1170.0,1975.0,3.0,1191.0,40.0,2172.0,5.0
707,0.6979206064657499,0.0,312651.632548809,17,269145.60382628057,270629.943062238,-0.13915177211088625,-0.13440419019725047,-0.1347600204414805,2.2202255315793944,205,97,0.0021599541605717633,0.17815836282377276,0.08664259834900562,1484.339235957502,2558678.4719150034,288110.1982120308,1279.3392359575016,205.0,2530.0,6038.0,0.0,64.0,27.0,0.0,78,79.50516807025357,142.71875552117265,55.0,123.0,64.0,373.0,27.0,862.0,41.0,396.0,19.25,869.75,64.0,373.0,27.0,862.0,1491.0,7.0,994.0,32.0,1800.0,8.0
708,0.7302285763975976,0.0,328639.704098009,13,277179.16887959564,279262.2536198776,-0.1565864823291907,-0.15024797631696296,-0.150985418357384,3.073284201773231,185,91,0.005763976308124568,0.1912237658338749,0.09936386489473369,2083.084740282191,3796169.4805643787,308803.97250391415,1898.0847402821894,185.0,1904.0,4648.0,0.0,59.0,22.0,0.0,73,54.81224539123761,110.03888538352243,33.0,83.9293212890625,59.0,287.0,22.0,581.0,38.75,307.25,17.75,585.25,59.0,287.0,22.0,581.0,1081.0,6.0,899.0,21.0,1514.0,9.0
709,0.8164752311274567,0.0,99566.64392513469,6,83189.81323878437,83639.7238195419,-0.16448109568365332,-0.15996240786792437,-0.16082623170243726,1.8931410260028694,70,36,0.002887227019129299,0.20468841088045225,0.22476465817764119,449.910580757584,759821.1615151683,100338.6899178129,379.9105807575841,70.0,747.0,2277.0,0.0,27.0,1.0,0.0,27,83.69616307405396,57.0,35.0,57.0,27.0,46.0,1.0,88.0,16.0,57.0,0.5,88.5,27.0,46.0,1.0,88.0,532.0,0.0,373.0,12.0,761.0,0.0
710,0.8603022412694432,0.0,12894.766543722226,19,10648.272318058405,10834.031368269543,-0.174217518250264,-0.1598117475384574,-0.16114442117284022,1.8478964529696187,144,66,0.002818993448531626,0.1780721421425141,0.06469461234810685,185.7590502111411,83518.10042228227,11299.077430457002,41.75905021114114,144.0,1442.0,8134.0,0.0,42.0,17.0,0.0,54,62.84131313624206,198.86008191068524,35.5,180.0,42.0,250.0,17.0,717.0,32.0,260.0,9.25,724.75,42.0,250.0,17.0,717.0,2146.0,12.0,454.0,13.0,1911.0,8.0
711,0.7838123127024418,0.0,351808.3813652932,24,285773.18663190963,287384.5939392355,-0.1877021646758814,-0.18312180959431024,-0.18374716386999246,2.0896210216635804,271,131,0.0015153945259980181,0.1752858446270096,0.05325771107016108,1611.4073073261675,2680814.614652333,320729.7623420363,1340.4073073261663,271.0,3269.0,8827.0,0.0,79.0,37.0,0.0,104,62.85016284608546,152.32827629933698,44.64881134033203,122.66182708740234,79.0,821.0,37.0,1559.0,54.5,845.5,27.75,1568.25,79.0,821.0,37.0,1559.0,2179.0,10.0,1070.0,31.0,2905.0,9.0
712,0.9053362552879934,0.0,17475.790684446205,27,13966.7505590761,14242.223150757718,-0.20079435538749157,-0.1850312579313751,-0.18715889718361078,1.7160502991877145,221,96,0.004739825467943745,0.1679083462530856,0.044648511247224174,275.4725916816343,108945.18336326849,15871.502049624834,54.47259168163424,221.0,3135.0,10442.0,0.0,87.0,12.0,0.0,80,92.73229188086255,128.3884489157438,59.0,71.0,87.0,611.0,12.0,1447.0,57.25,640.75,8.0,1451.0,87.0,611.0,12.0,1447.0,2604.0,2.0,1221.0,31.0,3248.0,6.0
713,0.895194590537439,0.0,237693.5840022644,23,204845.43818284853,205786.6449747083,-0.138195340683251,-0.1342355922709808,-0.13462428145887217,1.7383466440083668,171,85,0.0012617725114048876,0.17576158113333332,0.05699406388112242,941.2067918597248,1540413.58371945,221534.29366761498,770.2067918597251,171.0,2080.0,9512.0,0.0,54.0,9.0,0.0,60,79.03234351252785,134.08805679335435,43.48039245605469,130.0,54.0,360.0,9.0,957.0,37.75,376.25,7.25,958.75,54.0,360.0,9.0,957.0,2495.0,2.0,434.0,14.0,2310.0,3.0
714,0.7603637899228877,0.0,383867.51973565127,27,287067.4358788791,288843.7470271976,-0.25217055072394023,-0.24754314398334964,-0.2483501899291738,2.239341890801404,283,139,0.0022423230077903466,0.17557537514629748,0.05147339302472315,1776.3111483187085,2986622.2966374196,333426.3415633,1493.31114831871,283.0,2670.0,10938.0,0.0,80.0,37.0,0.0,93,53.61034884403913,161.51387053654406,38.0,129.0,80.0,643.0,37.0,1751.0,60.25,662.75,25.25,1762.75,80.0,643.0,37.0,1751.0,2647.0,8.0,1060.0,29.0,2903.0,10.0
715,0.8479192070904199,0.0,346770.21235313575,5,279857.6945879243,280928.4745945752,-0.19295924327280645,-0.18987137710522317,-0.19033681830081528,1.5762642862346852,46,23,0.0038614728827949746,0.1752059719017078,0.24792151322272407,1070.7800066509453,2049560.0133018906,325066.04875851667,1024.7800066509453,46.0,731.0,1789.0,0.0,13.0,5.0,0.0,16,95.72039313361557,254.71248259288586,36.0,301.2356872558594,13.0,27.0,5.0,35.0,6.75,33.25,4.0,36.0,13.0,27.0,5.0,35.0,357.0,1.0,257.0,5.0,400.0,1.0
716,0.8315864282952621,0.0,202363.88875969156,26,157171.73597848427,158063.7328873177,-0.22332123116527602,-0.21891334537942486,-0.21963594197270564,1.7562444016375307,255,122,0.003091108109598919,0.17538315326972262,0.05595399000394484,891.9969088334042,1273993.817666808,181352.0112119546,636.996908833404,255.0,2418.0,10686.0,0.0,79.0,28.0,0.0,100,75.07677300835267,165.3642136561698,51.0,115.21017456054688,79.0,762.0,28.0,1731.0,50.75,790.25,17.75,1741.25,79.0,762.0,28.0,1731.0,2688.0,9.0,1039.0,34.0,4040.0,9.0
717,0.7512824653615933,0.0,110022.97885229696,7,83713.56839563236,84192.15331778888,-0.23912650549104209,-0.2347766421520482,-0.23548389008604353,2.03141284472603,88,45,0.004848956225518667,0.1812597619122218,0.1894358571506878,478.5849221565612,781169.8443131221,96136.27362123871,390.58492215656105,88.0,958.0,2570.0,0.0,28.0,8.0,0.0,33,79.81314833229742,132.40992268866873,49.5,130.71929931640625,28.0,65.0,8.0,130.0,17.5,75.5,4.75,133.25,28.0,65.0,8.0,130.0,598.0,3.0,626.0,14.0,976.0,3.0
718,0.835692749355721,0.0,268551.7948443059,5,244623.3119157461,245546.45073879568,-0.0891019288939493,-0.08566445857808425,-0.08596352215932324,1.7221957688856973,45,24,0.0028631530392616315,0.21401404598092272,0.22509174416737374,923.1388230497116,1756277.646099424,254947.44526572878,878.138823049712,45.0,676.0,1844.0,0.0,14.0,2.0,0.0,16,60.90052554344208,174.5,48.5,174.5,14.0,22.0,2.0,42.0,9.5,26.5,1.5,42.5,14.0,22.0,2.0,42.0,528.0,2.0,166.0,5.0,406.0,0.0
719,0.7766908945310448,0.0,49468.73639691257,20,37295.95366169239,37622.649610849796,-0.2460702177139077,-0.2394661284859928,-0.2406271146972101,1.6745259257398684,178,84,0.0025536949533857298,0.1791479285026383,0.07310397719111679,326.6959491574497,297391.8983148993,44399.41683546948,148.69594915744966,178.0,2182.0,7879.0,0.0,49.0,25.0,0.0,69,76.1421596212173,151.35173245518868,51.16819381713867,126.60435485839844,49.0,380.0,25.0,925.0,32.75,396.25,15.5,934.5,49.0,380.0,25.0,925.0,1876.0,8.0,790.0,26.0,2173.0,5.0
720,0.7756239909324246,0.0,110478.59371452124,24,87239.59161689246,87896.99546414064,-0.21034846042373423,-0.2043979515953278,-0.20505207927618507,2.0782428578725294,256,118,0.0034877947070909203,0.17820524931187445,0.05624138270115567,657.4038472481487,802807.694496297,96572.89226992954,401.4038472481485,256.0,2734.0,9349.0,0.0,76.0,38.0,0.0,100,75.19190585321128,171.77102680389288,36.5,128.0,76.0,643.0,38.0,1642.0,49.25,669.75,26.5,1653.5,76.0,643.0,38.0,1642.0,2213.0,7.0,1024.0,25.0,2871.0,10.0
721,0.794260581365872,0.0,484967.7407452304,23,424382.95067427173,426823.68396366184,-0.12492540220893966,-0.11989262768740228,-0.12035308212976215,2.4124067941753005,263,126,0.002026142789522378,0.16291622810932288,0.058401456518823745,2440.733289390008,4355466.578780013,451361.1250490781,2177.7332893900066,263.0,3009.0,8583.0,0.0,80.0,34.0,0.0,99,55.610566075045334,117.8122748592038,33.0,98.48948669433594,80.0,731.0,34.0,1432.0,57.25,753.75,22.75,1443.25,80.0,731.0,34.0,1432.0,2068.0,7.0,1227.0,36.0,3091.0,20.0
722,0.8960986058583045,0.0,17310.196558605112,20,14520.085018886375,14744.353261000273,-0.16118312292252612,-0.1482272768491082,-0.1493956631153266,1.8462462548219711,167,74,0.0062942656945012,0.17526071296613852,0.0672438337430183,224.26824211391528,114536.4842278307,15509.372588933858,57.268242113915356,167.0,1955.0,8125.0,0.0,54.0,19.0,0.0,68,77.2463080808021,165.97641731021812,66.5,124.0,54.0,369.0,19.0,918.0,36.0,387.0,10.0,927.0,54.0,369.0,19.0,918.0,2116.0,2.0,576.0,17.0,2402.0,4.0
723,0.9100395824280085,0.0,48396.50881567081,12,35752.71777929727,35916.82501736249,-0.26125419675477646,-0.25786330674884117,-0.25838302932861035,1.1887225968542807,66,35,0.0005651742715047421,0.17854613742266975,0.10287577619708803,164.10723806521762,196214.47613043533,41265.82531737811,98.10723806521767,66.0,751.0,5297.0,0.0,13.0,6.0,0.0,19,73.15365064895106,273.8493161415665,52.0,298.76910400390625,13.0,47.0,6.0,162.0,10.75,49.25,3.5,164.5,13.0,47.0,6.0,162.0,1362.0,2.0,256.0,5.0,1217.0,3.0
724,0.9419232927054897,0.0,88376.94210820051,22,72438.0666385892,72880.1717971431,-0.18035106317773741,-0.17534856877130467,-0.1761055858336843,1.564540710909882,187,91,0.0011888396698470803,0.17259293743713802,0.0646604204996609,442.10515855394783,510210.3171078953,81527.17176838033,255.10515855394763,187.0,2327.0,8761.0,0.0,64.0,10.0,0.0,66,76.66606324177744,218.62726800673818,45.16276550292969,217.14938354492188,64.0,499.0,10.0,879.0,43.0,520.0,5.5,883.5,64.0,499.0,10.0,879.0,2369.0,5.0,1153.0,31.0,2959.0,1.0
725,0.5080223577836157,0.0,116816.05489296411,24,86054.14825829667,86783.1687313466,-0.26333629108476464,-0.2570955352766875,-0.2580552338459252,2.1777686183915663,291,139,0.004127742960832111,0.17266053280263938,0.06279533277504033,729.0204730500735,876040.9461001474,100566.34790099564,438.02047305007375,291.0,3388.0,8708.0,0.0,62.0,66.0,0.0,114,78.4698742344546,97.41219846345754,47.5,85.5,62.0,822.0,66.0,1786.0,42.25,841.75,45.0,1807.0,62.0,822.0,66.0,1786.0,1954.0,9.0,1189.0,29.0,2645.0,14.0
726,0.8295275202326676,0.0,222545.1516672464,29,186704.02145266216,187797.73376236885,-0.16105104939861625,-0.15613648576281958,-0.15666926739771336,1.9408955174468145,301,148,0.0029623515819818167,0.17921223513037723,0.048717146383571296,1093.7123097066499,1585424.6194132983,204213.03016595056,792.7123097066492,301.0,3450.0,11166.0,0.0,101.0,23.0,0.0,107,80.5050544540846,126.87222782000102,54.0,78.0,101.0,890.0,23.0,2089.0,71.25,919.75,18.0,2094.0,101.0,890.0,23.0,2089.0,2841.0,8.0,1543.0,57.0,3256.0,8.0
727,0.8029159743689409,0.0,42613.185457937194,14,35338.430653950556,35698.49296542782,-0.17071605245675503,-0.1622665008072387,-0.16311010321054908,2.365960967577776,178,90,0.003067326155668901,0.1778035586055196,0.1027403926715481,360.0623114772741,364124.6229545483,38475.34130363654,182.06231147727414,178.0,1625.0,5431.0,0.0,58.0,16.0,0.0,68,52.835573384683315,130.35563111496066,41.227684020996094,119.0,58.0,252.0,16.0,626.0,39.5,270.5,12.5,629.5,58.0,252.0,16.0,626.0,1346.0,6.0,827.0,29.0,1547.0,7.0
728,0.6219462604619402,0.0,91996.06621283709,27,80623.7945802494,81429.03761193223,-0.12361693386190464,-0.11486391794685602,-0.11540229508395394,2.7406809401995305,344,163,0.003974235345855924,0.17295080120660397,0.048963659054114116,805.2430316829025,922486.0633658044,84147.5242370464,461.2430316829022,344.0,3545.0,10063.0,0.0,99.0,55.0,0.0,137,65.8164107946853,145.50004135911348,42.075504302978516,120.21117401123047,99.0,1155.0,55.0,2390.0,70.0,1184.0,35.0,2410.0,99.0,1155.0,55.0,2390.0,2539.0,17.0,1147.0,29.0,3144.0,18.0
729,0.7206576394946432,0.0,227095.2325111801,27,176503.63100560827,177669.12762740866,-0.2227770303503891,-0.21764483708982374,-0.21834898344435483,2.207596109071318,288,142,0.001969345586202034,0.17631464486467968,0.04892782511590815,1165.4966218005575,1754993.243601117,198744.82886493675,877.4966218005585,288.0,3139.0,10469.0,0.0,82.0,37.0,0.0,99,60.86977683404902,134.2393827718422,45.21192169189453,101.0,82.0,695.0,37.0,1859.0,62.0,715.0,27.5,1868.5,82.0,695.0,37.0,1859.0,2464.0,13.0,1497.0,32.0,3714.0,9.0
730,0.7000308500563186,0.0,15716.689555318644,16,12976.052624468859,13208.562931511,-0.1743774935048159,-0.15958364609669828,-0.16126420454509982,2.2815335206149245,166,69,0.006985200292998934,0.18062486221712648,0.09883244518346014,232.51030704214568,133020.61408429107,14575.79002043755,66.51030704214554,166.0,1924.0,6119.0,0.0,55.0,26.0,0.0,75,81.88895957063538,157.76541748515075,63.0,131.5,55.0,314.0,26.0,800.0,32.25,336.75,17.25,808.75,55.0,314.0,26.0,800.0,1460.0,4.0,691.0,19.0,1506.0,4.0
731,0.8698480649831715,0.0,11827.154216358866,25,9412.817173895188,9688.04244898333,-0.2041350774917824,-0.18086445211112567,-0.1842032980990208,2.0340039617406482,232,99,0.005427203567711401,0.18380349698907336,0.05852806597011862,275.2252750881432,86450.55017628598,10625.661478838005,43.22527508814299,232.0,2489.0,10036.0,0.0,87.0,21.0,0.0,88,68.14735896019533,208.20341171470696,41.0,215.0,87.0,645.0,21.0,1435.0,61.5,670.5,14.75,1441.25,87.0,645.0,21.0,1435.0,2599.0,6.0,1173.0,43.0,2906.0,6.0
732,0.8743520907091099,0.0,45658.037576554954,9,32564.768129912158,32841.31656999439,-0.2867681166692563,-0.280711166901791,-0.2818702175480535,2.1474100981171973,107,56,0.0023163460968356276,0.18926839824399183,0.1304888881084984,276.54844008225643,339096.8801645128,39477.42451032357,169.5484400822564,107.0,981.0,3555.0,0.0,32.0,10.0,0.0,39,59.329141183328474,133.08382278288846,41.5,133.75755310058594,32.0,73.0,10.0,236.0,22.25,82.75,7.75,238.25,32.0,73.0,10.0,236.0,843.0,2.0,451.0,19.0,1445.0,3.0
733,0.8052933630650633,0.0,365018.7011965443,12,304659.3949316484,306354.73307355813,-0.16535948998513206,-0.16071496592005718,-0.16111149644582623,2.3586778028878874,143,67,0.0026175775745429144,0.18349490045863867,0.11882530181854213,1695.3381419098596,3104676.283819718,329069.56177084194,1552.338141909859,143.0,1631.0,4417.0,0.0,47.0,17.0,0.0,59,90.4921865778974,111.5245609666318,64.48271942138672,88.0,47.0,210.0,17.0,434.0,31.75,225.25,10.75,440.25,47.0,210.0,17.0,434.0,1040.0,5.0,729.0,22.0,1666.0,5.0
734,0.671226327509412,0.0,67863.54353305187,27,60750.99358268259,61291.55839893666,-0.10480663961947734,-0.09684117262333092,-0.09721669597973093,2.0400746074462,284,137,0.002976914883266962,0.16981070194674192,0.053427582975060325,540.5648162540975,513129.63250819466,62881.23368568111,256.5648162540973,284.0,3369.0,10239.0,0.0,70.0,50.0,0.0,106,76.58658631780744,139.5342847439393,48.0,132.0422821044922,70.0,779.0,50.0,1963.0,45.0,804.0,34.5,1978.5,70.0,779.0,50.0,1963.0,2501.0,13.0,1102.0,23.0,2806.0,16.0
735,0.5269561952265739,0.0,51210.110764884324,27,39107.084732548,39650.025689054746,-0.23634055563565748,-0.22573833376194397,-0.2272602010563628,2.3145434756452037,333,153,0.003797888926572929,0.17710036712297525,0.04625522552352529,542.9409565067962,419881.91301359225,45352.562765811264,209.94095650679614,333.0,3142.0,10466.0,0.0,86.0,67.0,0.0,134,66.17791917363745,130.165075133702,47.5,113.0,86.0,903.0,67.0,2562.0,59.75,929.25,46.0,2583.0,86.0,903.0,67.0,2562.0,2412.0,18.0,1382.0,41.0,3177.0,20.0
736,0.686205076209601,0.0,42190.47115618451,12,31890.563014723524,32216.243547479924,-0.24412877740406957,-0.2364094862032018,-0.23762246497971284,2.339790475269626,150,76,0.003467031264354887,0.17313111345318366,0.12362685387052517,325.68053275641364,351361.06551282725,37541.93689846717,175.68053275641364,150.0,1421.0,4627.0,0.0,39.0,23.0,0.0,60,61.16766547029871,149.42633882019155,44.1175422668457,124.78935241699219,39.0,182.0,23.0,476.0,27.25,193.75,14.25,484.75,39.0,182.0,23.0,476.0,1100.0,5.0,811.0,19.0,1204.0,6.0
737,0.8249718549330662,0.0,13885.352887919955,29,12436.853822660752,12767.331810582964,-0.10431849135929228,-0.08051801681681792,-0.08167526986379137,2.09624409466598,276,123,0.004957287480520126,0.1674650550973006,0.05008442475653253,330.47798792221664,108955.97584443292,12994.18995641753,54.477987922216464,276.0,3623.0,10947.0,0.0,91.0,33.0,0.0,114,77.41617870604772,166.18904812435926,43.0,151.0,91.0,914.0,33.0,2257.0,65.5,939.5,20.0,2270.0,91.0,914.0,33.0,2257.0,2730.0,7.0,1318.0,25.0,2715.0,8.0
738,0.6484254768357787,0.0,60612.85479581835,12,44288.06722147409,44673.54707670942,-0.26932880210536625,-0.2629690974431478,-0.2640013276917381,2.398677047232055,136,66,0.004781144793510232,0.19513602185824386,0.10836389346144146,385.4798552353694,498959.7104707389,52003.63582151584,249.47985523536946,136.0,1241.0,4807.0,0.0,36.0,22.0,0.0,55,55.529500803152274,139.12746183906356,33.5,120.42809295654297,36.0,157.0,22.0,445.0,23.25,169.75,15.5,451.5,36.0,157.0,22.0,445.0,1215.0,8.0,616.0,12.0,1362.0,9.0
739,0.7944367294530376,0.0,44196.852940535435,14,35948.4918467068,36189.50680890256,-0.18662779236626592,-0.18117457689592387,-0.181871455860233,1.5980842260484631,114,57,0.003823633175252933,0.17747258764548954,0.10057955214321297,241.01496219576836,254029.92439153686,39739.75843245593,127.01496219576843,114.0,1236.0,5820.0,0.0,28.0,15.0,0.0,39,90.85524623878317,159.9760528717393,47.45672607421875,118.65180969238281,28.0,139.0,15.0,364.0,18.75,148.25,10.5,368.5,28.0,139.0,15.0,364.0,1550.0,1.0,300.0,5.0,1610.0,5.0
740,0.7591655372638534,0.0,26245.894638536203,16,23108.13471945851,23406.164649771694,-0.11955240856871374,-0.10819711150539346,-0.10922486640599138,1.999800999843437,198,89,0.006205273861172529,0.18432108374673797,0.11347829937090026,298.0299303131792,200059.86062635845,25009.971072374326,100.02993031317922,198.0,1952.0,6086.0,0.0,58.0,35.0,0.0,88,65.21375395013379,135.93783080280747,39.5,111.10552215576172,58.0,404.0,35.0,906.0,35.75,426.25,24.0,917.0,58.0,404.0,35.0,906.0,1418.0,9.0,1145.0,38.0,2164.0,9.0
741,0.8005489601015572,0.0,32342.69959276962,26,25960.209897705234,26324.321225036478,-0.19733942359255696,-0.1860815096918682,-0.18752012135109308,2.0973649863219315,243,113,0.0038889676355914195,0.17625255965858305,0.05034369649263499,364.111327331263,242222.65466252604,28872.258314860905,121.11132733126303,243.0,2956.0,10148.0,0.0,74.0,30.0,0.0,89,87.33372299591085,111.27367449179476,53.319664001464844,111.46449279785156,74.0,729.0,30.0,1481.0,48.0,755.0,18.5,1492.5,74.0,729.0,30.0,1481.0,2614.0,4.0,850.0,24.0,2796.0,15.0
742,0.9322907389403486,0.0,419496.912685901,24,358425.2202950294,359874.92456127197,-0.1455831748554467,-0.1421273585612085,-0.14247505985781184,1.6245366608030332,198,97,0.0019741214711918053,0.1729250212206254,0.058236905680496866,1449.7042662429453,2503408.53248589,385249.6211517346,1251.704266242945,198.0,2322.0,9774.0,0.0,68.0,9.0,0.0,70,70.11719130175366,162.1714971153659,45.160804748535156,115.60503387451172,68.0,496.0,9.0,1107.0,46.75,517.25,8.0,1108.0,68.0,496.0,9.0,1107.0,2420.0,1.0,1100.0,31.0,2869.0,1.0
743,0.8560956884269099,0.0,109172.47918237274,27,98587.27668792296,99263.76566079607,-0.09695852447178732,-0.09076200884862351,-0.09109374685394822,1.9849614719614865,270,125,0.002304044560846081,0.1780494815048874,0.05387107606674737,676.4889728731666,812977.9457463336,102392.15687936882,406.4889728731668,270.0,3510.0,10098.0,0.0,90.0,28.0,0.0,106,80.91328416333202,110.18005268920412,51.0,89.83154296875,90.0,897.0,28.0,1847.0,57.75,929.25,19.5,1855.5,90.0,897.0,28.0,1847.0,2677.0,9.0,1582.0,35.0,3254.0,8.0
744,0.9222101667488265,0.0,190810.57146106166,12,160580.8669254681,161064.7620185435,-0.15842782873150452,-0.1558918314365425,-0.15614171835216506,1.1930530707943952,85,40,0.003461372408357256,0.16930721938906687,0.1199678476705063,483.8950930754038,797790.1861508078,167174.077516015,398.8950930754039,85.0,1016.0,5032.0,0.0,29.0,4.0,0.0,31,107.50279528920709,123.2203132943065,63.0532341003418,145.5,29.0,88.0,4.0,251.0,14.25,102.75,2.75,252.25,29.0,88.0,4.0,251.0,1299.0,1.0,686.0,18.0,2284.0,1.0
745,0.9143391266722181,0.0,345739.6843832346,27,278594.4610722477,279950.38949930685,-0.1942074524385805,-0.19028563354330974,-0.19083303228740167,1.8027074486704622,221,106,0.0015337534105879986,0.17849707143700377,0.053906145263601754,1355.9284270593664,2269856.8541187323,314784.41715443117,1134.9284270593662,221.0,2546.0,11062.0,0.0,71.0,17.0,0.0,73,61.67606626423071,163.96895133490287,46.0,112.0,71.0,589.0,17.0,1294.0,51.5,608.5,13.5,1297.5,71.0,589.0,17.0,1294.0,2781.0,3.0,754.0,22.0,3322.0,4.0
746,0.7758362655747788,0.0,45046.769284331924,25,33056.051535958446,33427.71232040861,-0.2661837450026425,-0.25793319140346505,-0.2592314130147466,1.7291630326891811,238,111,0.0032783494763125886,0.17730435513832174,0.04979871668961723,371.6607844501714,267321.5689003429,38648.982751586824,133.66078445017146,238.0,2812.0,9779.0,0.0,67.0,35.0,0.0,90,70.49912993870448,140.57976173529264,53.0,128.69091796875,67.0,535.0,35.0,1612.0,39.5,562.5,22.75,1624.25,67.0,535.0,35.0,1612.0,2484.0,11.0,1123.0,26.0,3516.0,14.0
747,0.8567758019377372,0.0,177842.05325871095,20,139935.9760468294,140622.0236287589,-0.2131446219682288,-0.20928699904182502,-0.20982836021468132,1.65692269211833,169,86,0.002497069043526746,0.18824011586738987,0.062254060432936714,686.0475819294402,1034095.1638588799,156026.46532301663,517.04758192944,169.0,1608.0,8472.0,0.0,51.0,12.0,0.0,58,67.63803683464857,151.33680647746516,40.06163024902344,113.96115112304688,51.0,316.0,12.0,781.0,36.0,331.0,9.75,783.25,51.0,316.0,12.0,781.0,2137.0,3.0,632.0,21.0,3182.0,5.0
748,0.7325915729137844,0.0,29585.852779843564,17,26221.89972933743,26505.323628163707,-0.11370140572043774,-0.10412169541310567,-0.10482955627683921,1.9258613882144702,177,83,0.003915695570136387,0.17523233896364765,0.07728874872855089,283.42389882628294,212847.79765256576,27630.207313349794,106.42389882628288,177.0,1941.0,6622.0,0.0,54.0,23.0,0.0,72,70.14317558968104,179.11725707135932,53.0,146.53945922851562,54.0,370.0,23.0,775.0,36.0,388.0,13.5,784.5,54.0,370.0,23.0,775.0,1686.0,4.0,637.0,19.0,2353.0,6.0
749,0.8308292058388793,0.0,128305.34301267321,26,112634.70684518374,113320.37853428691,-0.12213549178494942,-0.11679142993215941,-0.11722679786326062,1.8574874772875625,243,116,0.002404493670332833,0.17359906068969924,0.0527727003659119,685.6716891032403,885343.3782064813,119158.72772118547,442.6716891032407,243.0,3180.0,9924.0,0.0,82.0,19.0,0.0,90,78.32509987222161,153.0375080882179,57.5,114.3192367553711,82.0,702.0,19.0,1537.0,56.5,727.5,13.75,1542.25,82.0,702.0,19.0,1537.0,2628.0,5.0,1456.0,33.0,3418.0,8.0
750,0.6805502993950893,0.0,87381.2328079448,16,72908.16574240351,73401.72651836113,-0.16563129862623538,-0.15998293730084157,-0.16055572631314097,1.9812347793748786,174,88,0.0037784806986212414,0.16624659855829604,0.09075942799698226,493.56077595766527,639121.5519153303,80646.87216385666,319.56077595766516,174.0,1978.0,6086.0,0.0,46.0,24.0,0.0,67,83.11344097621786,132.24440383982505,64.5,122.04430389404297,46.0,251.0,24.0,751.0,32.25,264.75,17.75,757.25,46.0,251.0,24.0,751.0,1430.0,3.0,744.0,21.0,2099.0,7.0
751,0.8496347493623904,0.0,229101.928711284,10,178620.66225362994,179189.98468653948,-0.22034413565007982,-0.2178591175792498,-0.2181599775690276,1.2723309218763605,71,36,0.0017239007825435105,0.18774864374730746,0.13624878628903025,569.3224329095688,996644.8658191374,195830.5124639553,498.3224329095687,71.0,671.0,4369.0,0.0,13.0,12.0,0.0,25,105.0524049851274,160.7873113161712,71.0,149.737060546875,13.0,42.0,12.0,183.0,10.25,44.75,5.25,189.75,13.0,42.0,12.0,183.0,1069.0,3.0,75.0,4.0,1278.0,3.0
752,0.9296647834149943,0.0,84775.80402511347,13,67357.4517722804,67713.30199266408,-0.20546372226293674,-0.20126617763949362,-0.20185460211287598,1.570720175055667,116,56,0.0050020096562765366,0.19009078825025957,0.0983491600347965,355.8502203837329,479700.4407674658,76350.39779610411,239.8502203837329,116.0,1369.0,5183.0,0.0,37.0,10.0,0.0,44,113.53787080673187,150.01219697237826,65.0,133.68362426757812,37.0,147.0,10.0,378.0,22.5,161.5,4.75,383.25,37.0,147.0,10.0,378.0,1315.0,2.0,524.0,21.0,1675.0,3.0
753,0.7659277501600317,0.0,68319.69994379274,20,59023.49751073741,59498.052001251,-0.1360691343888133,-0.12912304869312063,-0.12958436885465907,2.007980016390129,224,106,0.003734511124511797,0.173972640464847,0.07119756840760172,474.55449051361063,501108.9810272213,62389.687264928085,250.55449051361066,224.0,2859.0,7214.0,0.0,62.0,36.0,0.0,91,92.58943994768966,157.68663873026304,66.0,135.99246215820312,62.0,583.0,36.0,1138.0,40.75,604.25,19.0,1155.0,62.0,583.0,36.0,1138.0,1809.0,7.0,1423.0,28.0,1658.0,5.0
754,0.9088299029456347,0.0,67997.14504862476,29,53962.070806097785,54409.26829042699,-0.2064068165287013,-0.19983010681523583,-0.20086375689815628,1.642944845561301,244,116,0.0026381133284657863,0.17580568852644388,0.04326816414256075,447.19748432926923,406394.96865853906,61839.41137106416,203.19748432926954,244.0,3178.0,11438.0,0.0,88.0,11.0,0.0,85,76.10194181754807,198.61508226904616,38.5,139.9976806640625,88.0,783.0,11.0,1583.0,56.25,814.75,6.25,1587.75,88.0,783.0,11.0,1583.0,2951.0,3.0,1222.0,25.0,3920.0,3.0
755,0.7592198546568811,0.0,49882.09720915045,17,45291.41826545888,45675.09597507701,-0.09203059214698472,-0.08433890051643023,-0.08475854434745755,2.2093464301030394,179,87,0.0029337585511909005,0.17902348676250895,0.08385325428348078,383.6777096181415,409355.41923628317,46320.87273171456,204.6777096181416,179.0,2147.0,6421.0,0.0,57.0,18.0,0.0,66,63.894745295990134,167.16536880713699,40.0,154.0,57.0,342.0,18.0,705.0,41.75,357.25,8.75,714.25,57.0,342.0,18.0,705.0,1708.0,7.0,1070.0,23.0,2136.0,8.0
756,0.8265335685807242,0.0,212958.21819456833,9,157964.19317203813,158657.05040668717,-0.2582385666482482,-0.25498507758112976,-0.2555715765342088,1.603644381316666,94,49,0.0022810082561623628,0.1833448374056172,0.16944963532879148,692.857234649179,1197714.4692983583,186717.59201297787,598.8572346491792,94.0,753.0,3783.0,0.0,25.0,11.0,0.0,36,62.02064033517534,192.34137429123345,45.0,101.0,25.0,59.0,11.0,229.0,19.0,65.0,5.5,234.5,25.0,59.0,11.0,229.0,944.0,3.0,252.0,14.0,1312.0,4.0
757,0.6895943900463314,0.0,27356.78606207818,6,27182.374390020414,27393.82879558807,-0.006375444529996721,0.0013540601379793404,0.0013765263352414348,2.711869722098814,67,35,0.005099724182235878,0.19207845918247082,0.24426195673777534,211.4544055676673,288908.81113533454,26633.728823792608,144.45440556766727,67.0,560.0,2464.0,0.0,21.0,5.0,0.0,26,69.21251492188026,77.05807844592937,44.0,38.26973342895508,21.0,30.0,5.0,100.0,15.5,35.5,3.0,102.0,21.0,30.0,5.0,100.0,655.0,1.0,198.0,8.0,630.0,4.0
758,0.7191216304009608,0.0,352297.60010055284,12,298156.5237854709,299880.72784867126,-0.15367994644195404,-0.14878577724321917,-0.14916648663668752,2.468358061784317,138,71,0.0030182126929653424,0.1915330757946637,0.12468381187545197,1724.2040632005303,3172408.12640106,321307.5298431178,1586.2040632005298,138.0,1798.0,4250.0,0.0,37.0,18.0,0.0,53,72.5520573716246,111.02989692388115,63.90526580810547,95.15289306640625,37.0,175.0,18.0,406.0,28.25,183.75,13.75,410.25,37.0,175.0,18.0,406.0,1022.0,7.0,648.0,15.0,1115.0,9.0
759,0.771142577402498,0.0,18005.932810519174,13,13774.52901109402,13968.6849393689,-0.23500053254409248,-0.22421764613004047,-0.22560288524243455,2.1347252775622834,128,61,0.003397534965277227,0.19012096787280788,0.10060895600373017,194.15592827489402,132311.85654978803,15495.18548598435,66.15592827489402,128.0,1574.0,4978.0,0.0,41.0,13.0,0.0,51,75.33745395920612,138.5642491587347,57.0,134.0,41.0,151.0,13.0,458.0,26.5,165.5,9.25,461.75,41.0,151.0,13.0,458.0,1212.0,3.0,526.0,11.0,1612.0,6.0
760,0.8270320663387807,0.0,123794.64597458413,26,96418.39429245408,97075.1927607209,-0.22114245302458868,-0.21583690476685802,-0.21672248935829086,1.7814502732733941,262,120,0.0020096927915849334,0.17668864368520482,0.05788840550290492,656.7984682668172,789596.936533635,110808.1640531509,394.7984682668175,262.0,2762.0,10337.0,0.0,89.0,27.0,0.0,105,74.00024549129745,153.9866766445428,41.0,103.0,89.0,765.0,27.0,1847.0,57.75,796.25,16.5,1857.5,89.0,765.0,27.0,1847.0,2612.0,7.0,1118.0,47.0,3299.0,5.0
761,0.7754587909633708,0.0,101144.75936987106,20,84328.08927611404,84893.47255969146,-0.16626338525618511,-0.16067354266720923,-0.16104951156156733,2.041853498611464,201,97,0.002544813129074614,0.1677645524144105,0.06667823158782642,565.383283577469,728766.5671549382,89228.55724596874,364.3832835774691,201.0,2315.0,7765.0,0.0,61.0,23.0,0.0,80,78.69890244761896,224.40570618557751,39.0,246.3465576171875,61.0,372.0,23.0,1144.0,40.5,392.5,14.25,1152.75,61.0,372.0,23.0,1144.0,1987.0,8.0,891.0,30.0,2391.0,6.0
762,0.8863398708564323,0.0,47178.26592144999,19,37196.73182138975,37489.825492190655,-0.2115706015282357,-0.20535812921547847,-0.20613489919797623,1.6663443712296335,156,76,0.0015112686490863182,0.178154546903754,0.06956235358789847,293.0936708009395,274187.341601879,41136.05601817316,137.0936708009395,156.0,1600.0,7968.0,0.0,42.0,19.0,0.0,55,62.97674707865142,169.58853166454824,35.55821228027344,142.0,42.0,264.0,19.0,719.0,30.5,275.5,13.5,724.5,42.0,264.0,19.0,719.0,2079.0,2.0,608.0,16.0,2297.0,3.0
763,0.7594649414935535,0.0,314189.87036786706,8,241051.27470998716,242314.94954689188,-0.23278470299582243,-0.22876269288001205,-0.22907651101721638,2.2279768596031624,93,49,0.0019437649323549632,0.1869699374720666,0.1535387044227863,1263.6748369049542,2341349.673809909,262721.4981742382,1170.6748369049544,93.0,836.0,3196.0,0.0,20.0,16.0,0.0,34,49.38639859497452,173.0566591926439,33.5,163.01644897460938,20.0,48.0,16.0,188.0,15.75,52.25,12.75,191.25,20.0,48.0,16.0,188.0,786.0,7.0,531.0,10.0,1422.0,8.0
764,0.8437184564616403,0.0,440578.40412943217,19,380627.8452699255,382473.27667314885,-0.13607239550918737,-0.13188373944723197,-0.13232430953723684,2.025538205020724,189,95,0.0038291764856394463,0.1837395633375627,0.07523937010917067,1845.4314032232671,3312862.806446533,408886.73418192053,1656.4314032232667,189.0,1917.0,7659.0,0.0,56.0,19.0,0.0,66,61.961426738741224,122.18065942978733,26.5,116.96308898925781,56.0,338.0,19.0,841.0,41.25,352.75,12.5,847.5,56.0,338.0,19.0,841.0,1912.0,5.0,960.0,21.0,2452.0,7.0
765,0.8499548412930774,0.0,72791.65464664079,13,59283.328854004656,59639.12071145319,-0.18557519894568741,-0.18068738784734528,-0.18127415630187427,1.850539879554119,115,56,0.002393006096798136,0.17148547261153724,0.0918617330262383,355.7918574485623,481583.7148971249,65059.89417168908,240.79185744856247,115.0,1016.0,5536.0,0.0,34.0,12.0,0.0,42,63.454124578947415,209.3198831637957,39.66223907470703,218.8365478515625,34.0,115.0,12.0,385.0,22.25,126.75,10.0,387.0,34.0,115.0,12.0,385.0,1470.0,1.0,319.0,9.0,1863.0,3.0
766,0.8549284561051542,0.0,239684.44463054184,18,204659.94324758486,205832.2527763328,-0.14612755298719948,-0.14123649912446345,-0.14157770185811613,2.305776538099526,182,91,0.001961344245168696,0.17035517496832336,0.07665291322683895,1172.3095287480771,1980619.0574961537,214745.33901804566,990.3095287480769,182.0,1781.0,7291.0,0.0,54.0,19.0,0.0,65,73.805792006185,173.33705899127585,37.5,138.0,54.0,281.0,19.0,816.0,38.5,296.5,13.75,821.25,54.0,281.0,19.0,816.0,1755.0,5.0,564.0,14.0,1761.0,9.0
767,0.8226541812097579,0.0,25156.981594389898,29,22307.613196268358,22674.736361242663,-0.11326352437913134,-0.09867023290666888,-0.09983153813537238,2.0932354651288763,268,114,0.004890876548588024,0.1722608976656615,0.05059391744220662,367.12316497432914,198246.32994865824,23677.022156756335,99.12316497432913,268.0,3285.0,11320.0,0.0,90.0,35.0,0.0,104,79.90370265471633,127.11769823318326,55.5,130.0,90.0,861.0,35.0,2026.0,56.25,894.75,23.5,2037.5,90.0,861.0,35.0,2026.0,2799.0,7.0,1132.0,29.0,3433.0,15.0
768,0.851913028759783,0.0,23386.23130785506,13,17931.387000892726,18111.208428025384,-0.2332502503355528,-0.22556104959322287,-0.22685615850715957,1.7558782529168122,107,53,0.003051990388776694,0.18271830481050833,0.1054937150714741,179.82142713265765,145642.85426531528,20736.468206633595,72.82142713265765,107.0,1215.0,5337.0,0.0,31.0,10.0,0.0,39,65.22633744433357,141.59625834092398,56.0,89.56809997558594,31.0,121.0,10.0,345.0,20.25,131.75,7.5,347.5,31.0,121.0,10.0,345.0,1406.0,2.0,401.0,12.0,1911.0,5.0
769,0.8375597607371501,0.0,14705.95217480785,17,12716.92948584282,12911.733309588833,-0.13525290068414209,-0.12200630356275854,-0.12306126694536434,1.7866589896944187,146,63,0.00664570311683839,0.1784697467453939,0.08283216737211363,194.80382374601828,97607.64749203635,13657.845181291517,48.803823746018175,146.0,1793.0,6748.0,0.0,52.0,14.0,0.0,59,86.32206149636167,203.2808096417711,56.0,213.70901489257812,52.0,233.0,14.0,702.0,33.75,251.25,7.75,708.25,52.0,233.0,14.0,702.0,1785.0,3.0,854.0,23.0,2316.0,5.0
770,0.8978950853091443,0.0,14057.92727265481,7,11811.456223569838,11901.592072069874,-0.15980101515070155,-0.15338926989467316,-0.15413851467114947,1.5941818582574103,50,27,0.0008612189945493986,0.1936991491733927,0.17379335899665965,90.13584850003981,80271.69700007961,12588.227714469176,40.135848500039806,50.0,418.0,3110.0,0.0,12.0,4.0,0.0,15,88.93306972935436,159.75,44.44287872314453,151.0,12.0,27.0,4.0,62.0,10.25,28.75,2.75,63.25,12.0,27.0,4.0,62.0,773.0,2.0,96.0,3.0,864.0,1.0
771,0.8864539112052738,0.0,246874.46006797056,11,206818.3980290453,207675.82800622546,-0.16225275805320993,-0.15877961637243787,-0.15923694811047717,1.670935222575857,91,46,0.0039030570048414147,0.18603564366778233,0.11972906311242222,857.4299771801543,1532859.9543603088,229341.61864116194,766.4299771801544,91.0,1148.0,4396.0,0.0,27.0,7.0,0.0,33,63.6699759186978,183.49520512706226,36.0,242.4634246826172,27.0,117.0,7.0,212.0,18.25,125.75,3.5,215.5,27.0,117.0,7.0,212.0,1202.0,1.0,271.0,6.0,1406.0,1.0
772,0.8437666839994846,0.0,14846.74499371581,9,12435.593107135925,12588.597871233153,-0.1624027278437432,-0.15209711781528312,-0.15302020702780117,2.0250149299996636,98,49,0.004380862807797117,0.18586995609065057,0.15317370432726343,153.00476409723632,110009.52819447263,13581.32310097226,55.00476409723632,98.0,1216.0,3317.0,0.0,31.0,9.0,0.0,40,70.37591116258994,182.40069566604325,33.380435943603516,157.1815948486328,31.0,87.0,9.0,232.0,21.75,96.25,6.75,234.25,31.0,87.0,9.0,232.0,724.0,3.0,418.0,12.0,856.0,2.0
773,0.7262471910762512,0.0,172067.93646306478,14,152414.74919858016,153344.3710176094,-0.11421760304949824,-0.10881495896520199,-0.1092615241053495,2.4076753392017043,151,72,0.003355926873575713,0.17365690084729854,0.10285619363836845,929.6218190293018,1557243.6380586035,161695.76652462283,778.6218190293017,151.0,1744.0,5312.0,0.0,46.0,19.0,0.0,57,66.50713526186857,132.86478749709687,37.0,108.0645751953125,46.0,243.0,19.0,490.0,28.5,260.5,14.0,495.0,46.0,243.0,19.0,490.0,1319.0,6.0,739.0,16.0,1368.0,7.0
774,0.6825666069967782,0.0,199029.96994276813,27,166468.24092621982,167739.31850748142,-0.1636021400491171,-0.15721577732380942,-0.15784953921690315,2.5927546679687454,323,154,0.0030674777162782137,0.17168802992086796,0.05924236624619821,1271.0775812617865,1896155.1625235723,182832.10381885906,948.0775812617862,323.0,3470.0,10138.0,0.0,90.0,52.0,0.0,122,64.49030778326843,139.43441577455934,43.5,102.0108642578125,90.0,946.0,52.0,2206.0,63.0,973.0,39.0,2219.0,90.0,946.0,52.0,2206.0,2360.0,11.0,1231.0,24.0,2300.0,13.0
775,0.8384314844268402,0.0,167840.355142442,18,164425.74948370908,165260.51466092042,-0.020344366263018276,-0.01537079970625721,-0.015579964203829122,1.9834480716573861,163,80,0.002131426407075278,0.17579672090690712,0.07453140333055258,834.7651772113793,1343530.354422758,169342.7689916899,671.7651772113791,163.0,2050.0,7022.0,0.0,52.0,13.0,0.0,59,83.13364567451116,156.33681075123297,53.591758728027344,138.0,52.0,311.0,13.0,686.0,38.5,324.5,8.5,690.5,52.0,311.0,13.0,686.0,1867.0,1.0,786.0,21.0,2237.0,3.0
776,0.9191355204746167,0.0,24900.65876501614,18,20291.631896528463,20534.309923459492,-0.18509658366802206,-0.17535073600908468,-0.1765343628092494,1.9952877780391731,156,73,0.00385980491053028,0.1708901300932105,0.08055274791302518,242.6780269310501,173356.05386210047,21720.683072652115,86.67802693105024,156.0,1614.0,7458.0,0.0,54.0,11.0,0.0,52,48.32687411750778,195.60854070900385,24.0,162.0,54.0,367.0,11.0,504.0,36.75,384.25,8.25,506.75,54.0,367.0,11.0,504.0,1900.0,1.0,685.0,18.0,1704.0,5.0
777,0.513765767697166,0.0,54728.691963712794,6,46629.99503011934,46984.60192926001,-0.14797899681145676,-0.14149963678261135,-0.1421448915768363,2.7484809485161192,80,43,0.0025470109217047153,0.1914673351478665,0.2459375372233501,354.6068991407094,549213.7982814187,49956.121996946575,274.6068991407094,80.0,680.0,2344.0,0.0,15.0,16.0,0.0,30,77.81464880090435,113.51628486236044,58.0,118.0,15.0,38.0,16.0,111.0,14.0,39.0,10.5,116.5,15.0,38.0,16.0,111.0,528.0,4.0,323.0,6.0,912.0,4.0
778,0.8828454806777732,0.0,318715.92656766344,12,281436.948729175,282594.66915376706,-0.11696615930040155,-0.11333370692483369,-0.11344812873733301,1.8758512973800034,102,52,0.0032540038461535336,0.18024313493827027,0.1202243005279052,1157.7204245921714,2111440.8491843427,281397.6848982361,1055.7204245921714,102.0,1223.0,4825.0,0.0,29.0,9.0,0.0,37,74.55799146255053,169.3735542071656,38.0,132.0,29.0,92.0,9.0,314.0,22.25,98.75,8.0,315.0,29.0,92.0,9.0,314.0,1241.0,2.0,470.0,13.0,1228.0,4.0
779,0.8647531483154691,0.0,438114.20704093116,24,356800.1736687636,358416.49097500986,-0.1856000834151692,-0.18191082321709662,-0.1824368657021752,1.685190885043566,245,115,0.003195843555583471,0.17725613057079478,0.05872259479598924,1616.3173062463297,2742634.612492663,406872.9894094104,1371.3173062463316,245.0,2944.0,9152.0,0.0,85.0,21.0,0.0,92,84.37814591389004,161.6301488443332,48.0,139.0,85.0,645.0,21.0,1457.0,54.25,675.75,16.25,1461.75,85.0,645.0,21.0,1457.0,2270.0,3.0,1480.0,51.0,3291.0,8.0
780,0.9624501447958846,0.0,17548.162541665373,10,15901.259428641835,16072.296061003846,-0.09385045922119906,-0.08410376169911304,-0.08512062472980686,2.200019584167198,96,46,0.003451355603917528,0.19885456576940985,0.145472232698688,171.03663236202095,150073.264724042,17053.628272683218,75.03663236202101,96.0,1010.0,4030.0,0.0,38.0,2.0,0.0,38,56.25592331743358,259.90174742346227,31.919361114501953,259.9017333984375,38.0,149.0,2.0,191.0,25.75,161.25,0.75,192.25,38.0,149.0,2.0,191.0,1035.0,1.0,344.0,10.0,1370.0,1.0
781,0.8605030084436505,0.0,438950.22929785145,26,331552.8214617997,333322.1401771312,-0.24466875893389006,-0.2406379631915988,-0.24131620047957503,1.968490538994383,257,128,0.0019260996416878137,0.18061706523173407,0.05698319778865676,1769.318715331741,3024637.4306634837,384131.5681670282,1512.318715331742,257.0,2477.0,10627.0,0.0,73.0,30.0,0.0,95,62.07245149511848,162.72468194398928,33.0,166.390625,73.0,633.0,30.0,1734.0,53.5,652.5,21.0,1743.0,73.0,633.0,30.0,1734.0,2619.0,7.0,1104.0,32.0,3463.0,5.0
782,0.9180997656442328,0.0,236328.2351000516,19,201333.1669412733,202293.76153015147,-0.14807823594993985,-0.14401357313691832,-0.14454899216794637,1.8098969909158094,161,76,0.0020999839223728328,0.19045986579873994,0.07698342675278114,960.594588878098,1599189.1777561964,220895.0544952016,799.5945888780982,161.0,1725.0,7851.0,0.0,58.0,8.0,0.0,58,66.53005462883915,139.98770170274727,30.5,130.76034545898438,58.0,360.0,8.0,676.0,39.5,378.5,7.5,676.5,58.0,360.0,8.0,676.0,2090.0,2.0,700.0,22.0,2391.0,3.0
783,0.8614705917205399,0.0,33061.607550684246,5,23714.986727343377,23825.239572656134,-0.2827031567963618,-0.2793683871502176,-0.2800694638803982,1.2361826415116692,39,20,0.002748402546160208,0.18587394992194387,0.23540842161185727,110.25284531276864,142505.69062553722,28819.70791372579,71.25284531276861,39.0,517.0,2003.0,0.0,10.0,4.0,0.0,14,67.53596619540656,239.06680582125367,32.5,210.5,10.0,13.0,4.0,43.0,6.5,16.5,1.5,45.5,10.0,13.0,4.0,43.0,492.0,0.0,182.0,4.0,719.0,0.0
784,0.7735235099550293,0.0,21059.3679006587,7,20825.989763831512,21041.77507111745,-0.01108191556024285,-0.0008353920983877883,-0.0006048213000773295,2.972384975313498,96,49,0.00895855711851572,0.1797248867703672,0.21395566720943884,215.78530728594734,239570.61457189455,20149.69599846559,119.78530728594728,96.0,1052.0,2476.0,0.0,29.0,11.0,0.0,39,57.23298189646798,107.69530126600658,32.0,99.0,29.0,82.0,11.0,151.0,18.25,92.75,8.25,153.75,29.0,82.0,11.0,151.0,549.0,2.0,292.0,10.0,565.0,3.0
785,0.9176765046804402,0.0,129023.41574596666,8,112144.57112130168,112608.47522011251,-0.13082001067075788,-0.12722450751244574,-0.12746723658158554,1.6333991948917772,73,37,0.003950029802200652,0.20077021729288283,0.15487463259427592,463.90409881088135,781808.1976217628,119659.69495802929,390.9040988108814,73.0,814.0,3218.0,0.0,21.0,7.0,0.0,28,98.90580609892662,239.53168876350813,44.0,264.7304382324219,21.0,37.0,7.0,159.0,14.0,44.0,3.75,162.25,21.0,37.0,7.0,159.0,787.0,2.0,141.0,9.0,945.0,2.0
786,0.8874961712858581,0.0,51133.29158072929,29,37865.167803109114,38151.67608811694,-0.25948112017534497,-0.2538779548763639,-0.25487093803197025,1.2863008422749205,173,83,0.001805515830490893,0.17297998015563484,0.04384179958547912,286.5082850078462,227016.5700156925,44121.98191796961,113.50828500784625,173.0,2261.0,12355.0,0.0,46.0,15.0,0.0,51,82.61241762525475,213.9976293287404,44.0,203.3218231201172,46.0,400.0,15.0,1018.0,29.5,416.5,10.75,1022.25,46.0,400.0,15.0,1018.0,3290.0,7.0,617.0,16.0,3744.0,6.0
787,0.7220531691206435,0.0,28430.576761179178,22,24551.546246526716,24894.537720073797,-0.13643868526610847,-0.12437450955738971,-0.12499115778588032,1.954368667257511,242,108,0.005168426185228365,0.18340838732059,0.060746635753418404,342.9914735470936,201982.94709418737,25837.36508854572,100.99147354709369,242.0,3121.0,7964.0,0.0,76.0,36.0,0.0,104,83.93869055351747,167.2695966601864,61.598182678222656,131.81297302246094,76.0,627.0,36.0,1547.0,45.5,657.5,23.25,1559.75,76.0,627.0,36.0,1547.0,2011.0,10.0,1215.0,34.0,2631.0,11.0
788,0.7863816109096247,0.0,303499.496343085,15,257434.47399169623,259043.2587863599,-0.15177956769758683,-0.14647878527768776,-0.14719282183906723,2.4655362457191896,191,88,0.004510025129963368,0.1787112155978429,0.09931362327836323,1608.7847946639276,2835569.5893278555,287520.57430215634,1417.7847946639279,191.0,2038.0,5522.0,0.0,66.0,22.0,0.0,83,70.13438103068893,120.70897218444416,43.5,134.1514892578125,66.0,446.0,22.0,711.0,43.25,468.75,15.5,717.5,66.0,446.0,22.0,711.0,1359.0,8.0,1100.0,32.0,2212.0,10.0
789,0.9083475513230105,0.0,124862.51924089673,29,99979.71239586218,100593.2649139355,-0.1992816338826886,-0.19436780928741837,-0.19493338342755062,1.6751232745760285,241,116,0.001660965634949454,0.17046336544458165,0.047446636358939004,613.552518073355,745105.036146711,111201.52281558145,372.5525180733555,241.0,3287.0,11326.0,0.0,77.0,19.0,0.0,88,81.45415625235812,131.3660405877001,61.0,127.0,77.0,705.0,19.0,1750.0,53.5,728.5,14.25,1754.75,77.0,705.0,19.0,1750.0,2777.0,2.0,1383.0,34.0,3119.0,6.0
790,0.8130245245296871,0.0,13893.032732577854,21,11603.574744625446,11803.55535357319,-0.16479180838492125,-0.15039749917993328,-0.151877643897951,1.6588473005496989,158,70,0.007640589436148873,0.1825709924744319,0.06461222675032803,199.98060894775028,83961.21789550067,12653.548320523249,41.98060894775033,158.0,1976.0,8585.0,0.0,53.0,14.0,0.0,59,76.88625141096175,168.89244786784778,46.0,166.56561279296875,53.0,319.0,14.0,851.0,35.75,336.25,8.25,856.75,53.0,319.0,14.0,851.0,2259.0,3.0,777.0,17.0,2300.0,5.0
791,0.8089069661666712,0.0,442593.92081353767,17,416893.4785496507,419257.47899159475,-0.05806777060255741,-0.05272653040296604,-0.05282916580920827,2.5576881377131313,236,117,0.002475721100091561,0.17550316655977158,0.08772934084191622,2364.0004419442375,4256000.8838884765,416000.76462936494,2128.0004419442384,236.0,2498.0,6070.0,0.0,75.0,27.0,0.0,95,65.22073630523586,84.80186915347245,48.0,76.0,75.0,488.0,27.0,1025.0,53.0,510.0,18.5,1033.5,75.0,488.0,27.0,1025.0,1420.0,3.0,1102.0,34.0,1937.0,8.0
792,0.7555708093664254,0.0,218550.59204353744,29,179389.71722881272,180476.05987167565,-0.17918448286300448,-0.17421381390848378,-0.1747201219077782,2.015337667288214,297,143,0.0019218531839502197,0.17340076219542724,0.046779967022346075,1086.342642863083,1578685.2857261666,195833.8435477173,789.3426428630833,297.0,3360.0,11255.0,0.0,87.0,38.0,0.0,112,75.12010595434428,157.97196871674825,42.0,126.5,87.0,859.0,38.0,2263.0,59.75,886.25,26.75,2274.25,87.0,859.0,38.0,2263.0,2858.0,8.0,1337.0,40.0,3454.0,8.0
793,0.8271601475744523,0.0,232565.4471304826,24,200772.6974837241,201963.85581150476,-0.13670452786101506,-0.13158270799276806,-0.13202837638275688,2.1233321364570763,275,140,0.0011260956052894537,0.17950412496233964,0.0631745014785915,1191.158327780684,1832316.655561368,215735.99156968354,916.158327780684,275.0,3003.0,9093.0,0.0,83.0,28.0,0.0,99,65.96501865025029,152.2501790682141,45.56222915649414,148.9987030029297,83.0,690.0,28.0,1575.0,62.25,710.75,19.25,1583.75,83.0,690.0,28.0,1575.0,2238.0,9.0,1429.0,45.0,3021.0,10.0
794,0.7358783204029081,0.0,351003.52909422317,18,266882.19557268714,268359.16100375244,-0.23965950923232615,-0.23545167281861068,-0.2361183454837159,2.0166849779505993,196,96,0.002263244325688866,0.1711419069802899,0.0730470819353469,1476.9654310654505,2561930.862130899,317591.85124867526,1280.9654310654496,196.0,2283.0,6789.0,0.0,54.0,28.0,0.0,77,58.76407181617988,151.6457616286019,41.0,101.0,54.0,351.0,28.0,953.0,36.0,369.0,20.5,960.5,54.0,351.0,28.0,953.0,1630.0,6.0,879.0,25.0,2600.0,11.0
795,0.5780087341890103,0.0,206758.2014775519,22,168460.558482317,169672.4594740456,-0.18522913587731582,-0.17936769491358118,-0.1800934289744076,2.4106015692301086,301,146,0.003479717035781591,0.17566854061238038,0.06959120443683588,1211.9009917287292,1821801.9834574575,188936.44710014228,910.9009917287287,301.0,3172.0,7916.0,0.0,85.0,48.0,0.0,119,52.686058750624234,132.9009403473103,41.0,116.5511474609375,85.0,848.0,48.0,1637.0,59.25,873.75,31.75,1653.25,85.0,848.0,48.0,1637.0,1790.0,9.0,1521.0,41.0,2500.0,12.0
796,0.7879108075722224,0.0,21407.45149373433,10,16452.088164477074,16612.50410891817,-0.23147843313846228,-0.2239849701969231,-0.22506748122291764,1.811985312657371,93,47,0.0022582867583143475,0.1749593836606166,0.12245585208788308,160.41594444110547,134831.88888221097,18602.784462484546,67.4159444411055,93.0,958.0,4082.0,0.0,26.0,10.0,0.0,35,76.19480285396237,122.66465736091962,50.248931884765625,103.92530059814453,26.0,83.0,10.0,231.0,19.0,90.0,7.5,233.5,26.0,83.0,10.0,231.0,1009.0,1.0,187.0,8.0,1908.0,3.0
797,0.7355720753334364,0.0,438862.75652397197,25,372943.6034212636,374596.9563827582,-0.150204482204923,-0.14643712455855973,-0.14673922397424444,1.7696266895350545,251,119,0.0031908231134122663,0.17013308909573507,0.05949747052501034,1653.3529614949182,2804705.922989838,396228.4728716903,1402.3529614949189,251.0,3048.0,9552.0,0.0,73.0,34.0,0.0,95,86.66862561975587,172.803648350877,50.00178909301758,180.0,73.0,667.0,34.0,1601.0,46.0,694.0,22.0,1613.0,73.0,667.0,34.0,1601.0,2341.0,8.0,1552.0,34.0,3086.0,7.0
798,0.8759831109939887,0.0,77849.6431612381,15,61645.70462245082,62019.783168903356,-0.2081440309909517,-0.2033388895508328,-0.20386852781956555,1.7036331023481426,144,71,0.001423905576893015,0.17807091072655928,0.0870046012465526,374.0785464525655,460157.09290513146,67525.84994252726,230.07854645256575,144.0,1593.0,5967.0,0.0,39.0,19.0,0.0,53,55.84862138542514,128.84062569866194,37.698951721191406,122.0,39.0,169.0,19.0,568.0,26.75,181.25,12.75,574.25,39.0,169.0,19.0,568.0,1386.0,3.0,633.0,18.0,1831.0,5.0
799,0.8858156038344548,0.0,193313.85970973363,20,155172.42592544493,156023.0251458806,-0.19730315168068746,-0.19290305733818736,-0.19351109132423583,1.9326916968210457,182,86,0.0038600746340094316,0.17076932561183625,0.06571483272760076,850.5992204358586,1337198.440871718,172970.99727173062,668.599220435859,182.0,1872.0,8208.0,0.0,58.0,18.0,0.0,68,60.4669705138185,182.05863183295372,35.5,176.24948120117188,58.0,383.0,18.0,901.0,40.25,400.75,11.0,908.0,58.0,383.0,18.0,901.0,2040.0,5.0,803.0,17.0,2302.0,7.0
800,0.6077878492881554,0.0,469773.9683987831,22,322642.7430489282,324502.7635299686,-0.31319578190198427,-0.3092363873715034,-0.3100341906067742,2.102785274144425,235,111,0.004082734401012029,0.1782069233122411,0.07021788497586046,1860.0204810405571,3250040.9620811185,386397.1516782052,1625.0204810405594,235.0,2326.0,8762.0,0.0,48.0,54.0,0.0,95,59.50841358234589,154.82661307859803,56.0,114.5,48.0,473.0,54.0,1515.0,33.75,487.25,35.75,1533.25,48.0,473.0,54.0,1515.0,2025.0,12.0,1243.0,20.0,2396.0,13.0
801,0.7601926204298372,0.0,42178.72843084128,27,33294.56784765502,33772.65345067456,-0.21063130430195998,-0.19929654811547515,-0.2009021786675379,2.4472357377931035,290,139,0.0027510199286562343,0.17423974176633847,0.054414705676572805,478.08560301958283,376171.20603916585,38428.174310088514,188.08560301958292,290.0,3331.0,10270.0,0.0,92.0,32.0,0.0,112,69.54645772020326,132.01696200481905,43.0,139.00889587402344,92.0,929.0,32.0,1970.0,63.0,958.0,25.75,1976.25,92.0,929.0,32.0,1970.0,2425.0,8.0,1517.0,41.0,2791.0,15.0
802,0.9198824861955389,0.0,153083.51946697073,23,123534.07596547737,124171.29618085572,-0.19302824761530868,-0.18886568186298536,-0.18954227869522755,1.6162396406594846,181,90,0.002609949525208763,0.17492707257395537,0.06291505265950251,637.2202153783905,912440.4307567806,141136.31540191523,456.22021537839026,181.0,1991.0,9601.0,0.0,60.0,8.0,0.0,61,44.82670558697364,157.79208429270685,30.0,136.75979614257812,60.0,419.0,8.0,916.0,42.0,437.0,6.5,917.5,60.0,419.0,8.0,916.0,2558.0,0.0,788.0,26.0,2680.0,2.0
803,0.9062913774427211,0.0,27826.40441741879,30,22828.365044848757,23151.384734692732,-0.1796149907690322,-0.16800660310246862,-0.16944374622291292,1.7491429925420343,235,108,0.002928213644231148,0.16992792549289457,0.04652479379268333,323.0196898439815,176039.37968796308,25160.804525209882,88.01968984398154,235.0,2791.0,12310.0,0.0,78.0,19.0,0.0,85,73.23522752390632,171.38550044317356,44.16707992553711,171.0,78.0,788.0,19.0,1663.0,55.0,811.0,12.75,1669.25,78.0,788.0,19.0,1663.0,3231.0,2.0,957.0,26.0,3210.0,4.0
804,0.8033342651190719,0.0,31173.899413623665,14,24398.906162606363,24626.246924525036,-0.21732902775892338,-0.21003636414625637,-0.211201939245255,1.7839347160248635,128,55,0.004628191532417522,0.1779892642353191,0.08811354901488595,227.34076191868706,198681.52383737412,27843.160690332825,99.34076191868706,128.0,1544.0,5512.0,0.0,41.0,18.0,0.0,54,98.02558204201046,155.71296495330904,52.0,142.31771850585938,41.0,253.0,18.0,444.0,24.25,269.75,9.5,452.5,41.0,253.0,18.0,444.0,1439.0,5.0,546.0,20.0,1772.0,8.0
805,0.8786404492142798,0.0,58250.924316142155,30,44199.198308081446,44574.63331313939,-0.24122751995828462,-0.23478238609190394,-0.23572265180647167,1.5286234335208444,222,106,0.0021060487338919426,0.1745212214529843,0.042068318710048055,375.4350050579675,306870.0101159349,50187.31287684241,153.43500505796746,222.0,2669.0,12438.0,0.0,62.0,24.0,0.0,76,66.32153614918786,176.76319610068865,41.0,148.6251220703125,62.0,527.0,24.0,1666.0,44.0,545.0,18.0,1672.0,62.0,527.0,24.0,1666.0,3180.0,5.0,1000.0,29.0,3848.0,9.0
806,0.8910976190246309,0.0,53412.459821044715,10,42897.076483603385,43149.76882772828,-0.19687135497358665,-0.19214039247960069,-0.1929245563059423,1.7800264135487036,84,42,0.0016957469926774523,0.18695666953277362,0.11697650506840061,252.6923441249249,337384.68824984983,47384.786776454566,168.69234412492492,84.0,826.0,4214.0,0.0,29.0,3.0,0.0,30,90.30949837341323,258.00680635751434,39.74498748779297,256.3491516113281,29.0,92.0,3.0,176.0,20.25,100.75,2.0,177.0,29.0,92.0,3.0,176.0,1190.0,1.0,326.0,7.0,1820.0,1.0
807,0.9092279286749901,0.0,188858.4589246807,17,165209.75760845622,166062.1477080755,-0.12521917975437835,-0.12070579918105051,-0.12128841727684148,1.8852239574659542,157,76,0.0017475617599079364,0.1754396825472069,0.07808579685769176,852.3900996193101,1390780.1992386198,184431.6949361355,695.3900996193099,157.0,1949.0,6619.0,0.0,60.0,4.0,0.0,60,73.4875638959511,192.67937545882734,46.101226806640625,194.45663452148438,60.0,419.0,4.0,537.0,42.25,436.75,3.0,538.0,60.0,419.0,4.0,537.0,1678.0,1.0,600.0,25.0,1859.0,1.0
808,0.7681289981733314,0.0,50437.890137217764,22,39189.633976208155,39575.127920859806,-0.2230120278704838,-0.2153690843690228,-0.21627331370181924,1.9198698827552496,219,103,0.002188496390218233,0.1737070206507792,0.06315506513908034,385.49394465169286,332987.8893033859,43360.73661740911,166.49394465169297,219.0,1925.0,9134.0,0.0,59.0,35.0,0.0,85,62.43015847702455,159.04255566500055,45.0,118.3534164428711,59.0,459.0,35.0,1315.0,38.5,479.5,23.25,1326.75,59.0,459.0,35.0,1315.0,2247.0,9.0,799.0,27.0,3170.0,12.0
809,0.6099637459526818,0.0,107914.55899838859,28,86067.05218470907,86804.46144870286,-0.20245189357634075,-0.19561862408204767,-0.1964036499562284,2.1505398260059634,326,149,0.003481895396106501,0.17755081544253537,0.05129986179873028,737.4092639939274,822818.5279878553,95652.55639975923,411.40926399392765,326.0,3734.0,10378.0,0.0,89.0,60.0,0.0,126,81.3931553770722,145.17616498145202,52.0,117.70297241210938,89.0,1044.0,60.0,2335.0,57.5,1075.5,40.75,2354.25,89.0,1044.0,60.0,2335.0,2389.0,20.0,1412.0,44.0,3208.0,20.0
810,0.9332063691239617,0.0,371158.3784462973,19,320403.39326070854,321798.95701502357,-0.13674751301062837,-0.13298749077926453,-0.1333190898715969,1.7853249110756577,174,87,0.002255235285368125,0.17072317910272364,0.07332146929402347,1395.5637543153393,2443127.508630679,342112.44875851413,1221.5637543153396,174.0,1877.0,7699.0,0.0,61.0,7.0,0.0,63,73.51287528937797,193.14637763489026,51.19350814819336,228.6134033203125,61.0,296.0,7.0,833.0,44.25,312.75,4.0,836.0,61.0,296.0,7.0,833.0,2035.0,4.0,851.0,26.0,2625.0,4.0
811,0.8350919325189248,0.0,460442.28210005356,6,305021.76807098667,306555.2016866129,-0.3375461378572835,-0.3342157885925888,-0.3348328206996156,1.9593494160720346,65,33,0.002612783853288073,0.21225864438542696,0.2072038873098019,1533.4336156263887,2936867.2312527774,374724.79476636706,1468.4336156263887,65.0,386.0,2638.0,0.0,16.0,10.0,0.0,25,54.486160714615465,137.36751704506838,37.903987884521484,136.5,16.0,18.0,10.0,106.0,10.5,23.5,8.0,108.0,16.0,18.0,10.0,106.0,642.0,3.0,119.0,9.0,815.0,3.0
812,0.843027955408947,0.0,37602.680072560426,23,29154.12277295652,29524.083808272273,-0.22467965802706225,-0.21484097007711156,-0.21638410985001055,2.127863631726004,227,103,0.003667098259989905,0.17468592403367716,0.06566339436897856,369.9610353157687,285922.07063153776,33592.621534634454,142.9610353157689,227.0,2534.0,9052.0,0.0,77.0,24.0,0.0,91,59.70488865152888,202.96195966609926,38.0,202.4610137939453,77.0,656.0,24.0,1335.0,51.75,681.25,16.25,1342.75,77.0,656.0,24.0,1335.0,2242.0,5.0,1182.0,28.0,2878.0,9.0
813,0.820155760774961,0.0,91805.70679468595,17,80150.1255870985,80771.98675317169,-0.12695922306501006,-0.12018555737705983,-0.12072798594415257,2.428558338713373,206,105,0.002363107888230177,0.17713666828010785,0.0776463753487276,621.8611660732357,831722.3321464724,85618.9368490846,415.86116607323623,206.0,2093.0,6475.0,0.0,57.0,27.0,0.0,76,66.572434326087,133.75092514425472,44.0,120.0,57.0,363.0,27.0,845.0,44.5,375.5,21.25,850.75,57.0,363.0,27.0,845.0,1522.0,10.0,949.0,28.0,2669.0,10.0
814,0.7894709932286766,0.0,271386.63658339827,30,211870.16819984774,213148.56714727278,-0.21930508124065595,-0.21459446260622594,-0.2153606401839231,1.9804763037486093,298,141,0.0026994319119145386,0.17863004353954975,0.04836662399771867,1278.3989474251962,1960797.8948503924,247515.94996857952,980.3989474251962,298.0,3582.0,11538.0,0.0,93.0,34.0,0.0,111,70.89198735955738,178.04319192873814,43.08889389038086,146.38491821289062,93.0,1040.0,34.0,2163.0,60.75,1072.25,22.75,2174.25,93.0,1040.0,34.0,2163.0,2829.0,9.0,1424.0,38.0,3557.0,13.0
815,0.799784274237949,0.0,165836.96149839243,12,124541.70463911482,125118.81391290642,-0.24901117631534697,-0.24553119652931366,-0.24617211492179558,1.631257756263184,95,47,0.0015889852534462646,0.18526447073013844,0.10591770367023988,577.1092737916649,964218.5475833301,147772.25485690884,482.10927379166503,95.0,951.0,5097.0,0.0,23.0,13.0,0.0,33,60.08695652173913,180.4254299300918,39.0,194.93148803710938,23.0,91.0,13.0,269.0,16.75,97.25,9.0,273.0,23.0,91.0,13.0,269.0,1286.0,3.0,232.0,6.0,1550.0,4.0
816,0.8438645297096289,0.0,146006.65361517857,22,112765.46839084505,113497.61751009792,-0.22766897536016006,-0.22265448388922648,-0.22329959371039987,2.047140521584518,217,100,0.0029657595508764197,0.1818713193848449,0.0673265305710178,732.1491192530291,1030298.238506059,125821.63115365824,515.1491192530295,217.0,2187.0,8901.0,0.0,77.0,18.0,0.0,83,59.15848990936413,186.21076386143187,43.0,174.0,77.0,433.0,18.0,1298.0,51.25,458.75,14.0,1302.0,77.0,433.0,18.0,1298.0,2298.0,5.0,924.0,33.0,2455.0,3.0
817,0.7415463829472861,0.0,13900.49695262959,19,11904.770215124428,12163.90854812224,-0.14357233013368098,-0.12492995109637695,-0.12608562874135187,2.271102976359414,202,95,0.005377918646272732,0.1739005265082309,0.06848371529315471,259.13833299781817,114276.66599563646,12579.423652865617,57.13833299781823,202.0,2567.0,6997.0,0.0,63.0,25.0,0.0,81,86.10464919924317,111.9367974714511,49.0,73.1607894897461,63.0,457.0,25.0,992.0,45.5,474.5,17.5,999.5,63.0,457.0,25.0,992.0,1691.0,7.0,1243.0,26.0,2311.0,11.0
818,0.8009856232958398,0.0,392877.79954149213,29,318683.2651938511,320465.32349428715,-0.1888488849057639,-0.18431297500574972,-0.18503562621884873,2.0153000610121232,311,144,0.0037905783328705768,0.17658729878547363,0.05193463047136336,1782.0583004363325,2942116.6008726647,364972.5241653439,1471.0583004363323,311.0,3636.0,10940.0,0.0,107.0,31.0,0.0,120,91.14019777167515,115.20352833589473,71.0,90.0986557006836,107.0,1107.0,31.0,2233.0,72.75,1141.25,21.75,2242.25,107.0,1107.0,31.0,2233.0,2679.0,8.0,2078.0,57.0,4397.0,13.0
819,0.8475368779938393,0.0,22596.823053768523,5,18751.89736013835,18886.72673033615,-0.17015337441379597,-0.16418663431599645,-0.16475374317233782,2.167738189619968,49,25,0.001923957693097711,0.1972200106083989,0.2606722730090237,134.82937019780593,171658.7403956119,19796.987156657724,85.82937019780596,49.0,515.0,2005.0,0.0,15.0,4.0,0.0,17,135.92477055493714,144.08863989204062,35.0,116.096923828125,15.0,23.0,4.0,43.0,10.0,28.0,3.5,43.5,15.0,23.0,4.0,43.0,535.0,0.0,159.0,5.0,909.0,2.0
820,0.8328390101755911,0.0,83684.95345964063,18,68538.04917911414,68995.94022377463,-0.1809991360971659,-0.17552753068029348,-0.17621987175702525,1.8316764687056726,179,84,0.003188676310817565,0.1766198194936828,0.09613947082409299,457.8910446605023,557782.0893210046,76129.9960515343,278.8910446605023,179.0,2069.0,7003.0,0.0,59.0,18.0,0.0,72,65.84529432176419,191.38272584749134,33.0,149.39712524414062,59.0,412.0,18.0,807.0,37.5,433.5,10.25,814.75,59.0,412.0,18.0,807.0,1819.0,5.0,1130.0,33.0,1759.0,4.0
821,0.5689426217204472,0.0,36783.813798026036,7,32536.168029040557,32824.947866155715,-0.11547594798920569,-0.10762521672189329,-0.10860437077551477,2.664744368677864,92,45,0.0033574153834961653,0.1988863857010134,0.23020594593147595,288.77983711518823,393559.67423037643,36922.83571891405,196.77983711518823,92.0,1075.0,2453.0,0.0,25.0,15.0,0.0,39,64.4167335644329,159.44539816556062,28.0,182.06105041503906,25.0,113.0,15.0,120.0,18.75,119.25,9.5,125.5,25.0,113.0,15.0,120.0,566.0,4.0,464.0,13.0,840.0,5.0
822,0.8471296768986598,0.0,106702.98934587328,20,90885.98688145666,91491.98958436935,-0.14823392073062236,-0.14255457934920746,-0.1431770098594385,1.9791208343271796,214,104,0.0020535716604959315,0.1785139583144209,0.06838069047346607,606.0027029127156,784005.4058254304,99034.55517054879,392.0027029127152,214.0,2595.0,7485.0,0.0,73.0,17.0,0.0,82,71.05493719534067,139.11925715183662,43.0,131.0,73.0,522.0,17.0,1028.0,48.5,546.5,11.25,1033.75,73.0,522.0,17.0,1028.0,1865.0,2.0,1179.0,33.0,2008.0,7.0
823,0.8438225498806935,0.0,46540.68149283359,16,36876.42571378656,37216.479573040655,-0.20765178912421278,-0.20034519522944005,-0.20118945469211336,2.108450166393073,166,77,0.007627621738925576,0.1772199344771345,0.0866605901306449,340.05385925411116,348107.718508222,41275.30781338433,174.05385925411102,166.0,1876.0,6188.0,0.0,57.0,16.0,0.0,64,67.33743073444042,170.24401280931082,47.0,153.853515625,57.0,288.0,16.0,663.0,36.25,308.75,11.0,668.0,57.0,288.0,16.0,663.0,1493.0,2.0,819.0,23.0,1654.0,7.0
824,0.9166010233399764,0.0,237068.03343253434,28,201891.66984938135,202933.6677001738,-0.14838088068572775,-0.14398552701570633,-0.14445329958112685,1.8275480010540857,245,120,0.0013086269075404224,0.18009134386902179,0.050622616581160136,1041.997850792718,1593995.7015854362,218051.14019796715,796.9978507927182,245.0,2754.0,11358.0,0.0,79.0,18.0,0.0,84,59.19164930953805,176.27818978890306,34.0,185.23684692382812,79.0,659.0,18.0,1596.0,53.75,684.25,12.5,1601.5,79.0,659.0,18.0,1596.0,2917.0,4.0,941.0,26.0,4020.0,5.0
825,0.8886314956145095,0.0,49654.69150114613,14,41940.93682301551,42266.82832851353,-0.155347952931146,-0.14878479654761467,-0.14953333922425405,1.9227260781129003,148,75,0.0022173972375305255,0.1693727565361508,0.09840208879551203,325.8915054980174,355783.0109960347,46260.231117428,177.89150549801735,148.0,1699.0,5357.0,0.0,48.0,11.0,0.0,54,54.695346309973154,117.21701303337308,33.0,84.44358825683594,48.0,274.0,11.0,423.0,30.25,291.75,9.25,424.75,48.0,274.0,11.0,423.0,1342.0,1.0,796.0,21.0,1810.0,3.0
826,0.7171176118084808,0.0,332658.6750901769,14,279025.3950008553,280458.7886984165,-0.1612261579373594,-0.15691725573550763,-0.1574531649978408,1.9896597690259321,185,91,0.0033035880375855897,0.1800631817251991,0.10035574961466846,1433.3936975613706,2496787.395122742,313720.3950634587,1248.393697561371,185.0,1991.0,5065.0,0.0,59.0,21.0,0.0,75,80.29420888606329,132.03704057461874,46.99551773071289,126.0,59.0,328.0,21.0,642.0,35.5,351.5,16.25,646.75,59.0,328.0,21.0,642.0,1136.0,6.0,714.0,26.0,1480.0,3.0
827,0.9460734918301982,0.0,35646.938967511174,10,31505.431444954374,31668.04544532826,-0.11618129473420968,-0.11161950050772385,-0.11203863020230631,1.4008990273749244,70,34,0.0006639106539145925,0.17408282037460143,0.11457895644871757,162.61400037390592,185228.00074781186,33055.20189683147,92.61400037390594,70.0,1149.0,3891.0,0.0,25.0,1.0,0.0,25,99.27294930220087,366.96526554536274,70.0,366.96527099609375,25.0,87.0,1.0,137.0,18.0,94.0,1.0,137.0,25.0,87.0,1.0,137.0,1065.0,0.0,510.0,12.0,1362.0,0.0
828,0.7917817937488977,0.0,11659.30388475148,6,8261.044535257999,8339.662350420298,-0.2914633140266517,-0.2847203887251576,-0.28600043121867147,1.4717785196714026,50,23,0.00588433081523681,0.21493537758821993,0.23293888903646034,78.61781516230207,57235.630324604106,9722.188080544694,28.617815162302055,50.0,555.0,2423.0,0.0,15.0,6.0,0.0,21,67.7893390669545,135.66666666666666,40.0,109.5,15.0,29.0,6.0,75.0,9.25,34.75,4.0,77.0,15.0,29.0,6.0,75.0,626.0,1.0,189.0,7.0,693.0,1.0
829,0.9180804017811338,0.0,70568.43310442976,24,62460.96199994486,62983.73972364366,-0.114888070314487,-0.10747997436136902,-0.10829207021404974,2.1171253925004554,237,110,0.0023125925162110427,0.17563500011617542,0.07314849858401654,522.7777236988725,571555.447397745,67491.9219974381,285.7777236988725,237.0,2732.0,9364.0,0.0,91.0,12.0,0.0,85,74.43186309618784,156.59427752849334,37.0,129.0,91.0,719.0,12.0,1218.0,62.75,747.25,9.5,1220.5,91.0,719.0,12.0,1218.0,2385.0,3.0,1222.0,33.0,2231.0,5.0
830,0.8175555026542124,0.0,278705.66503884504,15,252194.95776823512,253735.11613974927,-0.09512080519394872,-0.08959469444446155,-0.08976224503863173,2.6168671385164295,199,99,0.004062722003129501,0.18099130195830737,0.11379504655522375,1540.158371514271,2682316.743028543,256252.66788947667,1341.1583715142715,199.0,2275.0,5285.0,0.0,63.0,22.0,0.0,80,74.10692279625883,92.27050493787009,51.85081100463867,65.24462890625,63.0,354.0,22.0,761.0,43.5,373.5,15.75,767.25,63.0,354.0,22.0,761.0,1152.0,3.0,1069.0,28.0,1878.0,7.0
831,0.9110687886955442,0.0,332566.2106443889,11,213360.4098556705,214076.73442491906,-0.35844231005231164,-0.3562883793572461,-0.3567965064595363,1.1758302143899262,82,43,0.001731575732334035,0.1790968526960256,0.12470787831401703,716.3245692485276,1268649.1384970548,269734.7633551174,634.3245692485274,82.0,787.0,4757.0,0.0,24.0,4.0,0.0,27,87.3517646066017,203.13252830441007,55.0,142.27691650390625,24.0,50.0,4.0,219.0,17.25,56.75,3.0,220.0,24.0,50.0,4.0,219.0,1109.0,2.0,418.0,17.0,1517.0,2.0
832,0.6442985549221443,0.0,168262.2788664674,25,140114.29210717694,141149.85357886186,-0.16728637546641478,-0.16113192731165782,-0.16159868258949672,2.4378600221017375,300,134,0.0033412281470957704,0.17623616214434124,0.0594112495580773,1035.5614716849677,1471122.9433699339,150862.1219053467,735.5614716849669,300.0,3129.0,9471.0,0.0,73.0,68.0,0.0,117,64.1532122391467,135.19969081182998,42.0,98.0,73.0,790.0,68.0,1994.0,51.0,812.0,40.0,2022.0,73.0,790.0,68.0,1994.0,2291.0,21.0,1024.0,29.0,2634.0,18.0
833,0.8088313725724381,0.0,79852.17165908542,13,67558.70922183577,67917.02935222843,-0.15395276273429848,-0.14946546923998438,-0.1500537759069408,1.6710848940523102,113,54,0.002510494630763379,0.1723191089069546,0.1016660400197495,358.32013039268895,490640.26078537776,73401.45652259412,245.3201303926889,113.0,1406.0,5146.0,0.0,36.0,10.0,0.0,43,81.84310898188491,145.23595121618993,52.442176818847656,117.96188354492188,36.0,166.0,10.0,347.0,21.75,180.25,5.75,351.25,36.0,166.0,10.0,347.0,1420.0,2.0,436.0,14.0,2081.0,3.0
834,0.8444375351140947,0.0,74218.63940120608,28,56835.37370152946,57275.689668568106,-0.23421698160899096,-0.22828429447552823,-0.2291388262005759,1.6304098733659818,230,108,0.002497791209524419,0.1713826442180582,0.044924206991551884,440.3159670386382,420631.93407727673,64497.88193579845,210.31596703863838,230.0,2618.0,11494.0,0.0,69.0,25.0,0.0,84,80.49684415755623,166.3202903881811,43.0,170.3206024169922,69.0,594.0,25.0,1664.0,45.25,617.75,16.75,1672.25,69.0,594.0,25.0,1664.0,2887.0,3.0,1094.0,29.0,3939.0,7.0
835,0.7709371581429751,0.0,17088.546035551393,28,14556.917181433717,14918.032793098633,-0.1481477036636598,-0.12701567692986726,-0.12858194526325928,2.216978911626226,292,129,0.003573791363364459,0.16829211551655157,0.052400102148916466,361.115611664922,138231.22332984395,15587.79186000994,69.11561166492197,292.0,3207.0,10871.0,0.0,90.0,45.0,0.0,120,66.60381415337491,154.38237972145762,38.0,109.0,90.0,895.0,45.0,2322.0,67.5,917.5,34.0,2333.0,90.0,895.0,45.0,2322.0,2666.0,18.0,1310.0,39.0,2994.0,7.0
836,0.73684387506402,0.0,299548.633514116,5,192150.10712345384,192830.12995620558,-0.3585345228610468,-0.35626436450721244,-0.3567115063463271,1.3231140311868623,33,17,0.004044514384687119,0.2046687574929009,0.2060253245798236,680.0228327518017,1294045.6655036034,244507.5849476889,647.0228327518017,33.0,395.0,2125.0,0.0,4.0,7.0,0.0,11,67.06207330541329,248.32740021183932,58.1241455078125,195.0,4.0,3.0,7.0,41.0,3.0,4.0,5.25,42.75,4.0,3.0,7.0,41.0,538.0,3.0,33.0,0.0,282.0,2.0
837,0.6693843255467644,0.0,49112.07072148523,9,38403.7722464958,38762.09501321804,-0.2180380162692842,-0.21074199389722237,-0.21161164193386917,2.786147782148846,124,64,0.003836174589751122,0.1997355967001588,0.1542262807293202,358.3227667222629,468645.53344452544,42051.38869940682,234.3227667222627,124.0,942.0,3594.0,0.0,27.0,24.0,0.0,49,40.04927869192042,108.98980504615919,30.253433227539062,94.40348052978516,27.0,86.0,24.0,304.0,20.75,92.25,14.75,313.25,27.0,86.0,24.0,304.0,901.0,8.0,255.0,9.0,1051.0,9.0
838,0.8904267261492717,0.0,474862.6058100757,28,361010.4338986927,362424.40363352717,-0.23975813323342388,-0.23678049355926523,-0.23723704646491117,1.4650883566949808,207,103,0.0012180649160325819,0.1751573147704786,0.04846284356896262,1413.9697348342718,2413939.469668542,411910.22006243136,1206.969734834271,207.0,2487.0,11625.0,0.0,59.0,17.0,0.0,70,70.34838248315559,256.35219193878663,44.0,285.0,59.0,505.0,17.0,1379.0,42.0,522.0,12.25,1383.75,59.0,505.0,17.0,1379.0,2990.0,5.0,979.0,29.0,3206.0,6.0
839,0.875074760956196,0.0,84654.32527782301,19,73085.99482570484,73636.96910354258,-0.13665374349334913,-0.13014522457208288,-0.13088848799021446,2.1078902609058283,212,101,0.004321439699411307,0.1786509042112571,0.08435897520493707,550.9742778377988,677948.5556755974,80406.05436739637,338.9742778377987,212.0,2156.0,7395.0,0.0,76.0,16.0,0.0,84,66.17972911655046,158.60321484585464,47.5,133.66143798828125,76.0,531.0,16.0,972.0,46.5,560.5,11.75,976.25,76.0,531.0,16.0,972.0,1773.0,3.0,972.0,37.0,2065.0,4.0
840,0.8536159485414636,0.0,41950.34568091304,27,33647.18669779703,33983.13007127088,-0.19792826133716124,-0.18992014202321938,-0.19092202409347503,1.5767141111092047,219,102,0.0024997933917640116,0.1716961790265711,0.04969213973921478,335.9433734738689,233886.7469477378,37084.52047517995,116.9433734738689,219.0,2632.0,10944.0,0.0,70.0,20.0,0.0,81,82.51715571964027,229.3008462724535,49.257408142089844,239.00692749023438,70.0,616.0,20.0,1478.0,45.75,640.25,11.0,1487.0,70.0,616.0,20.0,1478.0,2809.0,6.0,941.0,28.0,2922.0,7.0
841,0.7991529836126738,0.0,43218.17793002095,5,30390.44008402262,30550.400045743227,-0.29681348128023954,-0.2931122618077384,-0.29411887118398217,1.5685131494589832,38,20,0.0011847467104850618,0.22256701187434402,0.2743195862021227,159.95996172062848,243919.92344125692,38877.57069894355,121.95996172062846,38.0,428.0,2092.0,0.0,9.0,4.0,0.0,13,48.23403667310302,134.62698902551568,42.0,114.12699127197266,9.0,24.0,4.0,28.0,7.5,25.5,3.0,29.0,9.0,24.0,4.0,28.0,504.0,3.0,101.0,3.0,813.0,2.0
842,0.7453503163209961,0.0,18498.285267966967,8,14724.925321808849,14901.342778505581,-0.2039843094371755,-0.19444734673273334,-0.19589676745151385,2.1306939518316863,104,50,0.005625756309984811,0.18912415554170128,0.2168959258142809,176.4174566967405,144834.9133934808,16993.866396083195,72.4174566967404,104.0,893.0,3122.0,0.0,33.0,13.0,0.0,43,43.58196939962444,146.25979003371936,33.0,180.3188018798828,33.0,86.0,13.0,211.0,23.5,95.5,9.25,214.75,33.0,86.0,13.0,211.0,714.0,3.0,436.0,17.0,776.0,0.0
843,0.837317011907125,0.0,33583.51202680834,11,28392.553602608234,28621.468596666735,-0.15456865916990392,-0.14775236807218406,-0.14817328201890012,2.006392394973571,111,50,0.005625100438543058,0.1833800883463865,0.1343163256670949,228.9149940585252,235829.9881170504,29384.828798675353,117.91499405852521,111.0,1626.0,3918.0,0.0,38.0,12.0,0.0,45,97.49093745766028,145.4352368061965,52.0,128.099853515625,38.0,153.0,12.0,292.0,26.25,164.75,7.25,296.75,38.0,153.0,12.0,292.0,974.0,2.0,845.0,20.0,1237.0,6.0
844,0.9083282980391543,0.0,26115.265698370848,17,21097.97904945659,21315.87751211165,-0.19212083487349896,-0.18377711495229399,-0.18510850161621195,1.8018250885977438,132,66,0.0033947171879589832,0.18220301984749113,0.07676093505972516,217.89846265507336,171796.92531014688,23836.51531956502,85.89846265507344,132.0,1501.0,7067.0,0.0,43.0,6.0,0.0,43,64.93496861448156,248.77386571993588,32.0,227.8490753173828,43.0,273.0,6.0,409.0,31.25,284.75,2.75,412.25,43.0,273.0,6.0,409.0,1894.0,2.0,691.0,12.0,2252.0,3.0
845,0.818116692611435,0.0,96049.21869130703,29,81399.78942172871,82038.95809494634,-0.15252002534929698,-0.14586543011232944,-0.14658923400169488,2.034559177602435,278,129,0.00349987770765538,0.1718939501595968,0.05711017549927805,639.1686732176798,722337.34643536,88758.45863655052,361.16867321768,278.0,3638.0,10978.0,0.0,94.0,26.0,0.0,104,82.62136349294184,125.86752774100978,54.82475280761719,101.28469848632812,94.0,961.0,26.0,1935.0,63.25,991.75,19.5,1941.5,94.0,961.0,26.0,1935.0,2649.0,2.0,1653.0,39.0,3181.0,10.0
846,0.8158897734915678,0.0,60091.92209507886,17,45499.06919590712,45837.92595425949,-0.24284217229867577,-0.23720319876382656,-0.2379682123404745,1.6761215076252531,164,78,0.003009305453478091,0.1747082933839718,0.0690231387072454,338.8567583523935,349713.51670478686,52161.12243560801,174.85675835239343,164.0,1833.0,6735.0,0.0,48.0,21.0,0.0,63,88.80996578854636,185.34811259302757,49.27461242675781,141.1061553955078,48.0,235.0,21.0,767.0,28.5,254.5,14.25,773.75,48.0,235.0,21.0,767.0,1682.0,3.0,888.0,25.0,1983.0,7.0
847,0.8933410235018459,0.0,10163.306194339857,10,9059.83469432812,9166.069238365193,-0.10857406821279103,-0.09812131376402344,-0.09880845189636223,1.6088802305569176,76,37,0.006202776608495501,0.17449780740616774,0.1418168136845398,106.23454403707677,60469.08807415355,9396.145052578282,30.234544037076777,76.0,974.0,4066.0,0.0,22.0,7.0,0.0,29,74.39107395311775,173.3379052054575,40.81993865966797,116.0,22.0,92.0,7.0,169.0,14.0,100.0,4.5,171.5,22.0,92.0,7.0,169.0,1084.0,1.0,404.0,8.0,1480.0,2.0
848,0.8745582208381671,0.0,16449.902951620697,27,13386.164701997546,13670.692731348236,-0.18624658507917224,-0.16894994629732119,-0.17085413878805733,1.8953039163222094,229,100,0.004847425792954934,0.17162276139262156,0.052127122032826975,284.52802935069167,111056.05870138328,14648.84572666383,55.52802935069165,229.0,2984.0,10624.0,0.0,82.0,20.0,0.0,89,75.282711251777,117.81345051641885,45.5,95.83503723144531,82.0,660.0,20.0,1641.0,55.0,687.0,13.75,1647.25,82.0,660.0,20.0,1641.0,2737.0,6.0,1197.0,28.0,2532.0,4.0
849,0.7470439915693965,0.0,38102.185090708204,21,33010.1015792219,33426.44579529091,-0.1336428212545765,-0.1227157782233741,-0.12342027509533915,2.3482878766617485,253,121,0.0036771291642021856,0.1741535553801745,0.06510156277510856,416.3442160690063,326688.43213801284,34779.42753364876,163.34421606900642,253.0,2461.0,8116.0,0.0,75.0,36.0,0.0,94,64.14669758974749,114.46668482482056,46.0,89.0,75.0,522.0,36.0,1340.0,54.0,543.0,24.25,1351.75,75.0,522.0,36.0,1340.0,2046.0,10.0,1185.0,37.0,2513.0,10.0
850,0.7711538115461266,0.0,40886.1586560848,23,31866.66502874102,32234.319390478704,-0.2206001718873014,-0.21160802457333572,-0.21294938838136646,2.0112315618670213,222,102,0.004053574425909018,0.17771606204961926,0.06179803425702552,367.6543617377043,291308.7234754089,36210.24164977152,145.65436173770445,222.0,2419.0,9160.0,0.0,65.0,32.0,0.0,88,79.88070835696824,141.6403370880046,46.0,119.78594970703125,65.0,639.0,32.0,1286.0,44.5,659.5,22.0,1296.0,65.0,639.0,32.0,1286.0,2327.0,8.0,1088.0,27.0,3206.0,9.0
851,0.8410462415160235,0.0,387452.3955676685,10,312664.8833875591,313855.1989782457,-0.19302374442810166,-0.1899515848433283,-0.19035248707372987,1.5943284161909634,84,43,0.003804405918559989,0.16623079716759853,0.12325507365372633,1190.3155906867207,2212631.181373441,346953.4819337403,1106.3155906867205,84.0,790.0,4250.0,0.0,20.0,11.0,0.0,30,71.60551060197638,181.8763844531701,50.5,160.10362243652344,20.0,58.0,11.0,211.0,14.25,63.75,6.25,215.75,20.0,58.0,11.0,211.0,1102.0,2.0,271.0,8.0,1318.0,5.0
852,0.8948991238487594,0.0,18053.04501478548,25,15050.464201761757,15288.597848662417,-0.16631990949807096,-0.15312913493867508,-0.15477541580387644,1.7639935678046275,179,79,0.0037083285251733674,0.17630744216913427,0.059255324151730925,238.1336469006627,118267.29380132549,16761.298901519618,59.13364690066275,179.0,2202.0,10391.0,0.0,57.0,18.0,0.0,64,56.56111300790798,159.47744942052714,33.0,163.88540649414062,57.0,459.0,18.0,1065.0,41.75,474.25,11.5,1071.5,57.0,459.0,18.0,1065.0,2726.0,4.0,673.0,21.0,2019.0,3.0
853,0.8606990090912281,0.0,28906.3791703769,16,25166.422680861913,25428.479136656966,-0.12938170040153874,-0.12031600406335452,-0.12082696273590521,2.174070008639412,148,72,0.004142854882985369,0.175024298514838,0.08293038188631435,262.0564557950515,228112.9115901029,26231.09084385716,114.05645579505146,148.0,1637.0,6414.0,0.0,47.0,13.0,0.0,55,76.72713943318931,196.4400757152439,44.0,157.0,47.0,202.0,13.0,617.0,35.75,213.25,9.0,621.0,47.0,202.0,13.0,617.0,1585.0,5.0,557.0,15.0,1375.0,3.0
854,0.7571854906710166,0.0,21266.721304074068,15,16019.083187350176,16235.48018877172,-0.24675350947109098,-0.23657812802288958,-0.23806230028383146,1.8875900489715658,146,69,0.002761383587651076,0.18597011889320644,0.08592498235499503,216.3970014215652,140794.00284313058,18647.32266943248,70.39700142156529,146.0,1925.0,5635.0,0.0,42.0,20.0,0.0,57,90.13151450381864,154.4293840033348,46.5,141.02789306640625,42.0,249.0,20.0,544.0,30.0,261.0,17.0,547.0,42.0,249.0,20.0,544.0,1288.0,9.0,609.0,17.0,1367.0,3.0
855,0.8962125831084348,0.0,26820.70515477925,16,20797.579061715347,21044.685950849605,-0.22457001254460407,-0.2153567242396086,-0.216560372669794,1.754327733469346,164,74,0.004924532513320977,0.18153081986331362,0.09386848652961602,247.1068891342727,166213.77826854534,23686.249595427955,83.10688913427268,164.0,1807.0,6247.0,0.0,58.0,16.0,0.0,70,80.84029320736656,176.65928233014455,42.59048080444336,148.0,58.0,297.0,16.0,747.0,35.75,319.25,10.5,752.5,58.0,297.0,16.0,747.0,1570.0,3.0,875.0,31.0,2216.0,5.0
856,0.6383932043951872,0.0,192723.10965115155,20,165462.01279974348,166517.11972820744,-0.1414521429254304,-0.13597741324524915,-0.13641375582469284,2.3669934874717957,230,110,0.002719323449207765,0.186029060614278,0.08408515283956655,1055.106928464151,1650213.8569283038,174294.29629429505,825.1069284641519,230.0,2347.0,7733.0,0.0,68.0,32.0,0.0,88,82.21152471925127,123.98169041798508,55.0,81.0,68.0,457.0,32.0,1203.0,46.25,478.75,24.0,1211.0,68.0,457.0,32.0,1203.0,1876.0,7.0,1066.0,27.0,1719.0,4.0
857,0.8379550923003837,0.0,23897.10068134295,30,18046.526437238947,18387.083955096066,-0.24482360107691592,-0.23057260375308575,-0.23272138700246303,1.973591938209136,258,112,0.003311342275829718,0.17750287901971587,0.04500495866662908,340.5575178571154,165115.03571423053,20915.549019730257,82.55751785711527,258.0,3481.0,11623.0,0.0,81.0,35.0,0.0,104,82.78689731043423,133.78609040286534,56.0,107.0,81.0,858.0,35.0,2143.0,53.25,885.75,24.75,2153.25,81.0,858.0,35.0,2143.0,2860.0,12.0,1318.0,30.0,3466.0,13.0
858,0.885515262372502,0.0,109418.46501116276,28,89665.47538427993,90214.06916801937,-0.18052702187759306,-0.17551329970845575,-0.1761096450692281,1.7266468413613665,207,103,0.001381402378074068,0.17383255446901463,0.04568829633296474,548.5937837394965,683187.5674789922,98918.25460676373,341.5937837394961,207.0,2535.0,11577.0,0.0,62.0,14.0,0.0,67,87.76533371603331,183.37691006044204,51.5,168.7679443359375,62.0,495.0,14.0,1305.0,43.5,513.5,11.0,1308.0,62.0,495.0,14.0,1305.0,2964.0,5.0,823.0,18.0,3703.0,7.0
859,0.713234305567219,0.0,21073.472951425676,18,15236.61320861578,15481.664095087288,-0.27697664055012905,-0.26534823515931616,-0.26704896409341705,2.0657628004407274,172,83,0.004277606458261181,0.18220850905757616,0.06892456317014528,245.05088647151308,146101.7729430261,17681.33457915104,73.05088647151305,172.0,1908.0,7164.0,0.0,42.0,29.0,0.0,67,52.00766701376969,159.97271140326495,48.27388000488281,134.0,42.0,267.0,29.0,868.0,28.25,280.75,19.75,877.25,42.0,267.0,29.0,868.0,1756.0,4.0,815.0,17.0,2176.0,15.0
860,0.6462477300483307,0.0,36272.584742415536,30,27508.64959638913,27971.47604195191,-0.24161319653016766,-0.22885352007343107,-0.23058977923161073,2.178155497238298,325,150,0.0030321879052105823,0.17344171690979662,0.0460336822543731,462.8264455627826,275652.8911255645,31638.339351238603,137.82644556278225,325.0,3567.0,11549.0,0.0,85.0,60.0,0.0,127,62.419264786951615,132.10877231249364,35.0,113.2438735961914,85.0,987.0,60.0,2677.0,57.5,1014.5,43.75,2693.25,85.0,987.0,60.0,2677.0,2769.0,14.0,1406.0,40.0,3553.0,19.0
861,0.7848890057696208,0.0,47758.330709485774,7,42253.80863508531,42585.187317390795,-0.11525784072907619,-0.108319183590466,-0.10876016135328748,2.622858437070581,97,50,0.004090028747661965,0.1974411927377209,0.19549293539922807,331.37868230552124,468757.3646110423,44680.00998317204,234.37868230552115,97.0,981.0,2547.0,0.0,29.0,11.0,0.0,39,59.124230639462034,127.26697680050842,49.0,98.02342987060547,29.0,67.0,11.0,166.0,19.75,76.25,8.75,168.25,29.0,67.0,11.0,166.0,635.0,5.0,394.0,14.0,612.0,3.0
862,0.8989265658024965,0.0,25810.357970642635,17,21238.343518202975,21490.351772420825,-0.17713874629867543,-0.1673749044137821,-0.16868095266398841,1.693903627616867,170,78,0.005583560417775018,0.17916957837598294,0.08185560361059872,252.00825421784978,164016.50843569954,24206.883107401514,82.00825421784977,170.0,2266.0,6283.0,0.0,63.0,12.0,0.0,69,93.86099111757599,191.75490619231607,66.0,152.63412475585938,63.0,361.0,12.0,735.0,40.75,383.25,8.0,739.0,63.0,361.0,12.0,735.0,1516.0,3.0,1182.0,32.0,2023.0,2.0
863,0.8100166121569575,0.0,30121.690040992486,9,27541.11709463007,27778.90637712074,-0.08567158558668275,-0.07777729804282096,-0.07819231392395343,2.2529479634384035,109,55,0.002716701390300964,0.19201841480336002,0.16003353483167945,237.78928249068125,257578.56498136232,28582.391733124092,128.78928249068116,109.0,1070.0,3466.0,0.0,34.0,11.0,0.0,43,56.10874957883646,119.48391830299512,36.13492202758789,119.1524887084961,34.0,94.0,11.0,248.0,25.0,103.0,7.5,251.5,34.0,94.0,11.0,248.0,938.0,2.0,580.0,21.0,1054.0,2.0
864,0.8295306243133536,0.0,190120.4285847701,19,138488.78464300357,139143.71003216846,-0.27157336182179515,-0.2681285695180955,-0.2687842527658504,1.5367691882131407,144,72,0.002725819850810416,0.1751852291115519,0.06628767260853811,654.9253891649594,1021850.7783299187,166233.61305123236,510.92538916495937,144.0,1782.0,7794.0,0.0,34.0,19.0,0.0,49,66.6097321210114,207.4101983996783,49.42950439453125,212.0,34.0,262.0,19.0,616.0,23.5,272.5,12.5,622.5,34.0,262.0,19.0,616.0,1965.0,6.0,538.0,12.0,2456.0,6.0
865,0.8611650418355394,0.0,11824.04032980416,18,9244.553494569029,9436.062715479828,-0.21815612627209768,-0.2019595288680721,-0.2044104088414619,1.7795782036073096,153,68,0.004791026100653413,0.181711201642051,0.06757812153766071,191.50922091079514,77018.4418215903,10819.760781721954,38.50922091079515,153.0,1987.0,7080.0,0.0,51.0,16.0,0.0,56,67.76002961127105,213.01439397668418,44.0,192.5,51.0,298.0,16.0,642.0,33.25,315.75,11.0,647.0,51.0,298.0,16.0,642.0,1683.0,2.0,622.0,13.0,2722.0,6.0
866,0.7754730441063274,0.0,454846.395614748,12,381004.6842152791,382209.4981024998,-0.16234428174300042,-0.15969544490745224,-0.15987311404025029,1.3662513310653641,99,52,0.002927912888766476,0.18258748857825838,0.10175936383008076,1204.813887220777,2211627.7744415533,404689.04295906314,1105.8138872207767,99.0,1296.0,4752.0,0.0,23.0,12.0,0.0,32,115.0220620013506,165.84055461118717,83.0,115.71083068847656,23.0,62.0,12.0,287.0,14.5,70.5,8.25,290.75,23.0,62.0,12.0,287.0,1186.0,4.0,351.0,9.0,1626.0,4.0
867,0.7475748812280779,0.0,211878.3666964052,20,182478.7983927077,183549.48250035985,-0.13875681959462793,-0.13370352357226278,-0.13400604236971492,2.2372021215042475,216,107,0.003195029666976816,0.16732198702016796,0.06585522282461811,1070.6841076523713,1709368.2153047444,191016.29205449275,854.6841076523722,216.0,2724.0,7356.0,0.0,60.0,29.0,0.0,80,89.65730694834123,121.5490368324607,54.89073944091797,95.0,60.0,481.0,29.0,1030.0,42.0,499.0,22.0,1037.0,60.0,481.0,29.0,1030.0,1751.0,6.0,870.0,24.0,1768.0,13.0
868,0.5171141887148376,0.0,102159.96076731707,24,75583.20592330932,76223.8838689345,-0.26014844411050486,-0.2538771227355445,-0.25481910806572516,2.1339614100362496,264,125,0.002602181415925744,0.18121013559933616,0.05899053036805585,640.6779456253281,753355.8912506573,88257.90941058536,376.6779456253286,264.0,3301.0,8795.0,0.0,52.0,63.0,0.0,106,89.27368818499585,131.68989970554455,54.0,119.63264465332031,52.0,750.0,63.0,1679.0,35.5,766.5,45.5,1696.5,52.0,750.0,63.0,1679.0,2031.0,18.0,1114.0,18.0,2631.0,18.0
869,0.7233199637193226,0.0,13164.458597553352,19,11373.82869541224,11666.14753010274,-0.13602001851210999,-0.11381486419267384,-0.11518799337206309,2.393303063503731,234,101,0.008380437668677734,0.17243238583081205,0.0852033532115776,292.3188346905117,116637.66938102336,12183.754656866247,58.31883469051168,234.0,2857.0,6632.0,0.0,77.0,37.0,0.0,105,88.18640322291448,112.13805710136936,55.0,88.45780944824219,77.0,634.0,37.0,1237.0,51.5,659.5,30.0,1244.0,77.0,634.0,37.0,1237.0,1670.0,16.0,1599.0,39.0,2201.0,10.0
870,0.8379627938365761,0.0,171597.62805913336,12,141650.8422682386,142265.28263447087,-0.17451748097925313,-0.1709367766700972,-0.1712517121315762,1.6327063766991359,117,57,0.0023116570931780004,0.18545782141546607,0.09967600217568864,614.440366232333,994880.7324646659,152336.13751114722,497.44036623233296,117.0,1405.0,4643.0,0.0,36.0,12.0,0.0,46,77.08009602157983,178.03182111164014,52.89331817626953,171.15245056152344,36.0,144.0,12.0,360.0,22.25,157.75,6.75,365.25,36.0,144.0,12.0,360.0,1156.0,3.0,422.0,18.0,1554.0,6.0
871,0.7763964564969927,0.0,25501.37886258799,10,20178.715014051068,20357.812606414187,-0.2087206294693963,-0.2016975742327296,-0.20264435225366262,1.847708038235632,98,49,0.002583248984026117,0.17813362814461295,0.12125901260365242,179.0975923631319,162195.1847262638,21945.45639379575,81.09759236313191,98.0,919.0,4117.0,0.0,27.0,12.0,0.0,38,71.0653355555465,141.9798386523784,25.0,136.0,27.0,106.0,12.0,234.0,18.5,114.5,8.5,237.5,27.0,106.0,12.0,234.0,1096.0,2.0,337.0,14.0,1291.0,4.0
872,0.5986794531311519,0.0,301948.1200482058,5,307444.49467768066,309029.8349391087,0.018203043054539902,0.023453416069529887,0.023609953805302508,2.5790003489591773,69,34,0.004459233856869311,0.2211685277510414,0.26662226283720775,1585.3402614282143,3032680.522856428,293978.2970638551,1516.340261428214,69.0,666.0,1854.0,0.0,17.0,13.0,0.0,29,47.24614364759223,98.37327393884104,34.0,92.0,17.0,30.0,13.0,85.0,13.5,33.5,9.0,89.0,17.0,30.0,13.0,85.0,437.0,2.0,214.0,7.0,590.0,2.0
873,0.8888300206033595,0.0,224061.0195385022,25,172752.451885698,173628.60349291153,-0.22899372572027166,-0.22508339982325432,-0.22558919727857507,1.7094478271209606,214,104,0.0026243541724017216,0.17870540663664572,0.05333558204304872,876.1516072134348,1324303.2144268688,193674.12000184448,662.1516072134344,214.0,2602.0,9998.0,0.0,70.0,15.0,0.0,81,66.5119959638095,247.309958687405,32.45812225341797,313.0,70.0,605.0,15.0,1335.0,46.5,628.5,10.0,1340.0,70.0,605.0,15.0,1335.0,2540.0,5.0,1135.0,25.0,3271.0,6.0
874,0.831479932958234,0.0,188993.4602756462,20,147370.99090832938,148076.21070234108,-0.2202323260636142,-0.216500875287576,-0.2170787739330703,1.6226864365047784,166,82,0.0022917224841946474,0.18344932783367127,0.06999171543702626,705.2197940119493,1078439.588023897,166150.33622066042,539.2197940119486,166.0,1602.0,8478.0,0.0,49.0,15.0,0.0,61,78.0605210852285,189.44764936304793,51.0,187.6536407470703,49.0,318.0,15.0,838.0,34.25,332.75,11.25,841.75,49.0,318.0,15.0,838.0,2254.0,3.0,780.0,20.0,2302.0,4.0
875,0.797758644403673,0.0,40612.85445801397,12,37477.37384754161,37775.813788947984,-0.07720414268624864,-0.06985573181020688,-0.07030362678966184,1.9666490083596657,144,67,0.00321188128181244,0.19271023489658148,0.12168837621599952,298.43994140639273,308879.8828127852,39264.74443327516,154.43994140639262,144.0,1979.0,4069.0,0.0,53.0,12.0,0.0,59,110.083805961448,151.95718723960445,70.32462310791016,163.92457580566406,53.0,203.0,12.0,440.0,33.5,222.5,7.25,444.75,53.0,203.0,12.0,440.0,1003.0,2.0,1073.0,34.0,1807.0,3.0
876,0.8821058207783398,0.0,49251.633593738334,21,38323.21326860337,38599.921305966665,-0.22188949944848857,-0.21627124849572277,-0.2169050245487283,1.4235019764885881,157,75,0.001667577769881906,0.1835892294186088,0.06121471255183302,276.7080373632963,239416.07472659252,42047.021830831975,119.70803736329626,157.0,2245.0,8339.0,0.0,54.0,7.0,0.0,58,81.59866758563773,206.1311685549351,65.0,271.0,54.0,346.0,7.0,811.0,34.5,365.5,5.5,812.5,54.0,346.0,7.0,811.0,2162.0,1.0,871.0,26.0,2284.0,2.0
877,0.8798632807721921,0.0,64010.60997671665,23,52926.40573465223,53272.0291784897,-0.1731619843350377,-0.16776251315419466,-0.16857958808695972,1.4995211988561132,167,82,0.0019572505202461715,0.1741706315625279,0.054030529153261765,345.62344383745483,357246.88767491025,59560.15959418089,178.62344383745514,167.0,2186.0,9406.0,0.0,55.0,7.0,0.0,56,106.97086921497113,174.64013445526416,53.0,215.16171264648438,55.0,473.0,7.0,753.0,37.25,490.75,4.5,755.5,55.0,473.0,7.0,753.0,2517.0,0.0,677.0,22.0,3010.0,2.0
878,0.8292100411435888,0.0,33623.75493013288,14,27889.110368776808,28161.685394983662,-0.17055336541894706,-0.1624467447641974,-0.16340874895873003,1.9487655070861678,154,74,0.0019058194639905855,0.19305419961416412,0.09414349524650066,272.57502620685676,237150.0524137135,30423.112933723987,118.57502620685676,154.0,1546.0,5510.0,0.0,55.0,11.0,0.0,58,59.32032748958898,184.274559102702,48.0,145.0,55.0,229.0,11.0,517.0,39.5,244.5,6.0,522.0,55.0,229.0,11.0,517.0,1388.0,3.0,857.0,28.0,2702.0,5.0
879,0.765642992408177,0.0,25344.88572067521,29,19386.036303493132,19720.01019543128,-0.23511052615720096,-0.22193335520370527,-0.22372108146174974,1.7384872489914345,258,110,0.00382276108701542,0.1623981231238525,0.05471853399826904,333.97389193817264,151947.78387634532,21850.57497035084,75.97389193817266,258.0,2868.0,11734.0,0.0,79.0,40.0,0.0,102,67.09300292301639,150.63020068564728,36.0,143.5,79.0,795.0,40.0,2040.0,51.25,822.75,27.5,2052.5,79.0,795.0,40.0,2040.0,2997.0,9.0,1370.0,46.0,3959.0,10.0
880,0.7845923166028089,0.0,180867.52331068402,14,155991.48708313936,156977.41562436963,-0.13753732993188617,-0.13208622116905588,-0.13256229895340943,2.458826993318438,158,78,0.0036339578888751113,0.17865255197319696,0.09582924017341225,985.9285412303736,1655857.0824607466,168358.43747448846,827.9285412303733,158.0,1911.0,5145.0,0.0,47.0,19.0,0.0,64,64.09985035483018,151.2797627448982,40.0,142.0,47.0,269.0,19.0,561.0,34.75,281.25,13.5,566.5,47.0,269.0,19.0,561.0,1244.0,3.0,528.0,15.0,1522.0,6.0
881,0.8486360468162598,0.0,78373.03585868035,17,60906.739226878715,61243.25586288765,-0.2228610444961744,-0.21856726370381452,-0.21922455659220497,1.4203935803753436,139,70,0.0017633487696025573,0.1781580245903966,0.07432968915691816,336.5166360089939,395033.2720179877,69528.8400123575,197.51663600899386,139.0,1274.0,7294.0,0.0,36.0,16.0,0.0,51,74.63196525996524,176.58527252843865,51.88018798828125,184.73065185546875,36.0,252.0,16.0,563.0,22.25,265.75,8.75,570.25,36.0,252.0,16.0,563.0,1851.0,5.0,436.0,16.0,2295.0,4.0
882,0.885996783827904,0.0,71954.99954800394,29,56728.48773751669,57187.754475102425,-0.21161158927294632,-0.2052288953604915,-0.20609952311298618,1.6841198724950626,247,120,0.001906793546319499,0.1823891210270274,0.04621347474589807,459.26673758575464,424533.4751715092,63020.07982106301,212.2667375857546,247.0,3079.0,11537.0,0.0,83.0,15.0,0.0,83,69.51738151415559,234.93333811573208,38.0,221.0,83.0,730.0,15.0,1579.0,60.0,753.0,10.75,1583.25,83.0,730.0,15.0,1579.0,3046.0,6.0,1654.0,42.0,3587.0,5.0
883,0.6087542925488423,0.0,84921.50627145311,29,68951.45361812707,69693.08060175682,-0.18805663434981335,-0.1793235463937527,-0.18015900102620075,2.5287021175639137,363,168,0.003621221223002422,0.16891129333634047,0.04793469021979631,741.6269836298048,757253.9672596091,74865.873089584,378.62698362980456,363.0,3975.0,10641.0,0.0,107.0,59.0,0.0,141,74.24356982780435,128.81896495021164,43.0,84.0,107.0,1213.0,59.0,2710.0,72.25,1247.75,43.0,2726.0,107.0,1213.0,59.0,2710.0,2506.0,16.0,1879.0,45.0,2872.0,14.0
884,0.7321598838941926,0.0,97659.87324577241,13,74945.88366686337,75283.55107855397,-0.2325826239989749,-0.22912503798674644,-0.2296043034742472,1.4159897173296516,103,51,0.0026886711855056,0.16702637945776833,0.09683447439327862,337.6674116906323,469334.8233812648,82863.38834902723,234.6674116906324,103.0,992.0,5560.0,0.0,23.0,16.0,0.0,35,70.20103955941121,145.764628767085,51.0,152.5,23.0,99.0,16.0,317.0,17.5,104.5,7.0,326.0,23.0,99.0,16.0,317.0,1467.0,4.0,380.0,12.0,1844.0,5.0
885,0.8372179336394915,0.0,345489.634482947,14,299340.7079100727,300889.9407813021,-0.13357543024970886,-0.12909126425281015,-0.1295209712734644,2.1061925614619903,168,79,0.0034607469256733928,0.17761738110872796,0.11261736430628998,1549.232871229612,2762465.7424592217,327898.0508484094,1381.232871229611,168.0,1938.0,5118.0,0.0,59.0,16.0,0.0,73,83.54933422708567,155.34628526923393,56.36477279663086,155.5,59.0,272.0,16.0,675.0,37.75,293.25,10.0,681.0,59.0,272.0,16.0,675.0,1286.0,4.0,891.0,29.0,1304.0,2.0
886,0.7950316319469595,0.0,10544.961863015227,17,8483.736313295964,8654.497870957235,-0.19547017585228865,-0.17927651295624814,-0.1814355013585034,1.8053295533881397,136,61,0.005044654699343932,0.17971434378570242,0.07432064505697634,170.76155766127997,69523.1153225597,9627.482582346624,34.761557661279845,136.0,1799.0,6769.0,0.0,45.0,13.0,0.0,52,63.754619813905364,114.91524054407863,48.0,82.0,45.0,231.0,13.0,595.0,31.5,244.5,7.5,600.5,45.0,231.0,13.0,595.0,1784.0,6.0,544.0,11.0,1926.0,4.0
887,0.668126692396007,0.0,40485.38096609074,13,36946.965451119315,37289.56389358252,-0.08739983249595928,-0.07893755711932016,-0.07957379771373474,2.285685873697446,162,80,0.00656768364323146,0.17322789317956197,0.10225176804309878,342.59844246321995,361196.8849264395,39506.4003635535,180.59844246321975,162.0,1890.0,4662.0,0.0,46.0,23.0,0.0,64,82.12877877716186,153.01095151118764,53.5,103.15290069580078,46.0,247.0,23.0,516.0,31.5,261.5,13.75,525.25,46.0,247.0,23.0,516.0,1098.0,7.0,989.0,23.0,1131.0,7.0
888,0.8277897040082252,0.0,381918.70860650996,17,298293.02272081445,299249.3036576444,-0.21896200422026169,-0.21645811814377403,-0.21682203417178414,1.2932115851236183,111,54,0.0016521120586934148,0.18026872294272464,0.07079638866020828,956.2809368300792,1690561.873660158,326814.63209644787,845.280936830079,111.0,1187.0,7381.0,0.0,24.0,16.0,0.0,38,89.4130693890794,252.02073496968592,39.5,242.20852661132812,24.0,180.0,16.0,426.0,15.75,188.25,9.75,432.25,24.0,180.0,16.0,426.0,1952.0,5.0,339.0,4.0,2619.0,2.0
889,0.7278974163300753,0.0,144467.65312663728,22,107673.3543333657,108453.94564674086,-0.2546888386220165,-0.24928561307995756,-0.25018925634857003,2.1838503099651603,239,117,0.0023262151229914733,0.17876963970524878,0.06346595550780788,780.5913133753014,1083182.6267506026,123999.18412538574,541.5913133753013,239.0,2286.0,8802.0,0.0,62.0,38.0,0.0,91,72.19217525969432,123.56722520588794,38.5,109.0,62.0,495.0,38.0,1407.0,46.75,510.25,26.5,1418.5,62.0,495.0,38.0,1407.0,2135.0,4.0,934.0,29.0,3299.0,14.0
890,0.7798973184167076,0.0,429983.7434116675,21,351144.08576040046,353222.0257166734,-0.18335497297111947,-0.17852237176674435,-0.17916327753000372,2.329463190144014,244,119,0.002806203096653937,0.1786292896339066,0.06296086843280504,2077.939956273178,3667879.9125463576,393640.0377633354,1833.939956273179,244.0,2305.0,8279.0,0.0,72.0,32.0,0.0,90,56.93735869803603,129.056484549058,31.5,103.57791900634766,72.0,463.0,32.0,1323.0,50.75,484.25,23.0,1332.0,72.0,463.0,32.0,1323.0,2008.0,9.0,936.0,29.0,2445.0,11.0
891,0.8481311309689087,0.0,38459.59951728282,11,28725.809167147607,28953.4310048589,-0.2530913080819024,-0.24717284193643452,-0.2480490872682155,1.7346027272807192,111,57,0.0023232983936669702,0.18005004811300426,0.11495824488482088,227.62183771130228,233243.67542260434,33616.29607666029,116.62183771130218,111.0,1180.0,4364.0,0.0,34.0,9.0,0.0,41,61.21390670533069,196.80519403009183,37.5,195.8838348388672,34.0,80.0,9.0,328.0,24.75,89.25,6.25,330.75,34.0,80.0,9.0,328.0,1052.0,2.0,491.0,13.0,1298.0,3.0
892,0.8265118860503815,0.0,291690.7012188328,19,244916.95270441016,246328.26457552044,-0.16035392393030712,-0.15551553907534565,-0.15594526880228543,2.2979368990554456,211,105,0.003008871016338436,0.1696368205594329,0.07232532957917481,1411.311871110348,2400623.7422206956,261171.63434812537,1200.3118711103477,211.0,1924.0,7652.0,0.0,63.0,24.0,0.0,73,67.66471107463882,131.1075103580679,33.0,114.90531158447266,63.0,362.0,24.0,938.0,45.0,380.0,18.75,943.25,63.0,362.0,24.0,938.0,1906.0,9.0,845.0,28.0,2618.0,11.0
893,0.8096280245316185,0.0,20910.162459382427,7,15287.939665637861,15406.949463027931,-0.2688751368941117,-0.26318365565281365,-0.264127975491688,1.4915311783635503,66,34,0.001784684870448249,0.20068834783049602,0.175143442075308,119.00979739007862,106019.59478015723,17770.261245305945,53.00979739007862,66.0,529.0,2999.0,0.0,19.0,6.0,0.0,24,69.42984342539849,158.51602453573702,33.0,106.28102111816406,19.0,30.0,6.0,113.0,12.25,36.75,5.25,113.75,19.0,30.0,6.0,113.0,777.0,2.0,268.0,10.0,910.0,1.0
894,0.865331982900669,0.0,22877.498231107144,17,21397.6586361611,21591.78878250886,-0.06468537687105425,-0.05619973983213211,-0.05679815427652879,1.505723360079612,126,63,0.002448360601630377,0.17696082121236495,0.0794138908503002,194.13014634775783,136260.29269551553,22623.726294634733,68.13014634775776,126.0,1969.0,6599.0,0.0,37.0,9.0,0.0,43,116.16273539903297,116.02501148542827,66.0,93.35638427734375,37.0,237.0,9.0,448.0,27.75,246.25,4.25,452.75,37.0,237.0,9.0,448.0,1804.0,3.0,568.0,11.0,1702.0,2.0
895,0.7397568166795991,0.0,21998.000562693276,25,17793.765565795886,18110.73238075379,-0.19111896033075904,-0.1767100683019328,-0.1782584554509652,1.9445150450900262,239,110,0.004336683456148095,0.16344147427000896,0.05436625410882,316.96681495791563,155933.62991583135,20047.88164400806,77.96681495791567,239.0,3352.0,9225.0,0.0,63.0,41.0,0.0,94,104.27362729829385,117.6051741116393,61.0,110.0,63.0,646.0,41.0,1598.0,46.25,662.75,27.5,1611.5,63.0,646.0,41.0,1598.0,2212.0,5.0,1428.0,29.0,2690.0,14.0
896,0.651965227626111,0.0,375872.03472865885,19,312231.6940406337,314340.8553397947,-0.16931384835258356,-0.16370246707309144,-0.16427229328904203,2.689743265395126,281,139,0.0038840381515728383,0.16561580017845107,0.08209378844420215,2109.161299161192,3656322.598322381,339839.367325757,1828.1612991611905,281.0,3012.0,6564.0,0.0,75.0,48.0,0.0,113,62.062018698957644,111.01420593827892,42.0,98.09027862548828,75.0,707.0,48.0,1317.0,50.0,732.0,37.25,1327.75,75.0,707.0,48.0,1317.0,1527.0,12.0,1496.0,36.0,1715.0,10.0
897,0.7957383361338171,0.0,15705.587302170192,21,11906.060211649063,12151.819780950256,-0.24192199994941366,-0.22627409296110035,-0.22844766817385875,1.9586184559510824,192,90,0.005078819072493813,0.1726508585774017,0.05976487512096142,245.7595693011989,107519.13860239767,13723.849363783773,53.75956930119884,192.0,2464.0,8102.0,0.0,58.0,23.0,0.0,72,69.83459583499106,151.76971256274265,64.0,133.78506469726562,58.0,429.0,23.0,999.0,39.75,447.25,16.5,1005.5,58.0,429.0,23.0,999.0,1927.0,6.0,959.0,21.0,2739.0,8.0
898,0.8446827271839442,0.0,146128.6770438257,20,114345.52646356706,114937.5152282457,-0.21750111766718117,-0.21344997057781756,-0.21398863428316006,1.6168976983993686,180,86,0.003000044106689823,0.17664508354851008,0.06595958068500872,591.9887646786731,823977.5293573455,127400.99917469017,411.9887646786728,180.0,2399.0,7681.0,0.0,53.0,21.0,0.0,70,96.70117257146292,158.34043624182118,64.0,115.0,53.0,394.0,21.0,932.0,32.75,414.25,14.5,938.5,53.0,394.0,21.0,932.0,1895.0,3.0,919.0,24.0,2595.0,4.0
899,0.8289415809134317,0.0,17824.85319738001,18,14247.509857791578,14473.257591213296,-0.20069412634008388,-0.1880293525592316,-0.189492694718443,1.8362371347897553,167,76,0.003863476240038992,0.1833803719838867,0.07358137138039401,225.74773342172662,117495.4668434532,15996.771960625085,58.74773342172661,167.0,1859.0,7206.0,0.0,55.0,18.0,0.0,68,54.11289580846587,234.7132837783732,44.0,248.45553588867188,55.0,310.0,18.0,840.0,37.25,327.75,13.0,845.0,55.0,310.0,18.0,840.0,1788.0,4.0,853.0,29.0,2493.0,8.0
900,0.8113769350035297,0.0,20681.066957700776,11,18681.508979704573,18893.131328221185,-0.09668543610858771,-0.08645277504958893,-0.08723575084262403,2.259046670966597,121,57,0.0029635266711730344,0.19070478822612258,0.11770143032757631,211.62234851662978,181244.69703325946,20057.653009411795,90.62234851662973,121.0,1490.0,4054.0,0.0,42.0,11.0,0.0,48,53.76251955861601,98.95421942767058,39.87871170043945,77.22447204589844,42.0,171.0,11.0,304.0,25.75,187.25,7.5,307.5,42.0,171.0,11.0,304.0,1045.0,2.0,496.0,12.0,1514.0,6.0
901,0.7705821258808734,0.0,42918.35679085744,14,39970.90926423447,40315.4537699747,-0.06867568441601757,-0.06064777907427288,-0.06077587478249291,2.3883132464865158,152,75,0.003496807400153928,0.17332585985715626,0.10098815991050106,344.5445057402532,385089.0114805065,40309.726126484544,192.54450574025327,152.0,1930.0,5126.0,0.0,39.0,24.0,0.0,58,78.39445877413051,135.4173072019897,56.0,114.0,39.0,196.0,24.0,553.0,26.75,208.25,18.5,558.5,39.0,196.0,24.0,553.0,1216.0,6.0,579.0,12.0,1390.0,4.0
902,0.767363322693338,0.0,10261.925567005368,30,8570.12979713638,8854.298937198118,-0.16486143451561663,-0.13716983431775398,-0.139343632506709,1.9555143684100973,248,101,0.008584456563796557,0.17789546851117807,0.044450614802166465,284.1691400617476,72338.28012349547,9247.986270526493,36.16914006174773,248.0,3342.0,11748.0,0.0,81.0,36.0,0.0,105,67.15329915357233,182.4049938364997,47.0,130.5,81.0,775.0,36.0,2249.0,55.25,800.75,25.0,2260.0,81.0,775.0,36.0,2249.0,3034.0,7.0,789.0,18.0,1879.0,6.0
903,0.7827620666869436,0.0,152112.30662359088,11,128325.76542848663,129042.99374568177,-0.15637486356685903,-0.15165974003007665,-0.15206614892599368,2.1394847893056532,134,69,0.0020418746399855055,0.1849536746529896,0.11819877407532461,717.228317195231,1166456.6343904622,136301.11326580442,583.228317195231,134.0,1547.0,3997.0,0.0,42.0,12.0,0.0,51,83.69598622139581,145.18447960352663,53.032814025878906,116.0,42.0,145.0,12.0,362.0,29.0,158.0,9.25,364.75,42.0,145.0,12.0,362.0,968.0,3.0,672.0,21.0,1435.0,5.0
904,0.9368910531109114,0.0,21265.183386499888,24,16570.574996409283,16810.565752176837,-0.22076500845372238,-0.20947938954295808,-0.21120770966607572,1.4796092884051888,184,77,0.004827900598987137,0.17428356077230592,0.06294397447163758,239.99075576757733,111981.51153515474,18920.79084875425,55.990755767577376,184.0,2251.0,9795.0,0.0,70.0,13.0,0.0,77,99.80160220294461,272.5118680686374,48.0,291.0,70.0,572.0,13.0,1191.0,43.0,599.0,8.5,1195.5,70.0,572.0,13.0,1191.0,2496.0,2.0,1113.0,37.0,2831.0,6.0
905,0.7502062721324629,0.0,146796.74528860793,26,109917.41312988728,110803.37747752879,-0.2512271786831137,-0.24519186539398286,-0.2463780165179833,2.3484116910823665,273,133,0.0017731066177813807,0.16962552153686475,0.056872408535261515,885.9643476416675,1225928.6952833342,130506.15230056962,612.9643476416671,273.0,2504.0,10599.0,0.0,76.0,38.0,0.0,96,57.493597823493566,108.00542645777779,33.09693145751953,95.86224365234375,76.0,664.0,38.0,1717.0,57.0,683.0,27.25,1727.75,76.0,664.0,38.0,1717.0,2582.0,7.0,1163.0,31.0,3354.0,13.0
906,0.7333581216895556,0.0,73933.57995451629,5,51572.906869362174,51876.60523193074,-0.30244272087068325,-0.2983350019863089,-0.2993987761912894,1.8700288937123963,55,28,0.0040206177795647086,0.1842638221380452,0.25349008933317835,303.6983625686015,497396.7251372031,66495.86094760375,248.69836256860157,55.0,516.0,2004.0,0.0,16.0,6.0,0.0,22,49.40605200319422,114.34755475729322,16.347585678100586,95.5,16.0,24.0,6.0,64.0,11.75,28.25,3.5,66.5,16.0,24.0,6.0,64.0,444.0,1.0,271.0,6.0,1108.0,2.0
907,0.8612710310787783,0.0,104274.13983770291,25,87505.03078839062,88154.38455603122,-0.16081752460785104,-0.154590153481594,-0.155373724689581,2.04519911868823,253,119,0.003501157439060579,0.17485200934673642,0.061864923854790754,649.3537676407311,792707.535281463,96898.57677401815,396.35376764073146,253.0,2801.0,9799.0,0.0,90.0,19.0,0.0,97,68.26183573355726,113.87640777276742,40.5,124.0,90.0,731.0,19.0,1585.0,61.75,759.25,13.5,1590.5,90.0,731.0,19.0,1585.0,2450.0,4.0,1280.0,38.0,2904.0,5.0
908,0.7262123291591293,0.0,189894.30630499177,5,163012.97270692082,163608.0769738334,-0.14155945020750904,-0.13842557916897047,-0.13872260474731635,1.5479782251366125,46,24,0.0009185041532249461,0.18502391178461186,0.2369711701996444,595.1042669126598,1098208.5338253193,177361.75418882264,549.1042669126597,46.0,598.0,1922.0,0.0,13.0,4.0,0.0,17,96.4858390084445,198.59701671568143,104.0,183.19403076171875,13.0,20.0,4.0,48.0,8.0,25.0,2.0,50.0,13.0,20.0,4.0,48.0,385.0,0.0,233.0,5.0,348.0,0.0
909,0.6806945679445778,0.0,53977.23077136755,5,45465.5415285554,45727.61502192458,-0.15769036538508774,-0.15283510531294264,-0.15335790273099104,1.8564125343101952,78,39,0.006182317102500558,0.19000008401817323,0.32690163080913504,262.07349336920475,368146.9867384095,49577.74470037251,184.07349336920475,78.0,728.0,1792.0,0.0,24.0,10.0,0.0,34,69.27920114672216,119.88368776865227,55.0,81.28565979003906,24.0,37.0,10.0,99.0,13.25,47.75,5.75,103.25,24.0,37.0,10.0,99.0,438.0,4.0,434.0,15.0,642.0,2.0
910,0.7838953870285162,0.0,190165.8389090757,30,158087.06396406054,159187.09976077854,-0.16868842021806585,-0.16290380715071062,-0.1635899991139319,2.175892912126182,333,153,0.0026115214168436576,0.17691641958262244,0.0495877899048313,1100.0357967180298,1534071.5934360584,176257.70837419506,767.0357967180292,333.0,3850.0,11270.0,0.0,108.0,42.0,0.0,126,72.13032095876012,123.5787684462182,54.319976806640625,108.0,108.0,1202.0,42.0,2428.0,67.25,1242.75,30.25,2439.75,108.0,1202.0,42.0,2428.0,2683.0,11.0,1811.0,51.0,3630.0,13.0
911,0.8929063872782182,0.0,193974.73588348317,5,133166.00131368442,133665.8206122274,-0.3134879101282827,-0.31091118643142346,-0.3115338802220178,1.4531358314428482,38,20,0.0006605118292764522,0.1728674606460102,0.24789720967137668,499.81929854299847,923638.5970859968,158904.38063331236,461.8192985429984,38.0,273.0,2247.0,0.0,9.0,4.0,0.0,13,45.95638032859794,171.97227842118102,32.0,191.44454956054688,9.0,13.0,4.0,39.0,6.25,15.75,3.25,39.75,9.0,13.0,4.0,39.0,516.0,1.0,128.0,4.0,906.0,0.0
912,0.7572227058676269,0.0,20118.287894114877,8,14849.026822475567,14972.189456876808,-0.2619139908610566,-0.25579206661733067,-0.25660833004713424,1.3866115163757189,76,36,0.003315299318073101,0.18551514318857554,0.17626757291226683,123.16263440123927,94325.26880247863,17006.43397384709,47.162634401239316,76.0,851.0,3181.0,0.0,21.0,11.0,0.0,30,74.25465313823152,164.71606936534,66.0,142.0,21.0,44.0,11.0,164.0,12.0,53.0,7.5,167.5,21.0,44.0,11.0,164.0,802.0,6.0,387.0,11.0,952.0,2.0
913,0.7711309341698989,0.0,71867.48277507958,20,59577.20314786665,59996.301830657845,-0.17101308064006182,-0.1651815325378021,-0.16572679008355262,1.7431041570121701,196,93,0.0020390207713865973,0.1704648203330637,0.0818936943224673,419.0986827912416,446197.36558248283,63994.65054734643,223.09868279124143,196.0,2237.0,7843.0,0.0,58.0,25.0,0.0,74,86.35115166788707,170.29396627522019,47.0,148.51385498046875,58.0,402.0,25.0,995.0,38.75,421.25,15.75,1004.25,58.0,402.0,25.0,995.0,1916.0,3.0,1091.0,31.0,2164.0,10.0
914,0.8374011252218296,0.0,267246.49250869814,9,249555.5347761538,250503.37943506934,-0.06619715591578268,-0.06265045021342552,-0.0628171444781942,1.690716221506858,86,46,0.0009021097672431473,0.18306426189167882,0.16206209059086732,947.8446589156005,1723689.317831201,254875.6106886695,861.8446589156006,86.0,1280.0,3256.0,0.0,24.0,7.0,0.0,30,105.25325322253036,180.43468646355197,63.0,190.36920166015625,24.0,76.0,7.0,163.0,17.25,82.75,6.0,164.0,24.0,76.0,7.0,163.0,790.0,1.0,522.0,12.0,1280.0,1.0
915,0.8614542243771348,0.0,28241.836002221495,15,22479.607550292065,22678.60488706399,-0.20403165188963546,-0.19698546208964263,-0.19796590589359064,1.4592109180669588,127,59,0.004179213700661378,0.17504192927978918,0.09375682820174427,198.99733677192327,143994.67354384653,24669.955480904482,71.99733677192326,127.0,1606.0,5949.0,0.0,45.0,8.0,0.0,48,84.28340841517476,123.10703139584177,48.0,87.0,45.0,224.0,8.0,442.0,31.25,237.75,6.0,444.0,45.0,224.0,8.0,442.0,1589.0,2.0,723.0,28.0,1982.0,1.0
916,0.8050183769893872,0.0,35596.59147905363,20,28693.06612844327,29012.73335293235,-0.19393781999247472,-0.1849575437579598,-0.18616811881045792,1.7557968964883892,205,95,0.0025563077068360427,0.18008928757658565,0.07536124510428333,319.66722448909144,229334.44897818277,32653.897702640592,114.66722448909138,205.0,2481.0,7598.0,0.0,69.0,21.0,0.0,83,78.4305654899726,150.41806087705328,52.0,113.0,69.0,472.0,21.0,1097.0,45.5,495.5,14.75,1103.25,69.0,472.0,21.0,1097.0,1787.0,3.0,1314.0,41.0,2289.0,4.0
917,0.8368490535906994,0.0,49241.13114984794,14,40154.27230323513,40456.308900831646,-0.18453797941725136,-0.17840415205497206,-0.179020413185921,1.9418790355986904,133,68,0.003760659123802057,0.1881299687114773,0.08591542496892803,302.0365975965332,338073.19519306684,43523.97716277385,169.03659759653343,133.0,1321.0,5735.0,0.0,33.0,18.0,0.0,47,76.26367561153288,154.30709223323015,44.0,141.5,33.0,166.0,18.0,441.0,24.75,174.25,12.75,446.25,33.0,166.0,18.0,441.0,1480.0,6.0,508.0,9.0,1738.0,8.0
918,0.7911234640526502,0.0,36448.55363722346,22,30241.82989031251,30611.042689002534,-0.1702872440066392,-0.16015754716421193,-0.16129779586316784,2.121518766898552,228,103,0.0033547932415684883,0.17720039491893008,0.06769419700574539,369.21279869002416,282425.5973800489,33281.06281531118,141.21279869002444,228.0,2615.0,8468.0,0.0,74.0,29.0,0.0,90,107.71571728618382,136.1202299658802,61.5,134.21377563476562,74.0,598.0,29.0,1278.0,47.25,624.75,21.25,1285.75,74.0,598.0,29.0,1278.0,2085.0,7.0,1286.0,36.0,3353.0,13.0
919,0.9444663948340101,0.0,158347.87836690102,29,138116.1641458468,138899.59635988684,-0.12776751055783764,-0.1228199721246116,-0.12322150751518468,1.8220110670238208,260,129,0.0012174586136552432,0.1723472760318734,0.04890639716794022,783.4322140400977,1046864.4280801963,143641.33772664258,523.4322140400982,260.0,2809.0,11807.0,0.0,88.0,14.0,0.0,87,72.22042554070335,212.09118506288365,39.302154541015625,202.79469299316406,88.0,685.0,14.0,1736.0,61.75,711.25,9.75,1740.25,88.0,685.0,14.0,1736.0,3151.0,3.0,1324.0,38.0,3778.0,6.0
920,0.7390421755619013,0.0,24997.983598993695,17,21221.95615525834,21591.196690893976,-0.15105328110893557,-0.13628246832823987,-0.13745588942094455,2.7265627136907695,245,121,0.0040833119284632725,0.1779580742087936,0.07786818819458141,369.24053563566633,248481.0712713327,22783.362915480142,124.24053563566636,245.0,2414.0,6148.0,0.0,72.0,35.0,0.0,97,58.00838832886351,97.85035707844118,40.5,90.55213165283203,72.0,520.0,35.0,1021.0,50.75,541.25,27.75,1028.25,72.0,520.0,35.0,1021.0,1375.0,6.0,791.0,28.0,2018.0,15.0
921,0.7607262160958959,0.0,442869.25405687385,5,358820.1707158769,360445.4336073681,-0.1897830625428859,-0.18611321444075857,-0.186394872514276,1.9633616658007556,66,33,0.009255830354749561,0.2172116335285396,0.3356167310871188,1625.2628914912652,3118525.782982531,397090.0824467614,1559.2628914912655,66.0,880.0,1640.0,0.0,20.0,8.0,0.0,26,105.5188638592812,162.35784357027606,65.5,123.5,20.0,44.0,8.0,58.0,12.75,51.25,6.25,59.75,20.0,44.0,8.0,58.0,416.0,1.0,547.0,10.0,487.0,2.0
922,0.8740034360609036,0.0,277345.31439723197,29,206525.35839679328,207689.39684954705,-0.2553493869343174,-0.2511523142154808,-0.2520122426208916,1.865457845282791,254,128,0.0022611686351115476,0.1713551326850662,0.05449516977634749,1164.0384527541426,1820076.9055082842,243918.2571333276,910.0384527541421,254.0,2632.0,11984.0,0.0,74.0,23.0,0.0,85,56.93564498184593,133.05496662423806,35.084197998046875,146.0,74.0,740.0,23.0,1628.0,59.25,754.75,14.5,1636.5,74.0,740.0,23.0,1628.0,3114.0,10.0,1097.0,25.0,3042.0,9.0
923,0.8959808211391943,0.0,71793.57099004708,7,56586.963432814555,56885.40338970266,-0.21181015719834662,-0.20765323962519122,-0.20833463613856018,1.7668188245076892,73,38,0.0019982378911789648,0.2207576999164506,0.2120592759931452,298.4399568881067,450879.9137762133,63798.26662502416,225.43995688810665,73.0,786.0,2742.0,0.0,23.0,5.0,0.0,27,63.38255409773776,184.03560766763758,43.0,148.0,23.0,54.0,5.0,107.0,17.25,59.75,2.75,109.25,23.0,54.0,5.0,107.0,747.0,3.0,579.0,14.0,1204.0,1.0
924,0.8408483564050586,0.0,23400.56697827259,6,20936.778424287575,21082.187545983543,-0.10528755804389867,-0.09907364357631421,-0.09962194692128101,1.9263046343057708,61,33,0.004518046175097639,0.19079573844821562,0.20477661785580245,145.40912169597524,168818.2433919505,21909.598355505128,84.40912169597524,61.0,733.0,2291.0,0.0,18.0,4.0,0.0,22,75.50738178218269,99.16111067218111,41.145782470703125,93.32735443115234,18.0,46.0,4.0,64.0,12.75,51.25,2.5,65.5,18.0,46.0,4.0,64.0,612.0,1.0,357.0,5.0,723.0,2.0
925,0.8106384347668617,0.0,37723.855630983264,16,36478.593547578406,36854.832343308335,-0.0330099366190475,-0.02303643869745875,-0.023433069228158576,2.551214195227741,187,88,0.0034561499390172064,0.16649943492801686,0.11085067135449687,376.2387957299761,378477.59145995224,37087.98659163215,189.23879572997612,187.0,1919.0,6125.0,0.0,62.0,21.0,0.0,78,71.16168462528925,103.72117094715752,55.5,69.0,62.0,395.0,21.0,769.0,40.0,417.0,17.75,772.25,62.0,395.0,21.0,769.0,1464.0,4.0,1087.0,27.0,1765.0,4.0
926,0.793971746913696,0.0,33763.37200608931,7,24908.78386147597,25101.915347441452,-0.26225426012000197,-0.2565341120870789,-0.2577275142842411,1.8886516388714603,76,38,0.005238577678426471,0.1882550746502359,0.1964655180372968,193.13148596549556,234262.97193099116,31009.28820189572,117.13148596549559,76.0,906.0,2622.0,0.0,21.0,10.0,0.0,30,97.44682176817108,113.57584698303083,64.88246154785156,115.86740112304688,21.0,56.0,10.0,123.0,13.5,63.5,6.0,127.0,21.0,56.0,10.0,123.0,632.0,1.0,453.0,10.0,977.0,5.0
927,0.8196239333690228,0.0,216036.89563447566,9,163051.8519462972,164034.69706815903,-0.2452592346902942,-0.24070980289543653,-0.24163886041786575,2.241099716159201,98,48,0.0038304891845858404,0.204486947579657,0.15005948223935733,982.8451218619148,1769690.243723829,197413.1529003009,884.8451218619145,98.0,1285.0,3251.0,0.0,35.0,6.0,0.0,39,50.84229940898513,162.82629296191217,26.0,152.27162170410156,35.0,117.0,6.0,193.0,25.5,126.5,4.0,195.0,35.0,117.0,6.0,193.0,793.0,2.0,446.0,10.0,1238.0,3.0
928,0.8420994219841597,0.0,79148.31919252801,11,56209.53855135329,56454.86272956212,-0.28982018664699905,-0.2867206365780698,-0.28735375349822123,1.3662896827544564,63,30,0.0006334175781021324,0.19787679920112328,0.12464206110403005,245.3241782088704,364648.3564177408,66722.37246251566,182.32417820887042,63.0,901.0,4643.0,0.0,16.0,6.0,0.0,19,62.200707391274136,189.69675930236156,46.5,146.59027099609375,16.0,57.0,6.0,130.0,12.0,61.0,3.25,132.75,16.0,57.0,6.0,130.0,1194.0,2.0,338.0,5.0,1281.0,2.0
929,0.8099046089218154,0.0,36901.04172761616,18,27456.712750746698,27713.257993878342,-0.25593664933858695,-0.24898439999491462,-0.2499849991682246,1.6335247149936085,155,76,0.0019576611373156054,0.17957203646083073,0.07516812525067165,256.54524313165155,203090.48626330326,31081.63659833238,101.54524313165163,155.0,1854.0,7218.0,0.0,41.0,20.0,0.0,57,67.21432047309368,173.4211692352642,53.0,133.71578979492188,41.0,265.0,20.0,700.0,28.25,277.75,14.0,706.0,41.0,265.0,20.0,700.0,1694.0,5.0,671.0,18.0,2471.0,7.0
930,0.8371798273879856,0.0,241975.96764925472,8,190552.86076797958,191397.78367926678,-0.21251328130160907,-0.20902151755541798,-0.20961384665148475,1.7222729698054775,82,40,0.0036194402054529774,0.19790516426011137,0.17727436743102815,844.9229112873095,1525845.8225746192,221487.2220207573,762.9229112873096,82.0,919.0,3113.0,0.0,29.0,5.0,0.0,33,95.78589737185487,104.5301502493398,71.0,91.02555084228516,29.0,90.0,5.0,140.0,17.0,102.0,4.0,141.0,29.0,90.0,5.0,140.0,762.0,0.0,462.0,15.0,1041.0,3.0
931,0.7843621461708916,0.0,207918.13105943956,21,179832.8559102969,180852.2824108973,-0.13507852829397382,-0.13017550951727563,-0.13064296225754657,2.0333754627179954,234,108,0.003047647070206038,0.17730732272970198,0.06833152800139458,1019.4265006005066,1570853.001201014,193133.66247437504,785.426500600507,234.0,2751.0,7833.0,0.0,81.0,24.0,0.0,92,63.66128366205726,147.74013591245625,45.0,116.92760467529297,81.0,629.0,24.0,1198.0,51.75,658.25,16.0,1206.0,81.0,629.0,24.0,1198.0,1897.0,4.0,1240.0,35.0,2536.0,4.0
932,0.8358707162232414,0.0,447772.5988994661,9,358275.11651430273,360461.1764515859,-0.19987261972959036,-0.19499054355374557,-0.19564572327562246,2.5572430291751846,126,64,0.003957049515261995,0.18406765925643176,0.14870852303779616,2186.0599372835654,4120119.8745671296,402789.23703783023,2060.059937283565,126.0,1246.0,3290.0,0.0,37.0,16.0,0.0,52,64.4279134182466,143.92130557522424,50.59128189086914,128.3811798095703,37.0,149.0,16.0,266.0,25.75,160.25,10.5,271.5,37.0,149.0,16.0,266.0,776.0,7.0,474.0,15.0,1172.0,7.0
933,0.7794454373046492,0.0,19975.73249715964,7,15789.143210155495,15902.06089559281,-0.20958376808457146,-0.2039310249146592,-0.20434686029746008,1.4840577670187478,63,32,0.002609666278699636,0.21593049320018007,0.19500561425584842,112.91768543732434,99835.37087464872,16817.972503052086,49.917685437324366,63.0,721.0,2807.0,0.0,16.0,8.0,0.0,24,113.46423605638054,163.54622600971564,41.14277648925781,139.5,16.0,38.0,8.0,106.0,10.0,44.0,6.75,107.25,16.0,38.0,8.0,106.0,765.0,1.0,316.0,7.0,726.0,1.0
934,0.8353946159032859,0.0,18325.771793518565,9,15417.200603763451,15599.414621387974,-0.15871479916517428,-0.1487717517629923,-0.14996024909365424,2.2559141207827027,105,53,0.004224971738150212,0.19204549326147718,0.14708835012850682,182.21401762452768,154428.03524905536,17113.687288268276,77.21401762452768,105.0,725.0,3784.0,0.0,28.0,15.0,0.0,42,45.234481308452324,166.78826957639458,40.801204681396484,103.47331237792969,28.0,87.0,15.0,247.0,17.75,97.25,11.25,250.75,28.0,87.0,15.0,247.0,989.0,2.0,246.0,10.0,1500.0,7.0
935,0.7296963620989432,0.0,80286.95096279077,11,56204.63075650406,56703.81581873195,-0.29995310467634684,-0.29373559291083917,-0.2947495091129886,2.7206532399493937,142,75,0.002271992325482951,0.18784279118710942,0.11365748020858593,499.18506222794497,714370.1244558893,65643.25379345083,357.1850622279447,142.0,1021.0,4523.0,0.0,32.0,24.0,0.0,55,50.22864420013067,158.62757360258004,25.5,130.5521240234375,32.0,143.0,24.0,406.0,25.25,149.75,15.0,415.0,32.0,143.0,24.0,406.0,1095.0,5.0,515.0,10.0,1102.0,11.0
936,0.863586378281921,0.0,68138.75174210021,25,52797.59838548469,53244.907337972705,-0.22514579390418787,-0.2185811160806046,-0.21962671485349394,1.7981616490780103,231,114,0.0017709957508408715,0.17979241665091683,0.06047293481410494,447.3089524880361,432617.90497607243,60147.24888581249,216.30895248803623,231.0,2236.0,10357.0,0.0,73.0,19.0,0.0,81,57.49331611333342,159.1493753365175,36.88275909423828,104.38053894042969,73.0,529.0,19.0,1403.0,52.5,549.5,15.25,1406.75,73.0,529.0,19.0,1403.0,2640.0,5.0,1114.0,35.0,2642.0,4.0
937,0.8164847771050612,0.0,40622.841484866396,18,33838.563309717836,34164.063857193374,-0.1670064901214744,-0.15899374321412674,-0.15986058950633164,1.9978210866149466,179,87,0.0037891253333669312,0.17560536816951478,0.07201496311132743,325.5005474755401,293001.0949510803,36665.08188772966,146.50054747554015,179.0,1554.0,7494.0,0.0,52.0,22.0,0.0,68,58.52297144715415,203.73889424738925,29.815567016601562,170.3521270751953,52.0,280.0,22.0,869.0,40.0,292.0,12.0,879.0,52.0,280.0,22.0,869.0,1924.0,6.0,621.0,24.0,2359.0,7.0
938,0.7721865728543642,0.0,45971.71922617227,30,36554.96895316518,37140.27860521457,-0.20483789667900898,-0.19210594621246735,-0.19364559176563945,2.799055090591974,356,163,0.004631316798920157,0.1760284502411849,0.04663553426538726,585.3096520494169,458619.30409883347,40961.97549311541,229.30965204941674,356.0,3592.0,11519.0,0.0,118.0,45.0,0.0,137,58.405226896052575,142.86769028853735,36.5,132.0,118.0,1208.0,45.0,2737.0,83.75,1242.25,33.25,2748.75,118.0,1208.0,45.0,2737.0,2845.0,13.0,1394.0,41.0,3298.0,17.0
939,0.7946325911450383,0.0,65051.49639985344,13,54072.40145072652,54449.32777775246,-0.16877544033178704,-0.16298116429070897,-0.16358027196906721,2.026412848102745,138,67,0.003645302306547949,0.17462840632349108,0.10292225663186763,376.92632702596904,477852.65405193804,58953.02313387592,238.92632702596902,138.0,1412.0,5140.0,0.0,41.0,17.0,0.0,56,74.54186515807328,194.70310290859427,47.429786682128906,198.25430297851562,41.0,167.0,17.0,503.0,25.25,182.75,10.75,509.25,41.0,167.0,17.0,503.0,1310.0,5.0,585.0,14.0,1635.0,6.0
940,0.8535337726033241,0.0,63697.82802462177,14,52460.4998676144,52803.286653876836,-0.1764161904023429,-0.17103473868110164,-0.17164955243133595,1.8427106701189866,130,66,0.0018709928030414512,0.1672115388953957,0.09940207755810863,342.7867862624655,425573.57252493093,57737.43803435118,212.78678626246548,130.0,1304.0,5748.0,0.0,40.0,10.0,0.0,49,71.69643026667399,166.37676598211635,43.827903747558594,110.0,40.0,187.0,10.0,448.0,28.0,199.0,7.0,451.0,40.0,187.0,10.0,448.0,1535.0,5.0,657.0,17.0,2173.0,2.0
941,0.9438412532545698,0.0,313018.20037201786,20,239795.608494462,240936.63940332763,-0.2339243909476567,-0.23027913674994704,-0.23102212483717377,1.6678762988951423,176,88,0.0011092089802472063,0.1751882777758379,0.06564670882759129,1141.0309088657189,1930061.8177314377,289299.30520176707,965.0309088657189,176.0,1833.0,8247.0,0.0,66.0,2.0,0.0,60,73.30485692525502,284.7215296670919,42.5,284.7215270996094,66.0,364.0,2.0,768.0,44.25,385.75,1.25,768.75,66.0,364.0,2.0,768.0,2042.0,0.0,730.0,27.0,2592.0,1.0
942,0.8731958149349807,0.0,40999.07831775213,25,34854.08054200658,35220.38524938776,-0.14988136387165651,-0.14094690186882242,-0.14169512947710028,1.8601579602057388,228,105,0.003315014034672011,0.1798647957167035,0.05598821240964441,366.30470738117765,276609.4147623547,37175.527654081714,138.30470738117734,228.0,2840.0,9750.0,0.0,79.0,19.0,0.0,91,78.15458976021876,162.12617054301185,49.0,163.1571807861328,79.0,644.0,19.0,1532.0,51.5,671.5,13.5,1537.5,79.0,644.0,19.0,1532.0,2568.0,4.0,988.0,29.0,2851.0,5.0
943,0.7678943473046077,0.0,412462.71390845155,30,322656.13819454226,324464.2293116404,-0.21773259178487192,-0.21334894435171403,-0.21394821699649558,2.008960583438482,320,150,0.0030718498860398814,0.18005517858858142,0.04349594262998464,1808.0911170983795,2976182.2341967598,370363.4430077776,1488.09111709838,320.0,4168.0,10952.0,0.0,96.0,44.0,0.0,124,77.77941734961423,135.5058270089863,50.0,106.0,96.0,1137.0,44.0,2443.0,66.5,1166.5,27.0,2460.0,96.0,1137.0,44.0,2443.0,2698.0,9.0,1816.0,42.0,3759.0,15.0
944,0.6267332799110432,0.0,59313.01141925022,22,46219.1797570853,46649.97437468041,-0.22075816669654502,-0.21349509562180125,-0.21443090207461724,1.9232179829063296,230,109,0.002527957801323874,0.18713044876336288,0.06680340688225965,430.79461759516437,401589.2351903289,52202.77144344489,200.79461759516445,230.0,3221.0,7867.0,0.0,61.0,38.0,0.0,90,81.05536801999166,140.40495137547572,61.0,126.2652359008789,61.0,660.0,38.0,1221.0,40.5,680.5,27.75,1231.25,61.0,660.0,38.0,1221.0,1925.0,10.0,1562.0,29.0,2588.0,8.0
945,0.8970875768271808,0.0,188782.54424386792,11,153540.82224113724,154224.31499851792,-0.18667892279916343,-0.18305839336876362,-0.1835485700162478,1.7048859787519053,99,50,0.0021514597705950943,0.18986583215248007,0.11889237097999714,683.4927573807016,1168985.5147614034,171416.96414460248,584.4927573807017,99.0,987.0,4557.0,0.0,30.0,8.0,0.0,38,69.58520612004688,203.72297089921977,32.5,200.73684692382812,30.0,134.0,8.0,246.0,21.25,142.75,5.5,248.5,30.0,134.0,8.0,246.0,1249.0,2.0,469.0,15.0,1465.0,4.0
946,0.9320161870161877,0.0,129613.7749749163,24,108153.60890112826,108751.76335107509,-0.16557010300750175,-0.16095520424336507,-0.16159782756724628,1.6566784276068536,203,97,0.0029952667921210796,0.17263384983574767,0.05637559068038927,598.1544499469824,790308.8998939645,119261.05976939671,395.15444994698225,203.0,2035.0,10061.0,0.0,72.0,10.0,0.0,73,72.10799207688622,146.72463378378524,40.5,111.5,72.0,506.0,10.0,1164.0,49.75,528.25,5.75,1168.25,72.0,506.0,10.0,1164.0,2648.0,4.0,814.0,34.0,2830.0,2.0
947,0.8600682198215559,0.0,444202.6486225443,21,402861.87567519565,404595.56945794745,-0.09306737156013101,-0.0891644371941881,-0.08934449335467642,1.884093833402364,183,88,0.002249782136432009,0.17408106835291703,0.05838436344006223,1733.6937827517515,3101387.565503504,411522.4399284439,1550.693782751752,183.0,2153.0,8431.0,0.0,61.0,13.0,0.0,69,75.84651029744722,172.7717687775995,40.0,127.0,61.0,401.0,13.0,974.0,42.25,419.75,9.25,977.75,61.0,401.0,13.0,974.0,2241.0,2.0,731.0,18.0,2259.0,2.0
948,0.6631429840305627,0.0,46853.77995886768,30,35284.0215392951,35788.52053728669,-0.24693329822544774,-0.2361657785411344,-0.2378542802140271,2.245276119475512,321,156,0.0020956914364250916,0.1778029542858877,0.044999648709622975,504.49899799163046,366997.99598326074,40863.347808307655,183.49899799163038,321.0,3465.0,11648.0,0.0,84.0,51.0,0.0,117,73.556898196029,132.267274008449,48.0,117.56757354736328,84.0,880.0,51.0,2494.0,62.5,901.5,31.0,2514.0,84.0,880.0,51.0,2494.0,2850.0,11.0,1287.0,30.0,3550.0,14.0
949,0.7926862061116202,0.0,42060.057892891105,15,32687.480398944113,32942.4638601232,-0.22283795989570243,-0.21677559398483237,-0.21750284570723688,1.7315521271715824,132,63,0.00279949624897007,0.18417990736703102,0.08744239086675022,254.98346117911709,245966.92235823424,35512.49172613863,122.98346117911713,132.0,1234.0,6311.0,0.0,37.0,17.0,0.0,52,57.113546266315026,160.97132838103659,46.0,158.1007537841797,37.0,179.0,17.0,546.0,21.25,194.75,12.5,550.5,37.0,179.0,17.0,546.0,1699.0,3.0,483.0,13.0,2287.0,9.0
950,0.7400845418779711,0.0,60066.285376412634,21,46419.31390098045,46864.487760333366,-0.2271985255940464,-0.21978714903624563,-0.22090500823857673,2.065415202237157,224,107,0.0037128870244425944,0.1701559426890114,0.07924912324281319,445.17385935290076,442347.71870580135,53542.22703341583,221.17385935290068,224.0,2551.0,8033.0,0.0,61.0,35.0,0.0,87,75.3562648328775,114.00822756522103,42.31319808959961,97.0,61.0,534.0,35.0,1197.0,40.75,554.25,26.5,1205.5,61.0,534.0,35.0,1197.0,1780.0,9.0,1221.0,32.0,1937.0,7.0
951,0.653901751340198,0.0,141901.4761214724,29,123652.67881984128,124683.17678071868,-0.12860188491633118,-0.12133981838225749,-0.12190766316697366,2.5030005943519757,366,180,0.002984180026591714,0.1720297116071463,0.04544611741505777,1030.4979608776052,1328995.921755212,132740.27229099476,664.4979608776059,366.0,4210.0,10406.0,0.0,98.0,59.0,0.0,136,56.71482524263351,132.92674299357594,36.0,108.03654479980469,98.0,1300.0,59.0,2487.0,67.5,1330.5,40.0,2506.0,98.0,1300.0,59.0,2487.0,2397.0,14.0,1445.0,27.0,3389.0,24.0
952,0.7986714140662085,0.0,32528.625146823506,12,28871.477558422102,29069.545049213335,-0.11242859395053562,-0.1063395726685964,-0.10682640852457548,1.5914016741420116,101,51,0.002605210667734934,0.1826779791267586,0.1187567806565075,198.06749079122878,194134.98158245746,30497.48293232182,97.06749079122874,101.0,1625.0,4423.0,0.0,30.0,8.0,0.0,36,95.93438317204254,181.09864734052456,49.0,87.0,30.0,160.0,8.0,234.0,20.0,170.0,5.75,236.25,30.0,160.0,8.0,234.0,1213.0,2.0,676.0,14.0,1412.0,2.0
953,0.8120824422296123,0.0,76309.101955301,11,68891.99011784537,69275.86245830805,-0.09719825875817922,-0.09216776658062042,-0.0923919949040094,1.855626760246527,119,56,0.005008153438020241,0.18484698091201793,0.11757365857478812,383.8723404626968,529744.6809253935,71370.04761332161,264.87234046269674,119.0,1455.0,4089.0,0.0,39.0,13.0,0.0,47,68.20510589757458,232.24125348105946,49.0,224.64244079589844,39.0,134.0,13.0,331.0,29.0,144.0,6.25,337.75,39.0,134.0,13.0,331.0,1084.0,2.0,419.0,19.0,1009.0,4.0
954,0.9394743507939685,0.0,112893.55870150756,13,94060.20554046064,94434.83434949667,-0.1668239833845846,-0.16350555837128022,-0.16388258404730605,1.378718845379397,92,47,0.0014235196125683821,0.17828133974558227,0.09653575272334168,374.6288090360468,565257.6180720935,102496.89774794973,282.62880903604673,92.0,1304.0,5248.0,0.0,26.0,6.0,0.0,32,77.44406416906062,122.8732056436598,45.5,89.36650085449219,26.0,145.0,6.0,239.0,16.75,154.25,3.75,241.25,26.0,145.0,6.0,239.0,1357.0,1.0,321.0,9.0,1510.0,1.0
955,0.8645456531822153,0.0,41311.40063727364,25,33268.34633033219,33638.17994305051,-0.19469333362869623,-0.18574099584752124,-0.18702179873869051,1.9685661324452783,224,101,0.0026241911982752835,0.17711302233663978,0.0556194802944105,369.833612718335,291667.2254366698,37040.56732327958,145.83361271833488,224.0,2366.0,10234.0,0.0,82.0,16.0,0.0,88,66.6924035234507,142.58171015242846,39.5,106.5,82.0,712.0,16.0,1390.0,56.0,738.0,11.0,1395.0,82.0,712.0,16.0,1390.0,2596.0,9.0,1115.0,38.0,2500.0,7.0
956,0.9173884290162215,0.0,10710.912665638762,21,7980.403516082384,8159.322342547349,-0.25492777644579356,-0.2382234271480025,-0.24078747682225432,1.6663911332626817,148,62,0.00850965753279119,0.17698107176815753,0.062425895542339356,178.91882646496467,61837.65292992945,9277.181643551998,30.918826464964724,148.0,1827.0,8712.0,0.0,45.0,20.0,0.0,60,62.29264643418085,188.8570102803498,50.0,174.5,45.0,334.0,20.0,856.0,31.0,348.0,14.0,862.0,45.0,334.0,20.0,856.0,2201.0,6.0,491.0,22.0,2319.0,8.0
957,0.7583719153693971,0.0,17101.400549322272,11,13664.93370765866,13834.70698497264,-0.20094651498001426,-0.19101906624127885,-0.19192688847265205,2.085083928932721,108,53,0.002918906604223914,0.18413918794978815,0.11090808704754034,169.77327731399183,123546.5546279837,14813.139283465523,61.77327731399185,108.0,1296.0,4248.0,0.0,27.0,17.0,0.0,43,67.17925437388405,150.01197638618038,45.0,148.30673217773438,27.0,110.0,17.0,319.0,17.0,120.0,10.75,325.25,27.0,110.0,17.0,319.0,1084.0,1.0,415.0,4.0,1268.0,8.0
958,0.8819722009008182,0.0,161965.96916678504,10,140317.14521808765,140885.49869110674,-0.133662793857668,-0.13015370194198395,-0.13048178030482271,1.602643223018961,89,46,0.0012585381091180339,0.1764168771820656,0.12969716430083422,568.3534730191209,958706.9460382408,149550.90007997656,479.35347301912043,89.0,778.0,4262.0,0.0,24.0,9.0,0.0,32,86.58424177194206,207.6996721242716,26.0,179.0,24.0,74.0,9.0,213.0,16.75,81.25,5.75,216.25,24.0,74.0,9.0,213.0,1057.0,1.0,207.0,9.0,1155.0,1.0
959,0.9768081104630509,0.0,169253.25012936816,15,137183.12940654048,137805.54643690976,-0.18948008796472138,-0.18580265766489834,-0.18638464920966036,1.6091072281177763,129,61,0.002314515340780525,0.18715075967801148,0.08756232958041947,622.4170303693381,986834.0607386765,153320.12116635128,493.41703036933825,129.0,1544.0,6016.0,0.0,50.0,3.0,0.0,46,67.09396581603433,172.1127576507785,35.5,121.0,50.0,210.0,3.0,427.0,32.0,228.0,2.5,427.5,50.0,210.0,3.0,427.0,1586.0,0.0,808.0,23.0,2481.0,1.0
960,0.9370282732494182,0.0,66756.96691843987,21,51517.855062311464,51805.16146059464,-0.22827747513973695,-0.22397370863347577,-0.22468335341912116,1.3253691303869126,138,67,0.000988739648702218,0.18542853813551147,0.06360042181286298,287.3063982831705,298612.7965663408,56326.34518942796,149.30639828317038,138.0,1331.0,9249.0,0.0,48.0,2.0,0.0,45,77.1720973766268,63.0,43.856536865234375,63.0,48.0,286.0,2.0,608.0,34.5,299.5,1.25,608.75,48.0,286.0,2.0,608.0,2539.0,0.0,384.0,21.0,2003.0,0.0
961,0.7988196612579875,0.0,55678.13092656813,30,46561.7746384336,47040.799575679324,-0.16373315943665134,-0.15512969288211675,-0.1560025734031404,1.9403625037175718,283,134,0.0021825174944035616,0.17564482125101544,0.04487031490381266,479.024937245768,392049.8744915359,50512.45240778478,196.02493724576794,283.0,3374.0,11746.0,0.0,80.0,39.0,0.0,100,61.71863853178259,163.265709048994,40.0,152.20175170898438,80.0,874.0,39.0,2007.0,57.0,897.0,26.0,2020.0,80.0,874.0,39.0,2007.0,2950.0,9.0,1149.0,27.0,3227.0,13.0
962,0.96764610578155,0.0,449714.03952711454,29,378641.17075690423,380573.6983795444,-0.1580401377838797,-0.15374290120066725,-0.1542401030250956,2.0125317282557473,261,126,0.002246422659250123,0.1677052025586069,0.04947011387967472,1932.5276226402416,3343055.245280485,415279.8187407829,1671.5276226402425,261.0,2847.0,11769.0,0.0,96.0,10.0,0.0,95,68.17123691931963,163.1630890678014,40.0,130.84963989257812,96.0,739.0,10.0,1910.0,65.25,769.75,6.5,1913.5,96.0,739.0,10.0,1910.0,3031.0,1.0,1397.0,40.0,3624.0,3.0
963,0.8319784408836735,0.0,176594.58199559982,12,157774.62511775634,158753.16068010306,-0.10657154180592254,-0.1010304003321082,-0.10143074388885376,2.4329402766354296,171,84,0.0030201217553540243,0.18363513157810818,0.14160792665186409,978.5355623468217,1615071.124693643,165958.77221112503,807.5355623468215,171.0,1681.0,4367.0,0.0,63.0,12.0,0.0,66,64.6152003801919,124.7127778074817,38.0,113.29518127441406,63.0,274.0,12.0,443.0,43.5,293.5,10.0,445.0,63.0,274.0,12.0,443.0,1083.0,1.0,910.0,37.0,1417.0,4.0
964,0.7515422933477042,0.0,87865.9371383636,5,61275.9824880184,61611.29564122813,-0.30261959886086076,-0.29880340837646746,-0.2995627407401228,1.913287416279509,52,26,0.008519488082522517,0.21771616157870732,0.26855077778351466,335.3131532097746,566626.3064195493,74038.31510079453,283.31315320977467,52.0,435.0,2085.0,0.0,14.0,7.0,0.0,21,59.30857514115001,202.11959662313964,48.205421447753906,154.08700561523438,14.0,19.0,7.0,65.0,8.75,24.25,4.25,67.75,14.0,19.0,7.0,65.0,516.0,2.0,160.0,4.0,466.0,1.0
965,0.808571515943203,0.0,195361.40362555964,22,168363.71530528227,169435.14718140173,-0.1381935623887235,-0.13270920439254008,-0.13325417421821883,2.2096848331512695,254,122,0.0030981177653271416,0.17390220537588708,0.07915695651200046,1071.4318761196912,1634863.752239382,184965.71634470092,817.431876119691,254.0,2774.0,8313.0,0.0,81.0,29.0,0.0,97,63.5128360175671,150.78238838562544,35.0,143.21841430664062,81.0,602.0,29.0,1421.0,58.25,624.75,20.25,1429.75,81.0,602.0,29.0,1421.0,2073.0,9.0,1468.0,46.0,2388.0,7.0
966,0.8306807587412408,0.0,196017.721626111,18,155965.5649276067,156694.77482449118,-0.20432926352904335,-0.20060914123175744,-0.20111818755760902,1.666935631567178,141,68,0.002852618439863422,0.17807300345285876,0.06801822017137928,729.2098968845268,1176419.7937690527,176434.496253319,588.2098968845264,141.0,1356.0,7716.0,0.0,38.0,17.0,0.0,50,62.39290806603077,201.97845654794196,44.0,232.0,38.0,178.0,17.0,667.0,27.75,188.25,10.25,673.75,38.0,178.0,17.0,667.0,2021.0,8.0,310.0,9.0,2389.0,5.0
967,0.7678941402664745,0.0,195405.44364475145,12,162381.07086898648,163346.40003683773,-0.16900436425816012,-0.16406422978777035,-0.16451280020451797,2.3026251902095973,153,79,0.0028403345000076376,0.19222310869839618,0.10989730393984025,965.3291678513395,1624658.3357026787,176391.96585385152,812.3291678513393,153.0,1793.0,4255.0,0.0,47.0,15.0,0.0,59,63.306022991452366,127.01597533355431,43.0,112.76331329345703,47.0,209.0,15.0,437.0,31.75,224.25,10.25,441.75,47.0,209.0,15.0,437.0,1027.0,2.0,895.0,22.0,1718.0,9.0
968,0.705452877759348,0.0,33950.58851416886,20,25611.70225319709,26003.13988522096,-0.2456183125512431,-0.2340886852559605,-0.23541341415029382,2.394106712627246,252,117,0.004587748608266269,0.17992200690485258,0.06524996382570253,391.43763202390755,278875.2640478153,29121.014382623638,139.43763202390764,252.0,2718.0,7343.0,0.0,74.0,41.0,0.0,103,71.99974931054344,133.98164241336474,54.0,122.8198013305664,74.0,590.0,41.0,1354.0,45.5,618.5,30.75,1364.25,74.0,590.0,41.0,1354.0,1699.0,11.0,1266.0,34.0,2424.0,11.0
969,0.9173628395424438,0.0,23668.929528471068,9,20603.213933096697,20764.210678357675,-0.12952489430021152,-0.12272286529136611,-0.12328164123438834,1.778904167248829,84,41,0.004714158051800513,0.16954737528473,0.13560325830942416,160.99674526098306,153993.49052196596,21641.622600744868,76.99674526098298,84.0,1092.0,3444.0,0.0,30.0,4.0,0.0,32,83.90035509345968,104.19051066290824,64.88053894042969,97.0,30.0,70.0,4.0,184.0,20.25,79.75,2.5,185.5,30.0,70.0,4.0,184.0,872.0,1.0,459.0,12.0,1207.0,1.0
970,0.8652137995855266,0.0,435957.4941523089,5,378325.90096906916,380198.0946764976,-0.1321954409690803,-0.12790100003724403,-0.12836857852810435,2.194906356975307,50,26,0.001941244045151471,0.22283525287257827,0.3124039680912101,1872.1937074288069,3644387.414857614,415096.0020772555,1822.1937074288069,50.0,501.0,2019.0,0.0,15.0,4.0,0.0,19,71.69237202644784,225.51546438085765,41.087242126464844,233.0,15.0,29.0,4.0,47.0,10.0,34.0,4.0,47.0,15.0,29.0,4.0,47.0,507.0,2.0,148.0,4.0,769.0,1.0
971,0.6935667090500274,0.0,407867.8567531194,27,318829.5826962519,320456.20379375794,-0.21830176755203812,-0.21431365946611314,-0.21483996112577708,1.9073152139277176,271,132,0.003060014620195569,0.17705214853928156,0.04901231060422734,1626.621097506376,2711242.195012752,355374.16353816976,1355.621097506376,271.0,2908.0,10700.0,0.0,67.0,45.0,0.0,100,77.6893648727092,162.5073105942643,54.0,120.7841567993164,67.0,684.0,45.0,1904.0,46.5,704.5,27.25,1921.75,67.0,684.0,45.0,1904.0,2638.0,12.0,1397.0,33.0,3050.0,19.0
972,0.7890050377659947,0.0,46433.829681595234,19,38293.9487135939,38669.37597284682,-0.17530065953676233,-0.16721544964071688,-0.16789011148926236,2.026698931518962,207,101,0.0030582820454577338,0.18805976908402922,0.07838626775284983,375.4272592529275,336854.51850585453,41552.11625998517,168.42725925292726,207.0,2506.0,7070.0,0.0,70.0,17.0,0.0,81,60.79538646761275,143.18122811269242,44.09973907470703,132.0,70.0,436.0,17.0,1016.0,48.5,457.5,14.0,1019.0,70.0,436.0,17.0,1016.0,1719.0,6.0,1364.0,34.0,2411.0,6.0
973,0.7939707344577092,0.0,123384.5317088661,26,96397.79256949718,97123.42125360925,-0.2187206027012033,-0.21283956823065675,-0.21366352259798593,2.0613880132727562,272,125,0.0031974016207329983,0.17286428551365218,0.06045990037628211,725.628684112159,907257.3682243184,110029.91217358373,453.6286841121592,272.0,2931.0,10173.0,0.0,87.0,34.0,0.0,102,67.63118589397851,167.552732171372,36.0,166.45748901367188,87.0,727.0,34.0,1804.0,60.75,753.25,22.5,1815.5,87.0,727.0,34.0,1804.0,2527.0,11.0,1419.0,39.0,2978.0,5.0
974,0.8555217627280952,0.0,320039.83462814905,16,263861.609536372,264847.0646211466,-0.1755351022382884,-0.17245593840257534,-0.1728355465900815,1.4739086053616106,135,67,0.002290435001004086,0.16959597567458878,0.0771916525072189,985.4550847746866,1700910.1695493737,288503.33110241767,850.4550847746868,135.0,1373.0,6691.0,0.0,43.0,9.0,0.0,48,74.16557703180749,213.98315402539563,32.0,183.0,43.0,213.0,9.0,503.0,29.5,226.5,5.5,506.5,43.0,213.0,9.0,503.0,1728.0,4.0,687.0,25.0,1947.0,4.0
975,0.9131571926164618,0.0,182292.79654884143,15,174911.8140254984,176066.68465855237,-0.040489710307151094,-0.034154459244476576,-0.03442909113326309,2.697968597749679,191,93,0.002600065914912609,0.16195950017514377,0.10397626306603579,1154.8706330541388,1927741.2661082766,178628.9569600779,963.8706330541384,191.0,1739.0,5821.0,0.0,71.0,12.0,0.0,74,53.37969843172161,137.85258238616905,31.263233184814453,122.81291198730469,71.0,410.0,12.0,617.0,50.0,431.0,7.25,621.75,71.0,410.0,12.0,617.0,1511.0,2.0,587.0,25.0,1904.0,6.0
976,0.7026455234580032,0.0,458890.3543570264,9,364333.43147636135,366377.45165088575,-0.20605559036679544,-0.20160132333956982,-0.2021896690264483,2.414441985836512,98,49,0.004255195918273534,0.18491415499085895,0.1414282842693961,2044.0201745246836,3892040.349049366,402995.8445761664,1946.0201745246832,98.0,830.0,3706.0,0.0,26.0,14.0,0.0,38,63.667753606740355,136.17138735113232,44.62118148803711,107.36514282226562,26.0,67.0,14.0,235.0,18.0,75.0,10.0,239.0,26.0,67.0,14.0,235.0,911.0,1.0,265.0,8.0,793.0,5.0
977,0.8761332483867108,0.0,234997.9193408494,27,186868.25011452055,187927.10017857983,-0.20480891644202115,-0.20030313159494983,-0.20100392509707432,1.9026449591097754,246,117,0.002102915051313414,0.1776613135314794,0.05048448789173853,1058.850064059311,1625700.1281186221,213610.54782381307,812.8500640593111,246.0,2852.0,10756.0,0.0,78.0,24.0,0.0,92,72.55296991236239,157.1310835966804,36.5,146.71322631835938,78.0,792.0,24.0,1590.0,53.0,817.0,16.0,1598.0,78.0,792.0,24.0,1590.0,2788.0,5.0,1190.0,30.0,3607.0,9.0
978,0.7485823800443495,0.0,58278.14376158632,25,46257.53102187718,46689.38730335176,-0.20626279362783095,-0.19885253218846022,-0.1998039082279066,1.895620101718747,235,112,0.0037146827575820483,0.170613068626091,0.05068169912896792,431.85628147459846,393712.5629491979,51923.980257465766,196.85628147459894,235.0,2585.0,10001.0,0.0,63.0,35.0,0.0,92,67.30408179885364,154.85541590569335,40.0,123.0,63.0,599.0,35.0,1600.0,45.0,617.0,23.25,1611.75,63.0,599.0,35.0,1600.0,2397.0,4.0,1295.0,27.0,3868.0,13.0
979,0.8068722739471552,0.0,11913.884953165012,14,10053.833628670869,10248.471694378359,-0.15612466729418994,-0.13978758946671077,-0.1412519502903402,2.1637610615442298,148,67,0.006249897169912209,0.17630515764643284,0.09968322014034815,194.63806570749307,93276.13141498606,10777.083139255783,46.63806570749303,148.0,1545.0,5498.0,0.0,49.0,18.0,0.0,62,70.59046733933177,160.06481139152535,37.0,123.43679809570312,49.0,261.0,18.0,539.0,33.75,276.25,11.5,545.5,49.0,261.0,18.0,539.0,1404.0,6.0,708.0,24.0,1696.0,5.0
980,0.9075072932254881,0.0,13176.131591659083,16,12143.064387181823,12344.876041378468,-0.07840443891219373,-0.06308798181757891,-0.06375201574577172,2.086295329810061,149,67,0.004157600630171409,0.18905412867608695,0.07861115078753662,201.81165419664052,105623.30839328103,12656.802093653865,52.81165419664051,149.0,2071.0,5992.0,0.0,60.0,6.0,0.0,60,83.14929439911047,164.78172155928624,48.0,163.3451690673828,60.0,257.0,6.0,636.0,43.5,273.5,4.75,637.25,60.0,257.0,6.0,636.0,1667.0,0.0,670.0,19.0,1799.0,1.0
981,0.7741413401512316,0.0,13944.19736831361,15,10115.469915741061,10286.461254589565,-0.2745749612862507,-0.262312416922309,-0.2642058696278814,1.789509588627716,129,60,0.009584631257111783,0.1879055258978173,0.0976545739495428,170.99133884851136,83982.67769702259,11732.638683627374,41.9913388485113,129.0,1392.0,6147.0,0.0,33.0,21.0,0.0,51,68.71643658771724,127.99348161288192,26.96784019470215,107.96784210205078,33.0,182.0,21.0,528.0,20.75,194.25,14.25,534.75,33.0,182.0,21.0,528.0,1498.0,4.0,436.0,9.0,1643.0,5.0
982,0.815729686205492,0.0,52394.28554920602,10,37555.135403345615,37756.33839184212,-0.2832207747527016,-0.2793806042763327,-0.2801821634600722,1.4117060822711311,73,34,0.0015088094674754408,0.19479763101180766,0.11139240853180128,201.20298849651135,256405.97699302257,45407.11062541442,128.2029884965113,73.0,838.0,4202.0,0.0,22.0,7.0,0.0,26,62.7525199714964,148.17633291946095,43.5,78.0,22.0,75.0,7.0,156.0,14.0,83.0,4.25,158.75,22.0,75.0,7.0,156.0,1110.0,2.0,294.0,8.0,1380.0,4.0
983,0.826324506664808,0.0,57778.063488634994,15,44757.84316533321,45120.889171052106,-0.22534885278498262,-0.2190653952961329,-0.22026200946873398,2.037815301660318,148,73,0.0016299053046779184,0.17100575708874183,0.09558796612865056,363.0460057188926,430092.0114377849,52763.8607737617,215.04600571889245,148.0,1571.0,5989.0,0.0,49.0,11.0,0.0,51,63.165947362565575,154.09617915621223,40.0,155.69528198242188,49.0,276.0,11.0,429.0,36.5,288.5,9.25,430.75,49.0,276.0,11.0,429.0,1432.0,3.0,701.0,23.0,2213.0,6.0
984,0.7573837271236346,0.0,12025.249323240703,10,11088.350706484314,11253.409181548108,-0.07791095149650529,-0.06418495957509107,-0.06543972992469271,2.0352167512489547,117,53,0.00416022126483151,0.20092332877370236,0.12984080002075185,165.05847506380422,96116.9501276084,11806.721577520448,48.0584750638042,117.0,1502.0,3538.0,0.0,45.0,9.0,0.0,50,72.53479324507299,123.78161262537219,53.97707748413086,131.05853271484375,45.0,201.0,9.0,245.0,27.25,218.75,5.25,248.75,45.0,201.0,9.0,245.0,958.0,0.0,646.0,20.0,1376.0,2.0
985,0.902762612233296,0.0,346841.80584991124,10,306885.0123031984,308110.83713319874,-0.11520178038746387,-0.1116675327583565,-0.11200170656449282,1.7052992245441772,85,41,0.002259642375532332,0.18959987659984306,0.15373079146880617,1225.8248300006205,2281649.66000124,334494.0329476665,1140.82483000062,85.0,1206.0,3834.0,0.0,29.0,5.0,0.0,32,91.72092133620346,253.5527441290263,72.0,230.7637176513672,29.0,91.0,5.0,195.0,17.75,102.25,3.5,196.5,29.0,91.0,5.0,195.0,976.0,1.0,328.0,12.0,1005.0,1.0
986,0.9226884527093286,0.0,56536.59372232019,29,44697.948959318994,45058.05278680307,-0.20939791352034343,-0.20302851975649683,-0.20399566067653996,1.4929330342878584,209,103,0.0015440464478433343,0.18386238725667203,0.04459952656316132,360.1038274840887,302207.6549681776,50606.364791226755,151.1038274840888,209.0,2242.0,12342.0,0.0,62.0,16.0,0.0,71,59.99436638445285,223.9960007495954,31.5,271.1977233886719,62.0,624.0,16.0,1357.0,46.25,639.75,8.25,1364.75,62.0,624.0,16.0,1357.0,3339.0,3.0,792.0,25.0,3940.0,5.0
987,0.830737816204167,0.0,414249.92273415305,26,346631.12708371185,348277.9647315327,-0.1632318847620785,-0.15925641595100115,-0.15968930935903747,1.8748892006689515,245,115,0.0013377279295909608,0.17852224730110697,0.05331452705265688,1646.8376478210553,2803675.2956421096,373845.46439354547,1401.8376478210548,245.0,2629.0,10475.0,0.0,86.0,18.0,0.0,93,62.0179747646918,146.77105658639024,39.0,130.8328857421875,86.0,675.0,18.0,1639.0,59.75,701.25,13.75,1643.25,86.0,675.0,18.0,1639.0,2605.0,4.0,1118.0,40.0,3295.0,7.0
988,0.7592012885208033,0.0,87047.44533913268,11,67698.64628446056,68108.21797701382,-0.22227876969036975,-0.21757361503640393,-0.21823638941586054,1.9565731660824448,112,57,0.00468769484273176,0.17988747980570202,0.11717730390140312,409.5716925532816,595143.3851065636,76044.10039750666,297.57169255328176,112.0,1389.0,4155.0,0.0,29.0,15.0,0.0,42,52.24632901417672,182.10825607941038,42.0,183.0,29.0,142.0,15.0,276.0,21.5,149.5,10.75,280.25,29.0,142.0,15.0,276.0,918.0,4.0,670.0,9.0,1330.0,4.0
989,0.7456565430378446,0.0,346585.01659734023,28,300906.9348958999,302710.4176071135,-0.13179473870478586,-0.12659115913599894,-0.12706478327117665,2.3149205489271347,302,141,0.002639751496440514,0.1739526961159775,0.04730852376786745,1803.4827112134678,3002965.4224269395,324305.45227769087,1501.4827112134697,302.0,3395.0,10717.0,0.0,95.0,38.0,0.0,116,62.54180738616383,149.77575021929783,39.0,132.71920776367188,95.0,917.0,38.0,2198.0,67.25,944.75,27.75,2208.25,95.0,917.0,38.0,2198.0,2605.0,8.0,1494.0,42.0,3019.0,11.0
990,0.7415531107096912,0.0,32370.526078273288,24,27365.916973063428,27698.97210847575,-0.15460388543295545,-0.1443150463017352,-0.1453478727165476,1.951474444991296,217,100,0.0029386204304287867,0.17299267472381938,0.06017219666060431,333.05513541231653,232110.27082463284,29735.243448917943,116.05513541231642,217.0,2430.0,9659.0,0.0,61.0,32.0,0.0,82,66.18303183597558,154.96461027682497,46.0,138.24957275390625,61.0,564.0,32.0,1310.0,41.25,583.75,21.5,1320.5,61.0,564.0,32.0,1310.0,2418.0,10.0,697.0,20.0,2620.0,9.0
991,0.634399067576818,0.0,338468.9644729997,22,272140.5189136369,273963.2835611924,-0.19596610774236556,-0.19058078489483787,-0.19128968544583191,2.517667844489249,268,125,0.004481063603244524,0.1795761431446428,0.06324468739661723,1822.7646475556676,3109529.295111336,308770.8036941382,1554.764647555668,268.0,3329.0,7759.0,0.0,74.0,47.0,0.0,102,87.2736986270714,105.45292665516038,61.43654251098633,94.947265625,74.0,743.0,47.0,1380.0,49.75,767.25,30.5,1396.5,74.0,743.0,47.0,1380.0,1954.0,15.0,1500.0,34.0,2538.0,18.0
992,0.6158002575613628,0.0,36376.63172422118,26,28712.89601804033,29146.7995964071,-0.21067744161364987,-0.19874935597734678,-0.20020071462795686,2.3020599338664183,285,131,0.0026005849770171824,0.18092674833084352,0.06094095530338499,433.9035783668046,297807.1567336089,32341.37742815277,148.90357836680445,285.0,2736.0,10361.0,0.0,60.0,68.0,0.0,112,59.53315513543258,130.22479206989215,41.0,110.54904174804688,60.0,661.0,68.0,2119.0,45.0,676.0,45.75,2141.25,60.0,661.0,68.0,2119.0,2544.0,21.0,863.0,18.0,2795.0,14.0
993,0.9090152565078725,0.0,318161.6992864808,21,282610.5553176711,283844.81989019824,-0.11173923212170978,-0.10785986959851745,-0.10814400971938898,1.7916645468425538,171,82,0.0013358227518921776,0.174708117994647,0.06541370072530457,1234.2645725271666,2126529.145054333,296725.3480571894,1063.2645725271664,171.0,2497.0,8087.0,0.0,60.0,8.0,0.0,60,64.31238724171892,104.46949692452023,44.5,78.39910125732422,60.0,414.0,8.0,778.0,41.0,433.0,5.0,781.0,60.0,414.0,8.0,778.0,2016.0,2.0,1023.0,20.0,1856.0,5.0
994,0.9391837408629856,0.0,89396.04024991952,10,68021.15223381874,68468.83187065745,-0.2391032975995827,-0.23409547358872984,-0.23511996163755688,2.1933093845912515,98,49,0.0015883361815705647,0.1922267829089406,0.15670707388827335,447.6796368387728,699359.2736775461,79715.07332604147,349.67963683877304,98.0,837.0,4203.0,0.0,33.0,6.0,0.0,36,55.41518238052519,187.2287854913037,37.0,172.1707763671875,33.0,95.0,6.0,226.0,25.75,102.25,3.0,229.0,33.0,95.0,6.0,226.0,1112.0,2.0,370.0,10.0,1417.0,1.0
995,0.9376191336999664,0.0,125762.43409129567,12,112241.36536739302,112818.17726042232,-0.10751277853040908,-0.10292625873857231,-0.10330448604557163,1.9401478724907772,110,51,0.004638327617719216,0.17619743867501778,0.11092909563437561,576.8118930293488,933623.786058698,120303.17370346935,466.811893029349,110.0,1609.0,4439.0,0.0,42.0,5.0,0.0,46,83.6554784762034,65.28936435869892,73.58879089355469,58.72472381591797,42.0,163.0,5.0,342.0,27.25,177.75,3.75,343.25,42.0,163.0,5.0,342.0,1130.0,1.0,502.0,15.0,1229.0,2.0
996,0.8529478117871051,0.0,80668.4590476907,29,63537.384263877364,64032.308079565686,-0.21236397702459586,-0.20622869414537626,-0.20701927687815147,1.7912227573658868,246,122,0.0013723313054738989,0.17538951401339392,0.04312678659495672,494.9238156883798,497847.63137676,69484.32702318922,248.92381568838002,246.0,2846.0,11770.0,0.0,72.0,23.0,0.0,81,63.13112261899193,144.19871454918427,48.0,104.0,72.0,640.0,23.0,1614.0,50.5,661.5,19.25,1617.75,72.0,640.0,23.0,1614.0,3106.0,6.0,949.0,23.0,3155.0,4.0
997,0.8750884662163337,0.0,217061.70797326564,21,175118.7571432324,175976.42057321023,-0.1932305390096679,-0.18927929658194564,-0.18984859023968303,1.7484230126090268,177,87,0.0020208620742069396,0.17825462675721987,0.0697360672931901,857.6634299777747,1361326.8599555495,194650.67236848967,680.6634299777747,177.0,1751.0,8833.0,0.0,53.0,16.0,0.0,62,62.29103693843493,171.25946080104393,29.0,128.43812561035156,53.0,320.0,16.0,913.0,37.5,335.5,11.75,917.25,53.0,320.0,16.0,913.0,2317.0,2.0,721.0,18.0,2320.0,4.0
998,0.7315813057961364,0.0,120375.58203645634,28,93867.40200848322,94670.179055699,-0.22021226879671485,-0.21354333284114324,-0.21435823348668936,2.283952947153431,325,157,0.0019211323198676002,0.18125481805169238,0.05247710932503908,802.7770472156789,955554.0944313582,104594.32796353116,477.7770472156791,325.0,3289.0,10823.0,0.0,99.0,41.0,0.0,128,62.56877611176702,124.13382224934273,45.189937591552734,115.37555694580078,99.0,934.0,41.0,2510.0,70.25,962.75,24.25,2526.75,99.0,934.0,41.0,2510.0,2632.0,8.0,1251.0,35.0,3425.0,14.0
999,0.929167878030201,0.0,54064.95060115937,10,46401.58175003139,46680.411883783745,-0.14174375017303065,-0.13658643234231072,-0.13709741631210426,1.8114946858396304,100,51,0.0015227126863167296,0.1951730955275259,0.13213374664006952,278.8301337523834,357660.26750476676,49359.82841967195,178.83013375238338,100.0,1100.0,3940.0,0.0,33.0,6.0,0.0,37,68.94024674816994,230.08343073170462,46.0,243.23367309570312,33.0,88.0,6.0,243.0,23.0,98.0,4.75,244.25,33.0,88.0,6.0,243.0,1019.0,2.0,370.0,16.0,1394.0,3.0
